segmentId,weather_date,latitude_lookup,longitude_lookup,weathercode,weathercode_unit,weather_description,temperature_2m_max,temperature_2m_max_unit,temperature_2m_min,temperature_2m_min_unit,apparent_temperature_max,apparent_temperature_max_unit,apparent_temperature_min,apparent_temperature_min_unit,sunrise,sunrise_unit,sunset,sunset_unit,uv_index_max,precipitation_sum,precipitation_sum_unit,precipitation_probability_max,precipitation_probability_max_unit,windspeed_10m_max,windspeed_10m_max_unit,windgusts_10m_max,windgusts_10m_max_unit,winddirection_10m_dominant,winddirection_10m_dominant_unit,time,time_unit
2016fae29720e80048b5a8d7ea8a84a8,2025-12-08-18-17,10.7565,106.7024,3,wmo code,Trời nhiều mây,30.0,°C,19.8,°C,33.6,°C,20.7,°C,2025-12-08T05:59,iso8601,2025-12-08T17:30,iso8601,7.4,0.0,mm,5,%,8.2,km/h,18.4,km/h,344,°,2025-12-08,iso8601
3ef73e396466c2064083ffd1d6d7db30,2025-12-08-18-38,10.7904,106.657,3,wmo code,Trời nhiều mây,30.3,°C,19.5,°C,33.3,°C,20.2,°C,2025-12-08T06:00,iso8601,2025-12-08T17:30,iso8601,7.35,0.0,mm,5,%,10.4,km/h,22.0,km/h,359,°,2025-12-08,iso8601
c6a567f43c47b41238fa4ec6b881889a,2025-12-08-18-36,10.7651,106.7072,3,wmo code,Trời nhiều mây,30.0,°C,19.8,°C,33.6,°C,20.7,°C,2025-12-08T05:59,iso8601,2025-12-08T17:30,iso8601,7.4,0.0,mm,5,%,8.2,km/h,18.4,km/h,344,°,2025-12-08,iso8601
45b1b3b95545b4b05224dd0d92480fd6,2025-12-08-18-42,10.8296,106.5951,3,wmo code,Trời nhiều mây,30.1,°C,19.3,°C,33.8,°C,20.2,°C,2025-12-08T06:00,iso8601,2025-12-08T17:30,iso8601,7.35,0.0,mm,0,%,10.2,km/h,21.6,km/h,3,°,2025-12-08,iso8601
2b4070260e2726ad3905ed6b34017434,2025-12-08-18-46,10.856,106.785,3,wmo code,Trời nhiều mây,30.2,°C,19.4,°C,33.9,°C,20.3,°C,2025-12-08T05:59,iso8601,2025-12-08T17:30,iso8601,7.35,0.0,mm,5,%,10.2,km/h,21.6,km/h,3,°,2025-12-08,iso8601
05aedb10f20e8c3eb8a216b9c3334501,2025-12-08-18-46,10.7859,106.8534,3,wmo code,Trời nhiều mây,30.1,°C,20.7,°C,33.8,°C,21.9,°C,2025-12-08T05:59,iso8601,2025-12-08T17:29,iso8601,7.35,0.1,mm,5,%,8.0,km/h,18.4,km/h,347,°,2025-12-08,iso8601
d9e1d8b94cec807a05fc468dc86b9c78,2025-12-08-18-44,10.761,106.7005,3,wmo code,Trời nhiều mây,30.0,°C,19.8,°C,33.7,°C,20.8,°C,2025-12-08T05:59,iso8601,2025-12-08T17:30,iso8601,7.4,0.0,mm,5,%,8.2,km/h,18.4,km/h,344,°,2025-12-08,iso8601
71f93cf8ea9aaf48105f9b0698e6d2d9,2025-12-08-18-32,10.7736,106.6614,3,wmo code,Trời nhiều mây,30.2,°C,19.5,°C,33.3,°C,20.2,°C,2025-12-08T06:00,iso8601,2025-12-08T17:30,iso8601,7.4,0.0,mm,5,%,10.4,km/h,22.0,km/h,359,°,2025-12-08,iso8601
3d0fa54c033be561ff58713143b26e73,2025-12-08-18-17,10.6888,106.5897,3,wmo code,Trời nhiều mây,30.3,°C,19.5,°C,33.4,°C,20.3,°C,2025-12-08T06:00,iso8601,2025-12-08T17:30,iso8601,7.4,0.0,mm,0,%,10.4,km/h,22.0,km/h,359,°,2025-12-08,iso8601
cb19f4ec4fb65fd0ede65fb5ba4bb487,2025-12-08-18-47,10.7883,106.6851,3,wmo code,Trời nhiều mây,30.3,°C,19.5,°C,33.3,°C,20.2,°C,2025-12-08T06:00,iso8601,2025-12-08T17:30,iso8601,7.35,0.0,mm,5,%,10.4,km/h,22.0,km/h,359,°,2025-12-08,iso8601
8f74804e41a4d09c93121dec7f75639b,2025-12-08-18-32,10.7713,106.6737,3,wmo code,Trời nhiều mây,30.2,°C,19.5,°C,33.3,°C,20.2,°C,2025-12-08T06:00,iso8601,2025-12-08T17:30,iso8601,7.4,0.0,mm,5,%,10.4,km/h,22.0,km/h,359,°,2025-12-08,iso8601
edd04a4ad93a14c44c8817dc0837f268,2025-12-08-18-36,10.7597,106.6588,3,wmo code,Trời nhiều mây,30.2,°C,19.5,°C,33.3,°C,20.2,°C,2025-12-08T06:00,iso8601,2025-12-08T17:30,iso8601,7.4,0.0,mm,5,%,10.4,km/h,22.0,km/h,359,°,2025-12-08,iso8601
41723ba1c376e35d2c57eeffc1efaf49,2025-12-08-18-48,10.7827,106.6725,3,wmo code,Trời nhiều mây,30.2,°C,19.5,°C,33.3,°C,20.2,°C,2025-12-08T06:00,iso8601,2025-12-08T17:30,iso8601,7.35,0.0,mm,5,%,10.4,km/h,22.0,km/h,359,°,2025-12-08,iso8601
0da7a0c372bed2f60ce19a48bf5305e9,2025-12-08-18-42,10.7983,106.6675,3,wmo code,Trời nhiều mây,30.2,°C,19.5,°C,33.3,°C,20.2,°C,2025-12-08T06:00,iso8601,2025-12-08T17:30,iso8601,7.35,0.0,mm,5,%,10.4,km/h,22.0,km/h,359,°,2025-12-08,iso8601
e23d7725d49882c6f00ded48b8b3c83a,2025-12-08-18-46,10.7884,106.6565,3,wmo code,Trời nhiều mây,30.2,°C,19.5,°C,33.3,°C,20.2,°C,2025-12-08T06:00,iso8601,2025-12-08T17:30,iso8601,7.35,0.0,mm,5,%,10.4,km/h,22.0,km/h,359,°,2025-12-08,iso8601
781c8b16c457964f56e5df5fe4d2fe98,2025-12-08-18-46,10.8011,106.6194,3,wmo code,Trời nhiều mây,30.3,°C,19.5,°C,33.4,°C,20.2,°C,2025-12-08T06:00,iso8601,2025-12-08T17:30,iso8601,7.35,0.0,mm,0,%,10.4,km/h,22.0,km/h,359,°,2025-12-08,iso8601
159f25108169fb3c404f3cfcec9c30d2,2025-12-08-18-44,10.8667,106.7618,3,wmo code,Trời nhiều mây,30.0,°C,19.2,°C,33.7,°C,20.0,°C,2025-12-08T05:59,iso8601,2025-12-08T17:30,iso8601,7.35,0.0,mm,5,%,10.2,km/h,21.6,km/h,3,°,2025-12-08,iso8601
b53cf89bf433baa10711717ee40602f8,2025-12-08-18-47,10.8235,106.7136,3,wmo code,Trời nhiều mây,30.2,°C,19.4,°C,33.9,°C,20.3,°C,2025-12-08T05:59,iso8601,2025-12-08T17:30,iso8601,7.35,0.0,mm,5,%,10.2,km/h,21.6,km/h,3,°,2025-12-08,iso8601
46fc423d727b252cc98937db8a8b6798,2025-12-08-18-49,10.7592,106.6612,3,wmo code,Trời nhiều mây,30.2,°C,19.5,°C,33.3,°C,20.1,°C,2025-12-08T06:00,iso8601,2025-12-08T17:30,iso8601,7.4,0.0,mm,5,%,10.4,km/h,22.0,km/h,359,°,2025-12-08,iso8601
cb4335a416d83971695b8a9fe1614d99,2025-12-08-18-48,10.8867,106.5897,3,wmo code,Trời nhiều mây,30.1,°C,19.3,°C,33.8,°C,20.2,°C,2025-12-08T06:00,iso8601,2025-12-08T17:30,iso8601,7.35,0.0,mm,0,%,10.2,km/h,21.6,km/h,3,°,2025-12-08,iso8601
b38f64d6ca9f83b275adfe80fb653f6f,2025-12-08-18-17,10.8883,106.7761,3,wmo code,Trời nhiều mây,30.1,°C,19.3,°C,33.8,°C,20.2,°C,2025-12-08T05:59,iso8601,2025-12-08T17:30,iso8601,7.35,0.0,mm,0,%,10.2,km/h,21.6,km/h,3,°,2025-12-08,iso8601
e62b460cb5dfffa330bf11b4536e472d,2025-12-08-18-32,10.8422,106.7634,3,wmo code,Trời nhiều mây,30.1,°C,19.3,°C,33.8,°C,20.2,°C,2025-12-08T05:59,iso8601,2025-12-08T17:30,iso8601,7.35,0.0,mm,5,%,10.2,km/h,21.6,km/h,3,°,2025-12-08,iso8601
bf49a14c2b009c4a36d6796e6015b9f2,2025-12-08-18-36,10.768,106.6679,3,wmo code,Trời nhiều mây,30.3,°C,19.5,°C,33.3,°C,20.2,°C,2025-12-08T06:00,iso8601,2025-12-08T17:30,iso8601,7.4,0.0,mm,5,%,10.4,km/h,22.0,km/h,359,°,2025-12-08,iso8601
c95548f592ae75b176d1b311b379afb2,2025-12-08-18-48,10.8877,106.6024,3,wmo code,Trời nhiều mây,30.1,°C,19.3,°C,33.8,°C,20.2,°C,2025-12-08T06:00,iso8601,2025-12-08T17:30,iso8601,7.35,0.0,mm,0,%,10.2,km/h,21.6,km/h,3,°,2025-12-08,iso8601
51d905077b9a55d0a107c12a6f045eb1,2025-12-08-18-38,10.8878,106.6999,3,wmo code,Trời nhiều mây,30.2,°C,19.4,°C,33.9,°C,20.3,°C,2025-12-08T05:59,iso8601,2025-12-08T17:30,iso8601,7.35,0.0,mm,0,%,10.2,km/h,21.6,km/h,3,°,2025-12-08,iso8601
7ad3cce7b24417a8603842e257daea43,2025-12-08-18-42,10.7918,106.8178,3,wmo code,Trời nhiều mây,30.1,°C,20.7,°C,33.8,°C,22.0,°C,2025-12-08T05:59,iso8601,2025-12-08T17:29,iso8601,7.35,0.1,mm,5,%,8.0,km/h,18.4,km/h,347,°,2025-12-08,iso8601
5d8b247037cfbb3cd4864f4597a29aa7,2025-12-08-18-44,10.7664,106.6423,3,wmo code,Trời nhiều mây,30.3,°C,19.5,°C,33.3,°C,20.2,°C,2025-12-08T06:00,iso8601,2025-12-08T17:30,iso8601,7.4,0.0,mm,5,%,10.4,km/h,22.0,km/h,359,°,2025-12-08,iso8601
3c0167e8901fdb249e907289256872ee,2025-12-08-18-46,10.7776,106.6812,3,wmo code,Trời nhiều mây,30.3,°C,19.5,°C,33.3,°C,20.2,°C,2025-12-08T06:00,iso8601,2025-12-08T17:30,iso8601,7.4,0.0,mm,5,%,10.4,km/h,22.0,km/h,359,°,2025-12-08,iso8601
a333685ffb8d0df90a7394f1e42a388a,2025-12-08-18-47,10.7852,106.6568,3,wmo code,Trời nhiều mây,30.2,°C,19.5,°C,33.3,°C,20.2,°C,2025-12-08T06:00,iso8601,2025-12-08T17:30,iso8601,7.35,0.0,mm,5,%,10.4,km/h,22.0,km/h,359,°,2025-12-08,iso8601
64991b3007d81e6b8fbb43f1a76dceeb,2025-12-08-18-48,10.7574,106.674,3,wmo code,Trời nhiều mây,30.2,°C,19.5,°C,33.3,°C,20.1,°C,2025-12-08T06:00,iso8601,2025-12-08T17:30,iso8601,7.4,0.0,mm,5,%,10.4,km/h,22.0,km/h,359,°,2025-12-08,iso8601
b55e682daf84d7d0f78c7de5786ed240,2025-12-08-18-49,10.7861,106.8473,3,wmo code,Trời nhiều mây,30.2,°C,20.7,°C,33.9,°C,22.0,°C,2025-12-08T05:59,iso8601,2025-12-08T17:29,iso8601,7.35,0.1,mm,5,%,8.0,km/h,18.4,km/h,347,°,2025-12-08,iso8601
1171672493fa5b8fbd4b784a3056fee0,2025-12-08-18-38,10.839,106.7683,3,wmo code,Trời nhiều mây,30.2,°C,19.4,°C,33.9,°C,20.2,°C,2025-12-08T05:59,iso8601,2025-12-08T17:30,iso8601,7.35,0.0,mm,5,%,10.2,km/h,21.6,km/h,3,°,2025-12-08,iso8601
bcc920cc86be8735dfd10dea8cc8b01a,2025-12-08-18-46,10.8188,106.7582,3,wmo code,Trời nhiều mây,30.2,°C,19.4,°C,33.9,°C,20.3,°C,2025-12-08T05:59,iso8601,2025-12-08T17:30,iso8601,7.35,0.0,mm,5,%,10.2,km/h,21.6,km/h,3,°,2025-12-08,iso8601
29dea696b73d817af6c22452c91b2b3f,2025-12-08-18-32,10.7607,106.6728,3,wmo code,Trời nhiều mây,30.2,°C,19.5,°C,33.2,°C,20.1,°C,2025-12-08T06:00,iso8601,2025-12-08T17:30,iso8601,7.4,0.0,mm,5,%,10.4,km/h,22.0,km/h,359,°,2025-12-08,iso8601
a361dcc42a688b832c9e1eabc017ebd9,2025-12-08-18-17,10.7087,106.7319,3,wmo code,Trời nhiều mây,30.0,°C,19.8,°C,33.7,°C,20.8,°C,2025-12-08T05:59,iso8601,2025-12-08T17:30,iso8601,7.4,0.0,mm,5,%,8.2,km/h,18.4,km/h,344,°,2025-12-08,iso8601
4ff1c86146a8f15a787642fe50ee30d5,2025-12-08-18-38,10.8021,106.7438,3,wmo code,Trời nhiều mây,30.0,°C,19.8,°C,33.7,°C,20.8,°C,2025-12-08T05:59,iso8601,2025-12-08T17:30,iso8601,7.35,0.0,mm,5,%,8.2,km/h,18.4,km/h,344,°,2025-12-08,iso8601
148e250a25be8ebb375a477a09e79c50,2025-12-08-18-36,10.8324,106.7672,3,wmo code,Trời nhiều mây,30.2,°C,19.4,°C,33.9,°C,20.2,°C,2025-12-08T05:59,iso8601,2025-12-08T17:30,iso8601,7.35,0.0,mm,5,%,10.2,km/h,21.6,km/h,3,°,2025-12-08,iso8601
175ae2ba6f1197c63b44b93c36cd637d,2025-12-08-18-42,10.8328,106.6218,3,wmo code,Trời nhiều mây,30.1,°C,19.3,°C,33.8,°C,20.2,°C,2025-12-08T06:00,iso8601,2025-12-08T17:30,iso8601,7.35,0.0,mm,0,%,10.2,km/h,21.6,km/h,3,°,2025-12-08,iso8601
16155de97876bdd1fe650e7744c21aa1,2025-12-08-18-44,10.8415,106.7687,3,wmo code,Trời nhiều mây,30.1,°C,19.3,°C,33.8,°C,20.2,°C,2025-12-08T05:59,iso8601,2025-12-08T17:30,iso8601,7.35,0.0,mm,5,%,10.2,km/h,21.6,km/h,3,°,2025-12-08,iso8601
e99983bb87cba148ff3645de7da54618,2025-12-08-18-46,10.7699,106.7752,3,wmo code,Trời nhiều mây,30.0,°C,19.8,°C,33.7,°C,20.8,°C,2025-12-08T05:59,iso8601,2025-12-08T17:30,iso8601,7.4,0.0,mm,5,%,8.2,km/h,18.4,km/h,344,°,2025-12-08,iso8601
2b065232c5b3ce59f240ba6117083449,2025-12-08-18-46,10.8701,106.7634,3,wmo code,Trời nhiều mây,30.0,°C,19.2,°C,33.7,°C,20.0,°C,2025-12-08T05:59,iso8601,2025-12-08T17:30,iso8601,7.35,0.0,mm,5,%,10.2,km/h,21.6,km/h,3,°,2025-12-08,iso8601
ad618e33678436ff8f07f7f837cacf90,2025-12-08-18-47,10.7544,106.6509,3,wmo code,Trời nhiều mây,30.3,°C,19.5,°C,33.3,°C,20.2,°C,2025-12-08T06:00,iso8601,2025-12-08T17:30,iso8601,7.4,0.0,mm,5,%,10.4,km/h,22.0,km/h,359,°,2025-12-08,iso8601
93c02284c0d51d86197a2bdc052a0c3f,2025-12-08-18-18,10.7461,106.6689,3,wmo code,Trời nhiều mây,30.3,°C,19.5,°C,33.3,°C,20.2,°C,2025-12-08T06:00,iso8601,2025-12-08T17:30,iso8601,7.4,0.0,mm,5,%,10.4,km/h,22.0,km/h,359,°,2025-12-08,iso8601
308acee2fda85ded85fe59bdee90a062,2025-12-08-18-48,10.8643,106.6941,3,wmo code,Trời nhiều mây,30.2,°C,19.4,°C,33.9,°C,20.3,°C,2025-12-08T05:59,iso8601,2025-12-08T17:30,iso8601,7.35,0.0,mm,5,%,10.2,km/h,21.6,km/h,3,°,2025-12-08,iso8601
e27d6a4a5936730ac37ebe037fc302d2,2025-12-08-18-32,10.7895,106.7122,3,wmo code,Trời nhiều mây,30.0,°C,19.8,°C,33.7,°C,20.8,°C,2025-12-08T05:59,iso8601,2025-12-08T17:30,iso8601,7.35,0.0,mm,5,%,8.2,km/h,18.4,km/h,344,°,2025-12-08,iso8601
96aa53044924ad12b8cb081060a5ead3,2025-12-08-18-36,10.8566,106.7843,3,wmo code,Trời nhiều mây,30.2,°C,19.4,°C,33.9,°C,20.3,°C,2025-12-08T05:59,iso8601,2025-12-08T17:30,iso8601,7.35,0.0,mm,5,%,10.2,km/h,21.6,km/h,3,°,2025-12-08,iso8601
19159488838aabb5e7b22630b92d0b76,2025-12-08-18-46,10.7406,106.6999,3,wmo code,Trời nhiều mây,30.0,°C,19.8,°C,33.7,°C,20.8,°C,2025-12-08T05:59,iso8601,2025-12-08T17:30,iso8601,7.4,0.0,mm,5,%,8.2,km/h,18.4,km/h,344,°,2025-12-08,iso8601
e60f6940bca29797062ec575599d5b16,2025-12-08-18-44,10.7943,106.6839,3,wmo code,Trời nhiều mây,30.3,°C,19.5,°C,33.3,°C,20.2,°C,2025-12-08T06:00,iso8601,2025-12-08T17:30,iso8601,7.35,0.0,mm,5,%,10.4,km/h,22.0,km/h,359,°,2025-12-08,iso8601
e254e5ddc7550b0040a2e8c4bcd412bd,2025-12-08-18-38,10.8398,106.7395,3,wmo code,Trời nhiều mây,30.2,°C,19.4,°C,34.0,°C,20.3,°C,2025-12-08T05:59,iso8601,2025-12-08T17:30,iso8601,7.35,0.0,mm,5,%,10.2,km/h,21.6,km/h,3,°,2025-12-08,iso8601
7b83e57eef6b9b0d27df3954c0c6a10c,2025-12-08-18-46,10.7537,106.6544,3,wmo code,Trời nhiều mây,30.3,°C,19.5,°C,33.3,°C,20.2,°C,2025-12-08T06:00,iso8601,2025-12-08T17:30,iso8601,7.4,0.0,mm,5,%,10.4,km/h,22.0,km/h,359,°,2025-12-08,iso8601
8ebb4c8c33e51a98f243c943da7e73e1,2025-12-08-18-42,10.8459,106.7716,3,wmo code,Trời nhiều mây,30.1,°C,19.3,°C,33.7,°C,20.1,°C,2025-12-08T05:59,iso8601,2025-12-08T17:30,iso8601,7.35,0.0,mm,5,%,10.2,km/h,21.6,km/h,3,°,2025-12-08,iso8601
9793e9678dd4c80b990793cdd330a5cb,2025-12-08-18-47,10.859,106.6799,3,wmo code,Trời nhiều mây,30.1,°C,19.3,°C,33.8,°C,20.2,°C,2025-12-08T06:00,iso8601,2025-12-08T17:30,iso8601,7.35,0.0,mm,5,%,10.2,km/h,21.6,km/h,3,°,2025-12-08,iso8601
c4453b9f2d10111b0d1b59fd270efc2d,2025-12-08-18-49,10.8553,106.6556,3,wmo code,Trời nhiều mây,30.1,°C,19.3,°C,33.8,°C,20.2,°C,2025-12-08T06:00,iso8601,2025-12-08T17:30,iso8601,7.35,0.0,mm,5,%,10.2,km/h,21.6,km/h,3,°,2025-12-08,iso8601
11cd545a14b3f700ac39c4d5a330f3fa,2025-12-08-18-18,10.7648,106.6552,3,wmo code,Trời nhiều mây,30.3,°C,19.5,°C,33.3,°C,20.2,°C,2025-12-08T06:00,iso8601,2025-12-08T17:30,iso8601,7.4,0.0,mm,5,%,10.4,km/h,22.0,km/h,359,°,2025-12-08,iso8601
49ecdc5552ce5a28149992c19a4c4a1d,2025-12-08-18-48,10.7404,106.6548,3,wmo code,Trời nhiều mây,30.3,°C,19.6,°C,33.4,°C,20.3,°C,2025-12-08T06:00,iso8601,2025-12-08T17:30,iso8601,7.4,0.0,mm,5,%,10.4,km/h,22.0,km/h,359,°,2025-12-08,iso8601
aed05b4a8b12657ed5b95a0b9cc53203,2025-12-08-18-38,10.8235,106.7061,3,wmo code,Trời nhiều mây,30.2,°C,19.4,°C,33.9,°C,20.3,°C,2025-12-08T05:59,iso8601,2025-12-08T17:30,iso8601,7.35,0.0,mm,5,%,10.2,km/h,21.6,km/h,3,°,2025-12-08,iso8601
5656bf2ba7f66aa64aec7a8b486ebab9,2025-12-08-18-33,10.7655,106.6596,3,wmo code,Trời nhiều mây,30.3,°C,19.5,°C,33.3,°C,20.2,°C,2025-12-08T06:00,iso8601,2025-12-08T17:30,iso8601,7.4,0.0,mm,5,%,10.4,km/h,22.0,km/h,359,°,2025-12-08,iso8601
416ab8efe59b1653f203084e57cf715e,2025-12-08-18-44,10.7187,106.5921,3,wmo code,Trời nhiều mây,30.3,°C,19.6,°C,33.4,°C,20.3,°C,2025-12-08T06:00,iso8601,2025-12-08T17:30,iso8601,7.4,0.0,mm,0,%,10.4,km/h,22.0,km/h,359,°,2025-12-08,iso8601
eb48c7456ae2c4beb72622f31718e6f6,2025-12-08-18-36,10.7293,106.6884,3,wmo code,Trời nhiều mây,30.0,°C,19.8,°C,33.6,°C,20.7,°C,2025-12-08T05:59,iso8601,2025-12-08T17:30,iso8601,7.4,0.0,mm,5,%,8.2,km/h,18.4,km/h,344,°,2025-12-08,iso8601
3a1aa87c6bcdaad34a529936ba1386ac,2025-12-08-18-42,10.7971,106.647,3,wmo code,Trời nhiều mây,30.2,°C,19.5,°C,33.3,°C,20.2,°C,2025-12-08T06:00,iso8601,2025-12-08T17:30,iso8601,7.35,0.0,mm,5,%,10.4,km/h,22.0,km/h,359,°,2025-12-08,iso8601
1f44fb04b5944655da7f198ac258e82d,2025-12-08-18-46,10.7989,106.7286,3,wmo code,Trời nhiều mây,30.1,°C,19.9,°C,33.7,°C,20.8,°C,2025-12-08T05:59,iso8601,2025-12-08T17:30,iso8601,7.35,0.0,mm,5,%,8.2,km/h,18.4,km/h,344,°,2025-12-08,iso8601
bcdfbeb63259abe653c415f33f8e1fb7,2025-12-08-18-47,10.7855,106.6928,3,wmo code,Trời nhiều mây,30.0,°C,19.8,°C,33.6,°C,20.7,°C,2025-12-08T05:59,iso8601,2025-12-08T17:30,iso8601,7.35,0.0,mm,5,%,8.2,km/h,18.4,km/h,344,°,2025-12-08,iso8601
a7e8464abc9a8b7fa8ccfdb1d8c3e6bd,2025-12-08-18-46,10.7462,106.7957,3,wmo code,Trời nhiều mây,30.0,°C,19.8,°C,33.7,°C,20.8,°C,2025-12-08T05:59,iso8601,2025-12-08T17:30,iso8601,7.4,0.0,mm,5,%,8.2,km/h,18.4,km/h,344,°,2025-12-08,iso8601
2af34f0361bde9c96846a777b2d42b51,2025-12-08-18-18,10.7761,106.647,3,wmo code,Trời nhiều mây,30.2,°C,19.5,°C,33.3,°C,20.2,°C,2025-12-08T06:00,iso8601,2025-12-08T17:30,iso8601,7.4,0.0,mm,5,%,10.4,km/h,22.0,km/h,359,°,2025-12-08,iso8601
e50efc6df4e60f7efd231b37a1f22a36,2025-12-08-18-48,10.752,106.6581,3,wmo code,Trời nhiều mây,30.3,°C,19.5,°C,33.3,°C,20.2,°C,2025-12-08T06:00,iso8601,2025-12-08T17:30,iso8601,7.4,0.0,mm,5,%,10.4,km/h,22.0,km/h,359,°,2025-12-08,iso8601
6afd746a49d0b1813739926e3782a98c,2025-12-08-18-36,10.8046,106.6611,3,wmo code,Trời nhiều mây,30.3,°C,19.5,°C,33.3,°C,20.2,°C,2025-12-08T06:00,iso8601,2025-12-08T17:30,iso8601,7.35,0.0,mm,5,%,10.4,km/h,22.0,km/h,359,°,2025-12-08,iso8601
b28e73faf97bb111111ad345d3f83c3f,2025-12-08-18-33,10.7506,106.6591,3,wmo code,Trời nhiều mây,30.2,°C,19.5,°C,33.3,°C,20.2,°C,2025-12-08T06:00,iso8601,2025-12-08T17:30,iso8601,7.4,0.0,mm,5,%,10.4,km/h,22.0,km/h,359,°,2025-12-08,iso8601
bcdfbeb63259abe653c415f33f8e1fb7,2025-12-08-18-38,10.7679,106.6745,3,wmo code,Trời nhiều mây,30.2,°C,19.5,°C,33.3,°C,20.2,°C,2025-12-08T06:00,iso8601,2025-12-08T17:30,iso8601,7.4,0.0,mm,5,%,10.4,km/h,22.0,km/h,359,°,2025-12-08,iso8601
05c137fe6c30f85f4f01fbd41b8e0694,2025-12-08-18-44,10.8746,106.6085,3,wmo code,Trời nhiều mây,30.1,°C,19.3,°C,33.8,°C,20.2,°C,2025-12-08T06:00,iso8601,2025-12-08T17:30,iso8601,7.35,0.0,mm,0,%,10.2,km/h,21.6,km/h,3,°,2025-12-08,iso8601
06bcedd952eae18f7df052dc12bed073,2025-12-08-18-46,10.7299,106.6022,3,wmo code,Trời nhiều mây,30.3,°C,19.6,°C,33.4,°C,20.3,°C,2025-12-08T06:00,iso8601,2025-12-08T17:30,iso8601,7.4,0.0,mm,0,%,10.4,km/h,22.0,km/h,359,°,2025-12-08,iso8601
7e414735915eb505134c1ae99ee1f5f8,2025-12-08-18-46,10.7916,106.6617,3,wmo code,Trời nhiều mây,30.3,°C,19.5,°C,33.3,°C,20.2,°C,2025-12-08T06:00,iso8601,2025-12-08T17:30,iso8601,7.35,0.0,mm,5,%,10.4,km/h,22.0,km/h,359,°,2025-12-08,iso8601
cf96a7ac012ae3bf2e474c3f90b39a19,2025-12-08-18-48,10.8398,106.6791,3,wmo code,Trời nhiều mây,30.1,°C,19.3,°C,33.8,°C,20.1,°C,2025-12-08T06:00,iso8601,2025-12-08T17:30,iso8601,7.35,0.0,mm,5,%,10.2,km/h,21.6,km/h,3,°,2025-12-08,iso8601
e3aae21f4d5f96ba007d0355dfde2112,2025-12-08-18-42,10.7712,106.693,3,wmo code,Trời nhiều mây,30.0,°C,19.8,°C,33.6,°C,20.7,°C,2025-12-08T05:59,iso8601,2025-12-08T17:30,iso8601,7.4,0.0,mm,5,%,8.2,km/h,18.4,km/h,344,°,2025-12-08,iso8601
04333fe7c5c67cf08d89fe0bc6d041fa,2025-12-08-18-18,10.7311,106.7123,3,wmo code,Trời nhiều mây,30.0,°C,19.8,°C,33.7,°C,20.8,°C,2025-12-08T05:59,iso8601,2025-12-08T17:30,iso8601,7.4,0.0,mm,5,%,8.2,km/h,18.4,km/h,344,°,2025-12-08,iso8601
032c252746f3dc7a69f21b37884a1b01,2025-12-08-18-33,10.7958,106.7807,3,wmo code,Trời nhiều mây,30.0,°C,19.8,°C,33.7,°C,20.8,°C,2025-12-08T05:59,iso8601,2025-12-08T17:30,iso8601,7.35,0.0,mm,5,%,8.2,km/h,18.4,km/h,344,°,2025-12-08,iso8601
b11770597d1bb3722013241f37a0ca4f,2025-12-08-18-47,10.7509,106.6565,3,wmo code,Trời nhiều mây,30.2,°C,19.5,°C,33.3,°C,20.2,°C,2025-12-08T06:00,iso8601,2025-12-08T17:30,iso8601,7.4,0.0,mm,5,%,10.4,km/h,22.0,km/h,359,°,2025-12-08,iso8601
af1638d7752e8b881830970c73587a23,2025-12-08-18-38,10.8123,106.6769,3,wmo code,Trời nhiều mây,30.2,°C,19.5,°C,33.2,°C,20.1,°C,2025-12-08T06:00,iso8601,2025-12-08T17:30,iso8601,7.35,0.0,mm,5,%,10.4,km/h,22.0,km/h,359,°,2025-12-08,iso8601
cb8f17d21348ad140c8a6868fb442f2f,2025-12-08-18-49,10.8181,106.6867,3,wmo code,Trời nhiều mây,30.1,°C,19.3,°C,33.7,°C,20.1,°C,2025-12-08T06:00,iso8601,2025-12-08T17:30,iso8601,7.35,0.0,mm,5,%,10.2,km/h,21.6,km/h,3,°,2025-12-08,iso8601
52b178c7b399b7c542dfef7654a82b37,2025-12-08-18-44,10.7506,106.6592,3,wmo code,Trời nhiều mây,30.3,°C,19.5,°C,33.3,°C,20.2,°C,2025-12-08T06:00,iso8601,2025-12-08T17:30,iso8601,7.4,0.0,mm,5,%,10.4,km/h,22.0,km/h,359,°,2025-12-08,iso8601
4978590a182110740fd4defcabb9d463,2025-12-08-18-36,10.7237,106.6011,3,wmo code,Trời nhiều mây,30.3,°C,19.5,°C,33.4,°C,20.2,°C,2025-12-08T06:00,iso8601,2025-12-08T17:30,iso8601,7.4,0.0,mm,0,%,10.4,km/h,22.0,km/h,359,°,2025-12-08,iso8601
19b4a156b48dd03667819ca43a83dbb8,2025-12-08-18-42,10.8369,106.7002,3,wmo code,Trời nhiều mây,30.2,°C,19.4,°C,33.9,°C,20.3,°C,2025-12-08T05:59,iso8601,2025-12-08T17:30,iso8601,7.35,0.0,mm,5,%,10.2,km/h,21.6,km/h,3,°,2025-12-08,iso8601
9ef65b4becace6d590f765878c758b50,2025-12-08-18-46,10.7917,106.6899,3,wmo code,Trời nhiều mây,30.0,°C,19.8,°C,33.6,°C,20.7,°C,2025-12-08T05:59,iso8601,2025-12-08T17:30,iso8601,7.35,0.0,mm,5,%,8.2,km/h,18.4,km/h,344,°,2025-12-08,iso8601
f804c0bf2888c95589c44831e208fc2d,2025-12-08-18-46,10.7047,106.8354,3,wmo code,Trời nhiều mây,30.1,°C,20.6,°C,33.7,°C,21.8,°C,2025-12-08T05:59,iso8601,2025-12-08T17:29,iso8601,7.35,0.1,mm,5,%,8.0,km/h,18.4,km/h,347,°,2025-12-08,iso8601
03b477d928da55ca9ffa29542cabadf9,2025-12-08-18-47,10.8009,106.66,3,wmo code,Trời nhiều mây,30.2,°C,19.5,°C,33.2,°C,20.1,°C,2025-12-08T06:00,iso8601,2025-12-08T17:30,iso8601,7.35,0.0,mm,5,%,10.4,km/h,22.0,km/h,359,°,2025-12-08,iso8601
acc73b2742b6a7ae6a316c547525d1d1,2025-12-08-18-48,10.7559,106.6939,3,wmo code,Trời nhiều mây,30.0,°C,19.8,°C,33.7,°C,20.8,°C,2025-12-08T05:59,iso8601,2025-12-08T17:30,iso8601,7.4,0.0,mm,5,%,8.2,km/h,18.4,km/h,344,°,2025-12-08,iso8601
3ea305cbef3167c345c81b93932e4cf8,2025-12-08-18-36,10.8146,106.679,3,wmo code,Trời nhiều mây,30.0,°C,19.2,°C,33.7,°C,20.1,°C,2025-12-08T06:00,iso8601,2025-12-08T17:30,iso8601,7.35,0.0,mm,5,%,10.2,km/h,21.6,km/h,3,°,2025-12-08,iso8601
b696fc42fe664c8db994254601b5855c,2025-12-08-18-38,10.7535,106.653,3,wmo code,Trời nhiều mây,30.3,°C,19.5,°C,33.3,°C,20.2,°C,2025-12-08T06:00,iso8601,2025-12-08T17:30,iso8601,7.4,0.0,mm,5,%,10.4,km/h,22.0,km/h,359,°,2025-12-08,iso8601
fb32fb1c46998abfe7d3427292b49d6a,2025-12-08-18-18,10.8196,106.6903,3,wmo code,Trời nhiều mây,30.1,°C,19.3,°C,33.8,°C,20.2,°C,2025-12-08T05:59,iso8601,2025-12-08T17:30,iso8601,7.35,0.0,mm,5,%,10.2,km/h,21.6,km/h,3,°,2025-12-08,iso8601
381092131277420bae740266d89055c3,2025-12-08-18-44,10.863,106.6803,3,wmo code,Trời nhiều mây,30.1,°C,19.3,°C,33.8,°C,20.2,°C,2025-12-08T06:00,iso8601,2025-12-08T17:30,iso8601,7.35,0.0,mm,5,%,10.2,km/h,21.6,km/h,3,°,2025-12-08,iso8601
f2cca9ecbb9945a5cdf82c34e47e6227,2025-12-08-18-42,10.7802,106.6543,3,wmo code,Trời nhiều mây,30.2,°C,19.5,°C,33.3,°C,20.2,°C,2025-12-08T06:00,iso8601,2025-12-08T17:30,iso8601,7.35,0.0,mm,5,%,10.4,km/h,22.0,km/h,359,°,2025-12-08,iso8601
7642b13b19d9c6929cf66e4bf469be97,2025-12-08-18-47,10.8833,106.8006,3,wmo code,Trời nhiều mây,30.1,°C,19.3,°C,33.8,°C,20.1,°C,2025-12-08T05:59,iso8601,2025-12-08T17:30,iso8601,7.35,0.0,mm,0,%,10.2,km/h,21.6,km/h,3,°,2025-12-08,iso8601
262cbdf1777be39dabf6d19c07b9a079,2025-12-08-18-33,10.7903,106.6523,3,wmo code,Trời nhiều mây,30.2,°C,19.5,°C,33.3,°C,20.2,°C,2025-12-08T06:00,iso8601,2025-12-08T17:30,iso8601,7.35,0.0,mm,5,%,10.4,km/h,22.0,km/h,359,°,2025-12-08,iso8601
f4f7cbdb58c848cd2364e53e9d891250,2025-12-08-18-46,10.7289,106.717,3,wmo code,Trời nhiều mây,30.0,°C,19.8,°C,33.7,°C,20.8,°C,2025-12-08T05:59,iso8601,2025-12-08T17:30,iso8601,7.4,0.0,mm,5,%,8.2,km/h,18.4,km/h,344,°,2025-12-08,iso8601
1ffd381733dc696272b3a0db86e73ed5,2025-12-08-18-48,10.7947,106.6932,3,wmo code,Trời nhiều mây,30.0,°C,19.8,°C,33.7,°C,20.8,°C,2025-12-08T05:59,iso8601,2025-12-08T17:30,iso8601,7.35,0.0,mm,5,%,8.2,km/h,18.4,km/h,344,°,2025-12-08,iso8601
f521b9189379948467851f9a32299097,2025-12-08-18-46,10.8576,106.786,3,wmo code,Trời nhiều mây,30.2,°C,19.4,°C,33.9,°C,20.3,°C,2025-12-08T05:59,iso8601,2025-12-08T17:30,iso8601,7.35,0.0,mm,5,%,10.2,km/h,21.6,km/h,3,°,2025-12-08,iso8601
a564f038f5d9a89c41047d3ee5b510ff,2025-12-08-18-18,10.825,106.603,3,wmo code,Trời nhiều mây,30.1,°C,19.3,°C,33.8,°C,20.2,°C,2025-12-08T06:00,iso8601,2025-12-08T17:30,iso8601,7.35,0.0,mm,0,%,10.2,km/h,21.6,km/h,3,°,2025-12-08,iso8601
f6ed2d4c6e4db8d25250b835d732f70f,2025-12-08-18-38,10.7698,106.671,3,wmo code,Trời nhiều mây,30.2,°C,19.4,°C,33.2,°C,20.1,°C,2025-12-08T06:00,iso8601,2025-12-08T17:30,iso8601,7.4,0.0,mm,5,%,10.4,km/h,22.0,km/h,359,°,2025-12-08,iso8601
e4125b6fed6b067a2590c97f5141fe9d,2025-12-08-18-42,10.7887,106.6529,3,wmo code,Trời nhiều mây,30.2,°C,19.5,°C,33.3,°C,20.1,°C,2025-12-08T06:00,iso8601,2025-12-08T17:30,iso8601,7.35,0.0,mm,5,%,10.4,km/h,22.0,km/h,359,°,2025-12-08,iso8601
1ef01f1af018ff06b9ba19eb43edf177,2025-12-08-18-33,10.7605,106.6771,3,wmo code,Trời nhiều mây,30.3,°C,19.5,°C,33.3,°C,20.2,°C,2025-12-08T06:00,iso8601,2025-12-08T17:30,iso8601,7.4,0.0,mm,5,%,10.4,km/h,22.0,km/h,359,°,2025-12-08,iso8601
c1d9c55ac84173f24d9850910ad301af,2025-12-08-18-36,10.7538,106.6538,3,wmo code,Trời nhiều mây,30.2,°C,19.5,°C,33.3,°C,20.2,°C,2025-12-08T06:00,iso8601,2025-12-08T17:30,iso8601,7.4,0.0,mm,5,%,10.4,km/h,22.0,km/h,359,°,2025-12-08,iso8601
ee3a62132d60650c698f951d336fd4f7,2025-12-08-18-44,10.7743,106.6477,3,wmo code,Trời nhiều mây,30.2,°C,19.5,°C,33.3,°C,20.2,°C,2025-12-08T06:00,iso8601,2025-12-08T17:30,iso8601,7.4,0.0,mm,5,%,10.4,km/h,22.0,km/h,359,°,2025-12-08,iso8601
74ef85fbba86aea448f55f140da46e7f,2025-12-08-18-46,10.7862,106.6516,3,wmo code,Trời nhiều mây,30.2,°C,19.5,°C,33.3,°C,20.2,°C,2025-12-08T06:00,iso8601,2025-12-08T17:30,iso8601,7.35,0.0,mm,5,%,10.4,km/h,22.0,km/h,359,°,2025-12-08,iso8601
4acc35dfc56bacf61b6804ae09abdd9c,2025-12-08-18-48,10.8487,106.7744,3,wmo code,Trời nhiều mây,30.0,°C,19.2,°C,33.7,°C,20.1,°C,2025-12-08T05:59,iso8601,2025-12-08T17:30,iso8601,7.35,0.0,mm,5,%,10.2,km/h,21.6,km/h,3,°,2025-12-08,iso8601
e4125b6fed6b067a2590c97f5141fe9d,2025-12-08-18-46,10.7805,106.6553,3,wmo code,Trời nhiều mây,30.2,°C,19.5,°C,33.3,°C,20.2,°C,2025-12-08T06:00,iso8601,2025-12-08T17:30,iso8601,7.35,0.0,mm,5,%,10.4,km/h,22.0,km/h,359,°,2025-12-08,iso8601
bc56b10658d431cbf3782373345d71b3,2025-12-08-18-49,10.7598,106.659,3,wmo code,Trời nhiều mây,30.2,°C,19.5,°C,33.3,°C,20.2,°C,2025-12-08T06:00,iso8601,2025-12-08T17:30,iso8601,7.4,0.0,mm,5,%,10.4,km/h,22.0,km/h,359,°,2025-12-08,iso8601
2f1bdbe2cf4979978d49925cf2871b35,2025-12-08-18-47,10.7584,106.6937,3,wmo code,Trời nhiều mây,30.0,°C,19.8,°C,33.7,°C,20.8,°C,2025-12-08T05:59,iso8601,2025-12-08T17:30,iso8601,7.4,0.0,mm,5,%,8.2,km/h,18.4,km/h,344,°,2025-12-08,iso8601
eb7db68e1472770b808a2181c54828b9,2025-12-08-18-18,10.7385,106.6149,3,wmo code,Trời nhiều mây,30.3,°C,19.5,°C,33.3,°C,20.2,°C,2025-12-08T06:00,iso8601,2025-12-08T17:30,iso8601,7.4,0.0,mm,0,%,10.4,km/h,22.0,km/h,359,°,2025-12-08,iso8601
5c004ea2ebb15c29edb255aed69fafd1,2025-12-08-18-34,10.8316,106.7254,3,wmo code,Trời nhiều mây,30.2,°C,19.4,°C,33.9,°C,20.3,°C,2025-12-08T05:59,iso8601,2025-12-08T17:30,iso8601,7.35,0.0,mm,5,%,10.2,km/h,21.6,km/h,3,°,2025-12-08,iso8601
e553cd5c3a7edecf84a2689095a9f748,2025-12-08-18-36,10.7922,106.678,3,wmo code,Trời nhiều mây,30.2,°C,19.5,°C,33.3,°C,20.2,°C,2025-12-08T06:00,iso8601,2025-12-08T17:30,iso8601,7.35,0.0,mm,5,%,10.4,km/h,22.0,km/h,359,°,2025-12-08,iso8601
f1fe8c6487b8951009b7e4f5a032eebb,2025-12-08-18-42,10.7836,106.6544,3,wmo code,Trời nhiều mây,30.2,°C,19.5,°C,33.3,°C,20.2,°C,2025-12-08T06:00,iso8601,2025-12-08T17:30,iso8601,7.35,0.0,mm,5,%,10.4,km/h,22.0,km/h,359,°,2025-12-08,iso8601
cb19f4ec4fb65fd0ede65fb5ba4bb487,2025-12-08-18-38,10.7792,106.682,3,wmo code,Trời nhiều mây,30.3,°C,19.5,°C,33.3,°C,20.2,°C,2025-12-08T06:00,iso8601,2025-12-08T17:30,iso8601,7.35,0.0,mm,5,%,10.4,km/h,22.0,km/h,359,°,2025-12-08,iso8601
02862b37fd3ae1f424a8a25e660c1147,2025-12-08-18-44,10.758,106.6496,3,wmo code,Trời nhiều mây,30.3,°C,19.5,°C,33.3,°C,20.2,°C,2025-12-08T06:00,iso8601,2025-12-08T17:30,iso8601,7.4,0.0,mm,5,%,10.4,km/h,22.0,km/h,359,°,2025-12-08,iso8601
49659a77c26e913c341cbca256c8cc7b,2025-12-08-18-47,10.8609,106.6696,3,wmo code,Trời nhiều mây,30.1,°C,19.3,°C,33.8,°C,20.2,°C,2025-12-08T06:00,iso8601,2025-12-08T17:30,iso8601,7.35,0.0,mm,5,%,10.2,km/h,21.6,km/h,3,°,2025-12-08,iso8601
d21e230286ed05f3b67dd652c64f0201,2025-12-08-18-46,10.8633,106.7966,3,wmo code,Trời nhiều mây,30.1,°C,19.3,°C,33.8,°C,20.2,°C,2025-12-08T05:59,iso8601,2025-12-08T17:30,iso8601,7.35,0.0,mm,5,%,10.2,km/h,21.6,km/h,3,°,2025-12-08,iso8601
6b0fbf6a2e4ef04b02bd48b90ded9f0e,2025-12-08-18-46,10.7766,106.6565,3,wmo code,Trời nhiều mây,30.2,°C,19.5,°C,33.3,°C,20.2,°C,2025-12-08T06:00,iso8601,2025-12-08T17:30,iso8601,7.4,0.0,mm,5,%,10.4,km/h,22.0,km/h,359,°,2025-12-08,iso8601
e43538d8c2cafb6c92cd81166c383ffd,2025-12-08-18-48,10.7653,106.6465,3,wmo code,Trời nhiều mây,30.2,°C,19.5,°C,33.3,°C,20.2,°C,2025-12-08T06:00,iso8601,2025-12-08T17:30,iso8601,7.4,0.0,mm,5,%,10.4,km/h,22.0,km/h,359,°,2025-12-08,iso8601
c79e211f70eccbf9c5834a86b875367e,2025-12-08-18-18,10.8547,106.7063,3,wmo code,Trời nhiều mây,30.2,°C,19.4,°C,33.9,°C,20.3,°C,2025-12-08T05:59,iso8601,2025-12-08T17:30,iso8601,7.35,0.0,mm,5,%,10.2,km/h,21.6,km/h,3,°,2025-12-08,iso8601
565705c0eed96a1a9a86d19728864b8e,2025-12-08-18-36,10.7842,106.6392,3,wmo code,Trời nhiều mây,30.2,°C,19.5,°C,33.3,°C,20.2,°C,2025-12-08T06:00,iso8601,2025-12-08T17:30,iso8601,7.35,0.0,mm,5,%,10.4,km/h,22.0,km/h,359,°,2025-12-08,iso8601
76af8535a1772f60979e2ace59b57ceb,2025-12-08-18-42,10.7583,106.6458,3,wmo code,Trời nhiều mây,30.2,°C,19.5,°C,33.3,°C,20.2,°C,2025-12-08T06:00,iso8601,2025-12-08T17:30,iso8601,7.4,0.0,mm,5,%,10.4,km/h,22.0,km/h,359,°,2025-12-08,iso8601
9bcf9d131b18487f8813ef4c6c42ab9e,2025-12-08-18-44,10.7681,106.6798,3,wmo code,Trời nhiều mây,30.2,°C,19.5,°C,33.3,°C,20.2,°C,2025-12-08T06:00,iso8601,2025-12-08T17:30,iso8601,7.4,0.0,mm,5,%,10.4,km/h,22.0,km/h,359,°,2025-12-08,iso8601
c5ba02c38f7cc53873ee9f364b07a153,2025-12-08-18-38,10.8345,106.7295,3,wmo code,Trời nhiều mây,30.2,°C,19.4,°C,33.9,°C,20.3,°C,2025-12-08T05:59,iso8601,2025-12-08T17:30,iso8601,7.35,0.0,mm,5,%,10.2,km/h,21.6,km/h,3,°,2025-12-08,iso8601
e4f9d9ee24eae3af1cf0ee65e59da33e,2025-12-08-18-46,10.8055,106.7543,3,wmo code,Trời nhiều mây,30.0,°C,19.8,°C,33.7,°C,20.8,°C,2025-12-08T05:59,iso8601,2025-12-08T17:30,iso8601,7.35,0.0,mm,5,%,8.2,km/h,18.4,km/h,344,°,2025-12-08,iso8601
91c1d62e3d990e9f6f7befb66bcbcb20,2025-12-08-18-46,10.7448,106.6689,3,wmo code,Trời nhiều mây,30.3,°C,19.5,°C,33.3,°C,20.2,°C,2025-12-08T06:00,iso8601,2025-12-08T17:30,iso8601,7.4,0.0,mm,5,%,10.4,km/h,22.0,km/h,359,°,2025-12-08,iso8601
5d8686b2d447843e68030c5cda6fa2e2,2025-12-08-18-47,10.7758,106.6566,3,wmo code,Trời nhiều mây,30.3,°C,19.5,°C,33.3,°C,20.2,°C,2025-12-08T06:00,iso8601,2025-12-08T17:30,iso8601,7.4,0.0,mm,5,%,10.4,km/h,22.0,km/h,359,°,2025-12-08,iso8601
5308417b3a518055ee7b96e09e4261f4,2025-12-08-18-48,10.801,106.6575,3,wmo code,Trời nhiều mây,30.2,°C,19.5,°C,33.3,°C,20.2,°C,2025-12-08T06:00,iso8601,2025-12-08T17:30,iso8601,7.35,0.0,mm,5,%,10.4,km/h,22.0,km/h,359,°,2025-12-08,iso8601
420037df86171068f7144183b30a00af,2025-12-08-18-49,10.7908,106.6642,3,wmo code,Trời nhiều mây,30.3,°C,19.5,°C,33.3,°C,20.2,°C,2025-12-08T06:00,iso8601,2025-12-08T17:30,iso8601,7.35,0.0,mm,5,%,10.4,km/h,22.0,km/h,359,°,2025-12-08,iso8601
a82b6cd023afa4cde99737b56ad45749,2025-12-08-18-18,10.7565,106.6665,3,wmo code,Trời nhiều mây,30.2,°C,19.5,°C,33.3,°C,20.2,°C,2025-12-08T06:00,iso8601,2025-12-08T17:30,iso8601,7.4,0.0,mm,5,%,10.4,km/h,22.0,km/h,359,°,2025-12-08,iso8601
2d1e2e76955d8d94f92ac490ffbb3d5c,2025-12-08-18-38,10.7923,106.643,3,wmo code,Trời nhiều mây,30.2,°C,19.5,°C,33.3,°C,20.2,°C,2025-12-08T06:00,iso8601,2025-12-08T17:30,iso8601,7.35,0.0,mm,5,%,10.4,km/h,22.0,km/h,359,°,2025-12-08,iso8601
a264b8cb890cb9e83830948e5a9a7670,2025-12-08-18-34,10.8497,106.588,3,wmo code,Trời nhiều mây,30.1,°C,19.3,°C,33.8,°C,20.2,°C,2025-12-08T06:00,iso8601,2025-12-08T17:30,iso8601,7.35,0.0,mm,0,%,10.2,km/h,21.6,km/h,3,°,2025-12-08,iso8601
3569d379d4fd684d7643c11f1ab33a61,2025-12-08-18-34,10.7959,106.6927,3,wmo code,Trời nhiều mây,30.0,°C,19.8,°C,33.6,°C,20.7,°C,2025-12-08T05:59,iso8601,2025-12-08T17:30,iso8601,7.35,0.0,mm,5,%,8.2,km/h,18.4,km/h,344,°,2025-12-08,iso8601
110e7cec58e4bd5ee1d6aa5e4e12f13a,2025-12-08-18-42,10.7763,106.6087,3,wmo code,Trời nhiều mây,30.3,°C,19.5,°C,33.3,°C,20.2,°C,2025-12-08T06:00,iso8601,2025-12-08T17:30,iso8601,7.4,0.0,mm,0,%,10.4,km/h,22.0,km/h,359,°,2025-12-08,iso8601
1fee7aa948b15b4c4027a2597b67d37d,2025-12-08-18-44,10.8774,106.5917,3,wmo code,Trời nhiều mây,30.1,°C,19.3,°C,33.8,°C,20.2,°C,2025-12-08T06:00,iso8601,2025-12-08T17:30,iso8601,7.35,0.0,mm,0,%,10.2,km/h,21.6,km/h,3,°,2025-12-08,iso8601
0748a04cc0fc3eaa1b3262cdb77d7fbb,2025-12-08-18-36,10.7563,106.6511,3,wmo code,Trời nhiều mây,30.3,°C,19.5,°C,33.3,°C,20.2,°C,2025-12-08T06:00,iso8601,2025-12-08T17:30,iso8601,7.4,0.0,mm,5,%,10.4,km/h,22.0,km/h,359,°,2025-12-08,iso8601
64991b3007d81e6b8fbb43f1a76dceeb,2025-12-08-18-46,10.7576,106.6741,3,wmo code,Trời nhiều mây,30.2,°C,19.5,°C,33.3,°C,20.2,°C,2025-12-08T06:00,iso8601,2025-12-08T17:30,iso8601,7.4,0.0,mm,5,%,10.4,km/h,22.0,km/h,359,°,2025-12-08,iso8601
7782905963074112e23f8988d4f875bd,2025-12-08-18-46,10.8592,106.8363,3,wmo code,Trời nhiều mây,30.2,°C,19.8,°C,34.1,°C,20.9,°C,2025-12-08T05:59,iso8601,2025-12-08T17:29,iso8601,7.35,0.0,mm,5,%,9.2,km/h,18.7,km/h,358,°,2025-12-08,iso8601
d46b643247d74c11a53fe9372275429f,2025-12-08-18-47,10.7998,106.7319,3,wmo code,Trời nhiều mây,30.0,°C,19.8,°C,33.7,°C,20.8,°C,2025-12-08T05:59,iso8601,2025-12-08T17:30,iso8601,7.35,0.0,mm,5,%,8.2,km/h,18.4,km/h,344,°,2025-12-08,iso8601
2ea509c2ea03cfaec16ecdab5eb5ec6a,2025-12-08-18-48,10.7693,106.6377,3,wmo code,Trời nhiều mây,30.3,°C,19.5,°C,33.4,°C,20.2,°C,2025-12-08T06:00,iso8601,2025-12-08T17:30,iso8601,7.4,0.0,mm,5,%,10.4,km/h,22.0,km/h,359,°,2025-12-08,iso8601
e59398367b5e8a7e0db0c709f85a2c9d,2025-12-08-18-34,10.8014,106.6191,3,wmo code,Trời nhiều mây,30.3,°C,19.5,°C,33.4,°C,20.2,°C,2025-12-08T06:00,iso8601,2025-12-08T17:30,iso8601,7.35,0.0,mm,0,%,10.4,km/h,22.0,km/h,359,°,2025-12-08,iso8601
309416b616752c1e32c69af3a4c8917d,2025-12-08-18-38,10.7924,106.6418,3,wmo code,Trời nhiều mây,30.2,°C,19.5,°C,33.3,°C,20.2,°C,2025-12-08T06:00,iso8601,2025-12-08T17:30,iso8601,7.35,0.0,mm,5,%,10.4,km/h,22.0,km/h,359,°,2025-12-08,iso8601
edd1cb66ba061a4d7e7df40bdad581a4,2025-12-08-18-36,10.7581,106.6494,3,wmo code,Trời nhiều mây,30.3,°C,19.5,°C,33.3,°C,20.2,°C,2025-12-08T06:00,iso8601,2025-12-08T17:30,iso8601,7.4,0.0,mm,5,%,10.4,km/h,22.0,km/h,359,°,2025-12-08,iso8601
fd6f15ac19a957141598dd378d42dddc,2025-12-08-18-42,10.8152,106.6324,3,wmo code,Trời nhiều mây,30.1,°C,19.3,°C,33.8,°C,20.2,°C,2025-12-08T06:00,iso8601,2025-12-08T17:30,iso8601,7.35,0.0,mm,5,%,10.2,km/h,21.6,km/h,3,°,2025-12-08,iso8601
84eac5395bc14015e1b7708db7ef3ff7,2025-12-08-18-44,10.8824,106.7699,3,wmo code,Trời nhiều mây,30.1,°C,19.3,°C,33.7,°C,20.1,°C,2025-12-08T05:59,iso8601,2025-12-08T17:30,iso8601,7.35,0.0,mm,0,%,10.2,km/h,21.6,km/h,3,°,2025-12-08,iso8601
b9d383cf31bb70a7cbce76c3ccb5deae,2025-12-08-18-47,10.7936,106.6724,3,wmo code,Trời nhiều mây,30.2,°C,19.5,°C,33.3,°C,20.2,°C,2025-12-08T06:00,iso8601,2025-12-08T17:30,iso8601,7.35,0.0,mm,5,%,10.4,km/h,22.0,km/h,359,°,2025-12-08,iso8601
d17e93aa70957e8c5bd2f8194ccecd7b,2025-12-08-18-18,10.8026,106.6965,3,wmo code,Trời nhiều mây,30.0,°C,19.8,°C,33.6,°C,20.7,°C,2025-12-08T05:59,iso8601,2025-12-08T17:30,iso8601,7.35,0.0,mm,5,%,8.2,km/h,18.4,km/h,344,°,2025-12-08,iso8601
0b82b4afd40f0bef656c72b9d0ee6272,2025-12-08-18-48,10.8659,106.616,3,wmo code,Trời nhiều mây,30.1,°C,19.3,°C,33.8,°C,20.1,°C,2025-12-08T06:00,iso8601,2025-12-08T17:30,iso8601,7.35,0.0,mm,0,%,10.2,km/h,21.6,km/h,3,°,2025-12-08,iso8601
5cbe5643b0a58f3615b226311c35809b,2025-12-08-18-47,10.7875,106.7094,3,wmo code,Trời nhiều mây,30.0,°C,19.8,°C,33.7,°C,20.8,°C,2025-12-08T05:59,iso8601,2025-12-08T17:30,iso8601,7.35,0.0,mm,5,%,8.2,km/h,18.4,km/h,344,°,2025-12-08,iso8601
4be0bd6ff2e3ba57c460743447aaf5e4,2025-12-08-18-18,10.716,106.5857,3,wmo code,Trời nhiều mây,30.3,°C,19.6,°C,33.4,°C,20.3,°C,2025-12-08T06:00,iso8601,2025-12-08T17:30,iso8601,7.4,0.0,mm,0,%,10.4,km/h,22.0,km/h,359,°,2025-12-08,iso8601
7ac9e10ab273227210ba16ae4be9d1e9,2025-12-08-18-46,10.7515,106.6505,3,wmo code,Trời nhiều mây,30.3,°C,19.5,°C,33.3,°C,20.2,°C,2025-12-08T06:00,iso8601,2025-12-08T17:30,iso8601,7.4,0.0,mm,5,%,10.4,km/h,22.0,km/h,359,°,2025-12-08,iso8601
9f49b898d17c44119f3936623504c3af,2025-12-08-18-42,10.792,106.7089,3,wmo code,Trời nhiều mây,30.0,°C,19.8,°C,33.6,°C,20.7,°C,2025-12-08T05:59,iso8601,2025-12-08T17:30,iso8601,7.35,0.0,mm,5,%,8.2,km/h,18.4,km/h,344,°,2025-12-08,iso8601
81f76bbbcd1147a3e9f2e52b5b9c05eb,2025-12-08-18-36,10.6818,106.5407,3,wmo code,Trời nhiều mây,30.2,°C,20.2,°C,33.5,°C,21.0,°C,2025-12-08T06:00,iso8601,2025-12-08T17:31,iso8601,7.4,0.0,mm,0,%,9.6,km/h,19.4,km/h,358,°,2025-12-08,iso8601
d8ff2b0f0bf87975af40b356ad7e578e,2025-12-08-18-34,10.7348,106.718,3,wmo code,Trời nhiều mây,30.0,°C,19.8,°C,33.7,°C,20.8,°C,2025-12-08T05:59,iso8601,2025-12-08T17:30,iso8601,7.4,0.0,mm,5,%,8.2,km/h,18.4,km/h,344,°,2025-12-08,iso8601
caeb9367aa7e3984284fcec14cdd6abb,2025-12-08-18-44,10.8503,106.6308,3,wmo code,Trời nhiều mây,30.1,°C,19.3,°C,33.8,°C,20.2,°C,2025-12-08T06:00,iso8601,2025-12-08T17:30,iso8601,7.35,0.0,mm,5,%,10.2,km/h,21.6,km/h,3,°,2025-12-08,iso8601
03723a986c31cf1a234b8145447456ea,2025-12-08-18-38,10.739,106.6436,3,wmo code,Trời nhiều mây,30.3,°C,19.6,°C,33.4,°C,20.3,°C,2025-12-08T06:00,iso8601,2025-12-08T17:30,iso8601,7.4,0.0,mm,5,%,10.4,km/h,22.0,km/h,359,°,2025-12-08,iso8601
b001fef67f6c2ecbf851f1f2f2485b76,2025-12-08-18-48,10.8703,106.6368,3,wmo code,Trời nhiều mây,30.1,°C,19.3,°C,33.8,°C,20.1,°C,2025-12-08T06:00,iso8601,2025-12-08T17:30,iso8601,7.35,0.0,mm,5,%,10.2,km/h,21.6,km/h,3,°,2025-12-08,iso8601
b68cc61f0721ec77835b5c01818b3659,2025-12-08-18-46,10.8022,106.6454,3,wmo code,Trời nhiều mây,30.2,°C,19.5,°C,33.3,°C,20.1,°C,2025-12-08T06:00,iso8601,2025-12-08T17:30,iso8601,7.35,0.0,mm,5,%,10.4,km/h,22.0,km/h,359,°,2025-12-08,iso8601
16af3b86bfbe294ba072106469d09d52,2025-12-08-18-47,10.7632,106.6796,3,wmo code,Trời nhiều mây,30.2,°C,19.5,°C,33.2,°C,20.1,°C,2025-12-08T06:00,iso8601,2025-12-08T17:30,iso8601,7.4,0.0,mm,5,%,10.4,km/h,22.0,km/h,359,°,2025-12-08,iso8601
376075e39c6e7d0a8df99fb9356f61b0,2025-12-08-18-49,10.8131,106.6651,3,wmo code,Trời nhiều mây,30.1,°C,19.3,°C,33.8,°C,20.1,°C,2025-12-08T06:00,iso8601,2025-12-08T17:30,iso8601,7.35,0.0,mm,5,%,10.2,km/h,21.6,km/h,3,°,2025-12-08,iso8601
8f7bb7b891d811251396f8362ce3f0b6,2025-12-08-18-34,10.7036,106.7266,3,wmo code,Trời nhiều mây,30.1,°C,19.9,°C,33.7,°C,20.8,°C,2025-12-08T05:59,iso8601,2025-12-08T17:30,iso8601,7.4,0.0,mm,5,%,8.2,km/h,18.4,km/h,344,°,2025-12-08,iso8601
9523d99d713f28cae6b5d9e97a962137,2025-12-08-18-37,10.8601,106.6506,3,wmo code,Trời nhiều mây,30.1,°C,19.3,°C,33.8,°C,20.2,°C,2025-12-08T06:00,iso8601,2025-12-08T17:30,iso8601,7.35,0.0,mm,5,%,10.2,km/h,21.6,km/h,3,°,2025-12-08,iso8601
555304c560b2afe9670bbcb31285298a,2025-12-08-18-18,10.8126,106.6648,3,wmo code,Trời nhiều mây,30.1,°C,19.3,°C,33.8,°C,20.1,°C,2025-12-08T06:00,iso8601,2025-12-08T17:30,iso8601,7.35,0.0,mm,5,%,10.2,km/h,21.6,km/h,3,°,2025-12-08,iso8601
98c9357b3e508c6dca3ff35cc3c350f2,2025-12-08-18-42,10.7722,106.6945,3,wmo code,Trời nhiều mây,30.0,°C,19.8,°C,33.6,°C,20.7,°C,2025-12-08T05:59,iso8601,2025-12-08T17:30,iso8601,7.4,0.0,mm,5,%,8.2,km/h,18.4,km/h,344,°,2025-12-08,iso8601
9a8a0ab0d467f2a0b7a5ddaddc02581d,2025-12-08-18-38,10.8134,106.6653,3,wmo code,Trời nhiều mây,30.1,°C,19.3,°C,33.8,°C,20.1,°C,2025-12-08T06:00,iso8601,2025-12-08T17:30,iso8601,7.35,0.0,mm,5,%,10.2,km/h,21.6,km/h,3,°,2025-12-08,iso8601
86f741a0057e73e46e4fe58d849b9794,2025-12-08-18-44,10.7529,106.6714,3,wmo code,Trời nhiều mây,30.2,°C,19.5,°C,33.3,°C,20.2,°C,2025-12-08T06:00,iso8601,2025-12-08T17:30,iso8601,7.4,0.0,mm,5,%,10.4,km/h,22.0,km/h,359,°,2025-12-08,iso8601
26875e61fd516a3f73cd403ce256de7b,2025-12-08-18-47,10.7556,106.6743,3,wmo code,Trời nhiều mây,30.2,°C,19.5,°C,33.3,°C,20.2,°C,2025-12-08T06:00,iso8601,2025-12-08T17:30,iso8601,7.4,0.0,mm,5,%,10.4,km/h,22.0,km/h,359,°,2025-12-08,iso8601
34b694fa39d720c50e59d25c063bdac1,2025-12-08-18-47,10.8548,106.7344,3,wmo code,Trời nhiều mây,30.2,°C,19.4,°C,33.9,°C,20.3,°C,2025-12-08T05:59,iso8601,2025-12-08T17:30,iso8601,7.35,0.0,mm,5,%,10.2,km/h,21.6,km/h,3,°,2025-12-08,iso8601
334246ae637fa7a6c3b2f1fedb042d2d,2025-12-08-18-46,10.7994,106.6194,3,wmo code,Trời nhiều mây,30.3,°C,19.5,°C,33.3,°C,20.2,°C,2025-12-08T06:00,iso8601,2025-12-08T17:30,iso8601,7.35,0.0,mm,0,%,10.4,km/h,22.0,km/h,359,°,2025-12-08,iso8601
35b78941d6de203d9d443c0657bc1467,2025-12-08-18-48,10.8261,106.6266,3,wmo code,Trời nhiều mây,30.1,°C,19.3,°C,33.8,°C,20.2,°C,2025-12-08T06:00,iso8601,2025-12-08T17:30,iso8601,7.35,0.0,mm,5,%,10.2,km/h,21.6,km/h,3,°,2025-12-08,iso8601
18ead8f3b4eae621f99e051d0932fbce,2025-12-08-18-47,10.8826,106.616,3,wmo code,Trời nhiều mây,30.1,°C,19.3,°C,33.8,°C,20.2,°C,2025-12-08T06:00,iso8601,2025-12-08T17:30,iso8601,7.35,0.0,mm,0,%,10.2,km/h,21.6,km/h,3,°,2025-12-08,iso8601
0d75079eb78984f37854f4810843277e,2025-12-08-18-18,10.7911,106.6826,3,wmo code,Trời nhiều mây,30.3,°C,19.5,°C,33.4,°C,20.2,°C,2025-12-08T06:00,iso8601,2025-12-08T17:30,iso8601,7.35,0.0,mm,5,%,10.4,km/h,22.0,km/h,359,°,2025-12-08,iso8601
6ab60321f847c51e9299df7419d6dc51,2025-12-08-18-37,10.7945,106.6525,3,wmo code,Trời nhiều mây,30.2,°C,19.5,°C,33.3,°C,20.2,°C,2025-12-08T06:00,iso8601,2025-12-08T17:30,iso8601,7.35,0.0,mm,5,%,10.4,km/h,22.0,km/h,359,°,2025-12-08,iso8601
d0669f7c3f0eecbc66b9e383dc464dd0,2025-12-08-18-42,10.7894,106.6517,3,wmo code,Trời nhiều mây,30.2,°C,19.5,°C,33.3,°C,20.2,°C,2025-12-08T06:00,iso8601,2025-12-08T17:30,iso8601,7.35,0.0,mm,5,%,10.4,km/h,22.0,km/h,359,°,2025-12-08,iso8601
302b40b302ebe4e7abfb61128801822a,2025-12-08-18-46,10.8388,106.6491,3,wmo code,Trời nhiều mây,30.1,°C,19.3,°C,33.8,°C,20.1,°C,2025-12-08T06:00,iso8601,2025-12-08T17:30,iso8601,7.35,0.0,mm,5,%,10.2,km/h,21.6,km/h,3,°,2025-12-08,iso8601
6ff50f75da847a3b499876fa9435ec6a,2025-12-08-18-44,10.7638,106.6598,3,wmo code,Trời nhiều mây,30.2,°C,19.5,°C,33.3,°C,20.2,°C,2025-12-08T06:00,iso8601,2025-12-08T17:30,iso8601,7.4,0.0,mm,5,%,10.4,km/h,22.0,km/h,359,°,2025-12-08,iso8601
fd91ff459d18d4e151ebe8f48a7c84f1,2025-12-08-18-47,10.7775,106.7646,3,wmo code,Trời nhiều mây,30.0,°C,19.8,°C,33.7,°C,20.8,°C,2025-12-08T05:59,iso8601,2025-12-08T17:30,iso8601,7.4,0.0,mm,5,%,8.2,km/h,18.4,km/h,344,°,2025-12-08,iso8601
aa1586e1bd069c86b4f39a0f3c25741e,2025-12-08-18-47,10.754,106.6341,3,wmo code,Trời nhiều mây,30.3,°C,19.5,°C,33.3,°C,20.2,°C,2025-12-08T06:00,iso8601,2025-12-08T17:30,iso8601,7.4,0.0,mm,5,%,10.4,km/h,22.0,km/h,359,°,2025-12-08,iso8601
7f8b583c5b4428827747d1af9e579b87,2025-12-08-18-38,10.829,106.7223,3,wmo code,Trời nhiều mây,30.2,°C,19.4,°C,33.9,°C,20.3,°C,2025-12-08T05:59,iso8601,2025-12-08T17:30,iso8601,7.35,0.0,mm,5,%,10.2,km/h,21.6,km/h,3,°,2025-12-08,iso8601
ac1c4efbeecd268d1562a4cfe1d97564,2025-12-08-18-48,10.7692,106.67,3,wmo code,Trời nhiều mây,30.2,°C,19.5,°C,33.3,°C,20.2,°C,2025-12-08T06:00,iso8601,2025-12-08T17:30,iso8601,7.4,0.0,mm,5,%,10.4,km/h,22.0,km/h,359,°,2025-12-08,iso8601
1184d7a8983d26d2dfdf9a31af40a31d,2025-12-08-18-48,10.7898,106.6839,3,wmo code,Trời nhiều mây,30.3,°C,19.5,°C,33.3,°C,20.2,°C,2025-12-08T06:00,iso8601,2025-12-08T17:30,iso8601,7.35,0.0,mm,5,%,10.4,km/h,22.0,km/h,359,°,2025-12-08,iso8601
24448e059d6d78bd72ea442a2f0350d4,2025-12-08-18-49,10.8741,106.7475,3,wmo code,Trời nhiều mây,30.1,°C,19.3,°C,33.7,°C,20.1,°C,2025-12-08T05:59,iso8601,2025-12-08T17:30,iso8601,7.35,0.0,mm,5,%,10.2,km/h,21.6,km/h,3,°,2025-12-08,iso8601
d1353b9f804072b489f953c63f1b591e,2025-12-08-18-34,10.7929,106.8117,3,wmo code,Trời nhiều mây,30.0,°C,19.8,°C,33.7,°C,20.8,°C,2025-12-08T05:59,iso8601,2025-12-08T17:30,iso8601,7.35,0.0,mm,5,%,8.2,km/h,18.4,km/h,344,°,2025-12-08,iso8601
f4ccbc6cb56968e5336eefd9f1c336a0,2025-12-08-18-34,10.788,106.6313,3,wmo code,Trời nhiều mây,30.2,°C,19.5,°C,33.3,°C,20.2,°C,2025-12-08T06:00,iso8601,2025-12-08T17:30,iso8601,7.35,0.0,mm,5,%,10.4,km/h,22.0,km/h,359,°,2025-12-08,iso8601
373575dcf77c2630d31bc5f414d50560,2025-12-08-18-42,10.8685,106.7161,3,wmo code,Trời nhiều mây,30.2,°C,19.4,°C,33.9,°C,20.3,°C,2025-12-08T05:59,iso8601,2025-12-08T17:30,iso8601,7.35,0.0,mm,5,%,10.2,km/h,21.6,km/h,3,°,2025-12-08,iso8601
5875f55758d573b92074ba276d706719,2025-12-08-18-47,10.8581,106.6885,3,wmo code,Trời nhiều mây,30.2,°C,19.4,°C,33.9,°C,20.3,°C,2025-12-08T05:59,iso8601,2025-12-08T17:30,iso8601,7.35,0.0,mm,5,%,10.2,km/h,21.6,km/h,3,°,2025-12-08,iso8601
686f25face0f632a5e8e1d1dcfaaa247,2025-12-08-18-38,10.8074,106.6348,3,wmo code,Trời nhiều mây,30.3,°C,19.5,°C,33.3,°C,20.2,°C,2025-12-08T06:00,iso8601,2025-12-08T17:30,iso8601,7.35,0.0,mm,5,%,10.4,km/h,22.0,km/h,359,°,2025-12-08,iso8601
f506c2954e91ae6562d11c8524b84e60,2025-12-08-18-46,10.7267,106.7232,3,wmo code,Trời nhiều mây,30.0,°C,19.8,°C,33.7,°C,20.8,°C,2025-12-08T05:59,iso8601,2025-12-08T17:30,iso8601,7.4,0.0,mm,5,%,8.2,km/h,18.4,km/h,344,°,2025-12-08,iso8601
80a00f44205387c5f1573ee3f580a879,2025-12-08-18-47,10.7384,106.6151,3,wmo code,Trời nhiều mây,30.3,°C,19.5,°C,33.3,°C,20.2,°C,2025-12-08T06:00,iso8601,2025-12-08T17:30,iso8601,7.4,0.0,mm,0,%,10.4,km/h,22.0,km/h,359,°,2025-12-08,iso8601
8b7b56809af4395a2a2a9a0c41c89784,2025-12-08-18-18,10.8194,106.6018,3,wmo code,Trời nhiều mây,30.1,°C,19.3,°C,33.8,°C,20.2,°C,2025-12-08T06:00,iso8601,2025-12-08T17:30,iso8601,7.35,0.0,mm,0,%,10.2,km/h,21.6,km/h,3,°,2025-12-08,iso8601
bcbced11f42b439c245dea1d61eb96f7,2025-12-08-18-44,10.8691,106.7361,3,wmo code,Trời nhiều mây,30.2,°C,19.4,°C,33.9,°C,20.2,°C,2025-12-08T05:59,iso8601,2025-12-08T17:30,iso8601,7.35,0.0,mm,5,%,10.2,km/h,21.6,km/h,3,°,2025-12-08,iso8601
06070fea94d2723df987abeeb511b66c,2025-12-08-18-37,10.7814,106.6433,3,wmo code,Trời nhiều mây,30.3,°C,19.5,°C,33.3,°C,20.2,°C,2025-12-08T06:00,iso8601,2025-12-08T17:30,iso8601,7.35,0.0,mm,5,%,10.4,km/h,22.0,km/h,359,°,2025-12-08,iso8601
823a0dbc9b2b7b01d1fa23d547c80121,2025-12-08-18-34,10.7621,106.6569,3,wmo code,Trời nhiều mây,30.3,°C,19.5,°C,33.3,°C,20.2,°C,2025-12-08T06:00,iso8601,2025-12-08T17:30,iso8601,7.4,0.0,mm,5,%,10.4,km/h,22.0,km/h,359,°,2025-12-08,iso8601
aea40f06ee141f22ed1220995d753e19,2025-12-08-18-37,10.7525,106.6668,3,wmo code,Trời nhiều mây,30.2,°C,19.5,°C,33.3,°C,20.2,°C,2025-12-08T06:00,iso8601,2025-12-08T17:30,iso8601,7.4,0.0,mm,5,%,10.4,km/h,22.0,km/h,359,°,2025-12-08,iso8601
361b4883e8c6ea8df1ebd9a0d1142a31,2025-12-08-18-18,10.8692,106.5939,3,wmo code,Trời nhiều mây,30.1,°C,19.3,°C,33.8,°C,20.1,°C,2025-12-08T06:00,iso8601,2025-12-08T17:30,iso8601,7.35,0.0,mm,0,%,10.2,km/h,21.6,km/h,3,°,2025-12-08,iso8601
a6f3b751e5eaba5dae0bd0512031d06b,2025-12-08-18-42,10.8088,106.6688,3,wmo code,Trời nhiều mây,30.3,°C,19.5,°C,33.3,°C,20.2,°C,2025-12-08T06:00,iso8601,2025-12-08T17:30,iso8601,7.35,0.0,mm,5,%,10.4,km/h,22.0,km/h,359,°,2025-12-08,iso8601
6ea17f272e9d92c4348b73e649fb543d,2025-12-08-18-38,10.8458,106.6932,3,wmo code,Trời nhiều mây,30.2,°C,19.4,°C,33.9,°C,20.3,°C,2025-12-08T05:59,iso8601,2025-12-08T17:30,iso8601,7.35,0.0,mm,5,%,10.2,km/h,21.6,km/h,3,°,2025-12-08,iso8601
bbb7badb4cb5b83e958214bebd1cebc2,2025-12-08-18-46,10.749,106.6257,3,wmo code,Trời nhiều mây,30.3,°C,19.5,°C,33.3,°C,20.2,°C,2025-12-08T06:00,iso8601,2025-12-08T17:30,iso8601,7.4,0.0,mm,5,%,10.4,km/h,22.0,km/h,359,°,2025-12-08,iso8601
c3558babbf99dd4193c778d95caeadb1,2025-12-08-18-48,10.7791,106.6504,3,wmo code,Trời nhiều mây,30.2,°C,19.5,°C,33.3,°C,20.2,°C,2025-12-08T06:00,iso8601,2025-12-08T17:30,iso8601,7.35,0.0,mm,5,%,10.4,km/h,22.0,km/h,359,°,2025-12-08,iso8601
f16148691bd1eb33aed19cce28aafe05,2025-12-08-18-47,10.7052,106.8287,3,wmo code,Trời nhiều mây,30.0,°C,20.6,°C,33.7,°C,21.8,°C,2025-12-08T05:59,iso8601,2025-12-08T17:29,iso8601,7.35,0.1,mm,5,%,8.0,km/h,18.4,km/h,347,°,2025-12-08,iso8601
a27d6f142e0e8d4af8e0ea7b1e45798e,2025-12-08-18-47,10.7538,106.6538,3,wmo code,Trời nhiều mây,30.2,°C,19.5,°C,33.3,°C,20.2,°C,2025-12-08T06:00,iso8601,2025-12-08T17:30,iso8601,7.4,0.0,mm,5,%,10.4,km/h,22.0,km/h,359,°,2025-12-08,iso8601
43d35d74a03520d74e9ca1ef0fa9089d,2025-12-08-18-18,10.8402,106.7418,3,wmo code,Trời nhiều mây,30.2,°C,19.4,°C,33.9,°C,20.3,°C,2025-12-08T05:59,iso8601,2025-12-08T17:30,iso8601,7.35,0.0,mm,5,%,10.2,km/h,21.6,km/h,3,°,2025-12-08,iso8601
b21b9defc7b6a2819b3490e827421fde,2025-12-08-18-48,10.8736,106.7774,3,wmo code,Trời nhiều mây,30.1,°C,19.3,°C,33.8,°C,20.2,°C,2025-12-08T05:59,iso8601,2025-12-08T17:30,iso8601,7.35,0.0,mm,5,%,10.2,km/h,21.6,km/h,3,°,2025-12-08,iso8601
6ba9c3f0ba5b44682018f75d1c8c54fa,2025-12-08-18-38,10.7911,106.6911,3,wmo code,Trời nhiều mây,30.0,°C,19.8,°C,33.6,°C,20.7,°C,2025-12-08T05:59,iso8601,2025-12-08T17:30,iso8601,7.35,0.0,mm,5,%,8.2,km/h,18.4,km/h,344,°,2025-12-08,iso8601
e8c79d619669b25ac8a8b5c6cd0d1892,2025-12-08-18-37,10.7713,106.6939,3,wmo code,Trời nhiều mây,30.0,°C,19.8,°C,33.6,°C,20.7,°C,2025-12-08T05:59,iso8601,2025-12-08T17:30,iso8601,7.4,0.0,mm,5,%,8.2,km/h,18.4,km/h,344,°,2025-12-08,iso8601
c92973a10f5c4e436f42e0922f3c7400,2025-12-08-18-34,10.826,106.7145,3,wmo code,Trời nhiều mây,30.2,°C,19.4,°C,33.9,°C,20.3,°C,2025-12-08T05:59,iso8601,2025-12-08T17:30,iso8601,7.35,0.0,mm,5,%,10.2,km/h,21.6,km/h,3,°,2025-12-08,iso8601
0853e1a6c840ee0fb0057511fad0dab5,2025-12-08-18-42,10.7829,106.6602,3,wmo code,Trời nhiều mây,30.2,°C,19.5,°C,33.3,°C,20.2,°C,2025-12-08T06:00,iso8601,2025-12-08T17:30,iso8601,7.35,0.0,mm,5,%,10.4,km/h,22.0,km/h,359,°,2025-12-08,iso8601
03a32720a21696ddc4450a75c1855641,2025-12-08-18-44,10.7698,106.6444,3,wmo code,Trời nhiều mây,30.3,°C,19.5,°C,33.3,°C,20.2,°C,2025-12-08T06:00,iso8601,2025-12-08T17:30,iso8601,7.4,0.0,mm,5,%,10.4,km/h,22.0,km/h,359,°,2025-12-08,iso8601
945f4133aaa997f4ea99a4b9f3d73e0b,2025-12-08-18-47,10.7511,106.6528,3,wmo code,Trời nhiều mây,30.3,°C,19.5,°C,33.3,°C,20.2,°C,2025-12-08T06:00,iso8601,2025-12-08T17:30,iso8601,7.4,0.0,mm,5,%,10.4,km/h,22.0,km/h,359,°,2025-12-08,iso8601
ed2a2eeb60f28bf68dfbdaf48dbb553a,2025-12-08-18-46,10.7284,106.7086,3,wmo code,Trời nhiều mây,30.0,°C,19.8,°C,33.7,°C,20.8,°C,2025-12-08T05:59,iso8601,2025-12-08T17:30,iso8601,7.4,0.0,mm,5,%,8.2,km/h,18.4,km/h,344,°,2025-12-08,iso8601
664dcdfef1d5aec1a2702489cef533a1,2025-12-08-18-47,10.8001,106.7344,3,wmo code,Trời nhiều mây,30.0,°C,19.8,°C,33.7,°C,20.8,°C,2025-12-08T05:59,iso8601,2025-12-08T17:30,iso8601,7.35,0.0,mm,5,%,8.2,km/h,18.4,km/h,344,°,2025-12-08,iso8601
abfcf67d913fad9e43c3bf2068eb5422,2025-12-08-18-48,10.767,106.6764,3,wmo code,Trời nhiều mây,30.3,°C,19.5,°C,33.3,°C,20.2,°C,2025-12-08T06:00,iso8601,2025-12-08T17:30,iso8601,7.4,0.0,mm,5,%,10.4,km/h,22.0,km/h,359,°,2025-12-08,iso8601
e262dafe7f7172c778a551c4da58a45b,2025-12-08-18-49,10.8727,106.7669,3,wmo code,Trời nhiều mây,30.1,°C,19.3,°C,33.7,°C,20.1,°C,2025-12-08T05:59,iso8601,2025-12-08T17:30,iso8601,7.35,0.0,mm,5,%,10.2,km/h,21.6,km/h,3,°,2025-12-08,iso8601
ebe8ea125e970e051c6915ee1c00489c,2025-12-08-18-18,10.7662,106.6422,3,wmo code,Trời nhiều mây,30.3,°C,19.5,°C,33.3,°C,20.2,°C,2025-12-08T06:00,iso8601,2025-12-08T17:30,iso8601,7.4,0.0,mm,5,%,10.4,km/h,22.0,km/h,359,°,2025-12-08,iso8601
70e4a4bd292e71170132eff4d4361923,2025-12-08-18-38,10.7888,106.576,3,wmo code,Trời nhiều mây,30.3,°C,19.5,°C,33.4,°C,20.2,°C,2025-12-08T06:00,iso8601,2025-12-08T17:30,iso8601,7.35,0.0,mm,0,%,10.4,km/h,22.0,km/h,359,°,2025-12-08,iso8601
9d63c09781c0bd9e4d4195934b92e2d2,2025-12-08-18-42,10.7468,106.7929,3,wmo code,Trời nhiều mây,30.0,°C,19.8,°C,33.7,°C,20.8,°C,2025-12-08T05:59,iso8601,2025-12-08T17:30,iso8601,7.4,0.0,mm,5,%,8.2,km/h,18.4,km/h,344,°,2025-12-08,iso8601
b3153071a495f769721580a41acd5142,2025-12-08-18-34,10.717,106.5995,3,wmo code,Trời nhiều mây,30.3,°C,19.6,°C,33.4,°C,20.3,°C,2025-12-08T06:00,iso8601,2025-12-08T17:30,iso8601,7.4,0.0,mm,0,%,10.4,km/h,22.0,km/h,359,°,2025-12-08,iso8601
2e6abadccb4cfeb3a8bb0d5c2f6e958e,2025-12-08-18-46,10.882,106.81,3,wmo code,Trời nhiều mây,30.2,°C,19.4,°C,33.9,°C,20.2,°C,2025-12-08T05:59,iso8601,2025-12-08T17:30,iso8601,7.35,0.0,mm,0,%,10.2,km/h,21.6,km/h,3,°,2025-12-08,iso8601
18d7ce6ec8a1000b894ff94bbc417c96,2025-12-08-18-44,10.7618,106.6703,3,wmo code,Trời nhiều mây,30.2,°C,19.5,°C,33.3,°C,20.2,°C,2025-12-08T06:00,iso8601,2025-12-08T17:30,iso8601,7.4,0.0,mm,5,%,10.4,km/h,22.0,km/h,359,°,2025-12-08,iso8601
109cf033e8c4c3ef6213cbb544d89d95,2025-12-08-18-47,10.8104,106.6202,3,wmo code,Trời nhiều mây,30.3,°C,19.5,°C,33.3,°C,20.2,°C,2025-12-08T06:00,iso8601,2025-12-08T17:30,iso8601,7.35,0.0,mm,0,%,10.4,km/h,22.0,km/h,359,°,2025-12-08,iso8601
a828dad6ef44da85028cdabab924f10c,2025-12-08-18-37,10.7917,106.6872,3,wmo code,Trời nhiều mây,30.3,°C,19.5,°C,33.3,°C,20.2,°C,2025-12-08T06:00,iso8601,2025-12-08T17:30,iso8601,7.35,0.0,mm,5,%,10.4,km/h,22.0,km/h,359,°,2025-12-08,iso8601
d21e230286ed05f3b67dd652c64f0201,2025-12-08-18-48,10.8011,106.7393,3,wmo code,Trời nhiều mây,30.0,°C,19.8,°C,33.7,°C,20.8,°C,2025-12-08T05:59,iso8601,2025-12-08T17:30,iso8601,7.35,0.0,mm,5,%,8.2,km/h,18.4,km/h,344,°,2025-12-08,iso8601
9e47c3bf4de719049094e4f0c1e32dfc,2025-12-08-18-18,10.8466,106.6129,3,wmo code,Trời nhiều mây,30.1,°C,19.3,°C,33.8,°C,20.1,°C,2025-12-08T06:00,iso8601,2025-12-08T17:30,iso8601,7.35,0.0,mm,0,%,10.2,km/h,21.6,km/h,3,°,2025-12-08,iso8601
222b2069e78e15952a8c4886ce1eb4d5,2025-12-08-18-37,10.7926,106.6973,3,wmo code,Trời nhiều mây,30.0,°C,19.8,°C,33.7,°C,20.8,°C,2025-12-08T05:59,iso8601,2025-12-08T17:30,iso8601,7.35,0.0,mm,5,%,8.2,km/h,18.4,km/h,344,°,2025-12-08,iso8601
eaa1d8a0b5ee7587a574cab4779e8069,2025-12-08-18-47,10.7089,106.5726,3,wmo code,Trời nhiều mây,30.3,°C,19.6,°C,33.4,°C,20.3,°C,2025-12-08T06:00,iso8601,2025-12-08T17:30,iso8601,7.4,0.0,mm,0,%,10.4,km/h,22.0,km/h,359,°,2025-12-08,iso8601
fb6194532d92f29c0e0c4b3e44855ea9,2025-12-08-18-42,10.814,106.757,3,wmo code,Trời nhiều mây,30.2,°C,19.4,°C,33.9,°C,20.3,°C,2025-12-08T05:59,iso8601,2025-12-08T17:30,iso8601,7.35,0.0,mm,5,%,10.2,km/h,21.6,km/h,3,°,2025-12-08,iso8601
1e1e73a5851e5963e4ea83aa60ceacce,2025-12-08-18-38,10.83,106.6707,3,wmo code,Trời nhiều mây,30.1,°C,19.3,°C,33.7,°C,20.1,°C,2025-12-08T06:00,iso8601,2025-12-08T17:30,iso8601,7.35,0.0,mm,5,%,10.2,km/h,21.6,km/h,3,°,2025-12-08,iso8601
41f71824fb500e7f5c9ee32056caee4b,2025-12-08-18-46,10.7618,106.6562,3,wmo code,Trời nhiều mây,30.2,°C,19.5,°C,33.3,°C,20.2,°C,2025-12-08T06:00,iso8601,2025-12-08T17:30,iso8601,7.4,0.0,mm,5,%,10.4,km/h,22.0,km/h,359,°,2025-12-08,iso8601
aa55d5db7a80a888fe5daa8bcf5af867,2025-12-08-18-44,10.7546,106.6696,3,wmo code,Trời nhiều mây,30.2,°C,19.5,°C,33.3,°C,20.1,°C,2025-12-08T06:00,iso8601,2025-12-08T17:30,iso8601,7.4,0.0,mm,5,%,10.4,km/h,22.0,km/h,359,°,2025-12-08,iso8601
ab8d9751785a0f9569f4a4f02c7b4ec3,2025-12-08-18-47,10.7452,106.6958,3,wmo code,Trời nhiều mây,30.0,°C,19.8,°C,33.7,°C,20.8,°C,2025-12-08T05:59,iso8601,2025-12-08T17:30,iso8601,7.4,0.0,mm,5,%,8.2,km/h,18.4,km/h,344,°,2025-12-08,iso8601
4adadefb2f494e815b54b8b48c9e86cf,2025-12-08-18-47,10.8053,106.6589,3,wmo code,Trời nhiều mây,30.3,°C,19.5,°C,33.3,°C,20.2,°C,2025-12-08T06:00,iso8601,2025-12-08T17:30,iso8601,7.35,0.0,mm,5,%,10.4,km/h,22.0,km/h,359,°,2025-12-08,iso8601
04edd61439bdc3ac6e47a41f3a4f9295,2025-12-08-18-35,10.7932,106.6536,3,wmo code,Trời nhiều mây,30.3,°C,19.5,°C,33.3,°C,20.2,°C,2025-12-08T06:00,iso8601,2025-12-08T17:30,iso8601,7.35,0.0,mm,5,%,10.4,km/h,22.0,km/h,359,°,2025-12-08,iso8601
d9eec1e51c8d82b8c962493b9f272f9f,2025-12-08-18-48,10.7666,106.643,3,wmo code,Trời nhiều mây,30.3,°C,19.5,°C,33.3,°C,20.2,°C,2025-12-08T06:00,iso8601,2025-12-08T17:30,iso8601,7.4,0.0,mm,5,%,10.4,km/h,22.0,km/h,359,°,2025-12-08,iso8601
ea14fc6b6273dcb810b2b2df002c6e95,2025-12-08-18-49,10.7782,106.6809,3,wmo code,Trời nhiều mây,30.3,°C,19.5,°C,33.3,°C,20.2,°C,2025-12-08T06:00,iso8601,2025-12-08T17:30,iso8601,7.35,0.0,mm,5,%,10.4,km/h,22.0,km/h,359,°,2025-12-08,iso8601
e36b882b9c85d454a0300fea6df86f4e,2025-12-08-18-18,10.7833,106.7654,3,wmo code,Trời nhiều mây,30.0,°C,19.8,°C,33.6,°C,20.7,°C,2025-12-08T05:59,iso8601,2025-12-08T17:30,iso8601,7.35,0.0,mm,5,%,8.2,km/h,18.4,km/h,344,°,2025-12-08,iso8601
c15265178536469ed1ba284720b67dff,2025-12-08-18-37,10.7414,106.6185,3,wmo code,Trời nhiều mây,30.3,°C,19.5,°C,33.3,°C,20.2,°C,2025-12-08T06:00,iso8601,2025-12-08T17:30,iso8601,7.4,0.0,mm,0,%,10.4,km/h,22.0,km/h,359,°,2025-12-08,iso8601
0227b4a3e4d032515da44a51acb1821b,2025-12-08-18-35,10.7564,106.6762,3,wmo code,Trời nhiều mây,30.2,°C,19.5,°C,33.3,°C,20.2,°C,2025-12-08T06:00,iso8601,2025-12-08T17:30,iso8601,7.4,0.0,mm,5,%,10.4,km/h,22.0,km/h,359,°,2025-12-08,iso8601
47ed5ada72329906efb3f9b95e354dfb,2025-12-08-18-38,10.7536,106.6479,3,wmo code,Trời nhiều mây,30.3,°C,19.5,°C,33.3,°C,20.2,°C,2025-12-08T06:00,iso8601,2025-12-08T17:30,iso8601,7.4,0.0,mm,5,%,10.4,km/h,22.0,km/h,359,°,2025-12-08,iso8601
fe89e81c704908a30c246e67aed9365a,2025-12-08-18-42,10.6818,106.5407,3,wmo code,Trời nhiều mây,30.2,°C,20.2,°C,33.5,°C,21.0,°C,2025-12-08T06:00,iso8601,2025-12-08T17:31,iso8601,7.4,0.0,mm,0,%,9.6,km/h,19.4,km/h,358,°,2025-12-08,iso8601
0b0a8e08ffa48b8dd690d2211a56eb23,2025-12-08-18-44,10.851,106.7547,3,wmo code,Trời nhiều mây,30.2,°C,19.4,°C,33.9,°C,20.3,°C,2025-12-08T05:59,iso8601,2025-12-08T17:30,iso8601,7.35,0.0,mm,5,%,10.2,km/h,21.6,km/h,3,°,2025-12-08,iso8601
0ba552a3c2f0087ed6e8e2aea0968a05,2025-12-08-18-46,10.7454,106.6239,3,wmo code,Trời nhiều mây,30.3,°C,19.5,°C,33.3,°C,20.2,°C,2025-12-08T06:00,iso8601,2025-12-08T17:30,iso8601,7.4,0.0,mm,0,%,10.4,km/h,22.0,km/h,359,°,2025-12-08,iso8601
52efa4a6ed66077d21676ae95c9d4dcc,2025-12-08-18-48,10.7467,106.6604,3,wmo code,Trời nhiều mây,30.3,°C,19.5,°C,33.3,°C,20.2,°C,2025-12-08T06:00,iso8601,2025-12-08T17:30,iso8601,7.4,0.0,mm,5,%,10.4,km/h,22.0,km/h,359,°,2025-12-08,iso8601
2585606f680b6e28b53a0d226a792f6c,2025-12-08-18-47,10.8846,106.6813,3,wmo code,Trời nhiều mây,30.1,°C,19.3,°C,33.8,°C,20.2,°C,2025-12-08T06:00,iso8601,2025-12-08T17:30,iso8601,7.35,0.0,mm,0,%,10.2,km/h,21.6,km/h,3,°,2025-12-08,iso8601
8e365e564f35d72bd965cbb878b47020,2025-12-08-18-47,10.8226,106.6067,3,wmo code,Trời nhiều mây,30.1,°C,19.3,°C,33.8,°C,20.2,°C,2025-12-08T06:00,iso8601,2025-12-08T17:30,iso8601,7.35,0.0,mm,0,%,10.2,km/h,21.6,km/h,3,°,2025-12-08,iso8601
bc94aeffd098c8bc40f404954c2d385c,2025-12-08-18-35,10.8016,106.6832,3,wmo code,Trời nhiều mây,30.2,°C,19.5,°C,33.3,°C,20.1,°C,2025-12-08T06:00,iso8601,2025-12-08T17:30,iso8601,7.35,0.0,mm,5,%,10.4,km/h,22.0,km/h,359,°,2025-12-08,iso8601
6d08264bbd0f9b27969170e3ea60e7e0,2025-12-08-18-44,10.7949,106.76,3,wmo code,Trời nhiều mây,30.0,°C,19.8,°C,33.7,°C,20.8,°C,2025-12-08T05:59,iso8601,2025-12-08T17:30,iso8601,7.35,0.0,mm,5,%,8.2,km/h,18.4,km/h,344,°,2025-12-08,iso8601
8b552f8e88cb01f028e9b6af0f77967d,2025-12-08-18-37,10.834,106.7284,3,wmo code,Trời nhiều mây,30.2,°C,19.4,°C,33.9,°C,20.3,°C,2025-12-08T05:59,iso8601,2025-12-08T17:30,iso8601,7.35,0.0,mm,5,%,10.2,km/h,21.6,km/h,3,°,2025-12-08,iso8601
ecdf13761c150a7cff9fccf24046e694,2025-12-08-18-18,10.8629,106.7549,3,wmo code,Trời nhiều mây,30.1,°C,19.3,°C,33.7,°C,20.1,°C,2025-12-08T05:59,iso8601,2025-12-08T17:30,iso8601,7.35,0.0,mm,5,%,10.2,km/h,21.6,km/h,3,°,2025-12-08,iso8601
2d336fe7e3efcbc9de946b98a5b77a9d,2025-12-08-18-38,10.8112,106.6955,3,wmo code,Trời nhiều mây,30.0,°C,19.8,°C,33.6,°C,20.7,°C,2025-12-08T05:59,iso8601,2025-12-08T17:30,iso8601,7.35,0.0,mm,5,%,8.2,km/h,18.4,km/h,344,°,2025-12-08,iso8601
0b0f4610cc9e1528061e9acb6362a9e0,2025-12-08-18-47,10.7988,106.7179,3,wmo code,Trời nhiều mây,30.0,°C,19.8,°C,33.7,°C,20.8,°C,2025-12-08T05:59,iso8601,2025-12-08T17:30,iso8601,7.35,0.0,mm,5,%,8.2,km/h,18.4,km/h,344,°,2025-12-08,iso8601
945aec7de09c136c6cd74a84b5782d39,2025-12-08-18-42,10.7932,106.6591,3,wmo code,Trời nhiều mây,30.3,°C,19.5,°C,33.3,°C,20.2,°C,2025-12-08T06:00,iso8601,2025-12-08T17:30,iso8601,7.35,0.0,mm,5,%,10.4,km/h,22.0,km/h,359,°,2025-12-08,iso8601
400735b80522e4d3002a2062d74fbb13,2025-12-08-18-46,10.6813,106.5375,3,wmo code,Trời nhiều mây,30.2,°C,20.2,°C,33.5,°C,21.0,°C,2025-12-08T06:00,iso8601,2025-12-08T17:31,iso8601,7.4,0.0,mm,0,%,9.6,km/h,19.4,km/h,358,°,2025-12-08,iso8601
9d130c830bfd99fbe740630fa2a717f9,2025-12-08-18-47,10.8576,106.7519,3,wmo code,Trời nhiều mây,30.2,°C,19.4,°C,33.8,°C,20.2,°C,2025-12-08T05:59,iso8601,2025-12-08T17:30,iso8601,7.35,0.0,mm,5,%,10.2,km/h,21.6,km/h,3,°,2025-12-08,iso8601
ffc45fc8323e15dc38fe196bf3e46a21,2025-12-08-18-48,10.7746,106.7249,3,wmo code,Trời nhiều mây,30.0,°C,19.8,°C,33.7,°C,20.8,°C,2025-12-08T05:59,iso8601,2025-12-08T17:30,iso8601,7.4,0.0,mm,5,%,8.2,km/h,18.4,km/h,344,°,2025-12-08,iso8601
9eda13e00b96dcb2827ef8343db1a2b9,2025-12-08-18-18,10.7737,106.6216,3,wmo code,Trời nhiều mây,30.3,°C,19.5,°C,33.3,°C,20.2,°C,2025-12-08T06:00,iso8601,2025-12-08T17:30,iso8601,7.4,0.0,mm,0,%,10.4,km/h,22.0,km/h,359,°,2025-12-08,iso8601
6be66491f570c0e12dc9a63eb2d8f0a2,2025-12-08-18-37,10.7543,106.6343,3,wmo code,Trời nhiều mây,30.3,°C,19.5,°C,33.3,°C,20.2,°C,2025-12-08T06:00,iso8601,2025-12-08T17:30,iso8601,7.4,0.0,mm,5,%,10.4,km/h,22.0,km/h,359,°,2025-12-08,iso8601
fee33ae4b742737a9c531680f3ca0eda,2025-12-08-18-44,10.8447,106.6397,3,wmo code,Trời nhiều mây,30.1,°C,19.3,°C,33.8,°C,20.2,°C,2025-12-08T06:00,iso8601,2025-12-08T17:30,iso8601,7.35,0.0,mm,5,%,10.2,km/h,21.6,km/h,3,°,2025-12-08,iso8601
b0166dc361a75fc95ddbe6d2e14328f3,2025-12-08-18-38,10.7582,106.6518,3,wmo code,Trời nhiều mây,30.2,°C,19.5,°C,33.3,°C,20.2,°C,2025-12-08T06:00,iso8601,2025-12-08T17:30,iso8601,7.4,0.0,mm,5,%,10.4,km/h,22.0,km/h,359,°,2025-12-08,iso8601
d1353b9f804072b489f953c63f1b591e,2025-12-08-18-42,10.7919,106.8179,3,wmo code,Trời nhiều mây,30.1,°C,20.7,°C,33.8,°C,22.0,°C,2025-12-08T05:59,iso8601,2025-12-08T17:29,iso8601,7.35,0.1,mm,5,%,8.0,km/h,18.4,km/h,347,°,2025-12-08,iso8601
798016db3d58f253bb6838065124c4b4,2025-12-08-18-35,10.7321,106.6096,3,wmo code,Trời nhiều mây,30.3,°C,19.5,°C,33.4,°C,20.2,°C,2025-12-08T06:00,iso8601,2025-12-08T17:30,iso8601,7.4,0.0,mm,0,%,10.4,km/h,22.0,km/h,359,°,2025-12-08,iso8601
1e451e288c8c3755f9b6d46f70b02cb3,2025-12-08-18-44,10.798,106.7201,3,wmo code,Trời nhiều mây,30.0,°C,19.8,°C,33.7,°C,20.8,°C,2025-12-08T05:59,iso8601,2025-12-08T17:30,iso8601,7.35,0.0,mm,5,%,8.2,km/h,18.4,km/h,344,°,2025-12-08,iso8601
86aed5ebadfeff72663e379b9a37794e,2025-12-08-18-47,10.7809,106.6698,3,wmo code,Trời nhiều mây,30.3,°C,19.5,°C,33.3,°C,20.2,°C,2025-12-08T06:00,iso8601,2025-12-08T17:30,iso8601,7.35,0.0,mm,5,%,10.4,km/h,22.0,km/h,359,°,2025-12-08,iso8601
f38b112f44d0cd8e293122b52eb6c5dd,2025-12-08-18-46,10.8003,106.6669,3,wmo code,Trời nhiều mây,30.3,°C,19.5,°C,33.3,°C,20.2,°C,2025-12-08T06:00,iso8601,2025-12-08T17:30,iso8601,7.35,0.0,mm,5,%,10.4,km/h,22.0,km/h,359,°,2025-12-08,iso8601
357ed077dbeb535b9abb98b40ce50f74,2025-12-08-18-48,10.7838,106.6618,3,wmo code,Trời nhiều mây,30.2,°C,19.5,°C,33.3,°C,20.2,°C,2025-12-08T06:00,iso8601,2025-12-08T17:30,iso8601,7.35,0.0,mm,5,%,10.4,km/h,22.0,km/h,359,°,2025-12-08,iso8601
f4cf8e23c594e3f2d7e6d6c087a69c32,2025-12-08-18-47,10.7921,106.6993,3,wmo code,Trời nhiều mây,30.0,°C,19.8,°C,33.7,°C,20.8,°C,2025-12-08T05:59,iso8601,2025-12-08T17:30,iso8601,7.35,0.0,mm,5,%,8.2,km/h,18.4,km/h,344,°,2025-12-08,iso8601
20ca31c84c747b68760945e40693c888,2025-12-08-18-37,10.7674,106.6665,3,wmo code,Trời nhiều mây,30.2,°C,19.5,°C,33.3,°C,20.2,°C,2025-12-08T06:00,iso8601,2025-12-08T17:30,iso8601,7.4,0.0,mm,5,%,10.4,km/h,22.0,km/h,359,°,2025-12-08,iso8601
d7aadd1b866976511f86901f6fd9416f,2025-12-08-18-35,10.7463,106.66,3,wmo code,Trời nhiều mây,30.3,°C,19.5,°C,33.3,°C,20.2,°C,2025-12-08T06:00,iso8601,2025-12-08T17:30,iso8601,7.4,0.0,mm,5,%,10.4,km/h,22.0,km/h,359,°,2025-12-08,iso8601
f3bd3e0952b04e44f2390f3158e257d0,2025-12-08-18-49,10.797,106.6646,3,wmo code,Trời nhiều mây,30.2,°C,19.5,°C,33.3,°C,20.2,°C,2025-12-08T06:00,iso8601,2025-12-08T17:30,iso8601,7.35,0.0,mm,5,%,10.4,km/h,22.0,km/h,359,°,2025-12-08,iso8601
b21b9defc7b6a2819b3490e827421fde,2025-12-08-18-44,10.7448,106.5384,45,wmo code,Sương mù,30.3,°C,19.9,°C,33.3,°C,20.5,°C,2025-12-08T06:00,iso8601,2025-12-08T17:31,iso8601,7.4,0.0,mm,0,%,12.6,km/h,24.5,km/h,12,°,2025-12-08,iso8601
d0c3adcbf72ef7a098ee15e241027b39,2025-12-08-18-38,10.8055,106.7115,3,wmo code,Trời nhiều mây,30.0,°C,19.8,°C,33.7,°C,20.8,°C,2025-12-08T05:59,iso8601,2025-12-08T17:30,iso8601,7.35,0.0,mm,5,%,8.2,km/h,18.4,km/h,344,°,2025-12-08,iso8601
4dbd824cfd5c8482767ec70bad40b790,2025-12-08-18-46,10.8579,106.7878,3,wmo code,Trời nhiều mây,30.2,°C,19.4,°C,33.9,°C,20.3,°C,2025-12-08T05:59,iso8601,2025-12-08T17:30,iso8601,7.35,0.0,mm,5,%,10.2,km/h,21.6,km/h,3,°,2025-12-08,iso8601
e43d788acc4b6cb765356f6885197d48,2025-12-08-18-18,10.7358,106.6894,3,wmo code,Trời nhiều mây,30.0,°C,19.8,°C,33.7,°C,20.8,°C,2025-12-08T05:59,iso8601,2025-12-08T17:30,iso8601,7.4,0.0,mm,5,%,8.2,km/h,18.4,km/h,344,°,2025-12-08,iso8601
9a835c1abba19bd231bc8bc4c4e01b6c,2025-12-08-18-42,10.7154,106.8475,3,wmo code,Trời nhiều mây,30.1,°C,20.6,°C,33.7,°C,21.8,°C,2025-12-08T05:59,iso8601,2025-12-08T17:29,iso8601,7.35,0.1,mm,5,%,8.0,km/h,18.4,km/h,347,°,2025-12-08,iso8601
4b91d6307ecea004c46250c6c8f77435,2025-12-08-18-48,10.8009,106.7151,3,wmo code,Trời nhiều mây,30.0,°C,19.8,°C,33.6,°C,20.7,°C,2025-12-08T05:59,iso8601,2025-12-08T17:30,iso8601,7.35,0.0,mm,5,%,8.2,km/h,18.4,km/h,344,°,2025-12-08,iso8601
b3d2dfe0fb15f1fe7380b3d98be8ba80,2025-12-08-18-47,10.7911,106.7058,3,wmo code,Trời nhiều mây,30.0,°C,19.8,°C,33.6,°C,20.7,°C,2025-12-08T05:59,iso8601,2025-12-08T17:30,iso8601,7.35,0.0,mm,5,%,8.2,km/h,18.4,km/h,344,°,2025-12-08,iso8601
7bc30df6b84e52e3c1f49f4fcee90763,2025-12-08-18-37,10.7045,106.7321,3,wmo code,Trời nhiều mây,30.0,°C,19.8,°C,33.7,°C,20.8,°C,2025-12-08T05:59,iso8601,2025-12-08T17:30,iso8601,7.4,0.0,mm,5,%,8.2,km/h,18.4,km/h,344,°,2025-12-08,iso8601
2bce33fda4082d0b8462f80a91918a80,2025-12-08-18-35,10.8375,106.6544,3,wmo code,Trời nhiều mây,30.1,°C,19.3,°C,33.7,°C,20.1,°C,2025-12-08T06:00,iso8601,2025-12-08T17:30,iso8601,7.35,0.0,mm,5,%,10.2,km/h,21.6,km/h,3,°,2025-12-08,iso8601
98c9357b3e508c6dca3ff35cc3c350f2,2025-12-08-18-38,10.7779,106.7011,3,wmo code,Trời nhiều mây,30.0,°C,19.8,°C,33.6,°C,20.7,°C,2025-12-08T05:59,iso8601,2025-12-08T17:30,iso8601,7.35,0.0,mm,5,%,8.2,km/h,18.4,km/h,344,°,2025-12-08,iso8601
6e31e82e1b38c60c5466903c8cb2e499,2025-12-08-18-47,10.7985,106.6431,3,wmo code,Trời nhiều mây,30.2,°C,19.5,°C,33.3,°C,20.2,°C,2025-12-08T06:00,iso8601,2025-12-08T17:30,iso8601,7.35,0.0,mm,5,%,10.4,km/h,22.0,km/h,359,°,2025-12-08,iso8601
8594247c7d6b09f93080d0dc64757d78,2025-12-08-18-44,10.744,106.6888,3,wmo code,Trời nhiều mây,30.0,°C,19.8,°C,33.7,°C,20.8,°C,2025-12-08T05:59,iso8601,2025-12-08T17:30,iso8601,7.4,0.0,mm,5,%,8.2,km/h,18.4,km/h,344,°,2025-12-08,iso8601
89610f622ce413b575606101ef1063c9,2025-12-08-18-42,10.7893,106.6893,3,wmo code,Trời nhiều mây,30.0,°C,19.8,°C,33.6,°C,20.7,°C,2025-12-08T05:59,iso8601,2025-12-08T17:30,iso8601,7.35,0.0,mm,5,%,8.2,km/h,18.4,km/h,344,°,2025-12-08,iso8601
3c45cb822d65c8e4e3364f4e7b3ae167,2025-12-08-18-46,10.7761,106.6588,3,wmo code,Trời nhiều mây,30.2,°C,19.5,°C,33.3,°C,20.2,°C,2025-12-08T06:00,iso8601,2025-12-08T17:30,iso8601,7.4,0.0,mm,5,%,10.4,km/h,22.0,km/h,359,°,2025-12-08,iso8601
a8358e6b21b29c958798a96d7ac8e39c,2025-12-08-18-47,10.7985,106.6626,3,wmo code,Trời nhiều mây,30.2,°C,19.5,°C,33.3,°C,20.2,°C,2025-12-08T06:00,iso8601,2025-12-08T17:30,iso8601,7.35,0.0,mm,5,%,10.4,km/h,22.0,km/h,359,°,2025-12-08,iso8601
f1c455e96fc9caeeef3e07f07cda2988,2025-12-08-18-18,10.7807,106.6832,3,wmo code,Trời nhiều mây,30.2,°C,19.5,°C,33.3,°C,20.2,°C,2025-12-08T06:00,iso8601,2025-12-08T17:30,iso8601,7.35,0.0,mm,5,%,10.4,km/h,22.0,km/h,359,°,2025-12-08,iso8601
533d4363465fe3da773b88f3bcb892e5,2025-12-08-18-47,10.791,106.5555,45,wmo code,Sương mù,30.3,°C,19.9,°C,33.3,°C,20.5,°C,2025-12-08T06:00,iso8601,2025-12-08T17:31,iso8601,7.35,0.0,mm,0,%,12.6,km/h,24.5,km/h,12,°,2025-12-08,iso8601
73bda8328a14288c99df7d4bbc87c701,2025-12-08-18-49,10.772,106.6798,3,wmo code,Trời nhiều mây,30.2,°C,19.5,°C,33.3,°C,20.2,°C,2025-12-08T06:00,iso8601,2025-12-08T17:30,iso8601,7.4,0.0,mm,5,%,10.4,km/h,22.0,km/h,359,°,2025-12-08,iso8601
a9b66452f50c1ce9f45f754a07a783c0,2025-12-08-18-48,10.7709,106.673,3,wmo code,Trời nhiều mây,30.2,°C,19.5,°C,33.3,°C,20.2,°C,2025-12-08T06:00,iso8601,2025-12-08T17:30,iso8601,7.4,0.0,mm,5,%,10.4,km/h,22.0,km/h,359,°,2025-12-08,iso8601
57ea3c7bfa4eaa6b92261fdedaec2005,2025-12-08-18-18,10.731,106.7203,3,wmo code,Trời nhiều mây,30.0,°C,19.8,°C,33.7,°C,20.8,°C,2025-12-08T05:59,iso8601,2025-12-08T17:30,iso8601,7.4,0.0,mm,5,%,8.2,km/h,18.4,km/h,344,°,2025-12-08,iso8601
b4ef1b7c4e9d2bf3a2655c4d7bc5568a,2025-12-08-18-48,10.841,106.7045,3,wmo code,Trời nhiều mây,30.2,°C,19.4,°C,33.9,°C,20.3,°C,2025-12-08T05:59,iso8601,2025-12-08T17:30,iso8601,7.35,0.0,mm,5,%,10.2,km/h,21.6,km/h,3,°,2025-12-08,iso8601
d6583cef8c19683b634ea1233c2d9b03,2025-12-08-18-38,10.7957,106.6756,3,wmo code,Trời nhiều mây,30.3,°C,19.5,°C,33.3,°C,20.2,°C,2025-12-08T06:00,iso8601,2025-12-08T17:30,iso8601,7.35,0.0,mm,5,%,10.4,km/h,22.0,km/h,359,°,2025-12-08,iso8601
7d70409c8767e15154aa1619fbcb954b,2025-12-08-18-37,10.7672,106.6999,3,wmo code,Trời nhiều mây,30.0,°C,19.8,°C,33.6,°C,20.7,°C,2025-12-08T05:59,iso8601,2025-12-08T17:30,iso8601,7.4,0.0,mm,5,%,8.2,km/h,18.4,km/h,344,°,2025-12-08,iso8601
10b2860fd7c0d270a4e512a6eb7f16b0,2025-12-08-18-35,10.758,106.6997,3,wmo code,Trời nhiều mây,30.0,°C,19.8,°C,33.7,°C,20.8,°C,2025-12-08T05:59,iso8601,2025-12-08T17:30,iso8601,7.4,0.0,mm,5,%,8.2,km/h,18.4,km/h,344,°,2025-12-08,iso8601
df2b038c0bd8d1cae19775a89f3aeb75,2025-12-08-18-44,10.7942,106.757,3,wmo code,Trời nhiều mây,30.0,°C,19.8,°C,33.7,°C,20.8,°C,2025-12-08T05:59,iso8601,2025-12-08T17:30,iso8601,7.35,0.0,mm,5,%,8.2,km/h,18.4,km/h,344,°,2025-12-08,iso8601
e81c34176304c25be82ac6ec6b99009f,2025-12-08-18-47,10.7438,106.8045,3,wmo code,Trời nhiều mây,30.0,°C,19.8,°C,33.7,°C,20.8,°C,2025-12-08T05:59,iso8601,2025-12-08T17:30,iso8601,7.4,0.0,mm,5,%,8.2,km/h,18.4,km/h,344,°,2025-12-08,iso8601
88f2dd0897210dc36331d0bc9bf31947,2025-12-08-18-42,10.8581,106.7877,3,wmo code,Trời nhiều mây,30.2,°C,19.4,°C,33.9,°C,20.3,°C,2025-12-08T05:59,iso8601,2025-12-08T17:30,iso8601,7.35,0.0,mm,5,%,10.2,km/h,21.6,km/h,3,°,2025-12-08,iso8601
8f648cb615ed770cc3698809e27eafca,2025-12-08-18-47,10.7494,106.6731,3,wmo code,Trời nhiều mây,30.3,°C,19.5,°C,33.3,°C,20.2,°C,2025-12-08T06:00,iso8601,2025-12-08T17:30,iso8601,7.4,0.0,mm,5,%,10.4,km/h,22.0,km/h,359,°,2025-12-08,iso8601
c7695e86589d35c00b8cc3f8b4147749,2025-12-08-18-48,10.7973,106.7041,3,wmo code,Trời nhiều mây,30.0,°C,19.8,°C,33.7,°C,20.8,°C,2025-12-08T05:59,iso8601,2025-12-08T17:30,iso8601,7.35,0.0,mm,5,%,8.2,km/h,18.4,km/h,344,°,2025-12-08,iso8601
463837a37b7889b8a27a02938ccee6d3,2025-12-08-18-18,10.7696,106.6353,3,wmo code,Trời nhiều mây,30.3,°C,19.5,°C,33.3,°C,20.2,°C,2025-12-08T06:00,iso8601,2025-12-08T17:30,iso8601,7.4,0.0,mm,5,%,10.4,km/h,22.0,km/h,359,°,2025-12-08,iso8601
01f58867a108c33d5a3c9b604e9b80ad,2025-12-08-18-15,10.8193,106.6901,3,wmo code,Trời nhiều mây,30.1,°C,19.3,°C,33.8,°C,20.2,°C,2025-12-08T05:59,iso8601,2025-12-08T17:30,iso8601,7.35,0.0,mm,5,%,10.2,km/h,21.6,km/h,3,°,2025-12-08,iso8601
ee8b2c3f4e5ec2107444452b0ab76d30,2025-12-08-18-35,10.7948,106.7523,3,wmo code,Trời nhiều mây,30.0,°C,19.8,°C,33.7,°C,20.8,°C,2025-12-08T05:59,iso8601,2025-12-08T17:30,iso8601,7.35,0.0,mm,5,%,8.2,km/h,18.4,km/h,344,°,2025-12-08,iso8601
19159488838aabb5e7b22630b92d0b76,2025-12-08-18-46,10.7395,106.7068,3,wmo code,Trời nhiều mây,30.0,°C,19.8,°C,33.7,°C,20.8,°C,2025-12-08T05:59,iso8601,2025-12-08T17:30,iso8601,7.4,0.0,mm,5,%,8.2,km/h,18.4,km/h,344,°,2025-12-08,iso8601
9fa001dd3f2515350b7880710a8941ba,2025-12-08-18-42,10.7754,106.6583,3,wmo code,Trời nhiều mây,30.2,°C,19.5,°C,33.3,°C,20.2,°C,2025-12-08T06:00,iso8601,2025-12-08T17:30,iso8601,7.4,0.0,mm,5,%,10.4,km/h,22.0,km/h,359,°,2025-12-08,iso8601
dc3bd1b79cd39a9091861c0bf9cf1372,2025-12-08-18-44,10.7692,106.6519,3,wmo code,Trời nhiều mây,30.2,°C,19.5,°C,33.3,°C,20.2,°C,2025-12-08T06:00,iso8601,2025-12-08T17:30,iso8601,7.4,0.0,mm,5,%,10.4,km/h,22.0,km/h,359,°,2025-12-08,iso8601
46df3fab6fa51b6145d3294fe13f6ae1,2025-12-08-18-46,10.7884,106.8359,3,wmo code,Trời nhiều mây,30.1,°C,20.7,°C,33.8,°C,21.9,°C,2025-12-08T05:59,iso8601,2025-12-08T17:29,iso8601,7.35,0.1,mm,5,%,8.0,km/h,18.4,km/h,347,°,2025-12-08,iso8601
81e23f422129017a89124e6745ee2365,2025-12-08-18-38,10.7508,106.6893,3,wmo code,Trời nhiều mây,30.0,°C,19.8,°C,33.7,°C,20.8,°C,2025-12-08T05:59,iso8601,2025-12-08T17:30,iso8601,7.4,0.0,mm,5,%,8.2,km/h,18.4,km/h,344,°,2025-12-08,iso8601
573db5c9e513464ec598b4100d46964e,2025-12-08-18-47,10.751,106.6646,3,wmo code,Trời nhiều mây,30.2,°C,19.5,°C,33.3,°C,20.2,°C,2025-12-08T06:00,iso8601,2025-12-08T17:30,iso8601,7.4,0.0,mm,5,%,10.4,km/h,22.0,km/h,359,°,2025-12-08,iso8601
f5175d15ddba119b025d41f4d096e548,2025-12-08-18-16,10.7246,106.716,3,wmo code,Trời nhiều mây,30.0,°C,19.8,°C,33.7,°C,20.8,°C,2025-12-08T05:59,iso8601,2025-12-08T17:30,iso8601,7.4,0.0,mm,5,%,8.2,km/h,18.4,km/h,344,°,2025-12-08,iso8601
2268892ea7efae68e2fa50c4e77360bf,2025-12-08-18-37,10.8213,106.6976,3,wmo code,Trời nhiều mây,30.2,°C,19.4,°C,33.9,°C,20.3,°C,2025-12-08T05:59,iso8601,2025-12-08T17:30,iso8601,7.35,0.0,mm,5,%,10.2,km/h,21.6,km/h,3,°,2025-12-08,iso8601
ba7f7c3490fb2dcff2bca07b64fdd373,2025-12-08-18-47,10.7712,106.6986,3,wmo code,Trời nhiều mây,30.0,°C,19.8,°C,33.7,°C,20.8,°C,2025-12-08T05:59,iso8601,2025-12-08T17:30,iso8601,7.4,0.0,mm,5,%,8.2,km/h,18.4,km/h,344,°,2025-12-08,iso8601
8c515135a71d10801093bde057b75663,2025-12-08-18-18,10.7967,106.7886,3,wmo code,Trời nhiều mây,30.0,°C,19.8,°C,33.7,°C,20.8,°C,2025-12-08T05:59,iso8601,2025-12-08T17:30,iso8601,7.35,0.0,mm,5,%,8.2,km/h,18.4,km/h,344,°,2025-12-08,iso8601
db9d31bddc50b8824845e7a0e7e568fa,2025-12-08-18-35,10.7535,106.6316,3,wmo code,Trời nhiều mây,30.3,°C,19.5,°C,33.3,°C,20.2,°C,2025-12-08T06:00,iso8601,2025-12-08T17:30,iso8601,7.4,0.0,mm,5,%,10.4,km/h,22.0,km/h,359,°,2025-12-08,iso8601
6c7caac2b32332d6c200755c8743e122,2025-12-08-18-37,10.7821,106.6568,3,wmo code,Trời nhiều mây,30.2,°C,19.5,°C,33.3,°C,20.2,°C,2025-12-08T06:00,iso8601,2025-12-08T17:30,iso8601,7.35,0.0,mm,5,%,10.4,km/h,22.0,km/h,359,°,2025-12-08,iso8601
aca6705b1d62342359f176619f7beaba,2025-12-08-18-42,10.766,106.664,3,wmo code,Trời nhiều mây,30.2,°C,19.5,°C,33.3,°C,20.1,°C,2025-12-08T06:00,iso8601,2025-12-08T17:30,iso8601,7.4,0.0,mm,5,%,10.4,km/h,22.0,km/h,359,°,2025-12-08,iso8601
98633ad0fc5093fe3208463dd3710a09,2025-12-08-18-44,10.7613,106.6651,3,wmo code,Trời nhiều mây,30.2,°C,19.5,°C,33.3,°C,20.2,°C,2025-12-08T06:00,iso8601,2025-12-08T17:30,iso8601,7.4,0.0,mm,5,%,10.4,km/h,22.0,km/h,359,°,2025-12-08,iso8601
38b68e4bfe46f142d77488b621cd805c,2025-12-08-18-47,10.7683,106.7773,3,wmo code,Trời nhiều mây,30.0,°C,19.8,°C,33.7,°C,20.8,°C,2025-12-08T05:59,iso8601,2025-12-08T17:30,iso8601,7.4,0.0,mm,5,%,8.2,km/h,18.4,km/h,344,°,2025-12-08,iso8601
63912295e9183a9f8c702bb66225df24,2025-12-08-18-38,10.832,106.6745,3,wmo code,Trời nhiều mây,30.1,°C,19.3,°C,33.7,°C,20.1,°C,2025-12-08T06:00,iso8601,2025-12-08T17:30,iso8601,7.35,0.0,mm,5,%,10.2,km/h,21.6,km/h,3,°,2025-12-08,iso8601
7d3e7728e0ffb113b4066d8f20fe2905,2025-12-08-18-49,10.747,106.6604,3,wmo code,Trời nhiều mây,30.3,°C,19.5,°C,33.3,°C,20.2,°C,2025-12-08T06:00,iso8601,2025-12-08T17:30,iso8601,7.4,0.0,mm,5,%,10.4,km/h,22.0,km/h,359,°,2025-12-08,iso8601
56d965277710f2be9607a53c3c8ec30c,2025-12-08-18-47,10.7685,106.6513,3,wmo code,Trời nhiều mây,30.3,°C,19.5,°C,33.3,°C,20.2,°C,2025-12-08T06:00,iso8601,2025-12-08T17:30,iso8601,7.4,0.0,mm,5,%,10.4,km/h,22.0,km/h,359,°,2025-12-08,iso8601
43a99183d8178e3e85913a10ba11a473,2025-12-08-18-46,10.8431,106.642,3,wmo code,Trời nhiều mây,30.1,°C,19.3,°C,33.8,°C,20.2,°C,2025-12-08T06:00,iso8601,2025-12-08T17:30,iso8601,7.35,0.0,mm,5,%,10.2,km/h,21.6,km/h,3,°,2025-12-08,iso8601
ba73dfbc32d5dca66befe71067c49a08,2025-12-08-18-17,10.7521,106.6496,3,wmo code,Trời nhiều mây,30.2,°C,19.5,°C,33.3,°C,20.2,°C,2025-12-08T06:00,iso8601,2025-12-08T17:30,iso8601,7.4,0.0,mm,5,%,10.4,km/h,22.0,km/h,359,°,2025-12-08,iso8601
d18386288fcba237e76dbd8c1e2dba0e,2025-12-08-18-18,10.7557,106.6537,3,wmo code,Trời nhiều mây,30.3,°C,19.5,°C,33.3,°C,20.2,°C,2025-12-08T06:00,iso8601,2025-12-08T17:30,iso8601,7.4,0.0,mm,5,%,10.4,km/h,22.0,km/h,359,°,2025-12-08,iso8601
47c36795ba3c72876b1dcb3c4af4330f,2025-12-08-18-37,10.8707,106.6364,3,wmo code,Trời nhiều mây,30.1,°C,19.3,°C,33.8,°C,20.1,°C,2025-12-08T06:00,iso8601,2025-12-08T17:30,iso8601,7.35,0.0,mm,5,%,10.2,km/h,21.6,km/h,3,°,2025-12-08,iso8601
b7e6bbf9dd14cbbb36a22cc440ce1698,2025-12-08-18-38,10.805,106.6643,3,wmo code,Trời nhiều mây,30.2,°C,19.5,°C,33.3,°C,20.2,°C,2025-12-08T06:00,iso8601,2025-12-08T17:30,iso8601,7.35,0.0,mm,5,%,10.4,km/h,22.0,km/h,359,°,2025-12-08,iso8601
dd1d591b49a4a9dd45b2082eb03d8b85,2025-12-08-18-44,10.8752,106.6035,3,wmo code,Trời nhiều mây,30.1,°C,19.3,°C,33.8,°C,20.1,°C,2025-12-08T06:00,iso8601,2025-12-08T17:30,iso8601,7.35,0.0,mm,0,%,10.2,km/h,21.6,km/h,3,°,2025-12-08,iso8601
f92b3d0350a5ebeec92b2332dd10257e,2025-12-08-18-35,10.8507,106.6788,3,wmo code,Trời nhiều mây,30.2,°C,19.4,°C,33.9,°C,20.2,°C,2025-12-08T06:00,iso8601,2025-12-08T17:30,iso8601,7.35,0.0,mm,5,%,10.2,km/h,21.6,km/h,3,°,2025-12-08,iso8601
7819559c0527c6a6dbef960718e219a4,2025-12-08-18-46,10.8026,106.6354,3,wmo code,Trời nhiều mây,30.2,°C,19.5,°C,33.3,°C,20.2,°C,2025-12-08T06:00,iso8601,2025-12-08T17:30,iso8601,7.35,0.0,mm,5,%,10.4,km/h,22.0,km/h,359,°,2025-12-08,iso8601
997d78e071529c77b516901bdfd5ec4b,2025-12-08-18-43,10.8685,106.8041,3,wmo code,Trời nhiều mây,30.1,°C,19.3,°C,33.7,°C,20.1,°C,2025-12-08T05:59,iso8601,2025-12-08T17:30,iso8601,7.35,0.0,mm,5,%,10.2,km/h,21.6,km/h,3,°,2025-12-08,iso8601
2739fe71a8fdb3855bc69a5d8982bc75,2025-12-08-18-47,10.6795,106.5694,3,wmo code,Trời nhiều mây,30.0,°C,19.7,°C,33.3,°C,20.4,°C,2025-12-08T05:59,iso8601,2025-12-08T17:31,iso8601,7.4,0.0,mm,0,%,9.7,km/h,19.1,km/h,352,°,2025-12-08,iso8601
8fcc2f58e9291525349e290250a6f329,2025-12-08-18-47,10.8182,106.6985,3,wmo code,Trời nhiều mây,30.2,°C,19.4,°C,33.9,°C,20.3,°C,2025-12-08T05:59,iso8601,2025-12-08T17:30,iso8601,7.35,0.0,mm,5,%,10.2,km/h,21.6,km/h,3,°,2025-12-08,iso8601
2ca7b4653e4e6bc5e83b915fb8ec6a94,2025-12-08-18-19,10.7519,106.659,3,wmo code,Trời nhiều mây,30.2,°C,19.5,°C,33.3,°C,20.2,°C,2025-12-08T06:00,iso8601,2025-12-08T17:30,iso8601,7.4,0.0,mm,5,%,10.4,km/h,22.0,km/h,359,°,2025-12-08,iso8601
7c3f006884ec418918d5f7736a3a07ff,2025-12-08-18-35,10.7669,106.6739,3,wmo code,Trời nhiều mây,30.2,°C,19.5,°C,33.3,°C,20.2,°C,2025-12-08T06:00,iso8601,2025-12-08T17:30,iso8601,7.4,0.0,mm,5,%,10.4,km/h,22.0,km/h,359,°,2025-12-08,iso8601
f661d7fe234a818fcb8118593f40f036,2025-12-08-18-37,10.7495,106.5938,3,wmo code,Trời nhiều mây,30.3,°C,19.5,°C,33.4,°C,20.3,°C,2025-12-08T06:00,iso8601,2025-12-08T17:30,iso8601,7.4,0.0,mm,0,%,10.4,km/h,22.0,km/h,359,°,2025-12-08,iso8601
da7747ba881916d828ba942bf47585ff,2025-12-08-18-43,10.8081,106.674,3,wmo code,Trời nhiều mây,30.2,°C,19.5,°C,33.3,°C,20.2,°C,2025-12-08T06:00,iso8601,2025-12-08T17:30,iso8601,7.35,0.0,mm,5,%,10.4,km/h,22.0,km/h,359,°,2025-12-08,iso8601
48172140970e69de3ba55a2a5a6b7508,2025-12-08-18-44,10.8207,106.694,3,wmo code,Trời nhiều mây,30.1,°C,19.3,°C,33.8,°C,20.2,°C,2025-12-08T05:59,iso8601,2025-12-08T17:30,iso8601,7.35,0.0,mm,5,%,10.2,km/h,21.6,km/h,3,°,2025-12-08,iso8601
418de2d4cb47c9713d6fb6099c8c7795,2025-12-08-18-46,10.8252,106.7108,3,wmo code,Trời nhiều mây,30.2,°C,19.4,°C,34.0,°C,20.4,°C,2025-12-08T05:59,iso8601,2025-12-08T17:30,iso8601,7.35,0.0,mm,5,%,10.2,km/h,21.6,km/h,3,°,2025-12-08,iso8601
2599c94869c5b3c7e0bfb6e807ce8110,2025-12-08-18-47,10.7359,106.6338,3,wmo code,Trời nhiều mây,30.3,°C,19.5,°C,33.3,°C,20.2,°C,2025-12-08T06:00,iso8601,2025-12-08T17:30,iso8601,7.4,0.0,mm,5,%,10.4,km/h,22.0,km/h,359,°,2025-12-08,iso8601
8e795d3fc416bd5da0d94ed82fc0ed5a,2025-12-08-18-48,10.8126,106.5776,3,wmo code,Trời nhiều mây,30.1,°C,19.3,°C,33.8,°C,20.2,°C,2025-12-08T06:00,iso8601,2025-12-08T17:30,iso8601,7.35,0.0,mm,0,%,10.2,km/h,21.6,km/h,3,°,2025-12-08,iso8601
6302f25e3364b7773f9fdd4fd81402de,2025-12-08-18-48,10.8045,106.578,3,wmo code,Trời nhiều mây,30.3,°C,19.5,°C,33.4,°C,20.2,°C,2025-12-08T06:00,iso8601,2025-12-08T17:30,iso8601,7.35,0.0,mm,0,%,10.4,km/h,22.0,km/h,359,°,2025-12-08,iso8601
be2d989e54855044a68776ff4b143463,2025-12-08-18-49,10.777,106.6821,3,wmo code,Trời nhiều mây,30.3,°C,19.5,°C,33.3,°C,20.2,°C,2025-12-08T06:00,iso8601,2025-12-08T17:30,iso8601,7.4,0.0,mm,5,%,10.4,km/h,22.0,km/h,359,°,2025-12-08,iso8601
f926068beb9a7c651b071ac2c93118d9,2025-12-08-18-38,10.8043,106.7516,3,wmo code,Trời nhiều mây,30.0,°C,19.8,°C,33.6,°C,20.7,°C,2025-12-08T05:59,iso8601,2025-12-08T17:30,iso8601,7.35,0.0,mm,5,%,8.2,km/h,18.4,km/h,344,°,2025-12-08,iso8601
46f5da33523dee74042c58e5d7affd5b,2025-12-08-18-35,10.8082,106.7557,3,wmo code,Trời nhiều mây,30.0,°C,19.8,°C,33.7,°C,20.8,°C,2025-12-08T05:59,iso8601,2025-12-08T17:30,iso8601,7.35,0.0,mm,5,%,8.2,km/h,18.4,km/h,344,°,2025-12-08,iso8601
0863019ede145989e16c17472b285e3c,2025-12-08-18-47,10.8443,106.6401,3,wmo code,Trời nhiều mây,30.1,°C,19.3,°C,33.8,°C,20.2,°C,2025-12-08T06:00,iso8601,2025-12-08T17:30,iso8601,7.35,0.0,mm,5,%,10.2,km/h,21.6,km/h,3,°,2025-12-08,iso8601
f022a7d9fd692cd2af3ead98c7582eee,2025-12-08-18-43,10.8552,106.6072,3,wmo code,Trời nhiều mây,30.1,°C,19.3,°C,33.7,°C,20.1,°C,2025-12-08T06:00,iso8601,2025-12-08T17:30,iso8601,7.35,0.0,mm,0,%,10.2,km/h,21.6,km/h,3,°,2025-12-08,iso8601
a25cddb3055d03469e0df03c4b4e7b74,2025-12-08-18-37,10.8375,106.7327,3,wmo code,Trời nhiều mây,30.2,°C,19.4,°C,33.9,°C,20.3,°C,2025-12-08T05:59,iso8601,2025-12-08T17:30,iso8601,7.35,0.0,mm,5,%,10.2,km/h,21.6,km/h,3,°,2025-12-08,iso8601
ffa3d90b524c18e1e40617da660bcc89,2025-12-08-18-38,10.788,106.6711,3,wmo code,Trời nhiều mây,30.3,°C,19.5,°C,33.3,°C,20.2,°C,2025-12-08T06:00,iso8601,2025-12-08T17:30,iso8601,7.35,0.0,mm,5,%,10.4,km/h,22.0,km/h,359,°,2025-12-08,iso8601
997aedfe6c626102e11c9aac6233d89a,2025-12-08-18-44,10.8397,106.6653,3,wmo code,Trời nhiều mây,30.1,°C,19.3,°C,33.7,°C,20.1,°C,2025-12-08T06:00,iso8601,2025-12-08T17:30,iso8601,7.35,0.0,mm,5,%,10.2,km/h,21.6,km/h,3,°,2025-12-08,iso8601
1ef01f1af018ff06b9ba19eb43edf177,2025-12-08-18-46,10.7663,106.6749,3,wmo code,Trời nhiều mây,30.2,°C,19.5,°C,33.3,°C,20.1,°C,2025-12-08T06:00,iso8601,2025-12-08T17:30,iso8601,7.4,0.0,mm,5,%,10.4,km/h,22.0,km/h,359,°,2025-12-08,iso8601
2a2bdd55372e1f53cafe4e2e4e7f1833,2025-12-08-18-47,10.74,106.6962,3,wmo code,Trời nhiều mây,30.0,°C,19.8,°C,33.7,°C,20.8,°C,2025-12-08T05:59,iso8601,2025-12-08T17:30,iso8601,7.4,0.0,mm,5,%,8.2,km/h,18.4,km/h,344,°,2025-12-08,iso8601
c68748ce02047283148440e0db8245b0,2025-12-08-18-47,10.8706,106.7734,3,wmo code,Trời nhiều mây,30.1,°C,19.3,°C,33.8,°C,20.2,°C,2025-12-08T05:59,iso8601,2025-12-08T17:30,iso8601,7.35,0.0,mm,5,%,10.2,km/h,21.6,km/h,3,°,2025-12-08,iso8601
43ccf1a8e1425f3a0fedfc6934db009d,2025-12-08-18-19,10.7451,106.7442,3,wmo code,Trời nhiều mây,30.1,°C,19.9,°C,33.7,°C,20.8,°C,2025-12-08T05:59,iso8601,2025-12-08T17:30,iso8601,7.4,0.0,mm,5,%,8.2,km/h,18.4,km/h,344,°,2025-12-08,iso8601
95a40015cfa8df8f369c121ae448eb3f,2025-12-08-18-35,10.7279,106.7123,3,wmo code,Trời nhiều mây,30.0,°C,19.8,°C,33.7,°C,20.8,°C,2025-12-08T05:59,iso8601,2025-12-08T17:30,iso8601,7.4,0.0,mm,5,%,8.2,km/h,18.4,km/h,344,°,2025-12-08,iso8601
8f34cd4295a3e0db72169eaed2e023ab,2025-12-08-18-48,10.7512,106.692,3,wmo code,Trời nhiều mây,30.0,°C,19.8,°C,33.7,°C,20.8,°C,2025-12-08T05:59,iso8601,2025-12-08T17:30,iso8601,7.4,0.0,mm,5,%,8.2,km/h,18.4,km/h,344,°,2025-12-08,iso8601
dcb231b63bb8341d562a3f080349a85d,2025-12-08-18-19,10.7673,106.6534,3,wmo code,Trời nhiều mây,30.3,°C,19.5,°C,33.3,°C,20.2,°C,2025-12-08T06:00,iso8601,2025-12-08T17:30,iso8601,7.4,0.0,mm,5,%,10.4,km/h,22.0,km/h,359,°,2025-12-08,iso8601
046f52bf7e18ec415ae154d42c669d40,2025-12-08-18-16,10.8671,106.7888,3,wmo code,Trời nhiều mây,30.1,°C,19.3,°C,33.8,°C,20.2,°C,2025-12-08T05:59,iso8601,2025-12-08T17:30,iso8601,7.35,0.0,mm,5,%,10.2,km/h,21.6,km/h,3,°,2025-12-08,iso8601
7ad2b14da2e3c4ad5c40c985979237d3,2025-12-08-18-38,10.713,106.8475,3,wmo code,Trời nhiều mây,30.1,°C,20.6,°C,33.7,°C,21.8,°C,2025-12-08T05:59,iso8601,2025-12-08T17:29,iso8601,7.35,0.1,mm,5,%,8.0,km/h,18.4,km/h,347,°,2025-12-08,iso8601
c3c013d289edec4813b34f41d283e138,2025-12-08-18-44,10.7558,106.6664,3,wmo code,Trời nhiều mây,30.3,°C,19.5,°C,33.3,°C,20.2,°C,2025-12-08T06:00,iso8601,2025-12-08T17:30,iso8601,7.4,0.0,mm,5,%,10.4,km/h,22.0,km/h,359,°,2025-12-08,iso8601
364573706454b6977a6ae34b10f00b3c,2025-12-08-18-46,10.7637,106.644,3,wmo code,Trời nhiều mây,30.3,°C,19.5,°C,33.3,°C,20.2,°C,2025-12-08T06:00,iso8601,2025-12-08T17:30,iso8601,7.4,0.0,mm,5,%,10.4,km/h,22.0,km/h,359,°,2025-12-08,iso8601
23b2f235a90abe1a200e390bb787a70d,2025-12-08-18-47,10.7733,106.7015,3,wmo code,Trời nhiều mây,30.0,°C,19.8,°C,33.7,°C,20.8,°C,2025-12-08T05:59,iso8601,2025-12-08T17:30,iso8601,7.4,0.0,mm,5,%,8.2,km/h,18.4,km/h,344,°,2025-12-08,iso8601
45643833053c624086021bbba2dde705,2025-12-08-18-37,10.8707,106.807,3,wmo code,Trời nhiều mây,30.0,°C,19.2,°C,33.7,°C,20.1,°C,2025-12-08T05:59,iso8601,2025-12-08T17:30,iso8601,7.35,0.0,mm,5,%,10.2,km/h,21.6,km/h,3,°,2025-12-08,iso8601
905bc8bda150d1615ee1f18008f93d4d,2025-12-08-18-35,10.775,106.7104,3,wmo code,Trời nhiều mây,30.0,°C,19.8,°C,33.7,°C,20.8,°C,2025-12-08T05:59,iso8601,2025-12-08T17:30,iso8601,7.4,0.0,mm,5,%,8.2,km/h,18.4,km/h,344,°,2025-12-08,iso8601
77b85826e6a848c25b2f557ebe13e08a,2025-12-08-18-37,10.8216,106.7136,3,wmo code,Trời nhiều mây,30.2,°C,19.4,°C,34.0,°C,20.4,°C,2025-12-08T05:59,iso8601,2025-12-08T17:30,iso8601,7.35,0.0,mm,5,%,10.2,km/h,21.6,km/h,3,°,2025-12-08,iso8601
f64084f5e90ce4ca4255d29ea3d64081,2025-12-08-18-47,10.846,106.7288,3,wmo code,Trời nhiều mây,30.2,°C,19.4,°C,33.9,°C,20.3,°C,2025-12-08T05:59,iso8601,2025-12-08T17:30,iso8601,7.35,0.0,mm,5,%,10.2,km/h,21.6,km/h,3,°,2025-12-08,iso8601
833b30cba7e5b5e95f0b5ade0cd9985d,2025-12-08-18-19,10.8233,106.7054,3,wmo code,Trời nhiều mây,30.2,°C,19.4,°C,33.9,°C,20.3,°C,2025-12-08T05:59,iso8601,2025-12-08T17:30,iso8601,7.35,0.0,mm,5,%,10.2,km/h,21.6,km/h,3,°,2025-12-08,iso8601
bbe60f9a46cf61aed393aa19886c8fe9,2025-12-08-18-43,10.7959,106.6479,3,wmo code,Trời nhiều mây,30.2,°C,19.5,°C,33.3,°C,20.2,°C,2025-12-08T06:00,iso8601,2025-12-08T17:30,iso8601,7.35,0.0,mm,5,%,10.4,km/h,22.0,km/h,359,°,2025-12-08,iso8601
ce385110ddaf17e88fef5ca10f83a755,2025-12-08-18-39,10.7729,106.6788,3,wmo code,Trời nhiều mây,30.2,°C,19.5,°C,33.3,°C,20.2,°C,2025-12-08T06:00,iso8601,2025-12-08T17:30,iso8601,7.4,0.0,mm,5,%,10.4,km/h,22.0,km/h,359,°,2025-12-08,iso8601
55842aeaeb4e96c02f236781dc0f177b,2025-12-08-18-43,10.86,106.7899,3,wmo code,Trời nhiều mây,30.1,°C,19.3,°C,33.8,°C,20.2,°C,2025-12-08T05:59,iso8601,2025-12-08T17:30,iso8601,7.35,0.0,mm,5,%,10.2,km/h,21.6,km/h,3,°,2025-12-08,iso8601
32196ce38d97227596a014fe983dc5bf,2025-12-08-18-44,10.832,106.7256,3,wmo code,Trời nhiều mây,30.2,°C,19.4,°C,33.9,°C,20.3,°C,2025-12-08T05:59,iso8601,2025-12-08T17:30,iso8601,7.35,0.0,mm,5,%,10.2,km/h,21.6,km/h,3,°,2025-12-08,iso8601
2947a56d595711934870681ef813b92f,2025-12-08-18-48,10.756,106.7606,3,wmo code,Trời nhiều mây,30.1,°C,19.9,°C,33.7,°C,20.8,°C,2025-12-08T05:59,iso8601,2025-12-08T17:30,iso8601,7.4,0.0,mm,5,%,8.2,km/h,18.4,km/h,344,°,2025-12-08,iso8601
bfc437a1fe8725c4ea25584d08ad8bb6,2025-12-08-18-46,10.8618,106.7959,3,wmo code,Trời nhiều mây,30.1,°C,19.3,°C,33.8,°C,20.2,°C,2025-12-08T05:59,iso8601,2025-12-08T17:30,iso8601,7.35,0.0,mm,5,%,10.2,km/h,21.6,km/h,3,°,2025-12-08,iso8601
218b6419daf3a9e5e99de93e29777c75,2025-12-08-18-47,10.7925,106.6856,3,wmo code,Trời nhiều mây,30.3,°C,19.5,°C,33.3,°C,20.2,°C,2025-12-08T06:00,iso8601,2025-12-08T17:30,iso8601,7.35,0.0,mm,5,%,10.4,km/h,22.0,km/h,359,°,2025-12-08,iso8601
413e109f5978d8f37bd40bd818e0401a,2025-12-08-18-47,10.7827,106.6868,3,wmo code,Trời nhiều mây,30.3,°C,19.5,°C,33.3,°C,20.2,°C,2025-12-08T06:00,iso8601,2025-12-08T17:30,iso8601,7.35,0.0,mm,5,%,10.4,km/h,22.0,km/h,359,°,2025-12-08,iso8601
e60f6940bca29797062ec575599d5b16,2025-12-08-18-17,10.7991,106.6803,3,wmo code,Trời nhiều mây,30.3,°C,19.5,°C,33.3,°C,20.2,°C,2025-12-08T06:00,iso8601,2025-12-08T17:30,iso8601,7.35,0.0,mm,5,%,10.4,km/h,22.0,km/h,359,°,2025-12-08,iso8601
082271af9cca5bf56d0676b7cd0d99da,2025-12-08-18-19,10.8822,106.6167,3,wmo code,Trời nhiều mây,30.1,°C,19.3,°C,33.8,°C,20.2,°C,2025-12-08T06:00,iso8601,2025-12-08T17:30,iso8601,7.35,0.0,mm,0,%,10.2,km/h,21.6,km/h,3,°,2025-12-08,iso8601
2c2cf7de99d1512a422bc3afcdf54213,2025-12-08-18-49,10.7546,106.6365,3,wmo code,Trời nhiều mây,30.3,°C,19.5,°C,33.4,°C,20.2,°C,2025-12-08T06:00,iso8601,2025-12-08T17:30,iso8601,7.4,0.0,mm,5,%,10.4,km/h,22.0,km/h,359,°,2025-12-08,iso8601
c11a22a51386b6683718470043bdd752,2025-12-08-18-35,10.7528,106.6535,3,wmo code,Trời nhiều mây,30.3,°C,19.5,°C,33.3,°C,20.2,°C,2025-12-08T06:00,iso8601,2025-12-08T17:30,iso8601,7.4,0.0,mm,5,%,10.4,km/h,22.0,km/h,359,°,2025-12-08,iso8601
92caadfa55c5aaf878bdd05a4f992321,2025-12-08-18-37,10.7677,106.6724,3,wmo code,Trời nhiều mây,30.2,°C,19.5,°C,33.3,°C,20.2,°C,2025-12-08T06:00,iso8601,2025-12-08T17:30,iso8601,7.4,0.0,mm,5,%,10.4,km/h,22.0,km/h,359,°,2025-12-08,iso8601
ca3f462646b2a5314e70c8d3eb9a3992,2025-12-08-18-44,10.7844,106.7192,3,wmo code,Trời nhiều mây,30.1,°C,19.9,°C,33.7,°C,20.8,°C,2025-12-08T05:59,iso8601,2025-12-08T17:30,iso8601,7.35,0.0,mm,5,%,8.2,km/h,18.4,km/h,344,°,2025-12-08,iso8601
8e91f098c9fc9b9ce3b48432b280fa2e,2025-12-08-18-43,10.8006,106.6611,3,wmo code,Trời nhiều mây,30.2,°C,19.5,°C,33.3,°C,20.2,°C,2025-12-08T06:00,iso8601,2025-12-08T17:30,iso8601,7.35,0.0,mm,5,%,10.4,km/h,22.0,km/h,359,°,2025-12-08,iso8601
e5b84819c6a7788684b0a8577fe6ef97,2025-12-08-18-46,10.7467,106.6605,3,wmo code,Trời nhiều mây,30.3,°C,19.5,°C,33.3,°C,20.2,°C,2025-12-08T06:00,iso8601,2025-12-08T17:30,iso8601,7.4,0.0,mm,5,%,10.4,km/h,22.0,km/h,359,°,2025-12-08,iso8601
0e60c50ff9d41a8b1c205ff3e7497061,2025-12-08-18-47,10.7064,106.8238,3,wmo code,Trời nhiều mây,30.0,°C,20.6,°C,33.7,°C,21.8,°C,2025-12-08T05:59,iso8601,2025-12-08T17:29,iso8601,7.35,0.1,mm,5,%,8.0,km/h,18.4,km/h,347,°,2025-12-08,iso8601
9a4098e379a9b102af2e32a4d82c34cb,2025-12-08-18-39,10.7761,106.6384,3,wmo code,Trời nhiều mây,30.3,°C,19.5,°C,33.3,°C,20.2,°C,2025-12-08T06:00,iso8601,2025-12-08T17:30,iso8601,7.4,0.0,mm,5,%,10.4,km/h,22.0,km/h,359,°,2025-12-08,iso8601
5b068f2599657f98ab48176a2693afd4,2025-12-08-18-17,10.8829,106.7702,3,wmo code,Trời nhiều mây,30.1,°C,19.3,°C,33.7,°C,20.1,°C,2025-12-08T05:59,iso8601,2025-12-08T17:30,iso8601,7.35,0.0,mm,0,%,10.2,km/h,21.6,km/h,3,°,2025-12-08,iso8601
80216e1f4967d5adf12e30e7d4ae3165,2025-12-08-18-19,10.8007,106.7327,3,wmo code,Trời nhiều mây,30.0,°C,19.8,°C,33.7,°C,20.8,°C,2025-12-08T05:59,iso8601,2025-12-08T17:30,iso8601,7.35,0.0,mm,5,%,8.2,km/h,18.4,km/h,344,°,2025-12-08,iso8601
546c0fd92ee9ee660ef6cb75081d69d1,2025-12-08-18-47,10.7815,106.6358,3,wmo code,Trời nhiều mây,30.3,°C,19.5,°C,33.3,°C,20.2,°C,2025-12-08T06:00,iso8601,2025-12-08T17:30,iso8601,7.35,0.0,mm,5,%,10.4,km/h,22.0,km/h,359,°,2025-12-08,iso8601
831b123fd6bb71ec3ccaebb02de8b7a4,2025-12-08-18-35,10.7736,106.6216,3,wmo code,Trời nhiều mây,30.3,°C,19.5,°C,33.3,°C,20.2,°C,2025-12-08T06:00,iso8601,2025-12-08T17:30,iso8601,7.4,0.0,mm,0,%,10.4,km/h,22.0,km/h,359,°,2025-12-08,iso8601
79e19c1649105ef8ca20fbe1590908a4,2025-12-08-18-44,10.8604,106.7908,3,wmo code,Trời nhiều mây,30.2,°C,19.4,°C,33.8,°C,20.2,°C,2025-12-08T05:59,iso8601,2025-12-08T17:30,iso8601,7.35,0.0,mm,5,%,10.2,km/h,21.6,km/h,3,°,2025-12-08,iso8601
c8211d047c9c3e383930be241bcf7320,2025-12-08-18-39,10.8857,106.6283,3,wmo code,Trời nhiều mây,30.1,°C,19.3,°C,33.8,°C,20.2,°C,2025-12-08T06:00,iso8601,2025-12-08T17:30,iso8601,7.35,0.0,mm,0,%,10.2,km/h,21.6,km/h,3,°,2025-12-08,iso8601
5c0ee164d2f247a7660b2fa34ac8345b,2025-12-08-18-37,10.7807,106.6589,3,wmo code,Trời nhiều mây,30.3,°C,19.5,°C,33.3,°C,20.2,°C,2025-12-08T06:00,iso8601,2025-12-08T17:30,iso8601,7.35,0.0,mm,5,%,10.4,km/h,22.0,km/h,359,°,2025-12-08,iso8601
bb3933dee270e2276ba40eb7efc5f3fb,2025-12-08-18-46,10.7809,106.6978,3,wmo code,Trời nhiều mây,30.0,°C,19.8,°C,33.6,°C,20.7,°C,2025-12-08T05:59,iso8601,2025-12-08T17:30,iso8601,7.35,0.0,mm,5,%,8.2,km/h,18.4,km/h,344,°,2025-12-08,iso8601
03623143fab66f59fb8fe2674244cb4e,2025-12-08-18-43,10.8154,106.6815,3,wmo code,Trời nhiều mây,30.1,°C,19.3,°C,33.7,°C,20.1,°C,2025-12-08T06:00,iso8601,2025-12-08T17:30,iso8601,7.35,0.0,mm,5,%,10.2,km/h,21.6,km/h,3,°,2025-12-08,iso8601
0b7b9e0a38b8c71f5a9bd524cf67aa2e,2025-12-08-18-47,10.7635,106.6905,3,wmo code,Trời nhiều mây,30.0,°C,19.8,°C,33.7,°C,20.8,°C,2025-12-08T05:59,iso8601,2025-12-08T17:30,iso8601,7.4,0.0,mm,5,%,8.2,km/h,18.4,km/h,344,°,2025-12-08,iso8601
f85218043555cdffad83f79fdedad6e7,2025-12-08-18-47,10.8594,106.7904,3,wmo code,Trời nhiều mây,30.2,°C,19.4,°C,33.8,°C,20.2,°C,2025-12-08T05:59,iso8601,2025-12-08T17:30,iso8601,7.35,0.0,mm,5,%,10.2,km/h,21.6,km/h,3,°,2025-12-08,iso8601
a087bae8763010f3d9314b1be78089de,2025-12-08-18-48,10.8463,106.6441,3,wmo code,Trời nhiều mây,30.1,°C,19.3,°C,33.8,°C,20.1,°C,2025-12-08T06:00,iso8601,2025-12-08T17:30,iso8601,7.35,0.0,mm,5,%,10.2,km/h,21.6,km/h,3,°,2025-12-08,iso8601
a075b85befd3006493db5b5098a900bd,2025-12-08-18-49,10.7934,106.7556,3,wmo code,Trời nhiều mây,30.0,°C,19.8,°C,33.7,°C,20.8,°C,2025-12-08T05:59,iso8601,2025-12-08T17:30,iso8601,7.35,0.0,mm,5,%,8.2,km/h,18.4,km/h,344,°,2025-12-08,iso8601
a4d23f755ffadbb80a311a3f1f5a0741,2025-12-08-18-35,10.8528,106.6262,3,wmo code,Trời nhiều mây,30.1,°C,19.3,°C,33.8,°C,20.1,°C,2025-12-08T06:00,iso8601,2025-12-08T17:30,iso8601,7.35,0.0,mm,5,%,10.2,km/h,21.6,km/h,3,°,2025-12-08,iso8601
905ee1f521b04a6705f932f24ac21d6a,2025-12-08-18-17,10.8631,106.6108,3,wmo code,Trời nhiều mây,30.1,°C,19.3,°C,33.7,°C,20.1,°C,2025-12-08T06:00,iso8601,2025-12-08T17:30,iso8601,7.35,0.0,mm,0,%,10.2,km/h,21.6,km/h,3,°,2025-12-08,iso8601
fdb402ca72bd0368181a9297111dd635,2025-12-08-18-37,10.7504,106.6602,3,wmo code,Trời nhiều mây,30.2,°C,19.5,°C,33.3,°C,20.2,°C,2025-12-08T06:00,iso8601,2025-12-08T17:30,iso8601,7.4,0.0,mm,5,%,10.4,km/h,22.0,km/h,359,°,2025-12-08,iso8601
9d4dfa0bc2b0894f70651b92575ada16,2025-12-08-18-39,10.8704,106.5967,3,wmo code,Trời nhiều mây,30.1,°C,19.3,°C,33.8,°C,20.1,°C,2025-12-08T06:00,iso8601,2025-12-08T17:30,iso8601,7.35,0.0,mm,0,%,10.2,km/h,21.6,km/h,3,°,2025-12-08,iso8601
20b9106544ecc449efa13972605cfa53,2025-12-08-18-43,10.7696,106.6355,3,wmo code,Trời nhiều mây,30.3,°C,19.5,°C,33.3,°C,20.2,°C,2025-12-08T06:00,iso8601,2025-12-08T17:30,iso8601,7.4,0.0,mm,5,%,10.4,km/h,22.0,km/h,359,°,2025-12-08,iso8601
5cfc596b6c752d76fc5c86c8835bccab,2025-12-08-18-46,10.7519,106.6773,3,wmo code,Trời nhiều mây,30.3,°C,19.5,°C,33.3,°C,20.2,°C,2025-12-08T06:00,iso8601,2025-12-08T17:30,iso8601,7.4,0.0,mm,5,%,10.4,km/h,22.0,km/h,359,°,2025-12-08,iso8601
f1f6c3a4d7c5ef9e6d1116e1e7fb2619,2025-12-08-18-47,10.7677,106.674,3,wmo code,Trời nhiều mây,30.2,°C,19.5,°C,33.3,°C,20.2,°C,2025-12-08T06:00,iso8601,2025-12-08T17:30,iso8601,7.4,0.0,mm,5,%,10.4,km/h,22.0,km/h,359,°,2025-12-08,iso8601
461b1aea00fe2f60761d2f1902cead85,2025-12-08-18-44,10.7373,106.6144,3,wmo code,Trời nhiều mây,30.3,°C,19.5,°C,33.4,°C,20.2,°C,2025-12-08T06:00,iso8601,2025-12-08T17:30,iso8601,7.4,0.0,mm,0,%,10.4,km/h,22.0,km/h,359,°,2025-12-08,iso8601
315ea589cfd10b87f45340a33da31b0b,2025-12-08-18-19,10.7405,106.6937,3,wmo code,Trời nhiều mây,30.0,°C,19.8,°C,33.7,°C,20.8,°C,2025-12-08T05:59,iso8601,2025-12-08T17:30,iso8601,7.4,0.0,mm,5,%,8.2,km/h,18.4,km/h,344,°,2025-12-08,iso8601
a7e8464abc9a8b7fa8ccfdb1d8c3e6bd,2025-12-08-18-47,10.7669,106.677,3,wmo code,Trời nhiều mây,30.3,°C,19.5,°C,33.3,°C,20.2,°C,2025-12-08T06:00,iso8601,2025-12-08T17:30,iso8601,7.4,0.0,mm,5,%,10.4,km/h,22.0,km/h,359,°,2025-12-08,iso8601
ec78cff62300b277c94662459ad20e79,2025-12-08-18-19,10.8642,106.7664,3,wmo code,Trời nhiều mây,30.0,°C,19.2,°C,33.6,°C,20.0,°C,2025-12-08T05:59,iso8601,2025-12-08T17:30,iso8601,7.35,0.0,mm,5,%,10.2,km/h,21.6,km/h,3,°,2025-12-08,iso8601
401342ce24d86fd44bbc0b6591d9c796,2025-12-08-18-17,10.7407,106.6176,3,wmo code,Trời nhiều mây,30.3,°C,19.5,°C,33.3,°C,20.2,°C,2025-12-08T06:00,iso8601,2025-12-08T17:30,iso8601,7.4,0.0,mm,0,%,10.4,km/h,22.0,km/h,359,°,2025-12-08,iso8601
af4f9bffc8e9c8f8229437465291e32e,2025-12-08-18-35,10.8671,106.7579,3,wmo code,Trời nhiều mây,30.0,°C,19.2,°C,33.7,°C,20.1,°C,2025-12-08T05:59,iso8601,2025-12-08T17:30,iso8601,7.35,0.0,mm,5,%,10.2,km/h,21.6,km/h,3,°,2025-12-08,iso8601
63fae86ec55193cab7357c63f4f2845a,2025-12-08-18-37,10.7937,106.669,3,wmo code,Trời nhiều mây,30.2,°C,19.5,°C,33.3,°C,20.2,°C,2025-12-08T06:00,iso8601,2025-12-08T17:30,iso8601,7.35,0.0,mm,5,%,10.4,km/h,22.0,km/h,359,°,2025-12-08,iso8601
7b5f63e6f2a62d406ff0994f07ad748c,2025-12-08-18-39,10.7433,106.7405,3,wmo code,Trời nhiều mây,30.1,°C,19.9,°C,33.7,°C,20.8,°C,2025-12-08T05:59,iso8601,2025-12-08T17:30,iso8601,7.4,0.0,mm,5,%,8.2,km/h,18.4,km/h,344,°,2025-12-08,iso8601
31205e89e330b0359b4792cf264f9425,2025-12-08-18-43,10.7574,106.6832,3,wmo code,Trời nhiều mây,30.3,°C,19.5,°C,33.3,°C,20.2,°C,2025-12-08T06:00,iso8601,2025-12-08T17:30,iso8601,7.4,0.0,mm,5,%,10.4,km/h,22.0,km/h,359,°,2025-12-08,iso8601
22ad63cc1fad145a51f5915af4b63bc3,2025-12-08-18-47,10.7519,106.6544,3,wmo code,Trời nhiều mây,30.3,°C,19.5,°C,33.3,°C,20.2,°C,2025-12-08T06:00,iso8601,2025-12-08T17:30,iso8601,7.4,0.0,mm,5,%,10.4,km/h,22.0,km/h,359,°,2025-12-08,iso8601
f51fd8888a8024569847fb00b50eb16b,2025-12-08-18-46,10.8144,106.6786,3,wmo code,Trời nhiều mây,30.0,°C,19.2,°C,33.7,°C,20.1,°C,2025-12-08T06:00,iso8601,2025-12-08T17:30,iso8601,7.35,0.0,mm,5,%,10.2,km/h,21.6,km/h,3,°,2025-12-08,iso8601
cbf7984140cf5a47b500189d41e6a2c4,2025-12-08-18-44,10.7705,106.6573,3,wmo code,Trời nhiều mây,30.2,°C,19.5,°C,33.3,°C,20.2,°C,2025-12-08T06:00,iso8601,2025-12-08T17:30,iso8601,7.4,0.0,mm,5,%,10.4,km/h,22.0,km/h,359,°,2025-12-08,iso8601
667c4599a90d2c4ecfdf5568b46cc8ed,2025-12-08-18-47,10.8667,106.7916,3,wmo code,Trời nhiều mây,30.1,°C,19.3,°C,33.8,°C,20.2,°C,2025-12-08T05:59,iso8601,2025-12-08T17:30,iso8601,7.35,0.0,mm,5,%,10.2,km/h,21.6,km/h,3,°,2025-12-08,iso8601
0239f300f8d0fef3e5e31b4a2bc3b676,2025-12-08-18-16,10.8069,106.7548,3,wmo code,Trời nhiều mây,30.0,°C,19.8,°C,33.7,°C,20.8,°C,2025-12-08T05:59,iso8601,2025-12-08T17:30,iso8601,7.35,0.0,mm,5,%,8.2,km/h,18.4,km/h,344,°,2025-12-08,iso8601
e8b212948238c2edd102706d16576d8f,2025-12-08-18-37,10.8799,106.59,3,wmo code,Trời nhiều mây,30.1,°C,19.3,°C,33.8,°C,20.2,°C,2025-12-08T06:00,iso8601,2025-12-08T17:30,iso8601,7.35,0.0,mm,0,%,10.2,km/h,21.6,km/h,3,°,2025-12-08,iso8601
386ef53d909bc4061a83e53a1f50d4d7,2025-12-08-18-19,10.7666,106.6652,3,wmo code,Trời nhiều mây,30.2,°C,19.5,°C,33.3,°C,20.1,°C,2025-12-08T06:00,iso8601,2025-12-08T17:30,iso8601,7.4,0.0,mm,5,%,10.4,km/h,22.0,km/h,359,°,2025-12-08,iso8601
b55e682daf84d7d0f78c7de5786ed240,2025-12-08-18-43,10.7866,106.8439,3,wmo code,Trời nhiều mây,30.1,°C,20.7,°C,33.8,°C,21.9,°C,2025-12-08T05:59,iso8601,2025-12-08T17:29,iso8601,7.35,0.1,mm,5,%,8.0,km/h,18.4,km/h,347,°,2025-12-08,iso8601
6aa710567d555652d8eb7c9ced435d3d,2025-12-08-18-35,10.7497,106.6494,3,wmo code,Trời nhiều mây,30.3,°C,19.5,°C,33.3,°C,20.2,°C,2025-12-08T06:00,iso8601,2025-12-08T17:30,iso8601,7.4,0.0,mm,5,%,10.4,km/h,22.0,km/h,359,°,2025-12-08,iso8601
edd04a4ad93a14c44c8817dc0837f268,2025-12-08-18-39,10.7552,106.6584,3,wmo code,Trời nhiều mây,30.2,°C,19.5,°C,33.3,°C,20.2,°C,2025-12-08T06:00,iso8601,2025-12-08T17:30,iso8601,7.4,0.0,mm,5,%,10.4,km/h,22.0,km/h,359,°,2025-12-08,iso8601
01c24750d9990057198ca3095fd78201,2025-12-08-18-46,10.7802,106.7011,3,wmo code,Trời nhiều mây,30.0,°C,19.8,°C,33.6,°C,20.7,°C,2025-12-08T05:59,iso8601,2025-12-08T17:30,iso8601,7.35,0.0,mm,5,%,8.2,km/h,18.4,km/h,344,°,2025-12-08,iso8601
6809c850a7deedba242b8f5915efc051,2025-12-08-18-47,10.7704,106.6581,3,wmo code,Trời nhiều mây,30.2,°C,19.5,°C,33.3,°C,20.2,°C,2025-12-08T06:00,iso8601,2025-12-08T17:30,iso8601,7.4,0.0,mm,5,%,10.4,km/h,22.0,km/h,359,°,2025-12-08,iso8601
9e87e65f14478d95d9cb204282304d19,2025-12-08-18-47,10.8434,106.7054,3,wmo code,Trời nhiều mây,30.2,°C,19.4,°C,33.9,°C,20.3,°C,2025-12-08T05:59,iso8601,2025-12-08T17:30,iso8601,7.35,0.0,mm,5,%,10.2,km/h,21.6,km/h,3,°,2025-12-08,iso8601
af62fd96ae70b4a6d1e1fae7b2a6368f,2025-12-08-18-49,10.8786,106.8018,3,wmo code,Trời nhiều mây,30.1,°C,19.3,°C,33.7,°C,20.1,°C,2025-12-08T05:59,iso8601,2025-12-08T17:30,iso8601,7.35,0.0,mm,0,%,10.2,km/h,21.6,km/h,3,°,2025-12-08,iso8601
93bc343a1674b87a9c94751ba59a31ee,2025-12-08-18-35,10.8013,106.7111,3,wmo code,Trời nhiều mây,30.0,°C,19.8,°C,33.7,°C,20.8,°C,2025-12-08T05:59,iso8601,2025-12-08T17:30,iso8601,7.35,0.0,mm,5,%,8.2,km/h,18.4,km/h,344,°,2025-12-08,iso8601
ea14fc6b6273dcb810b2b2df002c6e95,2025-12-08-18-37,10.7753,106.6864,3,wmo code,Trời nhiều mây,30.2,°C,19.5,°C,33.3,°C,20.2,°C,2025-12-08T06:00,iso8601,2025-12-08T17:30,iso8601,7.4,0.0,mm,5,%,10.4,km/h,22.0,km/h,359,°,2025-12-08,iso8601
77d3bced82cef96b7453fb9575be6339,2025-12-08-18-17,10.8337,106.7647,3,wmo code,Trời nhiều mây,30.2,°C,19.4,°C,33.9,°C,20.3,°C,2025-12-08T05:59,iso8601,2025-12-08T17:30,iso8601,7.35,0.0,mm,5,%,10.2,km/h,21.6,km/h,3,°,2025-12-08,iso8601
cfdfe5236258e46748f0b5bd4c361605,2025-12-08-18-44,10.835,106.6635,3,wmo code,Trời nhiều mây,30.1,°C,19.3,°C,33.7,°C,20.1,°C,2025-12-08T06:00,iso8601,2025-12-08T17:30,iso8601,7.35,0.0,mm,5,%,10.2,km/h,21.6,km/h,3,°,2025-12-08,iso8601
c1d462a1c4850c61eadcf64e9a0f8fc1,2025-12-08-18-43,10.7587,106.6592,3,wmo code,Trời nhiều mây,30.3,°C,19.5,°C,33.3,°C,20.2,°C,2025-12-08T06:00,iso8601,2025-12-08T17:30,iso8601,7.4,0.0,mm,5,%,10.4,km/h,22.0,km/h,359,°,2025-12-08,iso8601
50b15bad01126093b352730855c398dd,2025-12-08-18-46,10.7722,106.6991,3,wmo code,Trời nhiều mây,30.0,°C,19.8,°C,33.7,°C,20.8,°C,2025-12-08T05:59,iso8601,2025-12-08T17:30,iso8601,7.4,0.0,mm,5,%,8.2,km/h,18.4,km/h,344,°,2025-12-08,iso8601
73318dff2dc6874661d0bafd247488a4,2025-12-08-18-39,10.8542,106.6655,3,wmo code,Trời nhiều mây,30.1,°C,19.3,°C,33.8,°C,20.2,°C,2025-12-08T06:00,iso8601,2025-12-08T17:30,iso8601,7.35,0.0,mm,5,%,10.2,km/h,21.6,km/h,3,°,2025-12-08,iso8601
f5cdb1dc0b32588465f04fff9d92924a,2025-12-08-18-47,10.8,106.6711,3,wmo code,Trời nhiều mây,30.3,°C,19.5,°C,33.3,°C,20.2,°C,2025-12-08T06:00,iso8601,2025-12-08T17:30,iso8601,7.35,0.0,mm,5,%,10.4,km/h,22.0,km/h,359,°,2025-12-08,iso8601
f27d392adb5daeb407269666383bc04f,2025-12-08-18-44,10.7817,106.6793,3,wmo code,Trời nhiều mây,30.3,°C,19.5,°C,33.3,°C,20.2,°C,2025-12-08T06:00,iso8601,2025-12-08T17:30,iso8601,7.35,0.0,mm,5,%,10.4,km/h,22.0,km/h,359,°,2025-12-08,iso8601
52bfc8ecc2d72dbf0ce1c61199818d79,2025-12-08-18-19,10.6891,106.6237,3,wmo code,Trời nhiều mây,30.3,°C,19.5,°C,33.4,°C,20.3,°C,2025-12-08T06:00,iso8601,2025-12-08T17:30,iso8601,7.4,0.0,mm,0,%,10.4,km/h,22.0,km/h,359,°,2025-12-08,iso8601
b27f4ea2c0973e77fb34bb8981236aee,2025-12-08-18-17,10.8654,106.7239,3,wmo code,Trời nhiều mây,30.2,°C,19.4,°C,33.9,°C,20.3,°C,2025-12-08T05:59,iso8601,2025-12-08T17:30,iso8601,7.35,0.0,mm,5,%,10.2,km/h,21.6,km/h,3,°,2025-12-08,iso8601
146e2d73d85a20c3f88e069c1a0eb3c8,2025-12-08-18-47,10.8522,106.6874,3,wmo code,Trời nhiều mây,30.1,°C,19.3,°C,33.8,°C,20.2,°C,2025-12-08T06:00,iso8601,2025-12-08T17:30,iso8601,7.35,0.0,mm,5,%,10.2,km/h,21.6,km/h,3,°,2025-12-08,iso8601
acbcadfb2e398c7d0d1e13ac3f5b4b63,2025-12-08-18-19,10.7453,106.6231,3,wmo code,Trời nhiều mây,30.3,°C,19.5,°C,33.4,°C,20.2,°C,2025-12-08T06:00,iso8601,2025-12-08T17:30,iso8601,7.4,0.0,mm,0,%,10.4,km/h,22.0,km/h,359,°,2025-12-08,iso8601
e596ca4c2162471e6f778367f79949d5,2025-12-08-18-37,10.763,106.6424,3,wmo code,Trời nhiều mây,30.3,°C,19.5,°C,33.3,°C,20.2,°C,2025-12-08T06:00,iso8601,2025-12-08T17:30,iso8601,7.4,0.0,mm,5,%,10.4,km/h,22.0,km/h,359,°,2025-12-08,iso8601
f1f8a3020a67de846fb9e86ae878e8ee,2025-12-08-18-39,10.8414,106.7439,3,wmo code,Trời nhiều mây,30.2,°C,19.4,°C,33.9,°C,20.3,°C,2025-12-08T05:59,iso8601,2025-12-08T17:30,iso8601,7.35,0.0,mm,5,%,10.2,km/h,21.6,km/h,3,°,2025-12-08,iso8601
8c90c50b1eaab6b587c3385563ac3655,2025-12-08-18-43,10.828,106.6792,3,wmo code,Trời nhiều mây,30.1,°C,19.3,°C,33.7,°C,20.1,°C,2025-12-08T06:00,iso8601,2025-12-08T17:30,iso8601,7.35,0.0,mm,5,%,10.2,km/h,21.6,km/h,3,°,2025-12-08,iso8601
bad9590cb76fd6a92025e61282305a77,2025-12-08-18-46,10.8265,106.6801,3,wmo code,Trời nhiều mây,30.1,°C,19.3,°C,33.7,°C,20.1,°C,2025-12-08T06:00,iso8601,2025-12-08T17:30,iso8601,7.35,0.0,mm,5,%,10.2,km/h,21.6,km/h,3,°,2025-12-08,iso8601
5ee0b83e4d50b690d939cd4f48cb967e,2025-12-08-18-44,10.7916,106.6956,3,wmo code,Trời nhiều mây,30.0,°C,19.8,°C,33.6,°C,20.7,°C,2025-12-08T05:59,iso8601,2025-12-08T17:30,iso8601,7.35,0.0,mm,5,%,8.2,km/h,18.4,km/h,344,°,2025-12-08,iso8601
a609c168641c7d2add8dbe3234cc80f7,2025-12-08-18-48,10.7593,106.6804,3,wmo code,Trời nhiều mây,30.2,°C,19.5,°C,33.3,°C,20.1,°C,2025-12-08T06:00,iso8601,2025-12-08T17:30,iso8601,7.4,0.0,mm,5,%,10.4,km/h,22.0,km/h,359,°,2025-12-08,iso8601
4500eb560fbde7f2b33f070ca8bfadb4,2025-12-08-18-17,10.7535,106.6508,3,wmo code,Trời nhiều mây,30.3,°C,19.5,°C,33.3,°C,20.2,°C,2025-12-08T06:00,iso8601,2025-12-08T17:30,iso8601,7.4,0.0,mm,5,%,10.4,km/h,22.0,km/h,359,°,2025-12-08,iso8601
7a3f7790d7f71c90cdc27d7f12778138,2025-12-08-18-47,10.8139,106.7974,3,wmo code,Trời nhiều mây,30.2,°C,19.4,°C,33.9,°C,20.3,°C,2025-12-08T05:59,iso8601,2025-12-08T17:30,iso8601,7.35,0.0,mm,5,%,10.2,km/h,21.6,km/h,3,°,2025-12-08,iso8601
8d6f6a6cbefdeba3d4ccf9b818a655ec,2025-12-08-18-47,10.7455,106.6235,3,wmo code,Trời nhiều mây,30.3,°C,19.5,°C,33.3,°C,20.2,°C,2025-12-08T06:00,iso8601,2025-12-08T17:30,iso8601,7.4,0.0,mm,0,%,10.4,km/h,22.0,km/h,359,°,2025-12-08,iso8601
f0b3593fdf6f1bfa47bd6d17ec2d759e,2025-12-08-18-35,10.8083,106.6345,3,wmo code,Trời nhiều mây,30.3,°C,19.5,°C,33.3,°C,20.2,°C,2025-12-08T06:00,iso8601,2025-12-08T17:30,iso8601,7.35,0.0,mm,5,%,10.4,km/h,22.0,km/h,359,°,2025-12-08,iso8601
8d9b8cb589242f7e5e723eaf2a76477b,2025-12-08-18-19,10.8039,106.6858,3,wmo code,Trời nhiều mây,30.2,°C,19.5,°C,33.3,°C,20.2,°C,2025-12-08T06:00,iso8601,2025-12-08T17:30,iso8601,7.35,0.0,mm,5,%,10.4,km/h,22.0,km/h,359,°,2025-12-08,iso8601
78b28ea8ff57391f38e298a231107972,2025-12-08-18-39,10.772,106.7063,3,wmo code,Trời nhiều mây,30.0,°C,19.8,°C,33.6,°C,20.7,°C,2025-12-08T05:59,iso8601,2025-12-08T17:30,iso8601,7.4,0.0,mm,5,%,8.2,km/h,18.4,km/h,344,°,2025-12-08,iso8601
aa55d5db7a80a888fe5daa8bcf5af867,2025-12-08-18-43,10.7667,106.6674,3,wmo code,Trời nhiều mây,30.2,°C,19.5,°C,33.3,°C,20.2,°C,2025-12-08T06:00,iso8601,2025-12-08T17:30,iso8601,7.4,0.0,mm,5,%,10.4,km/h,22.0,km/h,359,°,2025-12-08,iso8601
5d212d7c449189e142f8a351a928feed,2025-12-08-18-35,10.7533,106.6628,3,wmo code,Trời nhiều mây,30.2,°C,19.5,°C,33.3,°C,20.2,°C,2025-12-08T06:00,iso8601,2025-12-08T17:30,iso8601,7.4,0.0,mm,5,%,10.4,km/h,22.0,km/h,359,°,2025-12-08,iso8601
2a66e0efdaf3550d5849f40eb9ed089d,2025-12-08-18-37,10.7976,106.7238,3,wmo code,Trời nhiều mây,30.0,°C,19.8,°C,33.7,°C,20.8,°C,2025-12-08T05:59,iso8601,2025-12-08T17:30,iso8601,7.35,0.0,mm,5,%,8.2,km/h,18.4,km/h,344,°,2025-12-08,iso8601
440742cf2bd4358e9ac77238e8514ada,2025-12-08-18-44,10.7444,106.6255,3,wmo code,Trời nhiều mây,30.3,°C,19.5,°C,33.4,°C,20.2,°C,2025-12-08T06:00,iso8601,2025-12-08T17:30,iso8601,7.4,0.0,mm,5,%,10.4,km/h,22.0,km/h,359,°,2025-12-08,iso8601
845ae7048313c76a2823b14517852eea,2025-12-08-18-47,10.7598,106.694,3,wmo code,Trời nhiều mây,30.0,°C,19.8,°C,33.7,°C,20.8,°C,2025-12-08T05:59,iso8601,2025-12-08T17:30,iso8601,7.4,0.0,mm,5,%,8.2,km/h,18.4,km/h,344,°,2025-12-08,iso8601
21f4bfbc30a9337fed4c0ef7a289e01b,2025-12-08-18-47,10.8838,106.8005,3,wmo code,Trời nhiều mây,30.1,°C,19.3,°C,33.8,°C,20.1,°C,2025-12-08T05:59,iso8601,2025-12-08T17:30,iso8601,7.35,0.0,mm,0,%,10.2,km/h,21.6,km/h,3,°,2025-12-08,iso8601
f2d459490aa10bfe84e2ce7c321b0772,2025-12-08-18-46,10.8271,106.7154,3,wmo code,Trời nhiều mây,30.2,°C,19.4,°C,33.9,°C,20.3,°C,2025-12-08T05:59,iso8601,2025-12-08T17:30,iso8601,7.35,0.0,mm,5,%,10.2,km/h,21.6,km/h,3,°,2025-12-08,iso8601
e835eca8a71269549291cc77ef79d6c0,2025-12-08-18-16,10.7919,106.6999,3,wmo code,Trời nhiều mây,30.0,°C,19.8,°C,33.7,°C,20.8,°C,2025-12-08T05:59,iso8601,2025-12-08T17:30,iso8601,7.35,0.0,mm,5,%,8.2,km/h,18.4,km/h,344,°,2025-12-08,iso8601
32196ce38d97227596a014fe983dc5bf,2025-12-08-18-19,10.8504,106.7545,3,wmo code,Trời nhiều mây,30.2,°C,19.4,°C,33.9,°C,20.3,°C,2025-12-08T05:59,iso8601,2025-12-08T17:30,iso8601,7.35,0.0,mm,5,%,10.2,km/h,21.6,km/h,3,°,2025-12-08,iso8601
c580ae6269c9eb89baa34e21210caeb4,2025-12-08-18-49,10.8537,106.7511,3,wmo code,Trời nhiều mây,30.2,°C,19.4,°C,33.9,°C,20.3,°C,2025-12-08T05:59,iso8601,2025-12-08T17:30,iso8601,7.35,0.0,mm,5,%,10.2,km/h,21.6,km/h,3,°,2025-12-08,iso8601
1fee7aa948b15b4c4027a2597b67d37d,2025-12-08-18-37,10.8433,106.6149,3,wmo code,Trời nhiều mây,30.1,°C,19.3,°C,33.7,°C,20.1,°C,2025-12-08T06:00,iso8601,2025-12-08T17:30,iso8601,7.35,0.0,mm,0,%,10.2,km/h,21.6,km/h,3,°,2025-12-08,iso8601
d97d322664206cc3f6e2fdb54b9f954e,2025-12-08-18-35,10.8787,106.762,3,wmo code,Trời nhiều mây,30.1,°C,19.3,°C,33.7,°C,20.1,°C,2025-12-08T05:59,iso8601,2025-12-08T17:30,iso8601,7.35,0.0,mm,0,%,10.2,km/h,21.6,km/h,3,°,2025-12-08,iso8601
b7a96e838513fa910e384bf242d0d78f,2025-12-08-18-39,10.7746,106.6479,3,wmo code,Trời nhiều mây,30.2,°C,19.5,°C,33.3,°C,20.2,°C,2025-12-08T06:00,iso8601,2025-12-08T17:30,iso8601,7.4,0.0,mm,5,%,10.4,km/h,22.0,km/h,359,°,2025-12-08,iso8601
a3bdd2a7c4c008f49e416ee5957c5044,2025-12-08-18-46,10.8502,106.6314,3,wmo code,Trời nhiều mây,30.1,°C,19.3,°C,33.8,°C,20.2,°C,2025-12-08T06:00,iso8601,2025-12-08T17:30,iso8601,7.35,0.0,mm,5,%,10.2,km/h,21.6,km/h,3,°,2025-12-08,iso8601
5fdd56e79f1dcd75d182c02f4c5c7b9d,2025-12-08-18-43,10.8625,106.7609,3,wmo code,Trời nhiều mây,30.0,°C,19.2,°C,33.7,°C,20.1,°C,2025-12-08T05:59,iso8601,2025-12-08T17:30,iso8601,7.35,0.0,mm,5,%,10.2,km/h,21.6,km/h,3,°,2025-12-08,iso8601
23e19b9b24c80c1d54994897c9cb32ba,2025-12-08-18-47,10.8755,106.8052,3,wmo code,Trời nhiều mây,30.1,°C,19.3,°C,33.7,°C,20.1,°C,2025-12-08T05:59,iso8601,2025-12-08T17:30,iso8601,7.35,0.0,mm,0,%,10.2,km/h,21.6,km/h,3,°,2025-12-08,iso8601
c6b900a281c5b6673b89d20b01cdada9,2025-12-08-18-47,10.7434,106.6208,3,wmo code,Trời nhiều mây,30.3,°C,19.5,°C,33.3,°C,20.2,°C,2025-12-08T06:00,iso8601,2025-12-08T17:30,iso8601,7.4,0.0,mm,0,%,10.4,km/h,22.0,km/h,359,°,2025-12-08,iso8601
2081ddc5bbfb5ef4adab6c91085293d4,2025-12-08-18-35,10.7619,106.6445,3,wmo code,Trời nhiều mây,30.3,°C,19.5,°C,33.3,°C,20.2,°C,2025-12-08T06:00,iso8601,2025-12-08T17:30,iso8601,7.4,0.0,mm,5,%,10.4,km/h,22.0,km/h,359,°,2025-12-08,iso8601
095ad12d2a69e3d431676f5d00db8a29,2025-12-08-18-19,10.7648,106.75,3,wmo code,Trời nhiều mây,30.0,°C,19.8,°C,33.7,°C,20.8,°C,2025-12-08T05:59,iso8601,2025-12-08T17:30,iso8601,7.4,0.0,mm,5,%,8.2,km/h,18.4,km/h,344,°,2025-12-08,iso8601
320440cb37367194702ef3389c7420b7,2025-12-08-18-44,10.7936,106.6753,3,wmo code,Trời nhiều mây,30.2,°C,19.5,°C,33.3,°C,20.1,°C,2025-12-08T06:00,iso8601,2025-12-08T17:30,iso8601,7.35,0.0,mm,5,%,10.4,km/h,22.0,km/h,359,°,2025-12-08,iso8601
dc93c8af5cdfc8db446940a3fa18c38c,2025-12-08-18-39,10.7483,106.6604,3,wmo code,Trời nhiều mây,30.3,°C,19.5,°C,33.4,°C,20.2,°C,2025-12-08T06:00,iso8601,2025-12-08T17:30,iso8601,7.4,0.0,mm,5,%,10.4,km/h,22.0,km/h,359,°,2025-12-08,iso8601
3f79f4e2d4a12633ac5c041f5d1dc195,2025-12-08-18-14,10.7624,106.6522,3,wmo code,Trời nhiều mây,30.3,°C,19.5,°C,33.3,°C,20.2,°C,2025-12-08T06:00,iso8601,2025-12-08T17:30,iso8601,7.4,0.0,mm,5,%,10.4,km/h,22.0,km/h,359,°,2025-12-08,iso8601
c7fa6feee90efca0931b2fb68d115b84,2025-12-08-18-43,10.8132,106.6787,3,wmo code,Trời nhiều mây,30.1,°C,19.3,°C,33.7,°C,20.1,°C,2025-12-08T06:00,iso8601,2025-12-08T17:30,iso8601,7.35,0.0,mm,5,%,10.2,km/h,21.6,km/h,3,°,2025-12-08,iso8601
1591e903a4a408ad42787606d739855b,2025-12-08-18-44,10.7225,106.7257,3,wmo code,Trời nhiều mây,30.0,°C,19.8,°C,33.7,°C,20.8,°C,2025-12-08T05:59,iso8601,2025-12-08T17:30,iso8601,7.4,0.0,mm,5,%,8.2,km/h,18.4,km/h,344,°,2025-12-08,iso8601
544c407a0eec14b0791ae6bd5c0310bd,2025-12-08-18-46,10.8392,106.6996,3,wmo code,Trời nhiều mây,30.2,°C,19.4,°C,33.9,°C,20.3,°C,2025-12-08T05:59,iso8601,2025-12-08T17:30,iso8601,7.35,0.0,mm,5,%,10.2,km/h,21.6,km/h,3,°,2025-12-08,iso8601
554c8c4dc064a89fa434b01dc3086741,2025-12-08-18-47,10.8621,106.6512,3,wmo code,Trời nhiều mây,30.1,°C,19.3,°C,33.8,°C,20.2,°C,2025-12-08T06:00,iso8601,2025-12-08T17:30,iso8601,7.35,0.0,mm,5,%,10.2,km/h,21.6,km/h,3,°,2025-12-08,iso8601
7050a07783c0e630eefbcd94933019af,2025-12-08-18-37,10.8214,106.6064,3,wmo code,Trời nhiều mây,30.1,°C,19.3,°C,33.8,°C,20.2,°C,2025-12-08T06:00,iso8601,2025-12-08T17:30,iso8601,7.35,0.0,mm,0,%,10.2,km/h,21.6,km/h,3,°,2025-12-08,iso8601
e62c4fd68cff6b858de508e76941e900,2025-12-08-18-49,10.7449,106.7442,3,wmo code,Trời nhiều mây,30.1,°C,19.9,°C,33.7,°C,20.8,°C,2025-12-08T05:59,iso8601,2025-12-08T17:30,iso8601,7.4,0.0,mm,5,%,8.2,km/h,18.4,km/h,344,°,2025-12-08,iso8601
2cf525980f9ddf323e7108cf8319b212,2025-12-08-18-17,10.781,106.6332,3,wmo code,Trời nhiều mây,30.3,°C,19.5,°C,33.3,°C,20.2,°C,2025-12-08T06:00,iso8601,2025-12-08T17:30,iso8601,7.35,0.0,mm,5,%,10.4,km/h,22.0,km/h,359,°,2025-12-08,iso8601
67ce4fc8fe85edd1dedf7c6c4fcd52bd,2025-12-08-18-35,10.7669,106.6422,3,wmo code,Trời nhiều mây,30.3,°C,19.5,°C,33.3,°C,20.2,°C,2025-12-08T06:00,iso8601,2025-12-08T17:30,iso8601,7.4,0.0,mm,5,%,10.4,km/h,22.0,km/h,359,°,2025-12-08,iso8601
3f4a7dc85944903ea2b70fa37791230b,2025-12-08-18-19,10.7505,106.6534,3,wmo code,Trời nhiều mây,30.3,°C,19.5,°C,33.3,°C,20.2,°C,2025-12-08T06:00,iso8601,2025-12-08T17:30,iso8601,7.4,0.0,mm,5,%,10.4,km/h,22.0,km/h,359,°,2025-12-08,iso8601
7b2ea44f62ca9783ecbc993769dab1b2,2025-12-08-18-37,10.8055,106.7528,3,wmo code,Trời nhiều mây,30.0,°C,19.8,°C,33.7,°C,20.8,°C,2025-12-08T05:59,iso8601,2025-12-08T17:30,iso8601,7.35,0.0,mm,5,%,8.2,km/h,18.4,km/h,344,°,2025-12-08,iso8601
b2f3a52da6c54d36d1e5fca0b99b1382,2025-12-08-18-47,10.8001,106.6654,3,wmo code,Trời nhiều mây,30.3,°C,19.5,°C,33.3,°C,20.2,°C,2025-12-08T06:00,iso8601,2025-12-08T17:30,iso8601,7.35,0.0,mm,5,%,10.4,km/h,22.0,km/h,359,°,2025-12-08,iso8601
730424c8a47306d8903e93f2926f995d,2025-12-08-18-43,10.7712,106.646,3,wmo code,Trời nhiều mây,30.2,°C,19.5,°C,33.3,°C,20.2,°C,2025-12-08T06:00,iso8601,2025-12-08T17:30,iso8601,7.4,0.0,mm,5,%,10.4,km/h,22.0,km/h,359,°,2025-12-08,iso8601
5021b61f8fd013c5b28a199274d109ce,2025-12-08-18-46,10.8285,106.7887,3,wmo code,Trời nhiều mây,30.2,°C,19.4,°C,33.9,°C,20.3,°C,2025-12-08T05:59,iso8601,2025-12-08T17:30,iso8601,7.35,0.0,mm,5,%,10.2,km/h,21.6,km/h,3,°,2025-12-08,iso8601
26ab458d485349580f5ada61278363de,2025-12-08-18-39,10.7566,106.6698,3,wmo code,Trời nhiều mây,30.2,°C,19.5,°C,33.2,°C,20.1,°C,2025-12-08T06:00,iso8601,2025-12-08T17:30,iso8601,7.4,0.0,mm,5,%,10.4,km/h,22.0,km/h,359,°,2025-12-08,iso8601
7314504505522c43b155196888038a82,2025-12-08-18-47,10.8311,106.7636,3,wmo code,Trời nhiều mây,30.2,°C,19.4,°C,33.9,°C,20.3,°C,2025-12-08T05:59,iso8601,2025-12-08T17:30,iso8601,7.35,0.0,mm,5,%,10.2,km/h,21.6,km/h,3,°,2025-12-08,iso8601
e5e232dd1ecdfa053e24715dba274d25,2025-12-08-18-44,10.7795,106.6786,3,wmo code,Trời nhiều mây,30.3,°C,19.5,°C,33.3,°C,20.2,°C,2025-12-08T06:00,iso8601,2025-12-08T17:30,iso8601,7.35,0.0,mm,5,%,10.4,km/h,22.0,km/h,359,°,2025-12-08,iso8601
0cdc96395c88caf86aeaf7d006bb2c0c,2025-12-08-18-20,10.7433,106.6614,3,wmo code,Trời nhiều mây,30.3,°C,19.5,°C,33.3,°C,20.2,°C,2025-12-08T06:00,iso8601,2025-12-08T17:30,iso8601,7.4,0.0,mm,5,%,10.4,km/h,22.0,km/h,359,°,2025-12-08,iso8601
176e65c0c1d48b75b07ce408c37d051b,2025-12-08-18-47,10.7851,106.6964,3,wmo code,Trời nhiều mây,30.0,°C,19.8,°C,33.6,°C,20.7,°C,2025-12-08T05:59,iso8601,2025-12-08T17:30,iso8601,7.35,0.0,mm,5,%,8.2,km/h,18.4,km/h,344,°,2025-12-08,iso8601
22700581d6bd3daf2342f1772c11114c,2025-12-08-18-16,10.8263,106.68,3,wmo code,Trời nhiều mây,30.1,°C,19.3,°C,33.7,°C,20.1,°C,2025-12-08T06:00,iso8601,2025-12-08T17:30,iso8601,7.35,0.0,mm,5,%,10.2,km/h,21.6,km/h,3,°,2025-12-08,iso8601
8457240fccffc65244c51d3867b23542,2025-12-08-18-37,10.8355,106.7658,3,wmo code,Trời nhiều mây,30.2,°C,19.4,°C,33.9,°C,20.3,°C,2025-12-08T05:59,iso8601,2025-12-08T17:30,iso8601,7.35,0.0,mm,5,%,10.2,km/h,21.6,km/h,3,°,2025-12-08,iso8601
db233b3d414187907faf5ed39469d1dc,2025-12-08-18-44,10.8078,106.6402,3,wmo code,Trời nhiều mây,30.3,°C,19.5,°C,33.3,°C,20.2,°C,2025-12-08T06:00,iso8601,2025-12-08T17:30,iso8601,7.35,0.0,mm,5,%,10.4,km/h,22.0,km/h,359,°,2025-12-08,iso8601
e6c235ab937f2d2476eb461312d549ac,2025-12-08-18-43,10.8679,106.7813,3,wmo code,Trời nhiều mây,30.2,°C,19.4,°C,33.9,°C,20.2,°C,2025-12-08T05:59,iso8601,2025-12-08T17:30,iso8601,7.35,0.0,mm,5,%,10.2,km/h,21.6,km/h,3,°,2025-12-08,iso8601
5a29d9e1c0f7c90a5c22fb3e69f612f8,2025-12-08-18-35,10.836,106.6605,3,wmo code,Trời nhiều mây,30.1,°C,19.3,°C,33.7,°C,20.1,°C,2025-12-08T06:00,iso8601,2025-12-08T17:30,iso8601,7.35,0.0,mm,5,%,10.2,km/h,21.6,km/h,3,°,2025-12-08,iso8601
f9379126bfcfcd0d742d7ef3a4f7d2f4,2025-12-08-18-47,10.7611,106.6746,3,wmo code,Trời nhiều mây,30.2,°C,19.5,°C,33.3,°C,20.2,°C,2025-12-08T06:00,iso8601,2025-12-08T17:30,iso8601,7.4,0.0,mm,5,%,10.4,km/h,22.0,km/h,359,°,2025-12-08,iso8601
3f5aacc1931c055cc7a2cda0d227e7c2,2025-12-08-18-49,10.7586,106.6925,3,wmo code,Trời nhiều mây,30.0,°C,19.8,°C,33.7,°C,20.8,°C,2025-12-08T05:59,iso8601,2025-12-08T17:30,iso8601,7.4,0.0,mm,5,%,8.2,km/h,18.4,km/h,344,°,2025-12-08,iso8601
b742e1d71e699d94790e1193f8662294,2025-12-08-18-46,10.7576,106.6738,3,wmo code,Trời nhiều mây,30.2,°C,19.5,°C,33.3,°C,20.2,°C,2025-12-08T06:00,iso8601,2025-12-08T17:30,iso8601,7.4,0.0,mm,5,%,10.4,km/h,22.0,km/h,359,°,2025-12-08,iso8601
85e4979960e7c7c1b78ee51016b220a5,2025-12-08-18-39,10.7959,106.6819,3,wmo code,Trời nhiều mây,30.2,°C,19.5,°C,33.3,°C,20.2,°C,2025-12-08T06:00,iso8601,2025-12-08T17:30,iso8601,7.35,0.0,mm,5,%,10.4,km/h,22.0,km/h,359,°,2025-12-08,iso8601
930d3617a3ab7b584b0405b337222571,2025-12-08-18-48,10.8385,106.6801,3,wmo code,Trời nhiều mây,30.1,°C,19.3,°C,33.7,°C,20.1,°C,2025-12-08T06:00,iso8601,2025-12-08T17:30,iso8601,7.35,0.0,mm,5,%,10.2,km/h,21.6,km/h,3,°,2025-12-08,iso8601
e3ceeae18f4f59cff15ec975feec319b,2025-12-08-18-20,10.8367,106.7317,3,wmo code,Trời nhiều mây,30.2,°C,19.4,°C,33.9,°C,20.3,°C,2025-12-08T05:59,iso8601,2025-12-08T17:30,iso8601,7.35,0.0,mm,5,%,10.2,km/h,21.6,km/h,3,°,2025-12-08,iso8601
4f567f2a96a55fa7d1f6b97970a6caab,2025-12-08-18-36,10.7834,106.5989,3,wmo code,Trời nhiều mây,30.3,°C,19.5,°C,33.3,°C,20.2,°C,2025-12-08T06:00,iso8601,2025-12-08T17:30,iso8601,7.35,0.0,mm,0,%,10.4,km/h,22.0,km/h,359,°,2025-12-08,iso8601
5dcb49eb56272f22e7b44f699bc23285,2025-12-08-18-16,10.7504,106.6692,3,wmo code,Trời nhiều mây,30.3,°C,19.5,°C,33.3,°C,20.2,°C,2025-12-08T06:00,iso8601,2025-12-08T17:30,iso8601,7.4,0.0,mm,5,%,10.4,km/h,22.0,km/h,359,°,2025-12-08,iso8601
df5c224c39d21005bbac19fdc087dd6e,2025-12-08-18-37,10.766,106.6823,3,wmo code,Trời nhiều mây,30.2,°C,19.5,°C,33.3,°C,20.1,°C,2025-12-08T06:00,iso8601,2025-12-08T17:30,iso8601,7.4,0.0,mm,5,%,10.4,km/h,22.0,km/h,359,°,2025-12-08,iso8601
d4bae69d9000469f93a269bf4795864f,2025-12-08-18-43,10.7694,106.7174,3,wmo code,Trời nhiều mây,30.0,°C,19.8,°C,33.7,°C,20.8,°C,2025-12-08T05:59,iso8601,2025-12-08T17:30,iso8601,7.4,0.0,mm,5,%,8.2,km/h,18.4,km/h,344,°,2025-12-08,iso8601
f8ba99351b6594850c8514d25d121706,2025-12-08-18-44,10.6904,106.5689,3,wmo code,Trời nhiều mây,30.3,°C,19.6,°C,33.4,°C,20.3,°C,2025-12-08T06:00,iso8601,2025-12-08T17:30,iso8601,7.4,0.0,mm,0,%,10.4,km/h,22.0,km/h,359,°,2025-12-08,iso8601
b280124ab791b50deacdd99db1e18675,2025-12-08-18-46,10.7804,106.6364,3,wmo code,Trời nhiều mây,30.3,°C,19.5,°C,33.3,°C,20.2,°C,2025-12-08T06:00,iso8601,2025-12-08T17:30,iso8601,7.35,0.0,mm,5,%,10.4,km/h,22.0,km/h,359,°,2025-12-08,iso8601
5aa2a6a36ed3878c5c6eb5a18b63c7ba,2025-12-08-18-39,10.7952,106.6345,3,wmo code,Trời nhiều mây,30.3,°C,19.5,°C,33.3,°C,20.2,°C,2025-12-08T06:00,iso8601,2025-12-08T17:30,iso8601,7.35,0.0,mm,5,%,10.4,km/h,22.0,km/h,359,°,2025-12-08,iso8601
0cb034fcb9cf583d3cfa7b9e3dcab0b6,2025-12-08-18-47,10.7872,106.6347,3,wmo code,Trời nhiều mây,30.2,°C,19.5,°C,33.3,°C,20.2,°C,2025-12-08T06:00,iso8601,2025-12-08T17:30,iso8601,7.35,0.0,mm,5,%,10.4,km/h,22.0,km/h,359,°,2025-12-08,iso8601
b045ce8b1239f0484ea7f11485b073c8,2025-12-08-18-16,10.8496,106.7535,3,wmo code,Trời nhiều mây,30.2,°C,19.4,°C,33.9,°C,20.3,°C,2025-12-08T05:59,iso8601,2025-12-08T17:30,iso8601,7.35,0.0,mm,5,%,10.2,km/h,21.6,km/h,3,°,2025-12-08,iso8601
033917c1a30a4170547643656b2e2087,2025-12-08-18-48,10.7694,106.6356,3,wmo code,Trời nhiều mây,30.3,°C,19.5,°C,33.3,°C,20.2,°C,2025-12-08T06:00,iso8601,2025-12-08T17:30,iso8601,7.4,0.0,mm,5,%,10.4,km/h,22.0,km/h,359,°,2025-12-08,iso8601
7b83e57eef6b9b0d27df3954c0c6a10c,2025-12-08-18-20,10.7554,106.6634,3,wmo code,Trời nhiều mây,30.3,°C,19.5,°C,33.3,°C,20.2,°C,2025-12-08T06:00,iso8601,2025-12-08T17:30,iso8601,7.4,0.0,mm,5,%,10.4,km/h,22.0,km/h,359,°,2025-12-08,iso8601
d616738bc5a306551c061325b843cddb,2025-12-08-18-47,10.7657,106.6819,3,wmo code,Trời nhiều mây,30.3,°C,19.5,°C,33.3,°C,20.2,°C,2025-12-08T06:00,iso8601,2025-12-08T17:30,iso8601,7.4,0.0,mm,5,%,10.4,km/h,22.0,km/h,359,°,2025-12-08,iso8601
faffcf806a2311c66602112a92849d77,2025-12-08-18-43,10.7509,106.6836,3,wmo code,Trời nhiều mây,30.3,°C,19.6,°C,33.4,°C,20.3,°C,2025-12-08T06:00,iso8601,2025-12-08T17:30,iso8601,7.4,0.0,mm,5,%,10.4,km/h,22.0,km/h,359,°,2025-12-08,iso8601
46d0c6441317268ba24a8d4e830d1d5c,2025-12-08-18-38,10.7932,106.7533,3,wmo code,Trời nhiều mây,30.0,°C,19.8,°C,33.7,°C,20.8,°C,2025-12-08T05:59,iso8601,2025-12-08T17:30,iso8601,7.35,0.0,mm,5,%,8.2,km/h,18.4,km/h,344,°,2025-12-08,iso8601
0c807e769efb4db2eee959f1506594be,2025-12-08-18-44,10.7739,106.6646,3,wmo code,Trời nhiều mây,30.2,°C,19.5,°C,33.3,°C,20.2,°C,2025-12-08T06:00,iso8601,2025-12-08T17:30,iso8601,7.4,0.0,mm,5,%,10.4,km/h,22.0,km/h,359,°,2025-12-08,iso8601
7358eac40e60ece2d0b9ed86c253665b,2025-12-08-18-39,10.803,106.6984,3,wmo code,Trời nhiều mây,30.0,°C,19.8,°C,33.6,°C,20.7,°C,2025-12-08T05:59,iso8601,2025-12-08T17:30,iso8601,7.35,0.0,mm,5,%,8.2,km/h,18.4,km/h,344,°,2025-12-08,iso8601
3646b7ed845d24d736c5c2e0ac6589a4,2025-12-08-18-47,10.7964,106.7058,3,wmo code,Trời nhiều mây,30.0,°C,19.8,°C,33.7,°C,20.8,°C,2025-12-08T05:59,iso8601,2025-12-08T17:30,iso8601,7.35,0.0,mm,5,%,8.2,km/h,18.4,km/h,344,°,2025-12-08,iso8601
26ab458d485349580f5ada61278363de,2025-12-08-18-46,10.756,106.6664,3,wmo code,Trời nhiều mây,30.2,°C,19.5,°C,33.3,°C,20.2,°C,2025-12-08T06:00,iso8601,2025-12-08T17:30,iso8601,7.4,0.0,mm,5,%,10.4,km/h,22.0,km/h,359,°,2025-12-08,iso8601
ffe0fbd1321fd7e77e1c401476d71054,2025-12-08-18-48,10.8131,106.665,3,wmo code,Trời nhiều mây,30.1,°C,19.3,°C,33.8,°C,20.1,°C,2025-12-08T06:00,iso8601,2025-12-08T17:30,iso8601,7.35,0.0,mm,5,%,10.2,km/h,21.6,km/h,3,°,2025-12-08,iso8601
970b4ff86943d2ad35d2f49cddfe64e4,2025-12-08-18-15,10.7465,106.6289,3,wmo code,Trời nhiều mây,30.3,°C,19.5,°C,33.3,°C,20.2,°C,2025-12-08T06:00,iso8601,2025-12-08T17:30,iso8601,7.4,0.0,mm,5,%,10.4,km/h,22.0,km/h,359,°,2025-12-08,iso8601
ed773c718824bb9cf5fdf2546d338ab7,2025-12-08-18-20,10.7736,106.6212,3,wmo code,Trời nhiều mây,30.3,°C,19.5,°C,33.3,°C,20.2,°C,2025-12-08T06:00,iso8601,2025-12-08T17:30,iso8601,7.4,0.0,mm,0,%,10.4,km/h,22.0,km/h,359,°,2025-12-08,iso8601
42d38218242c47283340f4bf54a67bac,2025-12-08-18-36,10.8385,106.6468,3,wmo code,Trời nhiều mây,30.1,°C,19.3,°C,33.8,°C,20.1,°C,2025-12-08T06:00,iso8601,2025-12-08T17:30,iso8601,7.35,0.0,mm,5,%,10.2,km/h,21.6,km/h,3,°,2025-12-08,iso8601
c63e91db92734676e73437f2103e5801,2025-12-08-18-36,10.7537,106.6869,3,wmo code,Trời nhiều mây,30.3,°C,19.5,°C,33.4,°C,20.2,°C,2025-12-08T06:00,iso8601,2025-12-08T17:30,iso8601,7.4,0.0,mm,5,%,10.4,km/h,22.0,km/h,359,°,2025-12-08,iso8601
c72d5500b593a0b7e74a0d962fea4aa0,2025-12-08-18-39,10.7951,106.6727,3,wmo code,Trời nhiều mây,30.2,°C,19.5,°C,33.3,°C,20.2,°C,2025-12-08T06:00,iso8601,2025-12-08T17:30,iso8601,7.35,0.0,mm,5,%,10.4,km/h,22.0,km/h,359,°,2025-12-08,iso8601
fabc03cf85b90641ee6d5b2fa3381963,2025-12-08-18-43,10.7679,106.6745,3,wmo code,Trời nhiều mây,30.2,°C,19.5,°C,33.3,°C,20.2,°C,2025-12-08T06:00,iso8601,2025-12-08T17:30,iso8601,7.4,0.0,mm,5,%,10.4,km/h,22.0,km/h,359,°,2025-12-08,iso8601
48c4ed4b2189f7ffec64d2c3ba5e0fd7,2025-12-08-18-38,10.7983,106.7308,3,wmo code,Trời nhiều mây,30.0,°C,19.8,°C,33.6,°C,20.7,°C,2025-12-08T05:59,iso8601,2025-12-08T17:30,iso8601,7.35,0.0,mm,5,%,8.2,km/h,18.4,km/h,344,°,2025-12-08,iso8601
0679a066d9c8f303377f37ac7a47c74d,2025-12-08-18-46,10.7652,106.6816,3,wmo code,Trời nhiều mây,30.3,°C,19.5,°C,33.3,°C,20.2,°C,2025-12-08T06:00,iso8601,2025-12-08T17:30,iso8601,7.4,0.0,mm,5,%,10.4,km/h,22.0,km/h,359,°,2025-12-08,iso8601
a979f06e9e1616639d2231bc358d4fa5,2025-12-08-18-48,10.7589,106.6514,3,wmo code,Trời nhiều mây,30.3,°C,19.5,°C,33.3,°C,20.2,°C,2025-12-08T06:00,iso8601,2025-12-08T17:30,iso8601,7.4,0.0,mm,5,%,10.4,km/h,22.0,km/h,359,°,2025-12-08,iso8601
f67cc9b9141adb8a2e9c62d647c26b37,2025-12-08-18-44,10.8308,106.6778,3,wmo code,Trời nhiều mây,30.1,°C,19.3,°C,33.7,°C,20.1,°C,2025-12-08T06:00,iso8601,2025-12-08T17:30,iso8601,7.35,0.0,mm,5,%,10.2,km/h,21.6,km/h,3,°,2025-12-08,iso8601
b7473290659e2e002152261485c82055,2025-12-08-18-20,10.8365,106.6583,3,wmo code,Trời nhiều mây,30.1,°C,19.3,°C,33.7,°C,20.1,°C,2025-12-08T06:00,iso8601,2025-12-08T17:30,iso8601,7.35,0.0,mm,5,%,10.2,km/h,21.6,km/h,3,°,2025-12-08,iso8601
6a00832a711b7b634d2304dea9532ce4,2025-12-08-18-49,10.8192,106.6788,3,wmo code,Trời nhiều mây,30.1,°C,19.3,°C,33.7,°C,20.1,°C,2025-12-08T06:00,iso8601,2025-12-08T17:30,iso8601,7.35,0.0,mm,5,%,10.2,km/h,21.6,km/h,3,°,2025-12-08,iso8601
4e9b9bfd0bbeb0c9139122563e3d0a05,2025-12-08-18-36,10.8021,106.6451,3,wmo code,Trời nhiều mây,30.2,°C,19.5,°C,33.3,°C,20.1,°C,2025-12-08T06:00,iso8601,2025-12-08T17:30,iso8601,7.35,0.0,mm,5,%,10.4,km/h,22.0,km/h,359,°,2025-12-08,iso8601
21f2a5bd885c29140b3db6a80aa34148,2025-12-08-18-47,10.7521,106.6082,3,wmo code,Trời nhiều mây,30.3,°C,19.5,°C,33.3,°C,20.2,°C,2025-12-08T06:00,iso8601,2025-12-08T17:30,iso8601,7.4,0.0,mm,0,%,10.4,km/h,22.0,km/h,359,°,2025-12-08,iso8601
348b6c53508366be7fb2d3d6e71b15c4,2025-12-08-18-38,10.8261,106.7642,3,wmo code,Trời nhiều mây,30.2,°C,19.4,°C,33.9,°C,20.3,°C,2025-12-08T05:59,iso8601,2025-12-08T17:30,iso8601,7.35,0.0,mm,5,%,10.2,km/h,21.6,km/h,3,°,2025-12-08,iso8601
43af34a1cc2943a2a639ad9d67e0247b,2025-12-08-18-39,10.8853,106.8049,3,wmo code,Trời nhiều mây,30.1,°C,19.3,°C,33.8,°C,20.2,°C,2025-12-08T05:59,iso8601,2025-12-08T17:30,iso8601,7.35,0.0,mm,0,%,10.2,km/h,21.6,km/h,3,°,2025-12-08,iso8601
846241f3681f2e83fdbfd0503d1f4547,2025-12-08-18-43,10.8218,106.6993,3,wmo code,Trời nhiều mây,30.2,°C,19.4,°C,33.9,°C,20.3,°C,2025-12-08T05:59,iso8601,2025-12-08T17:30,iso8601,7.35,0.0,mm,5,%,10.2,km/h,21.6,km/h,3,°,2025-12-08,iso8601
6aa6fd37562921a2408c2a7be27f2fef,2025-12-08-18-46,10.7924,106.752,3,wmo code,Trời nhiều mây,30.0,°C,19.8,°C,33.7,°C,20.8,°C,2025-12-08T05:59,iso8601,2025-12-08T17:30,iso8601,7.35,0.0,mm,5,%,8.2,km/h,18.4,km/h,344,°,2025-12-08,iso8601
0e35dfac884bf618c653cc984ca40222,2025-12-08-18-45,10.8136,106.7754,3,wmo code,Trời nhiều mây,30.2,°C,19.4,°C,33.9,°C,20.3,°C,2025-12-08T05:59,iso8601,2025-12-08T17:30,iso8601,7.35,0.0,mm,5,%,10.2,km/h,21.6,km/h,3,°,2025-12-08,iso8601
65dc4f1c9d3553a5d837d3c3a420c771,2025-12-08-18-47,10.8019,106.7439,3,wmo code,Trời nhiều mây,30.0,°C,19.8,°C,33.7,°C,20.8,°C,2025-12-08T05:59,iso8601,2025-12-08T17:30,iso8601,7.35,0.0,mm,5,%,8.2,km/h,18.4,km/h,344,°,2025-12-08,iso8601
0011fbb6aaa8e16f8ec56fe7e1f253e0,2025-12-08-18-17,10.7045,106.8476,3,wmo code,Trời nhiều mây,30.0,°C,20.6,°C,33.7,°C,21.8,°C,2025-12-08T05:59,iso8601,2025-12-08T17:29,iso8601,7.35,0.1,mm,5,%,8.0,km/h,18.4,km/h,347,°,2025-12-08,iso8601
5b019332e6114b8ae49c3362815db79b,2025-12-08-18-48,10.7797,106.6445,3,wmo code,Trời nhiều mây,30.2,°C,19.5,°C,33.3,°C,20.2,°C,2025-12-08T06:00,iso8601,2025-12-08T17:30,iso8601,7.35,0.0,mm,5,%,10.4,km/h,22.0,km/h,359,°,2025-12-08,iso8601
d75b47a305d8110b0fa0afad065240ff,2025-12-08-18-20,10.7954,106.6558,3,wmo code,Trời nhiều mây,30.2,°C,19.5,°C,33.3,°C,20.2,°C,2025-12-08T06:00,iso8601,2025-12-08T17:30,iso8601,7.35,0.0,mm,5,%,10.4,km/h,22.0,km/h,359,°,2025-12-08,iso8601
5f662f25fd725bdeb66d40dda83905f0,2025-12-08-18-39,10.7655,106.7706,3,wmo code,Trời nhiều mây,30.1,°C,19.9,°C,33.7,°C,20.8,°C,2025-12-08T05:59,iso8601,2025-12-08T17:30,iso8601,7.4,0.0,mm,5,%,8.2,km/h,18.4,km/h,344,°,2025-12-08,iso8601
ad966e26648e05b8e1e20a288d61ccde,2025-12-08-18-27,10.8819,106.6077,3,wmo code,Trời nhiều mây,30.1,°C,19.3,°C,33.8,°C,20.2,°C,2025-12-08T06:00,iso8601,2025-12-08T17:30,iso8601,7.35,0.0,mm,0,%,10.2,km/h,21.6,km/h,3,°,2025-12-08,iso8601
b886bd4f4dc50467f457ac903cb1c28d,2025-12-08-18-43,10.7738,106.6616,3,wmo code,Trời nhiều mây,30.2,°C,19.5,°C,33.3,°C,20.2,°C,2025-12-08T06:00,iso8601,2025-12-08T17:30,iso8601,7.4,0.0,mm,5,%,10.4,km/h,22.0,km/h,359,°,2025-12-08,iso8601
4f59a582beebb746b7d50caf04dd2313,2025-12-08-18-48,10.8119,106.8597,3,wmo code,Trời nhiều mây,30.1,°C,20.7,°C,33.8,°C,21.9,°C,2025-12-08T05:59,iso8601,2025-12-08T17:29,iso8601,7.35,0.1,mm,5,%,8.0,km/h,18.4,km/h,347,°,2025-12-08,iso8601
db585c3051dd77e3cd88da25f7d29703,2025-12-08-18-49,10.7634,106.7038,3,wmo code,Trời nhiều mây,30.0,°C,19.8,°C,33.7,°C,20.8,°C,2025-12-08T05:59,iso8601,2025-12-08T17:30,iso8601,7.4,0.0,mm,5,%,8.2,km/h,18.4,km/h,344,°,2025-12-08,iso8601
dedb61cfd8c8dc9dc40e7adc2a886acd,2025-12-08-18-45,10.7469,106.7485,3,wmo code,Trời nhiều mây,30.0,°C,19.8,°C,33.7,°C,20.8,°C,2025-12-08T05:59,iso8601,2025-12-08T17:30,iso8601,7.4,0.0,mm,5,%,8.2,km/h,18.4,km/h,344,°,2025-12-08,iso8601
fd6f15ac19a957141598dd378d42dddc,2025-12-08-18-43,10.7936,106.652,3,wmo code,Trời nhiều mây,30.2,°C,19.5,°C,33.3,°C,20.2,°C,2025-12-08T06:00,iso8601,2025-12-08T17:30,iso8601,7.35,0.0,mm,5,%,10.4,km/h,22.0,km/h,359,°,2025-12-08,iso8601
471593678f06b0746057cf918d6115f7,2025-12-08-18-45,10.7998,106.68,3,wmo code,Trời nhiều mây,30.2,°C,19.5,°C,33.3,°C,20.2,°C,2025-12-08T06:00,iso8601,2025-12-08T17:30,iso8601,7.35,0.0,mm,5,%,10.4,km/h,22.0,km/h,359,°,2025-12-08,iso8601
ab2c4555571dab5a5fb56672015ee2fe,2025-12-08-18-49,10.7227,106.6009,3,wmo code,Trời nhiều mây,30.3,°C,19.5,°C,33.4,°C,20.2,°C,2025-12-08T06:00,iso8601,2025-12-08T17:30,iso8601,7.4,0.0,mm,0,%,10.4,km/h,22.0,km/h,359,°,2025-12-08,iso8601
9a1a3b5edeb34ad1ae2d0b1740da455b,2025-12-08-18-20,10.7707,106.6991,3,wmo code,Trời nhiều mây,30.0,°C,19.8,°C,33.7,°C,20.8,°C,2025-12-08T05:59,iso8601,2025-12-08T17:30,iso8601,7.4,0.0,mm,5,%,8.2,km/h,18.4,km/h,344,°,2025-12-08,iso8601
bcf28f149edbafb780548eda8977f1bd,2025-12-08-18-49,10.8038,106.6878,3,wmo code,Trời nhiều mây,30.0,°C,19.8,°C,33.6,°C,20.7,°C,2025-12-08T05:59,iso8601,2025-12-08T17:30,iso8601,7.35,0.0,mm,5,%,8.2,km/h,18.4,km/h,344,°,2025-12-08,iso8601
75b9ac0082e9b542bf2515fd064477dd,2025-12-08-18-39,10.7403,106.7358,3,wmo code,Trời nhiều mây,30.0,°C,19.8,°C,33.7,°C,20.8,°C,2025-12-08T05:59,iso8601,2025-12-08T17:30,iso8601,7.4,0.0,mm,5,%,8.2,km/h,18.4,km/h,344,°,2025-12-08,iso8601
6aa710567d555652d8eb7c9ced435d3d,2025-12-08-18-43,10.7508,106.6545,3,wmo code,Trời nhiều mây,30.3,°C,19.5,°C,33.3,°C,20.2,°C,2025-12-08T06:00,iso8601,2025-12-08T17:30,iso8601,7.4,0.0,mm,5,%,10.4,km/h,22.0,km/h,359,°,2025-12-08,iso8601
8c3c368227b2950e1900d2e21e42131a,2025-12-08-18-45,10.8489,106.8012,3,wmo code,Trời nhiều mây,30.2,°C,19.4,°C,33.9,°C,20.3,°C,2025-12-08T05:59,iso8601,2025-12-08T17:30,iso8601,7.35,0.0,mm,5,%,10.2,km/h,21.6,km/h,3,°,2025-12-08,iso8601
a43c875d037878930e511a35276bd2f7,2025-12-08-18-43,10.8102,106.6649,3,wmo code,Trời nhiều mây,30.2,°C,19.5,°C,33.3,°C,20.1,°C,2025-12-08T06:00,iso8601,2025-12-08T17:30,iso8601,7.35,0.0,mm,5,%,10.4,km/h,22.0,km/h,359,°,2025-12-08,iso8601
713582740c5657f37f5ed02a11ca7dd8,2025-12-08-18-45,10.6812,106.5955,3,wmo code,Trời nhiều mây,30.0,°C,19.7,°C,33.3,°C,20.4,°C,2025-12-08T05:59,iso8601,2025-12-08T17:31,iso8601,7.4,0.0,mm,0,%,9.7,km/h,19.1,km/h,352,°,2025-12-08,iso8601
4f735e9651a22406b096484436a338f8,2025-12-08-18-48,10.693,106.5803,3,wmo code,Trời nhiều mây,30.3,°C,19.5,°C,33.4,°C,20.2,°C,2025-12-08T06:00,iso8601,2025-12-08T17:30,iso8601,7.4,0.0,mm,0,%,10.4,km/h,22.0,km/h,359,°,2025-12-08,iso8601
3dd2bf959a14fc2ab7163d4942282df7,2025-12-08-18-49,10.7923,106.7132,3,wmo code,Trời nhiều mây,30.0,°C,19.8,°C,33.7,°C,20.8,°C,2025-12-08T05:59,iso8601,2025-12-08T17:30,iso8601,7.35,0.0,mm,5,%,8.2,km/h,18.4,km/h,344,°,2025-12-08,iso8601
1e8dcc83952c7dc465992aac257443b6,2025-12-08-18-27,10.8144,106.6785,3,wmo code,Trời nhiều mây,30.0,°C,19.2,°C,33.7,°C,20.1,°C,2025-12-08T06:00,iso8601,2025-12-08T17:30,iso8601,7.35,0.0,mm,5,%,10.2,km/h,21.6,km/h,3,°,2025-12-08,iso8601
f50386b00d8d2553086b779fc16fdd5d,2025-12-08-18-27,10.8208,106.6833,3,wmo code,Trời nhiều mây,30.0,°C,19.2,°C,33.7,°C,20.1,°C,2025-12-08T06:00,iso8601,2025-12-08T17:30,iso8601,7.35,0.0,mm,5,%,10.2,km/h,21.6,km/h,3,°,2025-12-08,iso8601
8ccdc41e826b62aee68d239a63d9f13d,2025-12-08-18-20,10.7988,106.6196,3,wmo code,Trời nhiều mây,30.3,°C,19.5,°C,33.3,°C,20.2,°C,2025-12-08T06:00,iso8601,2025-12-08T17:30,iso8601,7.35,0.0,mm,0,%,10.4,km/h,22.0,km/h,359,°,2025-12-08,iso8601
d81af31114067415631b1c2307ba4261,2025-12-08-18-39,10.759,106.6416,3,wmo code,Trời nhiều mây,30.2,°C,19.5,°C,33.3,°C,20.2,°C,2025-12-08T06:00,iso8601,2025-12-08T17:30,iso8601,7.4,0.0,mm,5,%,10.4,km/h,22.0,km/h,359,°,2025-12-08,iso8601
d476c5d2a9203c68295ecf319b233371,2025-12-08-18-43,10.8133,106.6649,3,wmo code,Trời nhiều mây,30.1,°C,19.3,°C,33.8,°C,20.1,°C,2025-12-08T06:00,iso8601,2025-12-08T17:30,iso8601,7.35,0.0,mm,5,%,10.2,km/h,21.6,km/h,3,°,2025-12-08,iso8601
3b44d63b3bc134e06b0cb4e26a5d3304,2025-12-08-18-43,10.7704,106.7062,3,wmo code,Trời nhiều mây,30.0,°C,19.8,°C,33.7,°C,20.8,°C,2025-12-08T05:59,iso8601,2025-12-08T17:30,iso8601,7.4,0.0,mm,5,%,8.2,km/h,18.4,km/h,344,°,2025-12-08,iso8601
edd1cb66ba061a4d7e7df40bdad581a4,2025-12-08-18-45,10.766,106.664,3,wmo code,Trời nhiều mây,30.2,°C,19.5,°C,33.3,°C,20.1,°C,2025-12-08T06:00,iso8601,2025-12-08T17:30,iso8601,7.4,0.0,mm,5,%,10.4,km/h,22.0,km/h,359,°,2025-12-08,iso8601
710295922d5db990b56d770e790aca74,2025-12-08-18-45,10.7779,106.6559,3,wmo code,Trời nhiều mây,30.3,°C,19.5,°C,33.3,°C,20.2,°C,2025-12-08T06:00,iso8601,2025-12-08T17:30,iso8601,7.35,0.0,mm,5,%,10.4,km/h,22.0,km/h,359,°,2025-12-08,iso8601
58d65b1e2a23e9594357ae9e05c9b19d,2025-12-08-18-20,10.7484,106.6691,3,wmo code,Trời nhiều mây,30.3,°C,19.5,°C,33.4,°C,20.2,°C,2025-12-08T06:00,iso8601,2025-12-08T17:30,iso8601,7.4,0.0,mm,5,%,10.4,km/h,22.0,km/h,359,°,2025-12-08,iso8601
cc6a55c3ca041636c18d4f046557dea2,2025-12-08-18-39,10.8315,106.7053,3,wmo code,Trời nhiều mây,30.2,°C,19.4,°C,33.9,°C,20.3,°C,2025-12-08T05:59,iso8601,2025-12-08T17:30,iso8601,7.35,0.0,mm,5,%,10.2,km/h,21.6,km/h,3,°,2025-12-08,iso8601
c764260e90f919a5a15ba1beb0484381,2025-12-08-18-27,10.7492,106.6845,3,wmo code,Trời nhiều mây,30.3,°C,19.5,°C,33.4,°C,20.2,°C,2025-12-08T06:00,iso8601,2025-12-08T17:30,iso8601,7.4,0.0,mm,5,%,10.4,km/h,22.0,km/h,359,°,2025-12-08,iso8601
9bed430963e383e13407d12d27c15ef4,2025-12-08-18-48,10.8112,106.6955,3,wmo code,Trời nhiều mây,30.0,°C,19.8,°C,33.6,°C,20.7,°C,2025-12-08T05:59,iso8601,2025-12-08T17:30,iso8601,7.35,0.0,mm,5,%,8.2,km/h,18.4,km/h,344,°,2025-12-08,iso8601
b78d9d8b7dfe37e11e98fe569e27dd8a,2025-12-08-18-45,10.8132,106.6227,3,wmo code,Trời nhiều mây,30.1,°C,19.3,°C,33.8,°C,20.2,°C,2025-12-08T06:00,iso8601,2025-12-08T17:30,iso8601,7.35,0.0,mm,0,%,10.2,km/h,21.6,km/h,3,°,2025-12-08,iso8601
06024a91e4cbfb9e2a00efbe60407906,2025-12-08-18-45,10.7672,106.6426,3,wmo code,Trời nhiều mây,30.3,°C,19.5,°C,33.3,°C,20.2,°C,2025-12-08T06:00,iso8601,2025-12-08T17:30,iso8601,7.4,0.0,mm,5,%,10.4,km/h,22.0,km/h,359,°,2025-12-08,iso8601
a69ac5661bf7c46f54054a7e97a9c640,2025-12-08-18-48,10.772,106.6412,3,wmo code,Trời nhiều mây,30.3,°C,19.5,°C,33.3,°C,20.2,°C,2025-12-08T06:00,iso8601,2025-12-08T17:30,iso8601,7.4,0.0,mm,5,%,10.4,km/h,22.0,km/h,359,°,2025-12-08,iso8601
50663426f5bd36b04957fdf49fe8c92e,2025-12-08-18-49,10.7766,106.7657,3,wmo code,Trời nhiều mây,30.0,°C,19.8,°C,33.7,°C,20.8,°C,2025-12-08T05:59,iso8601,2025-12-08T17:30,iso8601,7.4,0.0,mm,5,%,8.2,km/h,18.4,km/h,344,°,2025-12-08,iso8601
8d6f6a6cbefdeba3d4ccf9b818a655ec,2025-12-08-18-39,10.7282,106.6072,3,wmo code,Trời nhiều mây,30.3,°C,19.5,°C,33.4,°C,20.2,°C,2025-12-08T06:00,iso8601,2025-12-08T17:30,iso8601,7.4,0.0,mm,0,%,10.4,km/h,22.0,km/h,359,°,2025-12-08,iso8601
90498184b9db90ea772a2c8b99234878,2025-12-08-18-21,10.8619,106.6498,3,wmo code,Trời nhiều mây,30.1,°C,19.3,°C,33.8,°C,20.2,°C,2025-12-08T06:00,iso8601,2025-12-08T17:30,iso8601,7.35,0.0,mm,5,%,10.2,km/h,21.6,km/h,3,°,2025-12-08,iso8601
272dda626d6da8bee948148f3575bac1,2025-12-08-18-27,10.7456,106.6237,3,wmo code,Trời nhiều mây,30.3,°C,19.5,°C,33.3,°C,20.2,°C,2025-12-08T06:00,iso8601,2025-12-08T17:30,iso8601,7.4,0.0,mm,0,%,10.4,km/h,22.0,km/h,359,°,2025-12-08,iso8601
111232965838e5858be71036527344fe,2025-12-08-18-43,10.8428,106.615,3,wmo code,Trời nhiều mây,30.1,°C,19.3,°C,33.8,°C,20.1,°C,2025-12-08T06:00,iso8601,2025-12-08T17:30,iso8601,7.35,0.0,mm,0,%,10.2,km/h,21.6,km/h,3,°,2025-12-08,iso8601
86734732c7cdeead4dd6fbe6653de95d,2025-12-08-18-43,10.8295,106.6235,3,wmo code,Trời nhiều mây,30.1,°C,19.3,°C,33.8,°C,20.2,°C,2025-12-08T06:00,iso8601,2025-12-08T17:30,iso8601,7.35,0.0,mm,0,%,10.2,km/h,21.6,km/h,3,°,2025-12-08,iso8601
e6c235ab937f2d2476eb461312d549ac,2025-12-08-18-49,10.8618,106.6587,3,wmo code,Trời nhiều mây,30.1,°C,19.3,°C,33.8,°C,20.2,°C,2025-12-08T06:00,iso8601,2025-12-08T17:30,iso8601,7.35,0.0,mm,5,%,10.2,km/h,21.6,km/h,3,°,2025-12-08,iso8601
46fc423d727b252cc98937db8a8b6798,2025-12-08-18-45,10.7677,106.6589,3,wmo code,Trời nhiều mây,30.3,°C,19.5,°C,33.3,°C,20.2,°C,2025-12-08T06:00,iso8601,2025-12-08T17:30,iso8601,7.4,0.0,mm,5,%,10.4,km/h,22.0,km/h,359,°,2025-12-08,iso8601
a37ff905c949d234313f2d4a4630f960,2025-12-08-18-48,10.8512,106.755,3,wmo code,Trời nhiều mây,30.2,°C,19.4,°C,33.9,°C,20.3,°C,2025-12-08T05:59,iso8601,2025-12-08T17:30,iso8601,7.35,0.0,mm,5,%,10.2,km/h,21.6,km/h,3,°,2025-12-08,iso8601
401b3c340324b71f3c444195c73c3d6e,2025-12-08-18-22,10.8154,106.666,3,wmo code,Trời nhiều mây,30.1,°C,19.3,°C,33.7,°C,20.1,°C,2025-12-08T06:00,iso8601,2025-12-08T17:30,iso8601,7.35,0.0,mm,5,%,10.2,km/h,21.6,km/h,3,°,2025-12-08,iso8601
aedfcc521095d7d7ff4a56ad4969f6c6,2025-12-08-18-39,10.8312,106.6227,3,wmo code,Trời nhiều mây,30.1,°C,19.3,°C,33.8,°C,20.2,°C,2025-12-08T06:00,iso8601,2025-12-08T17:30,iso8601,7.35,0.0,mm,0,%,10.2,km/h,21.6,km/h,3,°,2025-12-08,iso8601
c1d462a1c4850c61eadcf64e9a0f8fc1,2025-12-08-18-43,10.7662,106.6543,3,wmo code,Trời nhiều mây,30.3,°C,19.5,°C,33.3,°C,20.2,°C,2025-12-08T06:00,iso8601,2025-12-08T17:30,iso8601,7.4,0.0,mm,5,%,10.4,km/h,22.0,km/h,359,°,2025-12-08,iso8601
3e121d99cb433ec1d4c82ffd2797d0c0,2025-12-08-18-43,10.7832,106.6254,3,wmo code,Trời nhiều mây,30.3,°C,19.5,°C,33.3,°C,20.2,°C,2025-12-08T06:00,iso8601,2025-12-08T17:30,iso8601,7.35,0.0,mm,5,%,10.4,km/h,22.0,km/h,359,°,2025-12-08,iso8601
c3215633a558ad6ac300609ca953bd94,2025-12-08-18-49,10.7887,106.7035,3,wmo code,Trời nhiều mây,30.0,°C,19.8,°C,33.6,°C,20.7,°C,2025-12-08T05:59,iso8601,2025-12-08T17:30,iso8601,7.35,0.0,mm,5,%,8.2,km/h,18.4,km/h,344,°,2025-12-08,iso8601
ab34c4d8577b63e1d9dc8d9134f3b10f,2025-12-08-18-49,10.8671,106.7575,3,wmo code,Trời nhiều mây,30.0,°C,19.2,°C,33.7,°C,20.1,°C,2025-12-08T05:59,iso8601,2025-12-08T17:30,iso8601,7.35,0.0,mm,5,%,10.2,km/h,21.6,km/h,3,°,2025-12-08,iso8601
5d8a3e5f7b17ba513395f8a6a4150cc2,2025-12-08-18-39,10.7483,106.6818,3,wmo code,Trời nhiều mây,30.3,°C,19.5,°C,33.3,°C,20.2,°C,2025-12-08T06:00,iso8601,2025-12-08T17:30,iso8601,7.4,0.0,mm,5,%,10.4,km/h,22.0,km/h,359,°,2025-12-08,iso8601
bbf4640b7a0850b3737a3ac90ebed255,2025-12-08-18-43,10.6828,106.5445,3,wmo code,Trời nhiều mây,30.2,°C,20.2,°C,33.5,°C,21.0,°C,2025-12-08T06:00,iso8601,2025-12-08T17:31,iso8601,7.4,0.0,mm,0,%,9.6,km/h,19.4,km/h,358,°,2025-12-08,iso8601
bde5e3eeb8c0ebdd1c755c6e91bec505,2025-12-08-18-48,10.8074,106.6217,3,wmo code,Trời nhiều mây,30.3,°C,19.5,°C,33.3,°C,20.2,°C,2025-12-08T06:00,iso8601,2025-12-08T17:30,iso8601,7.35,0.0,mm,0,%,10.4,km/h,22.0,km/h,359,°,2025-12-08,iso8601
20ca31c84c747b68760945e40693c888,2025-12-08-18-22,10.7711,106.6735,3,wmo code,Trời nhiều mây,30.2,°C,19.5,°C,33.3,°C,20.2,°C,2025-12-08T06:00,iso8601,2025-12-08T17:30,iso8601,7.4,0.0,mm,5,%,10.4,km/h,22.0,km/h,359,°,2025-12-08,iso8601
d6b8f09cbdb2633014691a86e7ad5c65,2025-12-08-18-43,10.7585,106.6987,3,wmo code,Trời nhiều mây,30.0,°C,19.8,°C,33.7,°C,20.8,°C,2025-12-08T05:59,iso8601,2025-12-08T17:30,iso8601,7.4,0.0,mm,5,%,8.2,km/h,18.4,km/h,344,°,2025-12-08,iso8601
eed11b04b9aca3ebf2eb6d2d785f30b5,2025-12-08-18-44,10.7513,106.6477,3,wmo code,Trời nhiều mây,30.3,°C,19.5,°C,33.3,°C,20.2,°C,2025-12-08T06:00,iso8601,2025-12-08T17:30,iso8601,7.4,0.0,mm,5,%,10.4,km/h,22.0,km/h,359,°,2025-12-08,iso8601
de3f61bf66722bfe12fa74c4e6f9ad41,2025-12-08-18-45,10.7781,106.6556,3,wmo code,Trời nhiều mây,30.2,°C,19.5,°C,33.3,°C,20.2,°C,2025-12-08T06:00,iso8601,2025-12-08T17:30,iso8601,7.35,0.0,mm,5,%,10.4,km/h,22.0,km/h,359,°,2025-12-08,iso8601
6a5ac31dbca60ac6d9564f5301e8e7cc,2025-12-08-18-45,10.7774,106.6659,3,wmo code,Trời nhiều mây,30.2,°C,19.5,°C,33.3,°C,20.2,°C,2025-12-08T06:00,iso8601,2025-12-08T17:30,iso8601,7.4,0.0,mm,5,%,10.4,km/h,22.0,km/h,359,°,2025-12-08,iso8601
5393a9c02c36bc62daade632ac5e6ab9,2025-12-08-18-48,10.8226,106.7034,3,wmo code,Trời nhiều mây,30.2,°C,19.4,°C,33.9,°C,20.3,°C,2025-12-08T05:59,iso8601,2025-12-08T17:30,iso8601,7.35,0.0,mm,5,%,10.2,km/h,21.6,km/h,3,°,2025-12-08,iso8601
9b8f748464a27e77deaba78654baa271,2025-12-08-18-40,10.769,106.6941,3,wmo code,Trời nhiều mây,30.0,°C,19.8,°C,33.7,°C,20.8,°C,2025-12-08T05:59,iso8601,2025-12-08T17:30,iso8601,7.4,0.0,mm,5,%,8.2,km/h,18.4,km/h,344,°,2025-12-08,iso8601
d9f08bb369d8a76c946053c9dc973675,2025-12-08-18-28,10.7568,106.7614,3,wmo code,Trời nhiều mây,30.1,°C,19.9,°C,33.7,°C,20.8,°C,2025-12-08T05:59,iso8601,2025-12-08T17:30,iso8601,7.4,0.0,mm,5,%,8.2,km/h,18.4,km/h,344,°,2025-12-08,iso8601
44e91f11a43e9dfdbe7c1eb4c0c12b82,2025-12-08-18-23,10.7572,106.6619,3,wmo code,Trời nhiều mây,30.3,°C,19.5,°C,33.3,°C,20.2,°C,2025-12-08T06:00,iso8601,2025-12-08T17:30,iso8601,7.4,0.0,mm,5,%,10.4,km/h,22.0,km/h,359,°,2025-12-08,iso8601
c36201641100ff3a417f187e09ee0416,2025-12-08-18-44,10.8291,106.8034,3,wmo code,Trời nhiều mây,30.2,°C,19.4,°C,33.9,°C,20.3,°C,2025-12-08T05:59,iso8601,2025-12-08T17:30,iso8601,7.35,0.0,mm,5,%,10.2,km/h,21.6,km/h,3,°,2025-12-08,iso8601
0061b758a42f099e6d194fe2d6e75c78,2025-12-08-18-43,10.865,106.7284,3,wmo code,Trời nhiều mây,30.2,°C,19.4,°C,33.9,°C,20.3,°C,2025-12-08T05:59,iso8601,2025-12-08T17:30,iso8601,7.35,0.0,mm,5,%,10.2,km/h,21.6,km/h,3,°,2025-12-08,iso8601
19c8635315668853c94cc17a523ee97f,2025-12-08-18-45,10.8878,106.7288,3,wmo code,Trời nhiều mây,30.2,°C,19.4,°C,33.9,°C,20.2,°C,2025-12-08T05:59,iso8601,2025-12-08T17:30,iso8601,7.35,0.0,mm,0,%,10.2,km/h,21.6,km/h,3,°,2025-12-08,iso8601
3dc3aeb6ac2cd4c7167f26a1d7f12ea3,2025-12-08-18-45,10.8753,106.7512,3,wmo code,Trời nhiều mây,30.0,°C,19.2,°C,33.7,°C,20.1,°C,2025-12-08T05:59,iso8601,2025-12-08T17:30,iso8601,7.35,0.0,mm,0,%,10.2,km/h,21.6,km/h,3,°,2025-12-08,iso8601
5dc12115410d75d380e733bc87568957,2025-12-08-18-49,10.7903,106.8268,3,wmo code,Trời nhiều mây,30.1,°C,20.7,°C,33.8,°C,21.9,°C,2025-12-08T05:59,iso8601,2025-12-08T17:29,iso8601,7.35,0.1,mm,5,%,8.0,km/h,18.4,km/h,347,°,2025-12-08,iso8601
b12a1264b6847d3f14c9a26861dae40f,2025-12-08-18-28,10.7379,106.6148,3,wmo code,Trời nhiều mây,30.3,°C,19.5,°C,33.3,°C,20.2,°C,2025-12-08T06:00,iso8601,2025-12-08T17:30,iso8601,7.4,0.0,mm,0,%,10.4,km/h,22.0,km/h,359,°,2025-12-08,iso8601
873b5877bb08b0428264550a58850c85,2025-12-08-18-43,10.8113,106.696,3,wmo code,Trời nhiều mây,30.0,°C,19.8,°C,33.6,°C,20.7,°C,2025-12-08T05:59,iso8601,2025-12-08T17:30,iso8601,7.35,0.0,mm,5,%,8.2,km/h,18.4,km/h,344,°,2025-12-08,iso8601
7fafdc57528daa49e98ef4e9841cfc29,2025-12-08-18-24,10.8839,106.802,3,wmo code,Trời nhiều mây,30.1,°C,19.3,°C,33.8,°C,20.2,°C,2025-12-08T05:59,iso8601,2025-12-08T17:30,iso8601,7.35,0.0,mm,0,%,10.2,km/h,21.6,km/h,3,°,2025-12-08,iso8601
9a4282192c936b70eb0b0847abd98669,2025-12-08-18-40,10.7647,106.6921,3,wmo code,Trời nhiều mây,30.0,°C,19.8,°C,33.6,°C,20.7,°C,2025-12-08T05:59,iso8601,2025-12-08T17:30,iso8601,7.4,0.0,mm,5,%,8.2,km/h,18.4,km/h,344,°,2025-12-08,iso8601
8fd77284e48fb199ce2e9b333fed3361,2025-12-08-18-44,10.866,106.7817,3,wmo code,Trời nhiều mây,30.2,°C,19.4,°C,33.9,°C,20.3,°C,2025-12-08T05:59,iso8601,2025-12-08T17:30,iso8601,7.35,0.0,mm,5,%,10.2,km/h,21.6,km/h,3,°,2025-12-08,iso8601
0af145baf979acec1b8de72fdfafd6d4,2025-12-08-18-45,10.7927,106.6967,3,wmo code,Trời nhiều mây,30.0,°C,19.8,°C,33.7,°C,20.8,°C,2025-12-08T05:59,iso8601,2025-12-08T17:30,iso8601,7.35,0.0,mm,5,%,8.2,km/h,18.4,km/h,344,°,2025-12-08,iso8601
d1e5a78b3acce6585c46e25516d7c517,2025-12-08-18-48,10.755,106.71,3,wmo code,Trời nhiều mây,30.0,°C,19.8,°C,33.7,°C,20.8,°C,2025-12-08T05:59,iso8601,2025-12-08T17:30,iso8601,7.4,0.0,mm,5,%,8.2,km/h,18.4,km/h,344,°,2025-12-08,iso8601
7872630f267e6a8b1cb8cefd4969f75f,2025-12-08-18-45,10.8025,106.6659,3,wmo code,Trời nhiều mây,30.2,°C,19.5,°C,33.3,°C,20.2,°C,2025-12-08T06:00,iso8601,2025-12-08T17:30,iso8601,7.35,0.0,mm,5,%,10.4,km/h,22.0,km/h,359,°,2025-12-08,iso8601
61c36bba58e63f03d429f5069ede8f46,2025-12-08-18-48,10.8615,106.6652,3,wmo code,Trời nhiều mây,30.1,°C,19.3,°C,33.8,°C,20.2,°C,2025-12-08T06:00,iso8601,2025-12-08T17:30,iso8601,7.35,0.0,mm,5,%,10.2,km/h,21.6,km/h,3,°,2025-12-08,iso8601
d925d332c329172d9673b1ef681cb8ac,2025-12-08-18-49,10.7209,106.6572,3,wmo code,Trời nhiều mây,30.3,°C,19.5,°C,33.4,°C,20.2,°C,2025-12-08T06:00,iso8601,2025-12-08T17:30,iso8601,7.4,0.0,mm,5,%,10.4,km/h,22.0,km/h,359,°,2025-12-08,iso8601
5e821e35fcda063be2bb55ed0cd66a70,2025-12-08-18-40,10.8195,106.5507,3,wmo code,Trời nhiều mây,30.0,°C,19.9,°C,33.2,°C,20.5,°C,2025-12-08T06:00,iso8601,2025-12-08T17:31,iso8601,7.35,0.0,mm,0,%,12.8,km/h,24.1,km/h,16,°,2025-12-08,iso8601
db8992c620d36987239bba1962cdfc4d,2025-12-08-18-28,10.8346,106.7009,3,wmo code,Trời nhiều mây,30.2,°C,19.4,°C,34.0,°C,20.3,°C,2025-12-08T05:59,iso8601,2025-12-08T17:30,iso8601,7.35,0.0,mm,5,%,10.2,km/h,21.6,km/h,3,°,2025-12-08,iso8601
deb41e409d227136251629f2882ac34f,2025-12-08-18-24,10.7785,106.7322,3,wmo code,Trời nhiều mây,30.0,°C,19.8,°C,33.7,°C,20.8,°C,2025-12-08T05:59,iso8601,2025-12-08T17:30,iso8601,7.35,0.0,mm,5,%,8.2,km/h,18.4,km/h,344,°,2025-12-08,iso8601
2b4070260e2726ad3905ed6b34017434,2025-12-08-18-45,10.8489,106.7742,3,wmo code,Trời nhiều mây,30.0,°C,19.2,°C,33.7,°C,20.1,°C,2025-12-08T05:59,iso8601,2025-12-08T17:30,iso8601,7.35,0.0,mm,5,%,10.2,km/h,21.6,km/h,3,°,2025-12-08,iso8601
a960c9c163a0e85f4a7ae26917c861a5,2025-12-08-18-44,10.7337,106.7116,3,wmo code,Trời nhiều mây,30.0,°C,19.8,°C,33.7,°C,20.8,°C,2025-12-08T05:59,iso8601,2025-12-08T17:30,iso8601,7.4,0.0,mm,5,%,8.2,km/h,18.4,km/h,344,°,2025-12-08,iso8601
bfa0cc6491ea7a10d4e693c672c4a592,2025-12-08-18-45,10.753,106.6686,3,wmo code,Trời nhiều mây,30.3,°C,19.5,°C,33.3,°C,20.2,°C,2025-12-08T06:00,iso8601,2025-12-08T17:30,iso8601,7.4,0.0,mm,5,%,10.4,km/h,22.0,km/h,359,°,2025-12-08,iso8601
e91d050d81a15c1854aafa980d24fda9,2025-12-08-18-48,10.758,106.6493,3,wmo code,Trời nhiều mây,30.3,°C,19.5,°C,33.3,°C,20.2,°C,2025-12-08T06:00,iso8601,2025-12-08T17:30,iso8601,7.4,0.0,mm,5,%,10.4,km/h,22.0,km/h,359,°,2025-12-08,iso8601
3283a06ce034f65eda092dffccc06d7b,2025-12-08-18-43,10.7712,106.6966,3,wmo code,Trời nhiều mây,30.0,°C,19.8,°C,33.6,°C,20.7,°C,2025-12-08T05:59,iso8601,2025-12-08T17:30,iso8601,7.4,0.0,mm,5,%,8.2,km/h,18.4,km/h,344,°,2025-12-08,iso8601
931e092078f2614a71934d3a4ec00d60,2025-12-08-18-40,10.7983,106.725,3,wmo code,Trời nhiều mây,30.0,°C,19.8,°C,33.7,°C,20.8,°C,2025-12-08T05:59,iso8601,2025-12-08T17:30,iso8601,7.35,0.0,mm,5,%,8.2,km/h,18.4,km/h,344,°,2025-12-08,iso8601
e75804c942982977f006580ba5986f84,2025-12-08-18-24,10.7804,106.6985,3,wmo code,Trời nhiều mây,29.9,°C,19.7,°C,33.5,°C,20.6,°C,2025-12-08T05:59,iso8601,2025-12-08T17:30,iso8601,7.35,0.0,mm,5,%,8.2,km/h,18.4,km/h,344,°,2025-12-08,iso8601
86eb4d8d56efd88ec1eae6d1a69b2f73,2025-12-08-18-43,10.7842,106.6518,3,wmo code,Trời nhiều mây,30.2,°C,19.5,°C,33.3,°C,20.1,°C,2025-12-08T06:00,iso8601,2025-12-08T17:30,iso8601,7.35,0.0,mm,5,%,10.4,km/h,22.0,km/h,359,°,2025-12-08,iso8601
d2a5c936235345a42aaa6cba59014b74,2025-12-08-18-45,10.7414,106.6885,3,wmo code,Trời nhiều mây,30.0,°C,19.8,°C,33.7,°C,20.8,°C,2025-12-08T05:59,iso8601,2025-12-08T17:30,iso8601,7.4,0.0,mm,5,%,8.2,km/h,18.4,km/h,344,°,2025-12-08,iso8601
9d4dfa0bc2b0894f70651b92575ada16,2025-12-08-18-45,10.8656,106.6001,3,wmo code,Trời nhiều mây,30.1,°C,19.3,°C,33.8,°C,20.1,°C,2025-12-08T06:00,iso8601,2025-12-08T17:30,iso8601,7.35,0.0,mm,0,%,10.2,km/h,21.6,km/h,3,°,2025-12-08,iso8601
aedfcc521095d7d7ff4a56ad4969f6c6,2025-12-08-18-44,10.8374,106.6187,3,wmo code,Trời nhiều mây,30.1,°C,19.3,°C,33.8,°C,20.2,°C,2025-12-08T06:00,iso8601,2025-12-08T17:30,iso8601,7.35,0.0,mm,0,%,10.2,km/h,21.6,km/h,3,°,2025-12-08,iso8601
aef549c188f0d96af305bf3dd1f54ee4,2025-12-08-18-49,10.797,106.6459,3,wmo code,Trời nhiều mây,30.2,°C,19.5,°C,33.3,°C,20.2,°C,2025-12-08T06:00,iso8601,2025-12-08T17:30,iso8601,7.35,0.0,mm,5,%,10.4,km/h,22.0,km/h,359,°,2025-12-08,iso8601
608546c09584d04780051ef25b4d4be4,2025-12-08-18-49,10.8739,106.8076,3,wmo code,Trời nhiều mây,30.0,°C,19.2,°C,33.7,°C,20.0,°C,2025-12-08T05:59,iso8601,2025-12-08T17:30,iso8601,7.35,0.0,mm,5,%,10.2,km/h,21.6,km/h,3,°,2025-12-08,iso8601
40d06e6195c86f447f9dba3952adacfa,2025-12-08-18-48,10.7333,106.82,3,wmo code,Trời nhiều mây,30.1,°C,20.7,°C,33.8,°C,21.9,°C,2025-12-08T05:59,iso8601,2025-12-08T17:29,iso8601,7.35,0.1,mm,5,%,8.0,km/h,18.4,km/h,347,°,2025-12-08,iso8601
ffa8f888d5cc6bbe632951ae521c8a80,2025-12-08-18-24,10.7997,106.6413,3,wmo code,Trời nhiều mây,30.2,°C,19.5,°C,33.3,°C,20.2,°C,2025-12-08T06:00,iso8601,2025-12-08T17:30,iso8601,7.35,0.0,mm,5,%,10.4,km/h,22.0,km/h,359,°,2025-12-08,iso8601
5a7e5839041549c6fb45086cda5cf4ee,2025-12-08-18-29,10.7781,106.6852,3,wmo code,Trời nhiều mây,30.2,°C,19.5,°C,33.3,°C,20.2,°C,2025-12-08T06:00,iso8601,2025-12-08T17:30,iso8601,7.35,0.0,mm,5,%,10.4,km/h,22.0,km/h,359,°,2025-12-08,iso8601
a753b1bdb2fdfddde889ea1af3400b15,2025-12-08-18-40,10.8707,106.6769,3,wmo code,Trời nhiều mây,30.1,°C,19.3,°C,33.8,°C,20.2,°C,2025-12-08T06:00,iso8601,2025-12-08T17:30,iso8601,7.35,0.0,mm,5,%,10.2,km/h,21.6,km/h,3,°,2025-12-08,iso8601
220b4b77862c3de70562cc820ae0c922,2025-12-08-18-43,10.7862,106.863,3,wmo code,Trời nhiều mây,30.2,°C,20.7,°C,33.9,°C,22.0,°C,2025-12-08T05:59,iso8601,2025-12-08T17:29,iso8601,7.35,0.1,mm,5,%,8.0,km/h,18.4,km/h,347,°,2025-12-08,iso8601
db2114bc8fa4cf03dafb98634cd4dc80,2025-12-08-18-29,10.8274,106.6249,3,wmo code,Trời nhiều mây,30.1,°C,19.3,°C,33.8,°C,20.2,°C,2025-12-08T06:00,iso8601,2025-12-08T17:30,iso8601,7.35,0.0,mm,0,%,10.2,km/h,21.6,km/h,3,°,2025-12-08,iso8601
6b584a04b44c9d951cfa8ccf3c5c490c,2025-12-08-18-45,10.8709,106.7329,3,wmo code,Trời nhiều mây,30.2,°C,19.4,°C,33.9,°C,20.3,°C,2025-12-08T05:59,iso8601,2025-12-08T17:30,iso8601,7.35,0.0,mm,5,%,10.2,km/h,21.6,km/h,3,°,2025-12-08,iso8601
cd895fd509f55daf8729076c41d8fa39,2025-12-08-18-44,10.7524,106.7242,3,wmo code,Trời nhiều mây,30.0,°C,19.8,°C,33.7,°C,20.8,°C,2025-12-08T05:59,iso8601,2025-12-08T17:30,iso8601,7.4,0.0,mm,5,%,8.2,km/h,18.4,km/h,344,°,2025-12-08,iso8601
9364df0a65839c6b289e2c4469d3d22c,2025-12-08-18-24,10.7701,106.6941,3,wmo code,Trời nhiều mây,30.0,°C,19.8,°C,33.6,°C,20.7,°C,2025-12-08T05:59,iso8601,2025-12-08T17:30,iso8601,7.4,0.0,mm,5,%,8.2,km/h,18.4,km/h,344,°,2025-12-08,iso8601
32828727293ddce09fe8e662a3796bae,2025-12-08-18-29,10.7822,106.6288,3,wmo code,Trời nhiều mây,30.3,°C,19.5,°C,33.3,°C,20.2,°C,2025-12-08T06:00,iso8601,2025-12-08T17:30,iso8601,7.35,0.0,mm,5,%,10.4,km/h,22.0,km/h,359,°,2025-12-08,iso8601
c2fce3720560919f0edc308e66c79f50,2025-12-08-18-48,10.762,106.657,3,wmo code,Trời nhiều mây,30.3,°C,19.5,°C,33.3,°C,20.2,°C,2025-12-08T06:00,iso8601,2025-12-08T17:30,iso8601,7.4,0.0,mm,5,%,10.4,km/h,22.0,km/h,359,°,2025-12-08,iso8601
fa6e13c419fb1b5e85f6b85ae022fc35,2025-12-08-18-40,10.7712,106.6992,3,wmo code,Trời nhiều mây,30.0,°C,19.8,°C,33.7,°C,20.8,°C,2025-12-08T05:59,iso8601,2025-12-08T17:30,iso8601,7.4,0.0,mm,5,%,8.2,km/h,18.4,km/h,344,°,2025-12-08,iso8601
4ff1c86146a8f15a787642fe50ee30d5,2025-12-08-18-45,10.8007,106.7364,3,wmo code,Trời nhiều mây,30.0,°C,19.8,°C,33.7,°C,20.8,°C,2025-12-08T05:59,iso8601,2025-12-08T17:30,iso8601,7.35,0.0,mm,5,%,8.2,km/h,18.4,km/h,344,°,2025-12-08,iso8601
75fd17e13077257ddb3018f84c76eac6,2025-12-08-18-43,10.8004,106.7165,3,wmo code,Trời nhiều mây,30.0,°C,19.8,°C,33.7,°C,20.8,°C,2025-12-08T05:59,iso8601,2025-12-08T17:30,iso8601,7.35,0.0,mm,5,%,8.2,km/h,18.4,km/h,344,°,2025-12-08,iso8601
bb49d8c4f19075ee7fbca8ce4bac2c78,2025-12-08-18-44,10.8669,106.5977,3,wmo code,Trời nhiều mây,30.1,°C,19.3,°C,33.7,°C,20.1,°C,2025-12-08T06:00,iso8601,2025-12-08T17:30,iso8601,7.35,0.0,mm,0,%,10.2,km/h,21.6,km/h,3,°,2025-12-08,iso8601
02801c1189be755f389cb2ec3b613531,2025-12-08-18-45,10.8691,106.7146,3,wmo code,Trời nhiều mây,30.2,°C,19.4,°C,33.9,°C,20.3,°C,2025-12-08T05:59,iso8601,2025-12-08T17:30,iso8601,7.35,0.0,mm,5,%,10.2,km/h,21.6,km/h,3,°,2025-12-08,iso8601
5c0ee164d2f247a7660b2fa34ac8345b,2025-12-08-18-45,10.7782,106.6617,3,wmo code,Trời nhiều mây,30.3,°C,19.5,°C,33.3,°C,20.2,°C,2025-12-08T06:00,iso8601,2025-12-08T17:30,iso8601,7.35,0.0,mm,5,%,10.4,km/h,22.0,km/h,359,°,2025-12-08,iso8601
2f743d00a75280e86e3a2fd3248fae97,2025-12-08-18-48,10.8034,106.7048,3,wmo code,Trời nhiều mây,30.0,°C,19.8,°C,33.7,°C,20.8,°C,2025-12-08T05:59,iso8601,2025-12-08T17:30,iso8601,7.35,0.0,mm,5,%,8.2,km/h,18.4,km/h,344,°,2025-12-08,iso8601
a73b5a0ee699dad4a7c0d16339012da2,2025-12-08-18-49,10.8154,106.6636,3,wmo code,Trời nhiều mây,30.1,°C,19.3,°C,33.7,°C,20.1,°C,2025-12-08T06:00,iso8601,2025-12-08T17:30,iso8601,7.35,0.0,mm,5,%,10.2,km/h,21.6,km/h,3,°,2025-12-08,iso8601
f3bad4165c5bafb5cf3faa190886fe6d,2025-12-08-18-29,10.8074,106.6404,3,wmo code,Trời nhiều mây,30.2,°C,19.5,°C,33.3,°C,20.2,°C,2025-12-08T06:00,iso8601,2025-12-08T17:30,iso8601,7.35,0.0,mm,5,%,10.4,km/h,22.0,km/h,359,°,2025-12-08,iso8601
209ade582eaa3ae5786558a7a66cea25,2025-12-08-18-40,10.8499,106.7748,3,wmo code,Trời nhiều mây,30.0,°C,19.2,°C,33.7,°C,20.1,°C,2025-12-08T05:59,iso8601,2025-12-08T17:30,iso8601,7.35,0.0,mm,5,%,10.2,km/h,21.6,km/h,3,°,2025-12-08,iso8601
5950bd3636d25bc77bb4e9e9692c98e3,2025-12-08-18-24,10.7897,106.7122,3,wmo code,Trời nhiều mây,30.0,°C,19.8,°C,33.7,°C,20.8,°C,2025-12-08T05:59,iso8601,2025-12-08T17:30,iso8601,7.35,0.0,mm,5,%,8.2,km/h,18.4,km/h,344,°,2025-12-08,iso8601
98633ad0fc5093fe3208463dd3710a09,2025-12-08-18-45,10.7657,106.6641,3,wmo code,Trời nhiều mây,30.2,°C,19.5,°C,33.2,°C,20.1,°C,2025-12-08T06:00,iso8601,2025-12-08T17:30,iso8601,7.4,0.0,mm,5,%,10.4,km/h,22.0,km/h,359,°,2025-12-08,iso8601
038f1f5aa618da4ea9f19f803614e643,2025-12-08-18-45,10.7389,106.6898,3,wmo code,Trời nhiều mây,30.0,°C,19.8,°C,33.7,°C,20.8,°C,2025-12-08T05:59,iso8601,2025-12-08T17:30,iso8601,7.4,0.0,mm,5,%,8.2,km/h,18.4,km/h,344,°,2025-12-08,iso8601
9105769bba4279532a89697abbb61d88,2025-12-08-18-43,10.7781,106.7323,3,wmo code,Trời nhiều mây,30.0,°C,19.8,°C,33.7,°C,20.8,°C,2025-12-08T05:59,iso8601,2025-12-08T17:30,iso8601,7.35,0.0,mm,5,%,8.2,km/h,18.4,km/h,344,°,2025-12-08,iso8601
be772df75b516422226b7cfb56573d1d,2025-12-08-18-48,10.7593,106.6656,3,wmo code,Trời nhiều mây,30.2,°C,19.5,°C,33.3,°C,20.2,°C,2025-12-08T06:00,iso8601,2025-12-08T17:30,iso8601,7.4,0.0,mm,5,%,10.4,km/h,22.0,km/h,359,°,2025-12-08,iso8601
6237c4a356ad9dae779897d9c87f4f64,2025-12-08-18-44,10.794,106.8052,3,wmo code,Trời nhiều mây,30.0,°C,19.8,°C,33.7,°C,20.8,°C,2025-12-08T05:59,iso8601,2025-12-08T17:30,iso8601,7.35,0.0,mm,5,%,8.2,km/h,18.4,km/h,344,°,2025-12-08,iso8601
c06a1b8efc6200d0966ed39c3cdeef25,2025-12-08-18-49,10.7658,106.6545,3,wmo code,Trời nhiều mây,30.2,°C,19.5,°C,33.3,°C,20.2,°C,2025-12-08T06:00,iso8601,2025-12-08T17:30,iso8601,7.4,0.0,mm,5,%,10.4,km/h,22.0,km/h,359,°,2025-12-08,iso8601
a179566adbd5698884012c45a0a01aee,2025-12-08-18-43,10.7229,106.7192,3,wmo code,Trời nhiều mây,30.1,°C,19.9,°C,33.7,°C,20.8,°C,2025-12-08T05:59,iso8601,2025-12-08T17:30,iso8601,7.4,0.0,mm,5,%,8.2,km/h,18.4,km/h,344,°,2025-12-08,iso8601
b1bd78e9f106bd74d07a3f5fd05d2c7c,2025-12-08-18-29,10.814,106.6792,3,wmo code,Trời nhiều mây,30.1,°C,19.3,°C,33.8,°C,20.1,°C,2025-12-08T06:00,iso8601,2025-12-08T17:30,iso8601,7.35,0.0,mm,5,%,10.2,km/h,21.6,km/h,3,°,2025-12-08,iso8601
c5ba02c38f7cc53873ee9f364b07a153,2025-12-08-18-41,10.8271,106.7182,3,wmo code,Trời nhiều mây,30.2,°C,19.4,°C,33.9,°C,20.3,°C,2025-12-08T05:59,iso8601,2025-12-08T17:30,iso8601,7.35,0.0,mm,5,%,10.2,km/h,21.6,km/h,3,°,2025-12-08,iso8601
4ea94be526554335f1d9ce80bc93b90c,2025-12-08-18-44,10.7391,106.6047,3,wmo code,Trời nhiều mây,30.3,°C,19.5,°C,33.4,°C,20.3,°C,2025-12-08T06:00,iso8601,2025-12-08T17:30,iso8601,7.4,0.0,mm,0,%,10.4,km/h,22.0,km/h,359,°,2025-12-08,iso8601
17749bd0352f4a16ca94f60978992bf4,2025-12-08-18-45,10.7691,106.6406,3,wmo code,Trời nhiều mây,30.3,°C,19.5,°C,33.3,°C,20.2,°C,2025-12-08T06:00,iso8601,2025-12-08T17:30,iso8601,7.4,0.0,mm,5,%,10.4,km/h,22.0,km/h,359,°,2025-12-08,iso8601
c0df7ab6395377be90f3f3e34633d252,2025-12-08-18-45,10.7134,106.7313,3,wmo code,Trời nhiều mây,30.0,°C,19.8,°C,33.7,°C,20.8,°C,2025-12-08T05:59,iso8601,2025-12-08T17:30,iso8601,7.4,0.0,mm,5,%,8.2,km/h,18.4,km/h,344,°,2025-12-08,iso8601
1a18ebf92c26b4fa90079e937e3a53c2,2025-12-08-18-48,10.7589,106.6691,3,wmo code,Trời nhiều mây,30.2,°C,19.5,°C,33.3,°C,20.2,°C,2025-12-08T06:00,iso8601,2025-12-08T17:30,iso8601,7.4,0.0,mm,5,%,10.4,km/h,22.0,km/h,359,°,2025-12-08,iso8601
c9a118e60e71de5471b34c33ea2c1781,2025-12-08-18-29,10.7815,106.6881,3,wmo code,Trời nhiều mây,30.0,°C,19.8,°C,33.6,°C,20.7,°C,2025-12-08T05:59,iso8601,2025-12-08T17:30,iso8601,7.35,0.0,mm,5,%,8.2,km/h,18.4,km/h,344,°,2025-12-08,iso8601
06024a91e4cbfb9e2a00efbe60407906,2025-12-08-18-24,10.7791,106.6499,3,wmo code,Trời nhiều mây,30.2,°C,19.5,°C,33.3,°C,20.2,°C,2025-12-08T06:00,iso8601,2025-12-08T17:30,iso8601,7.35,0.0,mm,5,%,10.4,km/h,22.0,km/h,359,°,2025-12-08,iso8601
28d72ad2e9fb97295518c87dc1092a1a,2025-12-08-18-24,10.7508,106.659,3,wmo code,Trời nhiều mây,30.2,°C,19.5,°C,33.3,°C,20.2,°C,2025-12-08T06:00,iso8601,2025-12-08T17:30,iso8601,7.4,0.0,mm,5,%,10.4,km/h,22.0,km/h,359,°,2025-12-08,iso8601
d1a299017f3767c5c0ce6f5ededa0f9d,2025-12-08-18-43,10.7981,106.6699,3,wmo code,Trời nhiều mây,30.2,°C,19.5,°C,33.3,°C,20.2,°C,2025-12-08T06:00,iso8601,2025-12-08T17:30,iso8601,7.35,0.0,mm,5,%,10.4,km/h,22.0,km/h,359,°,2025-12-08,iso8601
c8fcbffac85a53be69921d344e0b43c9,2025-12-08-18-44,10.7565,106.6665,3,wmo code,Trời nhiều mây,30.2,°C,19.5,°C,33.3,°C,20.2,°C,2025-12-08T06:00,iso8601,2025-12-08T17:30,iso8601,7.4,0.0,mm,5,%,10.4,km/h,22.0,km/h,359,°,2025-12-08,iso8601
6dda8b1342ad7f1c3ee3790e2f3cadc2,2025-12-08-18-49,10.7452,106.7026,3,wmo code,Trời nhiều mây,30.0,°C,19.8,°C,33.7,°C,20.8,°C,2025-12-08T05:59,iso8601,2025-12-08T17:30,iso8601,7.4,0.0,mm,5,%,8.2,km/h,18.4,km/h,344,°,2025-12-08,iso8601
b054d86623fc5578e63fc284ad3db287,2025-12-08-18-45,10.801,106.6431,3,wmo code,Trời nhiều mây,30.2,°C,19.5,°C,33.3,°C,20.2,°C,2025-12-08T06:00,iso8601,2025-12-08T17:30,iso8601,7.35,0.0,mm,5,%,10.4,km/h,22.0,km/h,359,°,2025-12-08,iso8601
3b8503c98906d29b3dc213c8b61b3094,2025-12-08-18-48,10.7614,106.6685,3,wmo code,Trời nhiều mây,30.2,°C,19.5,°C,33.3,°C,20.2,°C,2025-12-08T06:00,iso8601,2025-12-08T17:30,iso8601,7.4,0.0,mm,5,%,10.4,km/h,22.0,km/h,359,°,2025-12-08,iso8601
27d44fb2b3217cd2af1197a6840ae28f,2025-12-08-18-41,10.803,106.7101,3,wmo code,Trời nhiều mây,30.0,°C,19.8,°C,33.7,°C,20.8,°C,2025-12-08T05:59,iso8601,2025-12-08T17:30,iso8601,7.35,0.0,mm,5,%,8.2,km/h,18.4,km/h,344,°,2025-12-08,iso8601
affae36eff23201dda569057e2294a40,2025-12-08-18-45,10.8428,106.6753,3,wmo code,Trời nhiều mây,30.1,°C,19.3,°C,33.7,°C,20.1,°C,2025-12-08T06:00,iso8601,2025-12-08T17:30,iso8601,7.35,0.0,mm,5,%,10.2,km/h,21.6,km/h,3,°,2025-12-08,iso8601
9a4098e379a9b102af2e32a4d82c34cb,2025-12-08-18-24,10.7752,106.6464,3,wmo code,Trời nhiều mây,30.2,°C,19.5,°C,33.3,°C,20.2,°C,2025-12-08T06:00,iso8601,2025-12-08T17:30,iso8601,7.4,0.0,mm,5,%,10.4,km/h,22.0,km/h,359,°,2025-12-08,iso8601
c00e8a42b8162fb5644d5427c2cae0c5,2025-12-08-18-29,10.769,106.6525,3,wmo code,Trời nhiều mây,30.3,°C,19.5,°C,33.3,°C,20.2,°C,2025-12-08T06:00,iso8601,2025-12-08T17:30,iso8601,7.4,0.0,mm,5,%,10.4,km/h,22.0,km/h,359,°,2025-12-08,iso8601
cec90236b5428cc561e75a4e2a5ae632,2025-12-08-18-43,10.8381,106.69,3,wmo code,Trời nhiều mây,30.2,°C,19.4,°C,33.9,°C,20.3,°C,2025-12-08T05:59,iso8601,2025-12-08T17:30,iso8601,7.35,0.0,mm,5,%,10.2,km/h,21.6,km/h,3,°,2025-12-08,iso8601
0e3f9a7458675955792ad89d4d670e37,2025-12-08-18-49,10.8181,106.7128,3,wmo code,Trời nhiều mây,30.2,°C,19.4,°C,33.9,°C,20.3,°C,2025-12-08T05:59,iso8601,2025-12-08T17:30,iso8601,7.35,0.0,mm,5,%,10.2,km/h,21.6,km/h,3,°,2025-12-08,iso8601
30552af3a2fe8d6f783d9772e098f6ee,2025-12-08-18-41,10.7186,106.6037,3,wmo code,Trời nhiều mây,30.3,°C,19.5,°C,33.4,°C,20.3,°C,2025-12-08T06:00,iso8601,2025-12-08T17:30,iso8601,7.4,0.0,mm,0,%,10.4,km/h,22.0,km/h,359,°,2025-12-08,iso8601
df592d3ec1fe413b574dd7e7172ce17e,2025-12-08-18-45,10.8599,106.6039,3,wmo code,Trời nhiều mây,30.1,°C,19.3,°C,33.7,°C,20.1,°C,2025-12-08T06:00,iso8601,2025-12-08T17:30,iso8601,7.35,0.0,mm,0,%,10.2,km/h,21.6,km/h,3,°,2025-12-08,iso8601
b562b9ecd5bab3e0952cb15cc47e6a33,2025-12-08-18-45,10.7547,106.6314,3,wmo code,Trời nhiều mây,30.3,°C,19.5,°C,33.3,°C,20.2,°C,2025-12-08T06:00,iso8601,2025-12-08T17:30,iso8601,7.4,0.0,mm,5,%,10.4,km/h,22.0,km/h,359,°,2025-12-08,iso8601
40ee8f79ed99e5258c294b0ede150772,2025-12-08-18-48,10.8885,106.584,3,wmo code,Trời nhiều mây,30.1,°C,19.3,°C,33.8,°C,20.2,°C,2025-12-08T06:00,iso8601,2025-12-08T17:30,iso8601,7.35,0.0,mm,0,%,10.2,km/h,21.6,km/h,3,°,2025-12-08,iso8601
47d57b8fa5d938cb21fb54105483948a,2025-12-08-18-44,10.8761,106.7543,3,wmo code,Trời nhiều mây,30.0,°C,19.2,°C,33.7,°C,20.0,°C,2025-12-08T05:59,iso8601,2025-12-08T17:30,iso8601,7.35,0.0,mm,0,%,10.2,km/h,21.6,km/h,3,°,2025-12-08,iso8601
2ee54e5ee76e59ff3f929020cdb1aca7,2025-12-08-18-29,10.7665,106.643,3,wmo code,Trời nhiều mây,30.3,°C,19.5,°C,33.3,°C,20.2,°C,2025-12-08T06:00,iso8601,2025-12-08T17:30,iso8601,7.4,0.0,mm,5,%,10.4,km/h,22.0,km/h,359,°,2025-12-08,iso8601
56540f655ecaf0cd3e212d5b48709ef6,2025-12-08-18-41,10.7644,106.682,3,wmo code,Trời nhiều mây,30.3,°C,19.5,°C,33.3,°C,20.2,°C,2025-12-08T06:00,iso8601,2025-12-08T17:30,iso8601,7.4,0.0,mm,5,%,10.4,km/h,22.0,km/h,359,°,2025-12-08,iso8601
40077c6e55abef8381d592f810bc7d01,2025-12-08-18-43,10.7496,106.5942,3,wmo code,Trời nhiều mây,30.3,°C,19.5,°C,33.4,°C,20.3,°C,2025-12-08T06:00,iso8601,2025-12-08T17:30,iso8601,7.4,0.0,mm,0,%,10.4,km/h,22.0,km/h,359,°,2025-12-08,iso8601
18fcbaee075713c5fc7d919b31f78ea7,2025-12-08-18-24,10.7778,106.6988,3,wmo code,Trời nhiều mây,29.9,°C,19.7,°C,33.6,°C,20.7,°C,2025-12-08T05:59,iso8601,2025-12-08T17:30,iso8601,7.35,0.0,mm,5,%,8.2,km/h,18.4,km/h,344,°,2025-12-08,iso8601
cbfe1ea941e24a51f694bcf52f0dd868,2025-12-08-18-45,10.7291,106.7123,3,wmo code,Trời nhiều mây,30.0,°C,19.8,°C,33.7,°C,20.8,°C,2025-12-08T05:59,iso8601,2025-12-08T17:30,iso8601,7.4,0.0,mm,5,%,8.2,km/h,18.4,km/h,344,°,2025-12-08,iso8601
d6b4558d6ca9da6200cea9f228821936,2025-12-08-18-45,10.8254,106.6006,3,wmo code,Trời nhiều mây,30.1,°C,19.3,°C,33.8,°C,20.2,°C,2025-12-08T06:00,iso8601,2025-12-08T17:30,iso8601,7.35,0.0,mm,0,%,10.2,km/h,21.6,km/h,3,°,2025-12-08,iso8601
c10432c21f3605f30d3cd810f31923c3,2025-12-08-18-48,10.7602,106.6704,3,wmo code,Trời nhiều mây,30.2,°C,19.5,°C,33.3,°C,20.2,°C,2025-12-08T06:00,iso8601,2025-12-08T17:30,iso8601,7.4,0.0,mm,5,%,10.4,km/h,22.0,km/h,359,°,2025-12-08,iso8601
79db08d272a01029d4b4f86014285b8a,2025-12-08-18-44,10.7668,106.6656,3,wmo code,Trời nhiều mây,30.2,°C,19.5,°C,33.3,°C,20.2,°C,2025-12-08T06:00,iso8601,2025-12-08T17:30,iso8601,7.4,0.0,mm,5,%,10.4,km/h,22.0,km/h,359,°,2025-12-08,iso8601
768246f05b046c8c9df0bb29fc350b45,2025-12-08-18-49,10.8214,106.6888,3,wmo code,Trời nhiều mây,30.1,°C,19.3,°C,33.8,°C,20.2,°C,2025-12-08T05:59,iso8601,2025-12-08T17:30,iso8601,7.35,0.0,mm,5,%,10.2,km/h,21.6,km/h,3,°,2025-12-08,iso8601
4a68f23855161f6754d4f540960a6f34,2025-12-08-18-29,10.8094,106.7558,3,wmo code,Trời nhiều mây,30.0,°C,19.8,°C,33.7,°C,20.8,°C,2025-12-08T05:59,iso8601,2025-12-08T17:30,iso8601,7.35,0.0,mm,5,%,8.2,km/h,18.4,km/h,344,°,2025-12-08,iso8601
3be79d9a97f6122a70000c3736d01667,2025-12-08-18-24,10.81,106.7563,3,wmo code,Trời nhiều mây,30.0,°C,19.8,°C,33.7,°C,20.8,°C,2025-12-08T05:59,iso8601,2025-12-08T17:30,iso8601,7.35,0.0,mm,5,%,8.2,km/h,18.4,km/h,344,°,2025-12-08,iso8601
447fc8a6d3b68db5219765fc71d67198,2025-12-08-18-41,10.86,106.6987,3,wmo code,Trời nhiều mây,30.2,°C,19.4,°C,33.9,°C,20.3,°C,2025-12-08T05:59,iso8601,2025-12-08T17:30,iso8601,7.35,0.0,mm,5,%,10.2,km/h,21.6,km/h,3,°,2025-12-08,iso8601
975c85b47b815aa04433b78ed295926e,2025-12-08-18-43,10.8636,106.7455,3,wmo code,Trời nhiều mây,30.1,°C,19.3,°C,33.8,°C,20.2,°C,2025-12-08T05:59,iso8601,2025-12-08T17:30,iso8601,7.35,0.0,mm,5,%,10.2,km/h,21.6,km/h,3,°,2025-12-08,iso8601
aae34676b0a35a0545d443405302fd8c,2025-12-08-18-45,10.7993,106.6785,3,wmo code,Trời nhiều mây,30.2,°C,19.5,°C,33.2,°C,20.1,°C,2025-12-08T06:00,iso8601,2025-12-08T17:30,iso8601,7.35,0.0,mm,5,%,10.4,km/h,22.0,km/h,359,°,2025-12-08,iso8601
d4e002216f4edc3a77b11b9984c8c1e6,2025-12-08-18-48,10.7738,106.7398,3,wmo code,Trời nhiều mây,30.0,°C,19.8,°C,33.7,°C,20.8,°C,2025-12-08T05:59,iso8601,2025-12-08T17:30,iso8601,7.4,0.0,mm,5,%,8.2,km/h,18.4,km/h,344,°,2025-12-08,iso8601
b27d420fb851a52c8488abd8cc1361e9,2025-12-08-18-45,10.7876,106.6783,3,wmo code,Trời nhiều mây,30.2,°C,19.5,°C,33.3,°C,20.2,°C,2025-12-08T06:00,iso8601,2025-12-08T17:30,iso8601,7.35,0.0,mm,5,%,10.4,km/h,22.0,km/h,359,°,2025-12-08,iso8601
63912295e9183a9f8c702bb66225df24,2025-12-08-18-49,10.827,106.6886,3,wmo code,Trời nhiều mây,30.2,°C,19.4,°C,33.9,°C,20.2,°C,2025-12-08T05:59,iso8601,2025-12-08T17:30,iso8601,7.35,0.0,mm,5,%,10.2,km/h,21.6,km/h,3,°,2025-12-08,iso8601
9e33da8c42099b753cc4afcb7e2f885c,2025-12-08-18-44,10.7584,106.6615,3,wmo code,Trời nhiều mây,30.2,°C,19.5,°C,33.3,°C,20.2,°C,2025-12-08T06:00,iso8601,2025-12-08T17:30,iso8601,7.4,0.0,mm,5,%,10.4,km/h,22.0,km/h,359,°,2025-12-08,iso8601
d18072f177d6608c95ab07b28340de09,2025-12-08-18-24,10.782,106.6549,3,wmo code,Trời nhiều mây,30.2,°C,19.5,°C,33.3,°C,20.2,°C,2025-12-08T06:00,iso8601,2025-12-08T17:30,iso8601,7.35,0.0,mm,5,%,10.4,km/h,22.0,km/h,359,°,2025-12-08,iso8601
32b80d1aeaf4553bffede0224626add8,2025-12-08-18-43,10.816,106.7573,3,wmo code,Trời nhiều mây,30.2,°C,19.4,°C,33.9,°C,20.3,°C,2025-12-08T05:59,iso8601,2025-12-08T17:30,iso8601,7.35,0.0,mm,5,%,10.2,km/h,21.6,km/h,3,°,2025-12-08,iso8601
45a5f0ce435f0ecbc44a6cbfaf5a3440,2025-12-08-18-29,10.861,106.7421,3,wmo code,Trời nhiều mây,30.2,°C,19.4,°C,33.9,°C,20.3,°C,2025-12-08T05:59,iso8601,2025-12-08T17:30,iso8601,7.35,0.0,mm,5,%,10.2,km/h,21.6,km/h,3,°,2025-12-08,iso8601
2bd1322ecec53c33e8d6948c00a477a7,2025-12-08-18-44,10.7232,106.6338,3,wmo code,Trời nhiều mây,30.3,°C,19.5,°C,33.4,°C,20.3,°C,2025-12-08T06:00,iso8601,2025-12-08T17:30,iso8601,7.4,0.0,mm,5,%,10.4,km/h,22.0,km/h,359,°,2025-12-08,iso8601
ba81ae121da65d6eefde7171c47aedfa,2025-12-08-18-41,10.7605,106.6624,3,wmo code,Trời nhiều mây,30.2,°C,19.5,°C,33.3,°C,20.2,°C,2025-12-08T06:00,iso8601,2025-12-08T17:30,iso8601,7.4,0.0,mm,5,%,10.4,km/h,22.0,km/h,359,°,2025-12-08,iso8601
c18197709096f5642adb864a182087af,2025-12-08-18-45,10.7859,106.6815,3,wmo code,Trời nhiều mây,30.3,°C,19.5,°C,33.3,°C,20.2,°C,2025-12-08T06:00,iso8601,2025-12-08T17:30,iso8601,7.35,0.0,mm,5,%,10.4,km/h,22.0,km/h,359,°,2025-12-08,iso8601
45afa7299dcd2a6ec8ea88afb77511a8,2025-12-08-18-48,10.8453,106.7716,3,wmo code,Trời nhiều mây,30.1,°C,19.3,°C,33.7,°C,20.1,°C,2025-12-08T05:59,iso8601,2025-12-08T17:30,iso8601,7.35,0.0,mm,5,%,10.2,km/h,21.6,km/h,3,°,2025-12-08,iso8601
daaeaeb9ed3c25549d5261ad2fe56800,2025-12-08-18-45,10.8385,106.68,3,wmo code,Trời nhiều mây,30.1,°C,19.3,°C,33.7,°C,20.1,°C,2025-12-08T06:00,iso8601,2025-12-08T17:30,iso8601,7.35,0.0,mm,5,%,10.2,km/h,21.6,km/h,3,°,2025-12-08,iso8601
71e4041441c7481d02f90f397e354f3c,2025-12-08-18-25,10.8267,106.6795,3,wmo code,Trời nhiều mây,30.0,°C,19.2,°C,33.7,°C,20.1,°C,2025-12-08T06:00,iso8601,2025-12-08T17:30,iso8601,7.35,0.0,mm,5,%,10.2,km/h,21.6,km/h,3,°,2025-12-08,iso8601
48ed2cb8bdec7fb5383149c4381dac31,2025-12-08-18-30,10.8608,106.7151,3,wmo code,Trời nhiều mây,30.2,°C,19.4,°C,33.9,°C,20.3,°C,2025-12-08T05:59,iso8601,2025-12-08T17:30,iso8601,7.35,0.0,mm,5,%,10.2,km/h,21.6,km/h,3,°,2025-12-08,iso8601
c7d7260e52bed314656b87bc6a0c6cb2,2025-12-08-18-43,10.7461,106.6682,3,wmo code,Trời nhiều mây,30.3,°C,19.5,°C,33.3,°C,20.2,°C,2025-12-08T06:00,iso8601,2025-12-08T17:30,iso8601,7.4,0.0,mm,5,%,10.4,km/h,22.0,km/h,359,°,2025-12-08,iso8601
b2bc3f105c6d87dd7bd7128796f40ec8,2025-12-08-18-44,10.8588,106.6797,3,wmo code,Trời nhiều mây,30.1,°C,19.3,°C,33.8,°C,20.2,°C,2025-12-08T06:00,iso8601,2025-12-08T17:30,iso8601,7.35,0.0,mm,5,%,10.2,km/h,21.6,km/h,3,°,2025-12-08,iso8601
71d8ab4cb8c71743cfeafd484b7783ec,2025-12-08-18-41,10.7443,106.6957,3,wmo code,Trời nhiều mây,30.0,°C,19.8,°C,33.7,°C,20.8,°C,2025-12-08T05:59,iso8601,2025-12-08T17:30,iso8601,7.4,0.0,mm,5,%,8.2,km/h,18.4,km/h,344,°,2025-12-08,iso8601
1e522c733dccbfbb0adb05bea6ebdab2,2025-12-08-18-45,10.789,106.7168,3,wmo code,Trời nhiều mây,30.0,°C,19.8,°C,33.7,°C,20.8,°C,2025-12-08T05:59,iso8601,2025-12-08T17:30,iso8601,7.35,0.0,mm,5,%,8.2,km/h,18.4,km/h,344,°,2025-12-08,iso8601
0c5789508b78f3391791b84ee047f28d,2025-12-08-18-49,10.7722,106.6838,3,wmo code,Trời nhiều mây,30.2,°C,19.5,°C,33.3,°C,20.1,°C,2025-12-08T06:00,iso8601,2025-12-08T17:30,iso8601,7.4,0.0,mm,5,%,10.4,km/h,22.0,km/h,359,°,2025-12-08,iso8601
1546bffddbe259fb943c0c70473a4f91,2025-12-08-18-48,10.6855,106.5541,3,wmo code,Trời nhiều mây,30.2,°C,20.2,°C,33.5,°C,21.0,°C,2025-12-08T06:00,iso8601,2025-12-08T17:31,iso8601,7.4,0.0,mm,0,%,9.6,km/h,19.4,km/h,358,°,2025-12-08,iso8601
ce594929665cfa4da77b08cbace9a6ae,2025-12-08-18-45,10.7827,106.6495,3,wmo code,Trời nhiều mây,30.2,°C,19.5,°C,33.3,°C,20.2,°C,2025-12-08T06:00,iso8601,2025-12-08T17:30,iso8601,7.35,0.0,mm,5,%,10.4,km/h,22.0,km/h,359,°,2025-12-08,iso8601
e2b4b00d3773011513d292061d5b72f2,2025-12-08-18-49,10.7817,106.6249,3,wmo code,Trời nhiều mây,30.3,°C,19.5,°C,33.3,°C,20.2,°C,2025-12-08T06:00,iso8601,2025-12-08T17:30,iso8601,7.35,0.0,mm,0,%,10.4,km/h,22.0,km/h,359,°,2025-12-08,iso8601
5691ba95d95c1aa1bbdbfc3f0d552ef6,2025-12-08-18-41,10.7805,106.6792,3,wmo code,Trời nhiều mây,30.3,°C,19.5,°C,33.3,°C,20.2,°C,2025-12-08T06:00,iso8601,2025-12-08T17:30,iso8601,7.35,0.0,mm,5,%,10.4,km/h,22.0,km/h,359,°,2025-12-08,iso8601
a5225eb04a16008d727d7309ff01a126,2025-12-08-18-44,10.8339,106.6207,3,wmo code,Trời nhiều mây,30.1,°C,19.3,°C,33.8,°C,20.1,°C,2025-12-08T06:00,iso8601,2025-12-08T17:30,iso8601,7.35,0.0,mm,0,%,10.2,km/h,21.6,km/h,3,°,2025-12-08,iso8601
438d803e98b5e9edb01239ed9f38a441,2025-12-08-18-30,10.8386,106.7676,3,wmo code,Trời nhiều mây,30.2,°C,19.4,°C,33.9,°C,20.2,°C,2025-12-08T05:59,iso8601,2025-12-08T17:30,iso8601,7.35,0.0,mm,5,%,10.2,km/h,21.6,km/h,3,°,2025-12-08,iso8601
33659cfa335ae26ebb27ec2d943d073d,2025-12-08-18-25,10.793,106.68,3,wmo code,Trời nhiều mây,30.3,°C,19.5,°C,33.3,°C,20.2,°C,2025-12-08T06:00,iso8601,2025-12-08T17:30,iso8601,7.35,0.0,mm,5,%,10.4,km/h,22.0,km/h,359,°,2025-12-08,iso8601
5bdefc18782ae7a451aba738f7cf464c,2025-12-08-18-43,10.8458,106.6379,3,wmo code,Trời nhiều mây,30.1,°C,19.3,°C,33.8,°C,20.2,°C,2025-12-08T06:00,iso8601,2025-12-08T17:30,iso8601,7.35,0.0,mm,5,%,10.2,km/h,21.6,km/h,3,°,2025-12-08,iso8601
dda3a3119514ffc33eb07addfd018b70,2025-12-08-18-45,10.7778,106.6849,3,wmo code,Trời nhiều mây,30.3,°C,19.5,°C,33.3,°C,20.2,°C,2025-12-08T06:00,iso8601,2025-12-08T17:30,iso8601,7.35,0.0,mm,5,%,10.4,km/h,22.0,km/h,359,°,2025-12-08,iso8601
98439f98391e313ef8c24e496830334f,2025-12-08-18-45,10.7989,106.7192,3,wmo code,Trời nhiều mây,30.0,°C,19.8,°C,33.7,°C,20.8,°C,2025-12-08T05:59,iso8601,2025-12-08T17:30,iso8601,7.35,0.0,mm,5,%,8.2,km/h,18.4,km/h,344,°,2025-12-08,iso8601
57cac10e5743ef4902afad6f54b8eeb3,2025-12-08-18-25,10.7266,106.723,3,wmo code,Trời nhiều mây,30.0,°C,19.8,°C,33.7,°C,20.8,°C,2025-12-08T05:59,iso8601,2025-12-08T17:30,iso8601,7.4,0.0,mm,5,%,8.2,km/h,18.4,km/h,344,°,2025-12-08,iso8601
b68ce6b2e73ca7d6d966cdc718ffa5de,2025-12-08-18-48,10.8874,106.7382,3,wmo code,Trời nhiều mây,30.1,°C,19.3,°C,33.8,°C,20.1,°C,2025-12-08T05:59,iso8601,2025-12-08T17:30,iso8601,7.35,0.0,mm,0,%,10.2,km/h,21.6,km/h,3,°,2025-12-08,iso8601
115016d4642e2c221204dff826979d47,2025-12-08-18-44,10.8045,106.6776,3,wmo code,Trời nhiều mây,30.2,°C,19.5,°C,33.2,°C,20.1,°C,2025-12-08T06:00,iso8601,2025-12-08T17:30,iso8601,7.35,0.0,mm,5,%,10.4,km/h,22.0,km/h,359,°,2025-12-08,iso8601
bc8b674fa2656d9856cee71aa75df426,2025-12-08-18-45,10.7639,106.6269,3,wmo code,Trời nhiều mây,30.3,°C,19.5,°C,33.4,°C,20.2,°C,2025-12-08T06:00,iso8601,2025-12-08T17:30,iso8601,7.4,0.0,mm,5,%,10.4,km/h,22.0,km/h,359,°,2025-12-08,iso8601
1379ec4a4dc70a809d7df14442eca710,2025-12-08-18-45,10.7897,106.6518,3,wmo code,Trời nhiều mây,30.2,°C,19.5,°C,33.3,°C,20.2,°C,2025-12-08T06:00,iso8601,2025-12-08T17:30,iso8601,7.35,0.0,mm,5,%,10.4,km/h,22.0,km/h,359,°,2025-12-08,iso8601
abfcf67d913fad9e43c3bf2068eb5422,2025-12-08-18-30,10.7376,106.8142,3,wmo code,Trời nhiều mây,30.1,°C,20.7,°C,33.8,°C,21.9,°C,2025-12-08T05:59,iso8601,2025-12-08T17:29,iso8601,7.4,0.1,mm,5,%,8.0,km/h,18.4,km/h,347,°,2025-12-08,iso8601
2750d3a201062d7deb2e154049891644,2025-12-08-18-41,10.8085,106.7555,3,wmo code,Trời nhiều mây,30.0,°C,19.8,°C,33.7,°C,20.8,°C,2025-12-08T05:59,iso8601,2025-12-08T17:30,iso8601,7.35,0.0,mm,5,%,8.2,km/h,18.4,km/h,344,°,2025-12-08,iso8601
083c1d1e1f533af54f36d1372bbcd36c,2025-12-08-18-49,10.8839,106.707,3,wmo code,Trời nhiều mây,30.2,°C,19.4,°C,33.9,°C,20.3,°C,2025-12-08T05:59,iso8601,2025-12-08T17:30,iso8601,7.35,0.0,mm,0,%,10.2,km/h,21.6,km/h,3,°,2025-12-08,iso8601
e65669193ce60571f14327c3428ec1bd,2025-12-08-18-43,10.8387,106.7363,3,wmo code,Trời nhiều mây,30.2,°C,19.4,°C,33.9,°C,20.3,°C,2025-12-08T05:59,iso8601,2025-12-08T17:30,iso8601,7.35,0.0,mm,5,%,10.2,km/h,21.6,km/h,3,°,2025-12-08,iso8601
0286d59f234561443404a3cb43f94964,2025-12-08-18-25,10.8264,106.68,3,wmo code,Trời nhiều mây,30.1,°C,19.3,°C,33.7,°C,20.1,°C,2025-12-08T06:00,iso8601,2025-12-08T17:30,iso8601,7.35,0.0,mm,5,%,10.2,km/h,21.6,km/h,3,°,2025-12-08,iso8601
2338962aaed3e0409092492e98263046,2025-12-08-18-30,10.8249,106.6275,3,wmo code,Trời nhiều mây,30.1,°C,19.3,°C,33.8,°C,20.2,°C,2025-12-08T06:00,iso8601,2025-12-08T17:30,iso8601,7.35,0.0,mm,5,%,10.2,km/h,21.6,km/h,3,°,2025-12-08,iso8601
11dc2d922327b66d741c39753e9aa472,2025-12-08-18-48,10.8747,106.7487,3,wmo code,Trời nhiều mây,30.1,°C,19.3,°C,33.7,°C,20.1,°C,2025-12-08T05:59,iso8601,2025-12-08T17:30,iso8601,7.35,0.0,mm,5,%,10.2,km/h,21.6,km/h,3,°,2025-12-08,iso8601
1a19e3c1482ed6ff74d99c361f5ff8e9,2025-12-08-18-43,10.7545,106.6583,3,wmo code,Trời nhiều mây,30.3,°C,19.5,°C,33.3,°C,20.2,°C,2025-12-08T06:00,iso8601,2025-12-08T17:30,iso8601,7.4,0.0,mm,5,%,10.4,km/h,22.0,km/h,359,°,2025-12-08,iso8601
3ff2b88cd61445ae362d9d551f4378d6,2025-12-08-18-44,10.8741,106.7305,3,wmo code,Trời nhiều mây,30.2,°C,19.4,°C,33.9,°C,20.3,°C,2025-12-08T05:59,iso8601,2025-12-08T17:30,iso8601,7.35,0.0,mm,5,%,10.2,km/h,21.6,km/h,3,°,2025-12-08,iso8601
f2b31c6d6e96c3002347c66bcbbbeb0e,2025-12-08-18-45,10.8672,106.7747,3,wmo code,Trời nhiều mây,30.1,°C,19.3,°C,33.7,°C,20.1,°C,2025-12-08T05:59,iso8601,2025-12-08T17:30,iso8601,7.35,0.0,mm,5,%,10.2,km/h,21.6,km/h,3,°,2025-12-08,iso8601
83eff32d809455af93e472143bd22c95,2025-12-08-18-48,10.7647,106.6615,3,wmo code,Trời nhiều mây,30.3,°C,19.5,°C,33.3,°C,20.2,°C,2025-12-08T06:00,iso8601,2025-12-08T17:30,iso8601,7.4,0.0,mm,5,%,10.4,km/h,22.0,km/h,359,°,2025-12-08,iso8601
42207b521df1859c147c0601fb423ed8,2025-12-08-18-25,10.7792,106.7001,3,wmo code,Trời nhiều mây,30.0,°C,19.8,°C,33.6,°C,20.7,°C,2025-12-08T05:59,iso8601,2025-12-08T17:30,iso8601,7.35,0.0,mm,5,%,8.2,km/h,18.4,km/h,344,°,2025-12-08,iso8601
e36dfdc71f03ab92e089d1ea6e7673de,2025-12-08-18-45,10.7575,106.6742,3,wmo code,Trời nhiều mây,30.2,°C,19.5,°C,33.3,°C,20.2,°C,2025-12-08T06:00,iso8601,2025-12-08T17:30,iso8601,7.4,0.0,mm,5,%,10.4,km/h,22.0,km/h,359,°,2025-12-08,iso8601
b2c16b0585d24925d45b474129c80584,2025-12-08-18-49,10.7357,106.6934,3,wmo code,Trời nhiều mây,30.0,°C,19.8,°C,33.7,°C,20.8,°C,2025-12-08T05:59,iso8601,2025-12-08T17:30,iso8601,7.4,0.0,mm,5,%,8.2,km/h,18.4,km/h,344,°,2025-12-08,iso8601
cb1f961c35164d938749deb44823ed5f,2025-12-08-18-30,10.8012,106.7099,3,wmo code,Trời nhiều mây,30.0,°C,19.8,°C,33.7,°C,20.8,°C,2025-12-08T05:59,iso8601,2025-12-08T17:30,iso8601,7.35,0.0,mm,5,%,8.2,km/h,18.4,km/h,344,°,2025-12-08,iso8601
9fe2681384cc7911bbe192c9dbe7a28b,2025-12-08-18-41,10.8139,106.6331,3,wmo code,Trời nhiều mây,30.1,°C,19.3,°C,33.8,°C,20.2,°C,2025-12-08T06:00,iso8601,2025-12-08T17:30,iso8601,7.35,0.0,mm,5,%,10.2,km/h,21.6,km/h,3,°,2025-12-08,iso8601
94aadac0163a4195d344b2ff0cf5d166,2025-12-08-18-43,10.8002,106.6678,3,wmo code,Trời nhiều mây,30.3,°C,19.5,°C,33.3,°C,20.2,°C,2025-12-08T06:00,iso8601,2025-12-08T17:30,iso8601,7.35,0.0,mm,5,%,10.4,km/h,22.0,km/h,359,°,2025-12-08,iso8601
386ac6318097163e888241a001ada6e8,2025-12-08-18-44,10.7589,106.6735,3,wmo code,Trời nhiều mây,30.2,°C,19.5,°C,33.3,°C,20.2,°C,2025-12-08T06:00,iso8601,2025-12-08T17:30,iso8601,7.4,0.0,mm,5,%,10.4,km/h,22.0,km/h,359,°,2025-12-08,iso8601
71bd2c75bf9049e44b14c5bd0dca7e4f,2025-12-08-18-45,10.7741,106.6684,3,wmo code,Trời nhiều mây,30.2,°C,19.5,°C,33.3,°C,20.2,°C,2025-12-08T06:00,iso8601,2025-12-08T17:30,iso8601,7.4,0.0,mm,5,%,10.4,km/h,22.0,km/h,359,°,2025-12-08,iso8601
2cfd46861fadbb0b9d44d4cf99a2ab51,2025-12-08-18-45,10.7342,106.7271,3,wmo code,Trời nhiều mây,30.0,°C,19.8,°C,33.7,°C,20.8,°C,2025-12-08T05:59,iso8601,2025-12-08T17:30,iso8601,7.4,0.0,mm,5,%,8.2,km/h,18.4,km/h,344,°,2025-12-08,iso8601
84eb11d4f026108d6c4e5416dbe7c21c,2025-12-08-18-48,10.7493,106.6881,3,wmo code,Trời nhiều mây,30.0,°C,19.8,°C,33.6,°C,20.7,°C,2025-12-08T05:59,iso8601,2025-12-08T17:30,iso8601,7.4,0.0,mm,5,%,8.2,km/h,18.4,km/h,344,°,2025-12-08,iso8601
195265c71531f3f3a57772d5aadc4f58,2025-12-08-18-25,10.8621,106.7959,3,wmo code,Trời nhiều mây,30.1,°C,19.3,°C,33.8,°C,20.2,°C,2025-12-08T05:59,iso8601,2025-12-08T17:30,iso8601,7.35,0.0,mm,5,%,10.2,km/h,21.6,km/h,3,°,2025-12-08,iso8601
7109a723afaddcb0fa03a82dd564180f,2025-12-08-18-30,10.7747,106.6996,3,wmo code,Trời nhiều mây,30.0,°C,19.8,°C,33.6,°C,20.7,°C,2025-12-08T05:59,iso8601,2025-12-08T17:30,iso8601,7.4,0.0,mm,5,%,8.2,km/h,18.4,km/h,344,°,2025-12-08,iso8601
d1af2b7b88243b91d552ea5321fc9744,2025-12-08-18-42,10.7653,106.6752,3,wmo code,Trời nhiều mây,30.2,°C,19.5,°C,33.3,°C,20.2,°C,2025-12-08T06:00,iso8601,2025-12-08T17:30,iso8601,7.4,0.0,mm,5,%,10.4,km/h,22.0,km/h,359,°,2025-12-08,iso8601
9547f59c0fe7c6ddc4f7fa89b15f639b,2025-12-08-18-43,10.7662,106.6449,3,wmo code,Trời nhiều mây,30.3,°C,19.5,°C,33.3,°C,20.2,°C,2025-12-08T06:00,iso8601,2025-12-08T17:30,iso8601,7.4,0.0,mm,5,%,10.4,km/h,22.0,km/h,359,°,2025-12-08,iso8601
6d672ad0d6335ee07b611a1f2f1304d2,2025-12-08-18-44,10.8763,106.8031,3,wmo code,Trời nhiều mây,30.0,°C,19.2,°C,33.7,°C,20.0,°C,2025-12-08T05:59,iso8601,2025-12-08T17:30,iso8601,7.35,0.0,mm,0,%,10.2,km/h,21.6,km/h,3,°,2025-12-08,iso8601
1653868880a3e514ebcf372bc5775689,2025-12-08-18-45,10.7879,106.6919,3,wmo code,Trời nhiều mây,30.0,°C,19.8,°C,33.6,°C,20.7,°C,2025-12-08T05:59,iso8601,2025-12-08T17:30,iso8601,7.35,0.0,mm,5,%,8.2,km/h,18.4,km/h,344,°,2025-12-08,iso8601
5f662f25fd725bdeb66d40dda83905f0,2025-12-08-18-46,10.7693,106.7748,3,wmo code,Trời nhiều mây,30.0,°C,19.8,°C,33.7,°C,20.8,°C,2025-12-08T05:59,iso8601,2025-12-08T17:30,iso8601,7.4,0.0,mm,5,%,8.2,km/h,18.4,km/h,344,°,2025-12-08,iso8601
69eca4cae67ba3461db78de85af8da4d,2025-12-08-18-41,10.8724,106.7674,3,wmo code,Trời nhiều mây,30.1,°C,19.3,°C,33.7,°C,20.1,°C,2025-12-08T05:59,iso8601,2025-12-08T17:30,iso8601,7.35,0.0,mm,5,%,10.2,km/h,21.6,km/h,3,°,2025-12-08,iso8601
cfc1d8a13eb70ffc6d5cf19f6e2839df,2025-12-08-18-49,10.7798,106.6679,3,wmo code,Trời nhiều mây,30.3,°C,19.5,°C,33.3,°C,20.2,°C,2025-12-08T06:00,iso8601,2025-12-08T17:30,iso8601,7.35,0.0,mm,5,%,10.4,km/h,22.0,km/h,359,°,2025-12-08,iso8601
5d212d7c449189e142f8a351a928feed,2025-12-08-18-49,10.7548,106.6708,3,wmo code,Trời nhiều mây,30.3,°C,19.5,°C,33.3,°C,20.2,°C,2025-12-08T06:00,iso8601,2025-12-08T17:30,iso8601,7.4,0.0,mm,5,%,10.4,km/h,22.0,km/h,359,°,2025-12-08,iso8601
1170d5855840fd58018af34a95589f02,2025-12-08-18-25,10.7768,106.7226,3,wmo code,Trời nhiều mây,30.0,°C,19.8,°C,33.7,°C,20.8,°C,2025-12-08T05:59,iso8601,2025-12-08T17:30,iso8601,7.4,0.0,mm,5,%,8.2,km/h,18.4,km/h,344,°,2025-12-08,iso8601
6ed666ef1d3cf472b5247544173b129b,2025-12-08-18-48,10.8251,106.6809,3,wmo code,Trời nhiều mây,30.0,°C,19.2,°C,33.7,°C,20.1,°C,2025-12-08T06:00,iso8601,2025-12-08T17:30,iso8601,7.35,0.0,mm,5,%,10.2,km/h,21.6,km/h,3,°,2025-12-08,iso8601
2c0ec269f75728253ce3e07a5c8fb229,2025-12-08-18-31,10.7808,106.6589,3,wmo code,Trời nhiều mây,30.3,°C,19.5,°C,33.3,°C,20.2,°C,2025-12-08T06:00,iso8601,2025-12-08T17:30,iso8601,7.35,0.0,mm,5,%,10.4,km/h,22.0,km/h,359,°,2025-12-08,iso8601
c1bc92586eafb44a409bf6c1095b5a62,2025-12-08-18-43,10.77,106.647,3,wmo code,Trời nhiều mây,30.2,°C,19.5,°C,33.3,°C,20.2,°C,2025-12-08T06:00,iso8601,2025-12-08T17:30,iso8601,7.4,0.0,mm,5,%,10.4,km/h,22.0,km/h,359,°,2025-12-08,iso8601
f6d6fdc8243654b3205cca9e58cd0e26,2025-12-08-18-45,10.7566,106.6662,3,wmo code,Trời nhiều mây,30.2,°C,19.5,°C,33.3,°C,20.2,°C,2025-12-08T06:00,iso8601,2025-12-08T17:30,iso8601,7.4,0.0,mm,5,%,10.4,km/h,22.0,km/h,359,°,2025-12-08,iso8601
820c45be40784a8caf2d13c653dfbc91,2025-12-08-18-46,10.8745,106.6291,3,wmo code,Trời nhiều mây,30.1,°C,19.3,°C,33.8,°C,20.1,°C,2025-12-08T06:00,iso8601,2025-12-08T17:30,iso8601,7.35,0.0,mm,5,%,10.2,km/h,21.6,km/h,3,°,2025-12-08,iso8601
d8fd416a649dbd26f73250e13f1b7328,2025-12-08-18-44,10.7729,106.6239,3,wmo code,Trời nhiều mây,30.3,°C,19.5,°C,33.3,°C,20.2,°C,2025-12-08T06:00,iso8601,2025-12-08T17:30,iso8601,7.4,0.0,mm,0,%,10.4,km/h,22.0,km/h,359,°,2025-12-08,iso8601
a3e6271e60e93a92876b893df4668fb0,2025-12-08-18-48,10.7575,106.6571,3,wmo code,Trời nhiều mây,30.2,°C,19.5,°C,33.3,°C,20.2,°C,2025-12-08T06:00,iso8601,2025-12-08T17:30,iso8601,7.4,0.0,mm,5,%,10.4,km/h,22.0,km/h,359,°,2025-12-08,iso8601
a2ee134455a71b14e51573466977ae38,2025-12-08-18-42,10.8333,106.6212,3,wmo code,Trời nhiều mây,30.1,°C,19.3,°C,33.8,°C,20.1,°C,2025-12-08T06:00,iso8601,2025-12-08T17:30,iso8601,7.35,0.0,mm,0,%,10.2,km/h,21.6,km/h,3,°,2025-12-08,iso8601
e46d360f9cb75d169efce5ca305ca559,2025-12-08-18-26,10.8416,106.7466,3,wmo code,Trời nhiều mây,30.2,°C,19.4,°C,33.9,°C,20.3,°C,2025-12-08T05:59,iso8601,2025-12-08T17:30,iso8601,7.35,0.0,mm,5,%,10.2,km/h,21.6,km/h,3,°,2025-12-08,iso8601
d619daa10f574702b0448f44d5ce36da,2025-12-08-18-31,10.7823,106.6795,3,wmo code,Trời nhiều mây,30.3,°C,19.5,°C,33.3,°C,20.2,°C,2025-12-08T06:00,iso8601,2025-12-08T17:30,iso8601,7.35,0.0,mm,5,%,10.4,km/h,22.0,km/h,359,°,2025-12-08,iso8601
deadfcd4f8735a5140eeb5af79b4ea02,2025-12-08-18-45,10.7644,106.6616,3,wmo code,Trời nhiều mây,30.3,°C,19.5,°C,33.3,°C,20.2,°C,2025-12-08T06:00,iso8601,2025-12-08T17:30,iso8601,7.4,0.0,mm,5,%,10.4,km/h,22.0,km/h,359,°,2025-12-08,iso8601
cdeee4f593891197eb3578e34020930e,2025-12-08-18-43,10.8005,106.7294,3,wmo code,Trời nhiều mây,30.0,°C,19.8,°C,33.7,°C,20.8,°C,2025-12-08T05:59,iso8601,2025-12-08T17:30,iso8601,7.35,0.0,mm,5,%,8.2,km/h,18.4,km/h,344,°,2025-12-08,iso8601
7e245d5e58ac1a12a41f9d890b876045,2025-12-08-18-44,10.8771,106.732,3,wmo code,Trời nhiều mây,30.2,°C,19.4,°C,33.9,°C,20.3,°C,2025-12-08T05:59,iso8601,2025-12-08T17:30,iso8601,7.35,0.0,mm,0,%,10.2,km/h,21.6,km/h,3,°,2025-12-08,iso8601
48e84d50e2b26c7045e0fc47a9527380,2025-12-08-18-42,10.6894,106.7025,3,wmo code,Trời nhiều mây,30.0,°C,19.8,°C,33.7,°C,20.8,°C,2025-12-08T05:59,iso8601,2025-12-08T17:30,iso8601,7.4,0.0,mm,5,%,8.2,km/h,18.4,km/h,344,°,2025-12-08,iso8601
54e32883329e208e3adcde2159105a68,2025-12-08-18-48,10.7918,106.6959,3,wmo code,Trời nhiều mây,30.0,°C,19.8,°C,33.6,°C,20.7,°C,2025-12-08T05:59,iso8601,2025-12-08T17:30,iso8601,7.35,0.0,mm,5,%,8.2,km/h,18.4,km/h,344,°,2025-12-08,iso8601
9e2c177dde6701fed959959cff55fd8e,2025-12-08-18-46,10.7748,106.6578,3,wmo code,Trời nhiều mây,30.3,°C,19.5,°C,33.3,°C,20.2,°C,2025-12-08T06:00,iso8601,2025-12-08T17:30,iso8601,7.4,0.0,mm,5,%,10.4,km/h,22.0,km/h,359,°,2025-12-08,iso8601
aeecba4644144cf6e51cbee41b99a6a3,2025-12-08-18-48,10.7849,106.651,3,wmo code,Trời nhiều mây,30.2,°C,19.5,°C,33.3,°C,20.2,°C,2025-12-08T06:00,iso8601,2025-12-08T17:30,iso8601,7.35,0.0,mm,5,%,10.4,km/h,22.0,km/h,359,°,2025-12-08,iso8601
f09e9c5468720a5fd76e0bf91db34785,2025-12-08-18-49,10.7711,106.6929,3,wmo code,Trời nhiều mây,30.0,°C,19.8,°C,33.6,°C,20.7,°C,2025-12-08T05:59,iso8601,2025-12-08T17:30,iso8601,7.4,0.0,mm,5,%,8.2,km/h,18.4,km/h,344,°,2025-12-08,iso8601
308ae609e5b64de9ce478c7a11dc35c0,2025-12-08-18-42,10.7527,106.6872,3,wmo code,Trời nhiều mây,30.3,°C,19.6,°C,33.4,°C,20.3,°C,2025-12-08T06:00,iso8601,2025-12-08T17:30,iso8601,7.4,0.0,mm,5,%,10.4,km/h,22.0,km/h,359,°,2025-12-08,iso8601
fe84f77da96da5828f4d4bc487679148,2025-12-08-18-26,10.7682,106.6678,3,wmo code,Trời nhiều mây,30.3,°C,19.5,°C,33.3,°C,20.2,°C,2025-12-08T06:00,iso8601,2025-12-08T17:30,iso8601,7.4,0.0,mm,5,%,10.4,km/h,22.0,km/h,359,°,2025-12-08,iso8601
37b6f4a32bbba0bdc623c18f9da1a428,2025-12-08-18-43,10.8777,106.6783,3,wmo code,Trời nhiều mây,30.1,°C,19.3,°C,33.8,°C,20.2,°C,2025-12-08T06:00,iso8601,2025-12-08T17:30,iso8601,7.35,0.0,mm,0,%,10.2,km/h,21.6,km/h,3,°,2025-12-08,iso8601
d5b497bab56ca0e0253e044357385973,2025-12-08-18-31,10.8025,106.7457,3,wmo code,Trời nhiều mây,30.0,°C,19.8,°C,33.7,°C,20.8,°C,2025-12-08T05:59,iso8601,2025-12-08T17:30,iso8601,7.35,0.0,mm,5,%,8.2,km/h,18.4,km/h,344,°,2025-12-08,iso8601
8c7601cef52f0670f5cb7a5ba1bbadac,2025-12-08-18-44,10.768,106.6953,3,wmo code,Trời nhiều mây,30.0,°C,19.8,°C,33.6,°C,20.7,°C,2025-12-08T05:59,iso8601,2025-12-08T17:30,iso8601,7.4,0.0,mm,5,%,8.2,km/h,18.4,km/h,344,°,2025-12-08,iso8601
4b0ec3a549fc39fb024a03016afa5e1d,2025-12-08-18-45,10.7919,106.7139,3,wmo code,Trời nhiều mây,30.0,°C,19.8,°C,33.7,°C,20.8,°C,2025-12-08T05:59,iso8601,2025-12-08T17:30,iso8601,7.35,0.0,mm,5,%,8.2,km/h,18.4,km/h,344,°,2025-12-08,iso8601
56540f655ecaf0cd3e212d5b48709ef6,2025-12-08-18-49,10.7622,106.683,3,wmo code,Trời nhiều mây,30.2,°C,19.5,°C,33.3,°C,20.2,°C,2025-12-08T06:00,iso8601,2025-12-08T17:30,iso8601,7.4,0.0,mm,5,%,10.4,km/h,22.0,km/h,359,°,2025-12-08,iso8601
b9346845b0f001277213d25f2c3c0a73,2025-12-08-18-31,10.7623,106.6556,3,wmo code,Trời nhiều mây,30.2,°C,19.5,°C,33.3,°C,20.2,°C,2025-12-08T06:00,iso8601,2025-12-08T17:30,iso8601,7.4,0.0,mm,5,%,10.4,km/h,22.0,km/h,359,°,2025-12-08,iso8601
0cce889e4b92cd3c8337237e70ad81e9,2025-12-08-18-48,10.7701,106.6941,3,wmo code,Trời nhiều mây,30.0,°C,19.8,°C,33.6,°C,20.7,°C,2025-12-08T05:59,iso8601,2025-12-08T17:30,iso8601,7.4,0.0,mm,5,%,8.2,km/h,18.4,km/h,344,°,2025-12-08,iso8601
d3c7e159184f07572d71181f2e57dc01,2025-12-08-18-42,10.7958,106.6928,3,wmo code,Trời nhiều mây,30.0,°C,19.8,°C,33.6,°C,20.7,°C,2025-12-08T05:59,iso8601,2025-12-08T17:30,iso8601,7.35,0.0,mm,5,%,8.2,km/h,18.4,km/h,344,°,2025-12-08,iso8601
6b24d4fe1eb93ff1c5e718a5f00f1eb8,2025-12-08-18-26,10.8435,106.6149,3,wmo code,Trời nhiều mây,30.1,°C,19.3,°C,33.7,°C,20.1,°C,2025-12-08T06:00,iso8601,2025-12-08T17:30,iso8601,7.35,0.0,mm,0,%,10.2,km/h,21.6,km/h,3,°,2025-12-08,iso8601
123b363bd3d1692d5c305eebf7b6ea82,2025-12-08-18-46,10.7389,106.6893,3,wmo code,Trời nhiều mây,30.0,°C,19.8,°C,33.7,°C,20.8,°C,2025-12-08T05:59,iso8601,2025-12-08T17:30,iso8601,7.4,0.0,mm,5,%,8.2,km/h,18.4,km/h,344,°,2025-12-08,iso8601
efd4310b3dc2fcd73f2a9acdbcdfe582,2025-12-08-18-43,10.7571,106.7177,3,wmo code,Trời nhiều mây,30.0,°C,19.8,°C,33.7,°C,20.8,°C,2025-12-08T05:59,iso8601,2025-12-08T17:30,iso8601,7.4,0.0,mm,5,%,8.2,km/h,18.4,km/h,344,°,2025-12-08,iso8601
009679450cd5669cc80d7892fd165528,2025-12-08-18-46,10.77,106.6705,3,wmo code,Trời nhiều mây,30.3,°C,19.5,°C,33.3,°C,20.2,°C,2025-12-08T06:00,iso8601,2025-12-08T17:30,iso8601,7.4,0.0,mm,5,%,10.4,km/h,22.0,km/h,359,°,2025-12-08,iso8601
954bf983171d22823fca228e1460eaa6,2025-12-08-18-26,10.8024,106.6423,3,wmo code,Trời nhiều mây,30.2,°C,19.5,°C,33.3,°C,20.2,°C,2025-12-08T06:00,iso8601,2025-12-08T17:30,iso8601,7.35,0.0,mm,5,%,10.4,km/h,22.0,km/h,359,°,2025-12-08,iso8601
f96c06c220bb6aec5f6839606772eb70,2025-12-08-18-45,10.8772,106.6248,3,wmo code,Trời nhiều mây,30.1,°C,19.3,°C,33.8,°C,20.2,°C,2025-12-08T06:00,iso8601,2025-12-08T17:30,iso8601,7.35,0.0,mm,0,%,10.2,km/h,21.6,km/h,3,°,2025-12-08,iso8601
cc6058562b9c182d7aa85fc32dad136f,2025-12-08-18-48,10.7723,106.6272,3,wmo code,Trời nhiều mây,30.3,°C,19.5,°C,33.3,°C,20.2,°C,2025-12-08T06:00,iso8601,2025-12-08T17:30,iso8601,7.4,0.0,mm,5,%,10.4,km/h,22.0,km/h,359,°,2025-12-08,iso8601
b0cadec1091304c426623c131ff84b47,2025-12-08-18-31,10.7748,106.7065,3,wmo code,Trời nhiều mây,30.0,°C,19.8,°C,33.6,°C,20.7,°C,2025-12-08T05:59,iso8601,2025-12-08T17:30,iso8601,7.4,0.0,mm,5,%,8.2,km/h,18.4,km/h,344,°,2025-12-08,iso8601
3c0167e8901fdb249e907289256872ee,2025-12-08-18-44,10.7576,106.6483,3,wmo code,Trời nhiều mây,30.2,°C,19.5,°C,33.3,°C,20.2,°C,2025-12-08T06:00,iso8601,2025-12-08T17:30,iso8601,7.4,0.0,mm,5,%,10.4,km/h,22.0,km/h,359,°,2025-12-08,iso8601
cfee41269e100ac72dee07e16c1b7ab4,2025-12-08-18-45,10.7916,106.7304,3,wmo code,Trời nhiều mây,30.0,°C,19.8,°C,33.7,°C,20.8,°C,2025-12-08T05:59,iso8601,2025-12-08T17:30,iso8601,7.35,0.0,mm,5,%,8.2,km/h,18.4,km/h,344,°,2025-12-08,iso8601
943bb5ff6acb233381f4c26d82105def,2025-12-08-18-42,10.7958,106.7028,3,wmo code,Trời nhiều mây,30.0,°C,19.8,°C,33.7,°C,20.8,°C,2025-12-08T05:59,iso8601,2025-12-08T17:30,iso8601,7.35,0.0,mm,5,%,8.2,km/h,18.4,km/h,344,°,2025-12-08,iso8601
cbb3cdb1ae52a7a0119f0ed40870900c,2025-12-08-18-43,10.7915,106.672,3,wmo code,Trời nhiều mây,30.2,°C,19.5,°C,33.3,°C,20.2,°C,2025-12-08T06:00,iso8601,2025-12-08T17:30,iso8601,7.35,0.0,mm,5,%,10.4,km/h,22.0,km/h,359,°,2025-12-08,iso8601
08b37e00c3769c01cfc9a831308cd3a7,2025-12-08-18-46,10.7133,106.7312,3,wmo code,Trời nhiều mây,30.0,°C,19.8,°C,33.7,°C,20.8,°C,2025-12-08T05:59,iso8601,2025-12-08T17:30,iso8601,7.4,0.0,mm,5,%,8.2,km/h,18.4,km/h,344,°,2025-12-08,iso8601
a06236ea6f8ac6b8606e155542948516,2025-12-08-18-48,10.7825,106.6836,3,wmo code,Trời nhiều mây,30.2,°C,19.5,°C,33.3,°C,20.2,°C,2025-12-08T06:00,iso8601,2025-12-08T17:30,iso8601,7.35,0.0,mm,5,%,10.4,km/h,22.0,km/h,359,°,2025-12-08,iso8601
13dc63167c6329f5a700eaf0def20a69,2025-12-08-18-49,10.7684,106.6527,3,wmo code,Trời nhiều mây,30.3,°C,19.5,°C,33.3,°C,20.2,°C,2025-12-08T06:00,iso8601,2025-12-08T17:30,iso8601,7.4,0.0,mm,5,%,10.4,km/h,22.0,km/h,359,°,2025-12-08,iso8601
d69cf294f830fb191a1cc40998045761,2025-12-08-18-31,10.8472,106.6694,3,wmo code,Trời nhiều mây,30.1,°C,19.3,°C,33.7,°C,20.1,°C,2025-12-08T06:00,iso8601,2025-12-08T17:30,iso8601,7.35,0.0,mm,5,%,10.2,km/h,21.6,km/h,3,°,2025-12-08,iso8601
98e7086cdf3fb34a7d50cdbb21c5ece0,2025-12-08-18-42,10.8428,106.6753,3,wmo code,Trời nhiều mây,30.1,°C,19.3,°C,33.7,°C,20.1,°C,2025-12-08T06:00,iso8601,2025-12-08T17:30,iso8601,7.35,0.0,mm,5,%,10.2,km/h,21.6,km/h,3,°,2025-12-08,iso8601
cdeed7be06733b87b81c81d61e056740,2025-12-08-18-43,10.7619,106.6684,3,wmo code,Trời nhiều mây,30.2,°C,19.5,°C,33.3,°C,20.2,°C,2025-12-08T06:00,iso8601,2025-12-08T17:30,iso8601,7.4,0.0,mm,5,%,10.4,km/h,22.0,km/h,359,°,2025-12-08,iso8601
3ea305cbef3167c345c81b93932e4cf8,2025-12-08-18-44,10.8177,106.6814,3,wmo code,Trời nhiều mây,30.0,°C,19.2,°C,33.7,°C,20.1,°C,2025-12-08T06:00,iso8601,2025-12-08T17:30,iso8601,7.35,0.0,mm,5,%,10.2,km/h,21.6,km/h,3,°,2025-12-08,iso8601
201c3bdb22316bec1938d479b7d162fe,2025-12-08-18-45,10.7858,106.6545,3,wmo code,Trời nhiều mây,30.2,°C,19.5,°C,33.3,°C,20.2,°C,2025-12-08T06:00,iso8601,2025-12-08T17:30,iso8601,7.35,0.0,mm,5,%,10.4,km/h,22.0,km/h,359,°,2025-12-08,iso8601
e2f527445f2b3116f23d71984f1d7284,2025-12-08-18-26,10.7592,106.634,3,wmo code,Trời nhiều mây,30.3,°C,19.5,°C,33.3,°C,20.2,°C,2025-12-08T06:00,iso8601,2025-12-08T17:30,iso8601,7.4,0.0,mm,5,%,10.4,km/h,22.0,km/h,359,°,2025-12-08,iso8601
3b8503c98906d29b3dc213c8b61b3094,2025-12-08-18-48,10.759,106.669,3,wmo code,Trời nhiều mây,30.2,°C,19.5,°C,33.3,°C,20.2,°C,2025-12-08T06:00,iso8601,2025-12-08T17:30,iso8601,7.4,0.0,mm,5,%,10.4,km/h,22.0,km/h,359,°,2025-12-08,iso8601
19e455d9feca8246edf4ce3897d247ac,2025-12-08-18-46,10.7717,106.6528,3,wmo code,Trời nhiều mây,30.2,°C,19.5,°C,33.3,°C,20.2,°C,2025-12-08T06:00,iso8601,2025-12-08T17:30,iso8601,7.4,0.0,mm,5,%,10.4,km/h,22.0,km/h,359,°,2025-12-08,iso8601
297a5d1464ab34331df3247aed652926,2025-12-08-18-49,10.8164,106.6834,3,wmo code,Trời nhiều mây,30.1,°C,19.3,°C,33.7,°C,20.1,°C,2025-12-08T06:00,iso8601,2025-12-08T17:30,iso8601,7.35,0.0,mm,5,%,10.2,km/h,21.6,km/h,3,°,2025-12-08,iso8601
1653868880a3e514ebcf372bc5775689,2025-12-08-18-32,10.7821,106.6989,3,wmo code,Trời nhiều mây,30.0,°C,19.8,°C,33.6,°C,20.7,°C,2025-12-08T05:59,iso8601,2025-12-08T17:30,iso8601,7.35,0.0,mm,5,%,8.2,km/h,18.4,km/h,344,°,2025-12-08,iso8601
f37ae9837ea92b238ffc3e382e8e0abb,2025-12-08-18-26,10.8082,106.6785,3,wmo code,Trời nhiều mây,30.2,°C,19.5,°C,33.3,°C,20.1,°C,2025-12-08T06:00,iso8601,2025-12-08T17:30,iso8601,7.35,0.0,mm,5,%,10.4,km/h,22.0,km/h,359,°,2025-12-08,iso8601
ddaa6a2c778e550acc1ad4b09032b1ee,2025-12-08-18-44,10.7766,106.6839,3,wmo code,Trời nhiều mây,30.3,°C,19.5,°C,33.3,°C,20.2,°C,2025-12-08T06:00,iso8601,2025-12-08T17:30,iso8601,7.4,0.0,mm,5,%,10.4,km/h,22.0,km/h,359,°,2025-12-08,iso8601
655086087f9d305bbff5202c84368b40,2025-12-08-18-43,10.6765,106.746,3,wmo code,Trời nhiều mây,29.9,°C,19.5,°C,33.5,°C,20.5,°C,2025-12-08T05:59,iso8601,2025-12-08T17:30,iso8601,7.4,0.1,mm,5,%,8.0,km/h,16.2,km/h,337,°,2025-12-08,iso8601
2ab7fdd303969ed0e613a14086115516,2025-12-08-18-44,10.7828,106.7199,3,wmo code,Trời nhiều mây,30.0,°C,19.8,°C,33.7,°C,20.8,°C,2025-12-08T05:59,iso8601,2025-12-08T17:30,iso8601,7.35,0.0,mm,5,%,8.2,km/h,18.4,km/h,344,°,2025-12-08,iso8601
b9346845b0f001277213d25f2c3c0a73,2025-12-08-18-45,10.7632,106.6504,3,wmo code,Trời nhiều mây,30.3,°C,19.5,°C,33.3,°C,20.2,°C,2025-12-08T06:00,iso8601,2025-12-08T17:30,iso8601,7.4,0.0,mm,5,%,10.4,km/h,22.0,km/h,359,°,2025-12-08,iso8601
1071730efa20526feed9f75c8a65e075,2025-12-08-18-48,10.8115,106.579,3,wmo code,Trời nhiều mây,30.3,°C,19.5,°C,33.3,°C,20.2,°C,2025-12-08T06:00,iso8601,2025-12-08T17:30,iso8601,7.35,0.0,mm,0,%,10.4,km/h,22.0,km/h,359,°,2025-12-08,iso8601
043c55268d1b36486b49db01a7cfe9de,2025-12-08-18-46,10.8077,106.6211,3,wmo code,Trời nhiều mây,30.3,°C,19.5,°C,33.3,°C,20.2,°C,2025-12-08T06:00,iso8601,2025-12-08T17:30,iso8601,7.35,0.0,mm,0,%,10.4,km/h,22.0,km/h,359,°,2025-12-08,iso8601
b0f230622eb457f811a1e34934e66c5a,2025-12-08-18-49,10.8683,106.7061,3,wmo code,Trời nhiều mây,30.2,°C,19.4,°C,33.9,°C,20.3,°C,2025-12-08T05:59,iso8601,2025-12-08T17:30,iso8601,7.35,0.0,mm,5,%,10.2,km/h,21.6,km/h,3,°,2025-12-08,iso8601
6237c4a356ad9dae779897d9c87f4f64,2025-12-08-18-42,10.795,106.7995,3,wmo code,Trời nhiều mây,30.0,°C,19.8,°C,33.7,°C,20.8,°C,2025-12-08T05:59,iso8601,2025-12-08T17:30,iso8601,7.35,0.0,mm,5,%,8.2,km/h,18.4,km/h,344,°,2025-12-08,iso8601
624b12699f6b0603b67348a78d50101a,2025-12-08-18-48,10.7804,106.6919,3,wmo code,Trời nhiều mây,30.0,°C,19.8,°C,33.6,°C,20.7,°C,2025-12-08T05:59,iso8601,2025-12-08T17:30,iso8601,7.35,0.0,mm,5,%,8.2,km/h,18.4,km/h,344,°,2025-12-08,iso8601
cb34d856f0147d4c3d17b72014bb9ab8,2025-12-08-18-32,10.7274,106.7086,3,wmo code,Trời nhiều mây,30.0,°C,19.8,°C,33.7,°C,20.8,°C,2025-12-08T05:59,iso8601,2025-12-08T17:30,iso8601,7.4,0.0,mm,5,%,8.2,km/h,18.4,km/h,344,°,2025-12-08,iso8601
52df55a8e22750e0d0d9e4e3f96047fc,2025-12-08-18-42,10.7483,106.588,3,wmo code,Trời nhiều mây,30.3,°C,19.6,°C,33.4,°C,20.3,°C,2025-12-08T06:00,iso8601,2025-12-08T17:30,iso8601,7.4,0.0,mm,0,%,10.4,km/h,22.0,km/h,359,°,2025-12-08,iso8601
88eb8138f2cb29ffaab0665a2597ff8c,2025-12-08-18-26,10.8672,106.6414,3,wmo code,Trời nhiều mây,30.1,°C,19.3,°C,33.7,°C,20.1,°C,2025-12-08T06:00,iso8601,2025-12-08T17:30,iso8601,7.35,0.0,mm,5,%,10.2,km/h,21.6,km/h,3,°,2025-12-08,iso8601
893618cdc30588cd162a4c2b1133b71f,2025-12-08-18-46,10.7994,106.7335,3,wmo code,Trời nhiều mây,30.0,°C,19.8,°C,33.7,°C,20.8,°C,2025-12-08T05:59,iso8601,2025-12-08T17:30,iso8601,7.35,0.0,mm,5,%,8.2,km/h,18.4,km/h,344,°,2025-12-08,iso8601
6d672ad0d6335ee07b611a1f2f1304d2,2025-12-08-18-44,10.8675,106.7843,3,wmo code,Trời nhiều mây,30.1,°C,19.3,°C,33.8,°C,20.2,°C,2025-12-08T05:59,iso8601,2025-12-08T17:30,iso8601,7.35,0.0,mm,5,%,10.2,km/h,21.6,km/h,3,°,2025-12-08,iso8601
a6046a1a61622971d701d21428890290,2025-12-08-18-49,10.8804,106.8104,3,wmo code,Trời nhiều mây,30.1,°C,19.3,°C,33.8,°C,20.2,°C,2025-12-08T05:59,iso8601,2025-12-08T17:30,iso8601,7.35,0.0,mm,0,%,10.2,km/h,21.6,km/h,3,°,2025-12-08,iso8601
d274d3a32a4801162874319ff8aafd61,2025-12-08-18-26,10.7086,106.8191,3,wmo code,Trời nhiều mây,30.1,°C,20.7,°C,33.8,°C,21.9,°C,2025-12-08T05:59,iso8601,2025-12-08T17:29,iso8601,7.35,0.1,mm,5,%,8.0,km/h,18.4,km/h,347,°,2025-12-08,iso8601
e3ceeae18f4f59cff15ec975feec319b,2025-12-08-18-45,10.8185,106.687,3,wmo code,Trời nhiều mây,30.1,°C,19.3,°C,33.7,°C,20.1,°C,2025-12-08T06:00,iso8601,2025-12-08T17:30,iso8601,7.35,0.0,mm,5,%,10.2,km/h,21.6,km/h,3,°,2025-12-08,iso8601
e62c4fd68cff6b858de508e76941e900,2025-12-08-18-43,10.7428,106.74,3,wmo code,Trời nhiều mây,30.1,°C,19.9,°C,33.7,°C,20.8,°C,2025-12-08T05:59,iso8601,2025-12-08T17:30,iso8601,7.4,0.0,mm,5,%,8.2,km/h,18.4,km/h,344,°,2025-12-08,iso8601
b886bd4f4dc50467f457ac903cb1c28d,2025-12-08-18-32,10.7779,106.656,3,wmo code,Trời nhiều mây,30.3,°C,19.5,°C,33.3,°C,20.2,°C,2025-12-08T06:00,iso8601,2025-12-08T17:30,iso8601,7.35,0.0,mm,5,%,10.4,km/h,22.0,km/h,359,°,2025-12-08,iso8601
5c102b63aa90f2eef5df4b938729914d,2025-12-08-18-43,10.7336,106.7236,3,wmo code,Trời nhiều mây,30.0,°C,19.8,°C,33.7,°C,20.8,°C,2025-12-08T05:59,iso8601,2025-12-08T17:30,iso8601,7.4,0.0,mm,5,%,8.2,km/h,18.4,km/h,344,°,2025-12-08,iso8601
5656bf2ba7f66aa64aec7a8b486ebab9,2025-12-08-18-42,10.7739,106.6572,3,wmo code,Trời nhiều mây,30.2,°C,19.5,°C,33.3,°C,20.2,°C,2025-12-08T06:00,iso8601,2025-12-08T17:30,iso8601,7.4,0.0,mm,5,%,10.4,km/h,22.0,km/h,359,°,2025-12-08,iso8601
ffad333659b83792733c6f2d686ddd6f,2025-12-08-18-45,10.7698,106.6662,3,wmo code,Trời nhiều mây,30.2,°C,19.5,°C,33.3,°C,20.2,°C,2025-12-08T06:00,iso8601,2025-12-08T17:30,iso8601,7.4,0.0,mm,5,%,10.4,km/h,22.0,km/h,359,°,2025-12-08,iso8601
68b716fd84cc1f6a5e748d1076cfd25c,2025-12-08-18-48,10.8423,106.615,3,wmo code,Trời nhiều mây,30.1,°C,19.3,°C,33.8,°C,20.1,°C,2025-12-08T06:00,iso8601,2025-12-08T17:30,iso8601,7.35,0.0,mm,0,%,10.2,km/h,21.6,km/h,3,°,2025-12-08,iso8601
bd4c3686a6ec2ba64706490b0b15d107,2025-12-08-18-48,10.7906,106.6976,3,wmo code,Trời nhiều mây,30.0,°C,19.8,°C,33.6,°C,20.7,°C,2025-12-08T05:59,iso8601,2025-12-08T17:30,iso8601,7.35,0.0,mm,5,%,8.2,km/h,18.4,km/h,344,°,2025-12-08,iso8601
bc0842a441b2deb781ffc3bb480427fa,2025-12-08-18-44,10.7636,106.6786,3,wmo code,Trời nhiều mây,30.2,°C,19.5,°C,33.3,°C,20.2,°C,2025-12-08T06:00,iso8601,2025-12-08T17:30,iso8601,7.4,0.0,mm,5,%,10.4,km/h,22.0,km/h,359,°,2025-12-08,iso8601
04edd61439bdc3ac6e47a41f3a4f9295,2025-12-08-18-46,10.8003,106.6668,3,wmo code,Trời nhiều mây,30.3,°C,19.5,°C,33.3,°C,20.2,°C,2025-12-08T06:00,iso8601,2025-12-08T17:30,iso8601,7.35,0.0,mm,5,%,10.4,km/h,22.0,km/h,359,°,2025-12-08,iso8601
b63a3f6fac8faca7140a180ce99caa70,2025-12-08-18-27,10.7202,106.5387,45,wmo code,Sương mù,30.3,°C,19.9,°C,33.3,°C,20.5,°C,2025-12-08T06:00,iso8601,2025-12-08T17:31,iso8601,7.4,0.0,mm,0,%,12.6,km/h,24.5,km/h,12,°,2025-12-08,iso8601
c8332568dcc4b34bad9df96b5c67d114,2025-12-08-18-43,10.753,106.6587,3,wmo code,Trời nhiều mây,30.2,°C,19.5,°C,33.3,°C,20.2,°C,2025-12-08T06:00,iso8601,2025-12-08T17:30,iso8601,7.4,0.0,mm,5,%,10.4,km/h,22.0,km/h,359,°,2025-12-08,iso8601
dff3c8fa9b6254f0b1156cc746726d34,2025-12-08-18-42,10.8243,106.7074,3,wmo code,Trời nhiều mây,30.2,°C,19.4,°C,33.9,°C,20.3,°C,2025-12-08T05:59,iso8601,2025-12-08T17:30,iso8601,7.35,0.0,mm,5,%,10.2,km/h,21.6,km/h,3,°,2025-12-08,iso8601
a1c7dfc7ad7a26b91c22095da511e84c,2025-12-08-18-32,10.8757,106.7661,3,wmo code,Trời nhiều mây,30.1,°C,19.3,°C,33.8,°C,20.1,°C,2025-12-08T05:59,iso8601,2025-12-08T17:30,iso8601,7.35,0.0,mm,0,%,10.2,km/h,21.6,km/h,3,°,2025-12-08,iso8601
713f24a96774378b930e47fb262fcac2,2025-12-08-18-44,10.8576,106.6058,3,wmo code,Trời nhiều mây,30.1,°C,19.3,°C,33.8,°C,20.1,°C,2025-12-08T06:00,iso8601,2025-12-08T17:30,iso8601,7.35,0.0,mm,0,%,10.2,km/h,21.6,km/h,3,°,2025-12-08,iso8601
8d32a165786a4dfa079281c6402de396,2025-12-08-18-46,10.8147,106.6787,3,wmo code,Trời nhiều mây,30.0,°C,19.2,°C,33.7,°C,20.1,°C,2025-12-08T06:00,iso8601,2025-12-08T17:30,iso8601,7.35,0.0,mm,5,%,10.2,km/h,21.6,km/h,3,°,2025-12-08,iso8601
edd04a4ad93a14c44c8817dc0837f268,2025-12-08-18-45,10.7552,106.6584,3,wmo code,Trời nhiều mây,30.2,°C,19.5,°C,33.3,°C,20.2,°C,2025-12-08T06:00,iso8601,2025-12-08T17:30,iso8601,7.4,0.0,mm,5,%,10.4,km/h,22.0,km/h,359,°,2025-12-08,iso8601
3443520d405677475207a11044f1eb6d,2025-12-08-18-48,10.7599,106.6687,3,wmo code,Trời nhiều mây,30.2,°C,19.5,°C,33.2,°C,20.1,°C,2025-12-08T06:00,iso8601,2025-12-08T17:30,iso8601,7.4,0.0,mm,5,%,10.4,km/h,22.0,km/h,359,°,2025-12-08,iso8601
404fbcb2b61bbf198bf033d75564404b,2025-12-08-18-49,10.7983,106.6417,3,wmo code,Trời nhiều mây,30.2,°C,19.5,°C,33.3,°C,20.2,°C,2025-12-08T06:00,iso8601,2025-12-08T17:30,iso8601,7.35,0.0,mm,5,%,10.4,km/h,22.0,km/h,359,°,2025-12-08,iso8601
59c8b0833a017a5271d076039dcbf6cb,2025-12-08-18-49,10.7673,106.6997,3,wmo code,Trời nhiều mây,30.0,°C,19.8,°C,33.6,°C,20.7,°C,2025-12-08T05:59,iso8601,2025-12-08T17:30,iso8601,7.4,0.0,mm,5,%,8.2,km/h,18.4,km/h,344,°,2025-12-08,iso8601
a74bb3e390dc39da5adac4d4e9e96947,2025-12-08-18-49,10.8033,106.679,3,wmo code,Trời nhiều mây,30.2,°C,19.5,°C,33.3,°C,20.2,°C,2025-12-08T06:00,iso8601,2025-12-08T17:30,iso8601,7.35,0.0,mm,5,%,10.4,km/h,22.0,km/h,359,°,2025-12-08,iso8601
6d08264bbd0f9b27969170e3ea60e7e0,2025-12-08-18-43,10.7965,106.7825,3,wmo code,Trời nhiều mây,30.0,°C,19.8,°C,33.7,°C,20.8,°C,2025-12-08T05:59,iso8601,2025-12-08T17:30,iso8601,7.35,0.0,mm,5,%,8.2,km/h,18.4,km/h,344,°,2025-12-08,iso8601
ea14fc6b6273dcb810b2b2df002c6e95,2025-12-08-18-43,10.7753,106.6864,3,wmo code,Trời nhiều mây,30.2,°C,19.5,°C,33.3,°C,20.2,°C,2025-12-08T06:00,iso8601,2025-12-08T17:30,iso8601,7.4,0.0,mm,5,%,10.4,km/h,22.0,km/h,359,°,2025-12-08,iso8601
c525e84af64a6c3d7880ae21ff1084dc,2025-12-08-18-49,10.7627,106.6446,3,wmo code,Trời nhiều mây,30.2,°C,19.5,°C,33.3,°C,20.2,°C,2025-12-08T06:00,iso8601,2025-12-08T17:30,iso8601,7.4,0.0,mm,5,%,10.4,km/h,22.0,km/h,359,°,2025-12-08,iso8601
716e267240e0107652e41f61ee700999,2025-12-08-18-27,10.759,106.6755,3,wmo code,Trời nhiều mây,30.2,°C,19.5,°C,33.3,°C,20.2,°C,2025-12-08T06:00,iso8601,2025-12-08T17:30,iso8601,7.4,0.0,mm,5,%,10.4,km/h,22.0,km/h,359,°,2025-12-08,iso8601
ab5324396a6dc13b932dac13aac14dac,2025-12-08-18-45,10.778,106.6712,3,wmo code,Trời nhiều mây,30.3,°C,19.5,°C,33.3,°C,20.2,°C,2025-12-08T06:00,iso8601,2025-12-08T17:30,iso8601,7.35,0.0,mm,5,%,10.4,km/h,22.0,km/h,359,°,2025-12-08,iso8601
9cb5b70a3d744a4404b960653bede876,2025-12-08-18-45,10.8629,106.7449,3,wmo code,Trời nhiều mây,30.2,°C,19.4,°C,33.9,°C,20.2,°C,2025-12-08T05:59,iso8601,2025-12-08T17:30,iso8601,7.35,0.0,mm,5,%,10.2,km/h,21.6,km/h,3,°,2025-12-08,iso8601
944d4aba40f9b4698887e285fea8d66e,2025-12-08-18-48,10.7789,106.6706,3,wmo code,Trời nhiều mây,30.3,°C,19.5,°C,33.3,°C,20.2,°C,2025-12-08T06:00,iso8601,2025-12-08T17:30,iso8601,7.35,0.0,mm,5,%,10.4,km/h,22.0,km/h,359,°,2025-12-08,iso8601
268a920a92850452241197e08b870a5f,2025-12-08-18-45,10.7522,106.6633,3,wmo code,Trời nhiều mây,30.2,°C,19.5,°C,33.3,°C,20.2,°C,2025-12-08T06:00,iso8601,2025-12-08T17:30,iso8601,7.4,0.0,mm,5,%,10.4,km/h,22.0,km/h,359,°,2025-12-08,iso8601
1fa36dd030c0bc95440c70597984b5d3,2025-12-08-18-27,10.7929,106.6959,3,wmo code,Trời nhiều mây,30.0,°C,19.8,°C,33.7,°C,20.8,°C,2025-12-08T05:59,iso8601,2025-12-08T17:30,iso8601,7.35,0.0,mm,5,%,8.2,km/h,18.4,km/h,344,°,2025-12-08,iso8601
5c1d8292955cd91632458652a5422b28,2025-12-08-18-22,10.8071,106.7185,3,wmo code,Trời nhiều mây,30.0,°C,19.8,°C,33.7,°C,20.8,°C,2025-12-08T05:59,iso8601,2025-12-08T17:30,iso8601,7.35,0.0,mm,5,%,8.2,km/h,18.4,km/h,344,°,2025-12-08,iso8601
bce0bcd0b07c77f83c3c0a0a490945dd,2025-12-08-18-45,10.7823,106.6864,3,wmo code,Trời nhiều mây,30.3,°C,19.5,°C,33.3,°C,20.2,°C,2025-12-08T06:00,iso8601,2025-12-08T17:30,iso8601,7.35,0.0,mm,5,%,10.4,km/h,22.0,km/h,359,°,2025-12-08,iso8601
bc7e22485900e5ebf2db94a92fdaf069,2025-12-08-18-43,10.7643,106.6908,3,wmo code,Trời nhiều mây,30.0,°C,19.8,°C,33.7,°C,20.8,°C,2025-12-08T05:59,iso8601,2025-12-08T17:30,iso8601,7.4,0.0,mm,5,%,8.2,km/h,18.4,km/h,344,°,2025-12-08,iso8601
012dc1c1d5e5cfb05bab3a2b4b76190c,2025-12-08-18-45,10.7503,106.6602,3,wmo code,Trời nhiều mây,30.2,°C,19.5,°C,33.3,°C,20.2,°C,2025-12-08T06:00,iso8601,2025-12-08T17:30,iso8601,7.4,0.0,mm,5,%,10.4,km/h,22.0,km/h,359,°,2025-12-08,iso8601
0aa1827610a95eb7d6ae3e292eab8ef7,2025-12-08-18-43,10.8292,106.7225,3,wmo code,Trời nhiều mây,30.2,°C,19.4,°C,33.9,°C,20.3,°C,2025-12-08T05:59,iso8601,2025-12-08T17:30,iso8601,7.35,0.0,mm,5,%,10.2,km/h,21.6,km/h,3,°,2025-12-08,iso8601
db64f28269cb08c2187871f04aa27ad4,2025-12-08-18-27,10.7936,106.7006,3,wmo code,Trời nhiều mây,30.0,°C,19.8,°C,33.7,°C,20.8,°C,2025-12-08T05:59,iso8601,2025-12-08T17:30,iso8601,7.35,0.0,mm,5,%,8.2,km/h,18.4,km/h,344,°,2025-12-08,iso8601
192a31f370d9c555d6822dbc2d09f88c,2025-12-08-18-39,10.7445,106.6439,3,wmo code,Trời nhiều mây,30.3,°C,19.5,°C,33.4,°C,20.2,°C,2025-12-08T06:00,iso8601,2025-12-08T17:30,iso8601,7.4,0.0,mm,5,%,10.4,km/h,22.0,km/h,359,°,2025-12-08,iso8601
9f3832eca4caa286201aafaa1457afd0,2025-12-08-18-44,10.7607,106.6977,3,wmo code,Trời nhiều mây,30.0,°C,19.8,°C,33.7,°C,20.8,°C,2025-12-08T05:59,iso8601,2025-12-08T17:30,iso8601,7.4,0.0,mm,5,%,8.2,km/h,18.4,km/h,344,°,2025-12-08,iso8601
73246b0410c50583b92faf82b9dcaa59,2025-12-08-18-45,10.8615,106.6642,3,wmo code,Trời nhiều mây,30.1,°C,19.3,°C,33.8,°C,20.2,°C,2025-12-08T06:00,iso8601,2025-12-08T17:30,iso8601,7.35,0.0,mm,5,%,10.2,km/h,21.6,km/h,3,°,2025-12-08,iso8601
e6bfdb34e57b9f1bf56da5ac38cc12b5,2025-12-08-18-45,10.8427,106.6148,3,wmo code,Trời nhiều mây,30.1,°C,19.3,°C,33.7,°C,20.1,°C,2025-12-08T06:00,iso8601,2025-12-08T17:30,iso8601,7.35,0.0,mm,0,%,10.2,km/h,21.6,km/h,3,°,2025-12-08,iso8601
669b4f82a96054836defd912dade0401,2025-12-08-18-48,10.8495,106.749,3,wmo code,Trời nhiều mây,30.2,°C,19.4,°C,33.9,°C,20.3,°C,2025-12-08T05:59,iso8601,2025-12-08T17:30,iso8601,7.35,0.0,mm,5,%,10.2,km/h,21.6,km/h,3,°,2025-12-08,iso8601
2cbbb6b3a0228834f79263bf3e857124,2025-12-08-18-39,10.7633,106.6746,3,wmo code,Trời nhiều mây,30.3,°C,19.5,°C,33.3,°C,20.2,°C,2025-12-08T06:00,iso8601,2025-12-08T17:30,iso8601,7.4,0.0,mm,5,%,10.4,km/h,22.0,km/h,359,°,2025-12-08,iso8601
363d1a8264d89a6d6301bf2c3e5dfd61,2025-12-08-18-49,10.7858,106.7036,3,wmo code,Trời nhiều mây,29.9,°C,19.7,°C,33.6,°C,20.7,°C,2025-12-08T05:59,iso8601,2025-12-08T17:30,iso8601,7.35,0.0,mm,5,%,8.2,km/h,18.4,km/h,344,°,2025-12-08,iso8601
cfee41269e100ac72dee07e16c1b7ab4,2025-12-08-18-22,10.7912,106.7305,3,wmo code,Trời nhiều mây,30.0,°C,19.8,°C,33.7,°C,20.8,°C,2025-12-08T05:59,iso8601,2025-12-08T17:30,iso8601,7.35,0.0,mm,5,%,8.2,km/h,18.4,km/h,344,°,2025-12-08,iso8601
a8de79ac22e748a47dc250ad8c1b9b4f,2025-12-08-18-27,10.6783,106.7536,3,wmo code,Trời nhiều mây,29.9,°C,19.5,°C,33.5,°C,20.5,°C,2025-12-08T05:59,iso8601,2025-12-08T17:30,iso8601,7.4,0.1,mm,5,%,8.0,km/h,16.2,km/h,337,°,2025-12-08,iso8601
e8f6bba5e122259884a837705cc2cbb4,2025-12-08-18-43,10.7795,106.6499,3,wmo code,Trời nhiều mây,30.2,°C,19.5,°C,33.3,°C,20.2,°C,2025-12-08T06:00,iso8601,2025-12-08T17:30,iso8601,7.35,0.0,mm,5,%,10.4,km/h,22.0,km/h,359,°,2025-12-08,iso8601
386ac6318097163e888241a001ada6e8,2025-12-08-18-45,10.7634,106.6725,3,wmo code,Trời nhiều mây,30.2,°C,19.5,°C,33.2,°C,20.1,°C,2025-12-08T06:00,iso8601,2025-12-08T17:30,iso8601,7.4,0.0,mm,5,%,10.4,km/h,22.0,km/h,359,°,2025-12-08,iso8601
71d832d5c7789bae317a8c3fc2109c3e,2025-12-08-18-44,10.8522,106.6265,3,wmo code,Trời nhiều mây,30.1,°C,19.3,°C,33.7,°C,20.1,°C,2025-12-08T06:00,iso8601,2025-12-08T17:30,iso8601,7.35,0.0,mm,5,%,10.2,km/h,21.6,km/h,3,°,2025-12-08,iso8601
9c728e896e4e645c05c7290ecd81ba08,2025-12-08-18-45,10.7993,106.7335,3,wmo code,Trời nhiều mây,30.0,°C,19.8,°C,33.7,°C,20.8,°C,2025-12-08T05:59,iso8601,2025-12-08T17:30,iso8601,7.35,0.0,mm,5,%,8.2,km/h,18.4,km/h,344,°,2025-12-08,iso8601
721ca16cebba9df967d3c48fb8f8515a,2025-12-08-18-48,10.8513,106.72,3,wmo code,Trời nhiều mây,30.2,°C,19.4,°C,33.9,°C,20.3,°C,2025-12-08T05:59,iso8601,2025-12-08T17:30,iso8601,7.35,0.0,mm,5,%,10.2,km/h,21.6,km/h,3,°,2025-12-08,iso8601
77d3bced82cef96b7453fb9575be6339,2025-12-08-18-49,10.8031,106.7498,3,wmo code,Trời nhiều mây,30.0,°C,19.8,°C,33.7,°C,20.8,°C,2025-12-08T05:59,iso8601,2025-12-08T17:30,iso8601,7.35,0.0,mm,5,%,8.2,km/h,18.4,km/h,344,°,2025-12-08,iso8601
14f48e5cb2bca397a1c766825c9254b8,2025-12-08-18-39,10.8343,106.7813,3,wmo code,Trời nhiều mây,30.2,°C,19.4,°C,33.9,°C,20.3,°C,2025-12-08T05:59,iso8601,2025-12-08T17:30,iso8601,7.35,0.0,mm,5,%,10.2,km/h,21.6,km/h,3,°,2025-12-08,iso8601
cba453eaef49c45852cd4c04852540d0,2025-12-08-18-22,10.7557,106.7009,3,wmo code,Trời nhiều mây,30.0,°C,19.8,°C,33.7,°C,20.8,°C,2025-12-08T05:59,iso8601,2025-12-08T17:30,iso8601,7.4,0.0,mm,5,%,8.2,km/h,18.4,km/h,344,°,2025-12-08,iso8601
7356cb4343632525d15d1b42d3f73a71,2025-12-08-18-43,10.8497,106.7711,3,wmo code,Trời nhiều mây,30.0,°C,19.2,°C,33.7,°C,20.1,°C,2025-12-08T05:59,iso8601,2025-12-08T17:30,iso8601,7.35,0.0,mm,5,%,10.2,km/h,21.6,km/h,3,°,2025-12-08,iso8601
285e3e6087490d877d9ff67cb2a7feff,2025-12-08-18-27,10.814,106.6747,3,wmo code,Trời nhiều mây,30.0,°C,19.2,°C,33.7,°C,20.1,°C,2025-12-08T06:00,iso8601,2025-12-08T17:30,iso8601,7.35,0.0,mm,5,%,10.2,km/h,21.6,km/h,3,°,2025-12-08,iso8601
9b1017f69eb0df6c948c7c8b77e3b590,2025-12-08-18-45,10.7516,106.6191,3,wmo code,Trời nhiều mây,30.3,°C,19.5,°C,33.3,°C,20.2,°C,2025-12-08T06:00,iso8601,2025-12-08T17:30,iso8601,7.4,0.0,mm,0,%,10.4,km/h,22.0,km/h,359,°,2025-12-08,iso8601
2d6d573da4859ba592c3efe1ca1d020f,2025-12-08-18-44,10.7537,106.6539,3,wmo code,Trời nhiều mây,30.2,°C,19.5,°C,33.3,°C,20.2,°C,2025-12-08T06:00,iso8601,2025-12-08T17:30,iso8601,7.4,0.0,mm,5,%,10.4,km/h,22.0,km/h,359,°,2025-12-08,iso8601
f2f81afbd87997f065cf79da637f73d2,2025-12-08-18-45,10.767,106.6423,3,wmo code,Trời nhiều mây,30.3,°C,19.5,°C,33.3,°C,20.2,°C,2025-12-08T06:00,iso8601,2025-12-08T17:30,iso8601,7.4,0.0,mm,5,%,10.4,km/h,22.0,km/h,359,°,2025-12-08,iso8601
a179566adbd5698884012c45a0a01aee,2025-12-08-18-48,10.7231,106.8257,3,wmo code,Trời nhiều mây,30.0,°C,20.6,°C,33.7,°C,21.8,°C,2025-12-08T05:59,iso8601,2025-12-08T17:29,iso8601,7.35,0.1,mm,5,%,8.0,km/h,18.4,km/h,347,°,2025-12-08,iso8601
d41b55f43ae037cad00d1184490f9fb3,2025-12-08-18-43,10.7047,106.5974,3,wmo code,Trời nhiều mây,30.3,°C,19.5,°C,33.4,°C,20.3,°C,2025-12-08T06:00,iso8601,2025-12-08T17:30,iso8601,7.4,0.0,mm,0,%,10.4,km/h,22.0,km/h,359,°,2025-12-08,iso8601
3a76c7fe821ece69b8833a45c6a0a111,2025-12-08-18-22,10.7925,106.7072,3,wmo code,Trời nhiều mây,30.0,°C,19.8,°C,33.6,°C,20.7,°C,2025-12-08T05:59,iso8601,2025-12-08T17:30,iso8601,7.35,0.0,mm,5,%,8.2,km/h,18.4,km/h,344,°,2025-12-08,iso8601
8c39031fcfb5e60e3c246f21fe38154a,2025-12-08-18-39,10.7931,106.6974,3,wmo code,Trời nhiều mây,30.0,°C,19.8,°C,33.7,°C,20.8,°C,2025-12-08T05:59,iso8601,2025-12-08T17:30,iso8601,7.35,0.0,mm,5,%,8.2,km/h,18.4,km/h,344,°,2025-12-08,iso8601
ec9ac5661ff242298083b66306af2d15,2025-12-08-18-27,10.7527,106.6694,3,wmo code,Trời nhiều mây,30.3,°C,19.5,°C,33.3,°C,20.2,°C,2025-12-08T06:00,iso8601,2025-12-08T17:30,iso8601,7.4,0.0,mm,5,%,10.4,km/h,22.0,km/h,359,°,2025-12-08,iso8601
a7c3f9d711cf939db279fdcfb5ff8d0d,2025-12-08-18-45,10.7776,106.6816,3,wmo code,Trời nhiều mây,30.3,°C,19.5,°C,33.3,°C,20.2,°C,2025-12-08T06:00,iso8601,2025-12-08T17:30,iso8601,7.4,0.0,mm,5,%,10.4,km/h,22.0,km/h,359,°,2025-12-08,iso8601
8c8a5499ecc899d953ab6c1c66a1dab9,2025-12-08-18-44,10.7807,106.6863,3,wmo code,Trời nhiều mây,30.2,°C,19.5,°C,33.3,°C,20.2,°C,2025-12-08T06:00,iso8601,2025-12-08T17:30,iso8601,7.35,0.0,mm,5,%,10.4,km/h,22.0,km/h,359,°,2025-12-08,iso8601
43ccf1a8e1425f3a0fedfc6934db009d,2025-12-08-18-45,10.747,106.7484,3,wmo code,Trời nhiều mây,30.0,°C,19.8,°C,33.7,°C,20.8,°C,2025-12-08T05:59,iso8601,2025-12-08T17:30,iso8601,7.4,0.0,mm,5,%,8.2,km/h,18.4,km/h,344,°,2025-12-08,iso8601
7963462bfce8608c85ce6fc58d6db1bb,2025-12-08-18-48,10.7824,106.6956,3,wmo code,Trời nhiều mây,29.9,°C,19.7,°C,33.6,°C,20.7,°C,2025-12-08T05:59,iso8601,2025-12-08T17:30,iso8601,7.35,0.0,mm,5,%,8.2,km/h,18.4,km/h,344,°,2025-12-08,iso8601
d89d49c51d21473ce100749241660614,2025-12-08-18-49,10.8709,106.7757,3,wmo code,Trời nhiều mây,30.2,°C,19.4,°C,33.9,°C,20.2,°C,2025-12-08T05:59,iso8601,2025-12-08T17:30,iso8601,7.35,0.0,mm,5,%,10.2,km/h,21.6,km/h,3,°,2025-12-08,iso8601
b3f614c6deb5a73ca31654f6aff3780e,2025-12-08-18-49,10.7595,106.667,3,wmo code,Trời nhiều mây,30.2,°C,19.5,°C,33.3,°C,20.2,°C,2025-12-08T06:00,iso8601,2025-12-08T17:30,iso8601,7.4,0.0,mm,5,%,10.4,km/h,22.0,km/h,359,°,2025-12-08,iso8601
713803d72db3be4d1ed05f4689594598,2025-12-08-18-27,10.8754,106.7588,3,wmo code,Trời nhiều mây,30.0,°C,19.2,°C,33.6,°C,20.0,°C,2025-12-08T05:59,iso8601,2025-12-08T17:30,iso8601,7.35,0.0,mm,0,%,10.2,km/h,21.6,km/h,3,°,2025-12-08,iso8601
159d612f9b6a4d366e1a9c20f79f35ee,2025-12-08-18-40,10.7636,106.7826,3,wmo code,Trời nhiều mây,30.0,°C,19.8,°C,33.7,°C,20.8,°C,2025-12-08T05:59,iso8601,2025-12-08T17:30,iso8601,7.4,0.0,mm,5,%,8.2,km/h,18.4,km/h,344,°,2025-12-08,iso8601
ed4fcc8e7c23c831129f37c2607755a0,2025-12-08-18-45,10.7493,106.7024,3,wmo code,Trời nhiều mây,30.0,°C,19.8,°C,33.7,°C,20.8,°C,2025-12-08T05:59,iso8601,2025-12-08T17:30,iso8601,7.4,0.0,mm,5,%,8.2,km/h,18.4,km/h,344,°,2025-12-08,iso8601
e07e8c19221f5933646ec3392d1e357e,2025-12-08-18-45,10.8396,106.7384,3,wmo code,Trời nhiều mây,30.2,°C,19.4,°C,33.9,°C,20.3,°C,2025-12-08T05:59,iso8601,2025-12-08T17:30,iso8601,7.35,0.0,mm,5,%,10.2,km/h,21.6,km/h,3,°,2025-12-08,iso8601
3b1dafb6ae9c3305f6a35706e80af864,2025-12-08-18-44,10.7757,106.7061,3,wmo code,Trời nhiều mây,30.0,°C,19.8,°C,33.7,°C,20.8,°C,2025-12-08T05:59,iso8601,2025-12-08T17:30,iso8601,7.4,0.0,mm,5,%,8.2,km/h,18.4,km/h,344,°,2025-12-08,iso8601
a2a384a5d9ebe91eaeef7cef06f8e9fe,2025-12-08-18-22,10.7618,106.6421,3,wmo code,Trời nhiều mây,30.3,°C,19.5,°C,33.3,°C,20.2,°C,2025-12-08T06:00,iso8601,2025-12-08T17:30,iso8601,7.4,0.0,mm,5,%,10.4,km/h,22.0,km/h,359,°,2025-12-08,iso8601
484c28c23410d622d39953dfe9ae544b,2025-12-08-18-22,10.7556,106.6634,3,wmo code,Trời nhiều mây,30.3,°C,19.5,°C,33.3,°C,20.2,°C,2025-12-08T06:00,iso8601,2025-12-08T17:30,iso8601,7.4,0.0,mm,5,%,10.4,km/h,22.0,km/h,359,°,2025-12-08,iso8601
669b4f82a96054836defd912dade0401,2025-12-08-18-48,10.8414,106.744,3,wmo code,Trời nhiều mây,30.2,°C,19.4,°C,33.9,°C,20.3,°C,2025-12-08T05:59,iso8601,2025-12-08T17:30,iso8601,7.35,0.0,mm,5,%,10.2,km/h,21.6,km/h,3,°,2025-12-08,iso8601
ebc31b6ef32a57d11f594403a5d7a7e5,2025-12-08-18-40,10.8347,106.714,3,wmo code,Trời nhiều mây,30.2,°C,19.4,°C,33.9,°C,20.3,°C,2025-12-08T05:59,iso8601,2025-12-08T17:30,iso8601,7.35,0.0,mm,5,%,10.2,km/h,21.6,km/h,3,°,2025-12-08,iso8601
76af16d73c754e9fec2fe300c7bb0d57,2025-12-08-18-43,10.7582,106.6703,3,wmo code,Trời nhiều mây,30.2,°C,19.5,°C,33.3,°C,20.1,°C,2025-12-08T06:00,iso8601,2025-12-08T17:30,iso8601,7.4,0.0,mm,5,%,10.4,km/h,22.0,km/h,359,°,2025-12-08,iso8601
0239f300f8d0fef3e5e31b4a2bc3b676,2025-12-08-18-27,10.8045,106.7521,3,wmo code,Trời nhiều mây,30.0,°C,19.8,°C,33.7,°C,20.8,°C,2025-12-08T05:59,iso8601,2025-12-08T17:30,iso8601,7.35,0.0,mm,5,%,8.2,km/h,18.4,km/h,344,°,2025-12-08,iso8601
f2fbb2eef056e070163a8bae20780e93,2025-12-08-18-45,10.8515,106.6622,3,wmo code,Trời nhiều mây,30.1,°C,19.3,°C,33.8,°C,20.1,°C,2025-12-08T06:00,iso8601,2025-12-08T17:30,iso8601,7.35,0.0,mm,5,%,10.2,km/h,21.6,km/h,3,°,2025-12-08,iso8601
e14650c64d83c7e91d7b8b66816e9b22,2025-12-08-18-44,10.8656,106.7486,3,wmo code,Trời nhiều mây,30.1,°C,19.3,°C,33.8,°C,20.1,°C,2025-12-08T05:59,iso8601,2025-12-08T17:30,iso8601,7.35,0.0,mm,5,%,10.2,km/h,21.6,km/h,3,°,2025-12-08,iso8601
459be5240c53f114f3d55416973982f9,2025-12-08-18-49,10.7928,106.6936,3,wmo code,Trời nhiều mây,30.0,°C,19.8,°C,33.6,°C,20.7,°C,2025-12-08T05:59,iso8601,2025-12-08T17:30,iso8601,7.35,0.0,mm,5,%,8.2,km/h,18.4,km/h,344,°,2025-12-08,iso8601
1184d7a8983d26d2dfdf9a31af40a31d,2025-12-08-18-43,10.7758,106.6991,3,wmo code,Trời nhiều mây,30.0,°C,19.8,°C,33.6,°C,20.7,°C,2025-12-08T05:59,iso8601,2025-12-08T17:30,iso8601,7.4,0.0,mm,5,%,8.2,km/h,18.4,km/h,344,°,2025-12-08,iso8601
d47ab17a4d2eef912cf5956300fb8bf4,2025-12-08-18-45,10.7683,106.7031,3,wmo code,Trời nhiều mây,30.0,°C,19.8,°C,33.7,°C,20.8,°C,2025-12-08T05:59,iso8601,2025-12-08T17:30,iso8601,7.4,0.0,mm,5,%,8.2,km/h,18.4,km/h,344,°,2025-12-08,iso8601
2af34f0361bde9c96846a777b2d42b51,2025-12-08-18-28,10.7723,106.6496,3,wmo code,Trời nhiều mây,30.3,°C,19.5,°C,33.3,°C,20.2,°C,2025-12-08T06:00,iso8601,2025-12-08T17:30,iso8601,7.4,0.0,mm,5,%,10.4,km/h,22.0,km/h,359,°,2025-12-08,iso8601
cfc1d8a13eb70ffc6d5cf19f6e2839df,2025-12-08-18-48,10.7768,106.6641,3,wmo code,Trời nhiều mây,30.3,°C,19.5,°C,33.3,°C,20.2,°C,2025-12-08T06:00,iso8601,2025-12-08T17:30,iso8601,7.4,0.0,mm,5,%,10.4,km/h,22.0,km/h,359,°,2025-12-08,iso8601
c826b42694022219b7f6b340639c0d06,2025-12-08-18-23,10.7294,106.7181,3,wmo code,Trời nhiều mây,30.0,°C,19.8,°C,33.7,°C,20.8,°C,2025-12-08T05:59,iso8601,2025-12-08T17:30,iso8601,7.4,0.0,mm,5,%,8.2,km/h,18.4,km/h,344,°,2025-12-08,iso8601
438d803e98b5e9edb01239ed9f38a441,2025-12-08-18-40,10.833,106.7645,3,wmo code,Trời nhiều mây,30.2,°C,19.4,°C,33.9,°C,20.3,°C,2025-12-08T05:59,iso8601,2025-12-08T17:30,iso8601,7.35,0.0,mm,5,%,10.2,km/h,21.6,km/h,3,°,2025-12-08,iso8601
a2a384a5d9ebe91eaeef7cef06f8e9fe,2025-12-08-18-43,10.7832,106.6507,3,wmo code,Trời nhiều mây,30.2,°C,19.5,°C,33.3,°C,20.2,°C,2025-12-08T06:00,iso8601,2025-12-08T17:30,iso8601,7.35,0.0,mm,5,%,10.4,km/h,22.0,km/h,359,°,2025-12-08,iso8601
96d2699795530b9bb0661850b4b7699d,2025-12-08-18-44,10.7289,106.698,3,wmo code,Trời nhiều mây,30.0,°C,19.8,°C,33.7,°C,20.8,°C,2025-12-08T05:59,iso8601,2025-12-08T17:30,iso8601,7.4,0.0,mm,5,%,8.2,km/h,18.4,km/h,344,°,2025-12-08,iso8601
318f23911d6daa73f4e4a048f9752dd5,2025-12-08-18-45,10.7668,106.6882,3,wmo code,Trời nhiều mây,30.0,°C,19.8,°C,33.6,°C,20.7,°C,2025-12-08T05:59,iso8601,2025-12-08T17:30,iso8601,7.4,0.0,mm,5,%,8.2,km/h,18.4,km/h,344,°,2025-12-08,iso8601
98bf4ddfa98280fdc683c279a96e34c7,2025-12-08-18-45,10.8013,106.7109,3,wmo code,Trời nhiều mây,30.0,°C,19.8,°C,33.7,°C,20.8,°C,2025-12-08T05:59,iso8601,2025-12-08T17:30,iso8601,7.35,0.0,mm,5,%,8.2,km/h,18.4,km/h,344,°,2025-12-08,iso8601
077abce41d36295c50eedc27a6c8a57e,2025-12-08-18-48,10.8415,106.7438,3,wmo code,Trời nhiều mây,30.2,°C,19.4,°C,33.9,°C,20.3,°C,2025-12-08T05:59,iso8601,2025-12-08T17:30,iso8601,7.35,0.0,mm,5,%,10.2,km/h,21.6,km/h,3,°,2025-12-08,iso8601
30f6a3c6075e4c488d2fc6fde201b263,2025-12-08-18-49,10.8144,106.6938,3,wmo code,Trời nhiều mây,30.1,°C,19.3,°C,33.8,°C,20.2,°C,2025-12-08T05:59,iso8601,2025-12-08T17:30,iso8601,7.35,0.0,mm,5,%,10.2,km/h,21.6,km/h,3,°,2025-12-08,iso8601
07c3b6b25b61229d668d7c4c6917d65c,2025-12-08-18-23,10.7714,106.6931,3,wmo code,Trời nhiều mây,30.0,°C,19.8,°C,33.6,°C,20.7,°C,2025-12-08T05:59,iso8601,2025-12-08T17:30,iso8601,7.4,0.0,mm,5,%,8.2,km/h,18.4,km/h,344,°,2025-12-08,iso8601
f6409d575b291cf52f154b44239dfba8,2025-12-08-18-28,10.7614,106.61,3,wmo code,Trời nhiều mây,30.3,°C,19.5,°C,33.4,°C,20.2,°C,2025-12-08T06:00,iso8601,2025-12-08T17:30,iso8601,7.4,0.0,mm,0,%,10.4,km/h,22.0,km/h,359,°,2025-12-08,iso8601
fd613f1221173c7617c7db5cf43d7632,2025-12-08-18-43,10.7844,106.6784,3,wmo code,Trời nhiều mây,30.3,°C,19.5,°C,33.3,°C,20.2,°C,2025-12-08T06:00,iso8601,2025-12-08T17:30,iso8601,7.35,0.0,mm,5,%,10.4,km/h,22.0,km/h,359,°,2025-12-08,iso8601
ec6453c74b464799b6d912ddcec99433,2025-12-08-18-40,10.8621,106.6495,3,wmo code,Trời nhiều mây,30.1,°C,19.3,°C,33.8,°C,20.2,°C,2025-12-08T06:00,iso8601,2025-12-08T17:30,iso8601,7.35,0.0,mm,5,%,10.2,km/h,21.6,km/h,3,°,2025-12-08,iso8601
18473a097b08708c365e5b3514d74640,2025-12-08-18-44,10.7883,106.7503,3,wmo code,Trời nhiều mây,30.0,°C,19.8,°C,33.7,°C,20.8,°C,2025-12-08T05:59,iso8601,2025-12-08T17:30,iso8601,7.35,0.0,mm,5,%,8.2,km/h,18.4,km/h,344,°,2025-12-08,iso8601
944d4aba40f9b4698887e285fea8d66e,2025-12-08-18-45,10.778,106.671,3,wmo code,Trời nhiều mây,30.3,°C,19.5,°C,33.3,°C,20.2,°C,2025-12-08T06:00,iso8601,2025-12-08T17:30,iso8601,7.35,0.0,mm,5,%,10.4,km/h,22.0,km/h,359,°,2025-12-08,iso8601
418457226cadd3afae1b65cab44e1785,2025-12-08-18-48,10.8428,106.8287,3,wmo code,Trời nhiều mây,30.1,°C,19.7,°C,34.1,°C,20.9,°C,2025-12-08T05:59,iso8601,2025-12-08T17:29,iso8601,7.35,0.0,mm,5,%,9.2,km/h,18.7,km/h,358,°,2025-12-08,iso8601
59511979ee7eb2dd5299ab6a5484d985,2025-12-08-18-23,10.8424,106.6157,3,wmo code,Trời nhiều mây,30.1,°C,19.3,°C,33.8,°C,20.1,°C,2025-12-08T06:00,iso8601,2025-12-08T17:30,iso8601,7.35,0.0,mm,0,%,10.2,km/h,21.6,km/h,3,°,2025-12-08,iso8601
18838413bcf7c1e42fdcc8d3c5c038bd,2025-12-08-18-28,10.7325,106.7,3,wmo code,Trời nhiều mây,30.0,°C,19.8,°C,33.7,°C,20.8,°C,2025-12-08T05:59,iso8601,2025-12-08T17:30,iso8601,7.4,0.0,mm,5,%,8.2,km/h,18.4,km/h,344,°,2025-12-08,iso8601
56d749878949f252ab47fce853218434,2025-12-08-18-45,10.7677,106.6668,3,wmo code,Trời nhiều mây,30.3,°C,19.5,°C,33.3,°C,20.2,°C,2025-12-08T06:00,iso8601,2025-12-08T17:30,iso8601,7.4,0.0,mm,5,%,10.4,km/h,22.0,km/h,359,°,2025-12-08,iso8601
89010c15e8cbc3096319f581489764f3,2025-12-08-18-44,10.7879,106.6465,3,wmo code,Trời nhiều mây,30.2,°C,19.5,°C,33.3,°C,20.2,°C,2025-12-08T06:00,iso8601,2025-12-08T17:30,iso8601,7.35,0.0,mm,5,%,10.4,km/h,22.0,km/h,359,°,2025-12-08,iso8601
b8f135fa2b5d4ab8d9b6072920257679,2025-12-08-18-43,10.7537,106.7224,3,wmo code,Trời nhiều mây,30.0,°C,19.8,°C,33.7,°C,20.8,°C,2025-12-08T05:59,iso8601,2025-12-08T17:30,iso8601,7.4,0.0,mm,5,%,8.2,km/h,18.4,km/h,344,°,2025-12-08,iso8601
d525c35205e1f0773e2935dcaa64e0b6,2025-12-08-18-45,10.7503,106.6631,3,wmo code,Trời nhiều mây,30.2,°C,19.5,°C,33.3,°C,20.2,°C,2025-12-08T06:00,iso8601,2025-12-08T17:30,iso8601,7.4,0.0,mm,5,%,10.4,km/h,22.0,km/h,359,°,2025-12-08,iso8601
8256096af366d97e3a13cc32ca0b8317,2025-12-08-18-45,10.8146,106.679,3,wmo code,Trời nhiều mây,30.0,°C,19.2,°C,33.7,°C,20.1,°C,2025-12-08T06:00,iso8601,2025-12-08T17:30,iso8601,7.35,0.0,mm,5,%,10.2,km/h,21.6,km/h,3,°,2025-12-08,iso8601
b51d890ee4138f4e7c8443b9ee5e5f42,2025-12-08-18-48,10.8123,106.665,3,wmo code,Trời nhiều mây,30.2,°C,19.5,°C,33.3,°C,20.2,°C,2025-12-08T06:00,iso8601,2025-12-08T17:30,iso8601,7.35,0.0,mm,5,%,10.4,km/h,22.0,km/h,359,°,2025-12-08,iso8601
33659cfa335ae26ebb27ec2d943d073d,2025-12-08-18-49,10.7985,106.6707,3,wmo code,Trời nhiều mây,30.2,°C,19.5,°C,33.3,°C,20.2,°C,2025-12-08T06:00,iso8601,2025-12-08T17:30,iso8601,7.35,0.0,mm,5,%,10.4,km/h,22.0,km/h,359,°,2025-12-08,iso8601
4b05bc9df382de766da7daae86b359e4,2025-12-08-18-23,10.8576,106.6962,3,wmo code,Trời nhiều mây,30.2,°C,19.4,°C,33.9,°C,20.3,°C,2025-12-08T05:59,iso8601,2025-12-08T17:30,iso8601,7.35,0.0,mm,5,%,10.2,km/h,21.6,km/h,3,°,2025-12-08,iso8601
176e65c0c1d48b75b07ce408c37d051b,2025-12-08-18-40,10.7924,106.7031,3,wmo code,Trời nhiều mây,30.0,°C,19.8,°C,33.7,°C,20.8,°C,2025-12-08T05:59,iso8601,2025-12-08T17:30,iso8601,7.35,0.0,mm,5,%,8.2,km/h,18.4,km/h,344,°,2025-12-08,iso8601
54d5deb2ea38453bb024e187e0e99100,2025-12-08-18-28,10.8125,106.6644,3,wmo code,Trời nhiều mây,30.1,°C,19.3,°C,33.8,°C,20.1,°C,2025-12-08T06:00,iso8601,2025-12-08T17:30,iso8601,7.35,0.0,mm,5,%,10.2,km/h,21.6,km/h,3,°,2025-12-08,iso8601
3cf3fa6ba158c7445816f2f92b3da0a6,2025-12-08-18-40,10.8878,106.5981,3,wmo code,Trời nhiều mây,30.1,°C,19.3,°C,33.8,°C,20.2,°C,2025-12-08T06:00,iso8601,2025-12-08T17:30,iso8601,7.35,0.0,mm,0,%,10.2,km/h,21.6,km/h,3,°,2025-12-08,iso8601
60618a4bf35b8abac2d56907a609962c,2025-12-08-18-49,10.7698,106.6445,3,wmo code,Trời nhiều mây,30.3,°C,19.5,°C,33.3,°C,20.2,°C,2025-12-08T06:00,iso8601,2025-12-08T17:30,iso8601,7.4,0.0,mm,5,%,10.4,km/h,22.0,km/h,359,°,2025-12-08,iso8601
31edc4737b466279924d2c321b641745,2025-12-08-18-43,10.737,106.6402,3,wmo code,Trời nhiều mây,30.3,°C,19.6,°C,33.4,°C,20.3,°C,2025-12-08T06:00,iso8601,2025-12-08T17:30,iso8601,7.4,0.0,mm,5,%,10.4,km/h,22.0,km/h,359,°,2025-12-08,iso8601
7ac9e10ab273227210ba16ae4be9d1e9,2025-12-08-18-44,10.7517,106.6533,3,wmo code,Trời nhiều mây,30.3,°C,19.5,°C,33.3,°C,20.2,°C,2025-12-08T06:00,iso8601,2025-12-08T17:30,iso8601,7.4,0.0,mm,5,%,10.4,km/h,22.0,km/h,359,°,2025-12-08,iso8601
167f11c6e121c903aca9fe887d2e661b,2025-12-08-18-45,10.7365,106.7002,3,wmo code,Trời nhiều mây,30.0,°C,19.8,°C,33.7,°C,20.8,°C,2025-12-08T05:59,iso8601,2025-12-08T17:30,iso8601,7.4,0.0,mm,5,%,8.2,km/h,18.4,km/h,344,°,2025-12-08,iso8601
bda846063a0f7891c5c483bb47f70323,2025-12-08-18-48,10.7536,106.6538,3,wmo code,Trời nhiều mây,30.2,°C,19.5,°C,33.3,°C,20.2,°C,2025-12-08T06:00,iso8601,2025-12-08T17:30,iso8601,7.4,0.0,mm,5,%,10.4,km/h,22.0,km/h,359,°,2025-12-08,iso8601
c130fe295990556b2f6683348393e9ca,2025-12-08-18-28,10.7781,106.6563,3,wmo code,Trời nhiều mây,30.3,°C,19.5,°C,33.3,°C,20.2,°C,2025-12-08T06:00,iso8601,2025-12-08T17:30,iso8601,7.35,0.0,mm,5,%,10.4,km/h,22.0,km/h,359,°,2025-12-08,iso8601
364573706454b6977a6ae34b10f00b3c,2025-12-08-18-40,10.7661,106.6477,3,wmo code,Trời nhiều mây,30.3,°C,19.5,°C,33.3,°C,20.2,°C,2025-12-08T06:00,iso8601,2025-12-08T17:30,iso8601,7.4,0.0,mm,5,%,10.4,km/h,22.0,km/h,359,°,2025-12-08,iso8601
dbfcdececbdb5cc1cb6b4cde2cc7c4a5,2025-12-08-18-45,10.8155,106.6246,3,wmo code,Trời nhiều mây,30.1,°C,19.3,°C,33.8,°C,20.2,°C,2025-12-08T06:00,iso8601,2025-12-08T17:30,iso8601,7.35,0.0,mm,0,%,10.2,km/h,21.6,km/h,3,°,2025-12-08,iso8601
3fd122b90cd72cb1c43901abd9e51a3b,2025-12-08-18-45,10.8449,106.6141,3,wmo code,Trời nhiều mây,30.1,°C,19.3,°C,33.7,°C,20.1,°C,2025-12-08T06:00,iso8601,2025-12-08T17:30,iso8601,7.35,0.0,mm,0,%,10.2,km/h,21.6,km/h,3,°,2025-12-08,iso8601
846241f3681f2e83fdbfd0503d1f4547,2025-12-08-18-48,10.8216,106.6983,3,wmo code,Trời nhiều mây,30.2,°C,19.4,°C,33.9,°C,20.3,°C,2025-12-08T05:59,iso8601,2025-12-08T17:30,iso8601,7.35,0.0,mm,5,%,10.2,km/h,21.6,km/h,3,°,2025-12-08,iso8601
4a1e1f62c0f4ce9beafe5c16329f13aa,2025-12-08-18-49,10.7577,106.6438,3,wmo code,Trời nhiều mây,30.3,°C,19.5,°C,33.3,°C,20.2,°C,2025-12-08T06:00,iso8601,2025-12-08T17:30,iso8601,7.4,0.0,mm,5,%,10.4,km/h,22.0,km/h,359,°,2025-12-08,iso8601
c89147228d920f596f87b65b4493588f,2025-12-08-18-23,10.7298,106.7295,3,wmo code,Trời nhiều mây,30.0,°C,19.8,°C,33.7,°C,20.8,°C,2025-12-08T05:59,iso8601,2025-12-08T17:30,iso8601,7.4,0.0,mm,5,%,8.2,km/h,18.4,km/h,344,°,2025-12-08,iso8601
6b2c88b561aea1b33901f3e7621609a6,2025-12-08-18-28,10.8641,106.7572,3,wmo code,Trời nhiều mây,30.0,°C,19.2,°C,33.7,°C,20.1,°C,2025-12-08T05:59,iso8601,2025-12-08T17:30,iso8601,7.35,0.0,mm,5,%,10.2,km/h,21.6,km/h,3,°,2025-12-08,iso8601
8ccb366f885323d5d6e61535eee7d3cd,2025-12-08-18-44,10.8549,106.6559,3,wmo code,Trời nhiều mây,30.1,°C,19.3,°C,33.8,°C,20.2,°C,2025-12-08T06:00,iso8601,2025-12-08T17:30,iso8601,7.35,0.0,mm,5,%,10.2,km/h,21.6,km/h,3,°,2025-12-08,iso8601
087c89dd2969a894f56ae36a06fb750b,2025-12-08-18-48,10.8472,106.6124,3,wmo code,Trời nhiều mây,30.1,°C,19.3,°C,33.8,°C,20.1,°C,2025-12-08T06:00,iso8601,2025-12-08T17:30,iso8601,7.35,0.0,mm,0,%,10.2,km/h,21.6,km/h,3,°,2025-12-08,iso8601
0a60d9b8c8faa3dd63ef9ea253cdc80f,2025-12-08-18-49,10.7582,106.7888,3,wmo code,Trời nhiều mây,30.0,°C,19.8,°C,33.7,°C,20.8,°C,2025-12-08T05:59,iso8601,2025-12-08T17:30,iso8601,7.4,0.0,mm,5,%,8.2,km/h,18.4,km/h,344,°,2025-12-08,iso8601
1233bba5ca25d8e284fd778f04ef644a,2025-12-08-18-23,10.7312,106.7192,3,wmo code,Trời nhiều mây,30.0,°C,19.8,°C,33.6,°C,20.7,°C,2025-12-08T05:59,iso8601,2025-12-08T17:30,iso8601,7.4,0.0,mm,5,%,8.2,km/h,18.4,km/h,344,°,2025-12-08,iso8601
f3b77211e4a2df3a18a8db9e5af46cf9,2025-12-08-18-45,10.7698,106.7749,3,wmo code,Trời nhiều mây,30.0,°C,19.8,°C,33.7,°C,20.8,°C,2025-12-08T05:59,iso8601,2025-12-08T17:30,iso8601,7.4,0.0,mm,5,%,8.2,km/h,18.4,km/h,344,°,2025-12-08,iso8601
b82266efeba8e716ad44efef5a4c20cd,2025-12-08-18-28,10.7592,106.6561,3,wmo code,Trời nhiều mây,30.2,°C,19.5,°C,33.3,°C,20.2,°C,2025-12-08T06:00,iso8601,2025-12-08T17:30,iso8601,7.4,0.0,mm,5,%,10.4,km/h,22.0,km/h,359,°,2025-12-08,iso8601
23f1e96430b534bcdc0d50fdcea09831,2025-12-08-18-40,10.783,106.6962,3,wmo code,Trời nhiều mây,29.9,°C,19.7,°C,33.6,°C,20.7,°C,2025-12-08T05:59,iso8601,2025-12-08T17:30,iso8601,7.35,0.0,mm,5,%,8.2,km/h,18.4,km/h,344,°,2025-12-08,iso8601
6989a713b71ab4d11d83bf019852bb1a,2025-12-08-18-43,10.8558,106.7839,3,wmo code,Trời nhiều mây,30.2,°C,19.4,°C,33.9,°C,20.3,°C,2025-12-08T05:59,iso8601,2025-12-08T17:30,iso8601,7.35,0.0,mm,5,%,10.2,km/h,21.6,km/h,3,°,2025-12-08,iso8601
370350f3368ff088a2066af8a3feae97,2025-12-08-18-45,10.7965,106.6524,3,wmo code,Trời nhiều mây,30.2,°C,19.5,°C,33.3,°C,20.2,°C,2025-12-08T06:00,iso8601,2025-12-08T17:30,iso8601,7.35,0.0,mm,5,%,10.4,km/h,22.0,km/h,359,°,2025-12-08,iso8601
12a9ee9ed8f4136b4d219b94356338b2,2025-12-08-18-48,10.7682,106.6669,3,wmo code,Trời nhiều mây,30.3,°C,19.5,°C,33.3,°C,20.2,°C,2025-12-08T06:00,iso8601,2025-12-08T17:30,iso8601,7.4,0.0,mm,5,%,10.4,km/h,22.0,km/h,359,°,2025-12-08,iso8601
e70acbe9f7d46f0d61297b911d0ecb2c,2025-12-08-18-45,10.7793,106.7347,3,wmo code,Trời nhiều mây,30.0,°C,19.8,°C,33.7,°C,20.8,°C,2025-12-08T05:59,iso8601,2025-12-08T17:30,iso8601,7.35,0.0,mm,5,%,8.2,km/h,18.4,km/h,344,°,2025-12-08,iso8601
e380c78f707437fc909242b77223c5c3,2025-12-08-18-23,10.7796,106.5997,3,wmo code,Trời nhiều mây,30.3,°C,19.5,°C,33.3,°C,20.2,°C,2025-12-08T06:00,iso8601,2025-12-08T17:30,iso8601,7.35,0.0,mm,0,%,10.4,km/h,22.0,km/h,359,°,2025-12-08,iso8601
e1e131b5892a45b83a874acef266ccd2,2025-12-08-18-43,10.7892,106.6754,3,wmo code,Trời nhiều mây,30.2,°C,19.5,°C,33.3,°C,20.1,°C,2025-12-08T06:00,iso8601,2025-12-08T17:30,iso8601,7.35,0.0,mm,5,%,10.4,km/h,22.0,km/h,359,°,2025-12-08,iso8601
e0854d4ff600c5a1deaab14736694bdd,2025-12-08-18-44,10.7652,106.6971,3,wmo code,Trời nhiều mây,30.0,°C,19.8,°C,33.6,°C,20.7,°C,2025-12-08T05:59,iso8601,2025-12-08T17:30,iso8601,7.4,0.0,mm,5,%,8.2,km/h,18.4,km/h,344,°,2025-12-08,iso8601
dcf9c9307c60a95f93b77f63454e4eb6,2025-12-08-18-40,10.8599,106.6176,3,wmo code,Trời nhiều mây,30.1,°C,19.3,°C,33.8,°C,20.1,°C,2025-12-08T06:00,iso8601,2025-12-08T17:30,iso8601,7.35,0.0,mm,0,%,10.2,km/h,21.6,km/h,3,°,2025-12-08,iso8601
478bfed0731f74043453209e13178182,2025-12-08-18-43,10.8381,106.7343,3,wmo code,Trời nhiều mây,30.2,°C,19.4,°C,33.9,°C,20.3,°C,2025-12-08T05:59,iso8601,2025-12-08T17:30,iso8601,7.35,0.0,mm,5,%,10.2,km/h,21.6,km/h,3,°,2025-12-08,iso8601
2d31df119081d1ed317e851feebbace4,2025-12-08-18-45,10.7884,106.6173,3,wmo code,Trời nhiều mây,30.3,°C,19.5,°C,33.3,°C,20.2,°C,2025-12-08T06:00,iso8601,2025-12-08T17:30,iso8601,7.35,0.0,mm,0,%,10.4,km/h,22.0,km/h,359,°,2025-12-08,iso8601
94fe46fdbc64e22f478f143047a9d30b,2025-12-08-18-44,10.7415,106.71,3,wmo code,Trời nhiều mây,30.0,°C,19.8,°C,33.7,°C,20.8,°C,2025-12-08T05:59,iso8601,2025-12-08T17:30,iso8601,7.4,0.0,mm,5,%,8.2,km/h,18.4,km/h,344,°,2025-12-08,iso8601
b696fc42fe664c8db994254601b5855c,2025-12-08-18-23,10.755,106.6603,3,wmo code,Trời nhiều mây,30.2,°C,19.5,°C,33.3,°C,20.2,°C,2025-12-08T06:00,iso8601,2025-12-08T17:30,iso8601,7.4,0.0,mm,5,%,10.4,km/h,22.0,km/h,359,°,2025-12-08,iso8601
46831dc8e0a786041740e6698f0993b3,2025-12-08-18-28,10.8843,106.6105,3,wmo code,Trời nhiều mây,30.1,°C,19.3,°C,33.8,°C,20.2,°C,2025-12-08T06:00,iso8601,2025-12-08T17:30,iso8601,7.35,0.0,mm,0,%,10.2,km/h,21.6,km/h,3,°,2025-12-08,iso8601
c6bdbee9943288bb1b2bcb5ad94530c5,2025-12-08-18-40,10.7495,106.5406,45,wmo code,Sương mù,30.3,°C,19.9,°C,33.3,°C,20.5,°C,2025-12-08T06:00,iso8601,2025-12-08T17:31,iso8601,7.4,0.0,mm,0,%,12.6,km/h,24.5,km/h,12,°,2025-12-08,iso8601
2947ef039af0171030113c413b81cd0b,2025-12-08-18-45,10.7193,106.7432,3,wmo code,Trời nhiều mây,30.0,°C,19.8,°C,33.7,°C,20.8,°C,2025-12-08T05:59,iso8601,2025-12-08T17:30,iso8601,7.4,0.0,mm,5,%,8.2,km/h,18.4,km/h,344,°,2025-12-08,iso8601
123d955f1fd12028d868417cb9998484,2025-12-08-18-43,10.7598,106.6687,3,wmo code,Trời nhiều mây,30.2,°C,19.5,°C,33.2,°C,20.1,°C,2025-12-08T06:00,iso8601,2025-12-08T17:30,iso8601,7.4,0.0,mm,5,%,10.4,km/h,22.0,km/h,359,°,2025-12-08,iso8601
55d26b2823900135ab49db31c65f2445,2025-12-08-18-44,10.7712,106.6529,3,wmo code,Trời nhiều mây,30.2,°C,19.5,°C,33.3,°C,20.2,°C,2025-12-08T06:00,iso8601,2025-12-08T17:30,iso8601,7.4,0.0,mm,5,%,10.4,km/h,22.0,km/h,359,°,2025-12-08,iso8601
e70acbe9f7d46f0d61297b911d0ecb2c,2025-12-08-18-45,10.7834,106.7418,3,wmo code,Trời nhiều mây,30.0,°C,19.8,°C,33.7,°C,20.8,°C,2025-12-08T05:59,iso8601,2025-12-08T17:30,iso8601,7.35,0.0,mm,5,%,8.2,km/h,18.4,km/h,344,°,2025-12-08,iso8601
905aca3e6f949415084ac2a36c5c2447,2025-12-08-18-45,10.7358,106.6338,3,wmo code,Trời nhiều mây,30.3,°C,19.5,°C,33.3,°C,20.2,°C,2025-12-08T06:00,iso8601,2025-12-08T17:30,iso8601,7.4,0.0,mm,5,%,10.4,km/h,22.0,km/h,359,°,2025-12-08,iso8601
d5e1b6c3d3515823a2ffdbca37045835,2025-12-08-18-48,10.7505,106.6597,3,wmo code,Trời nhiều mây,30.3,°C,19.5,°C,33.3,°C,20.2,°C,2025-12-08T06:00,iso8601,2025-12-08T17:30,iso8601,7.4,0.0,mm,5,%,10.4,km/h,22.0,km/h,359,°,2025-12-08,iso8601
dc3818d87383c460ac88e73daec72fbe,2025-12-08-18-49,10.7545,106.6401,3,wmo code,Trời nhiều mây,30.3,°C,19.5,°C,33.3,°C,20.2,°C,2025-12-08T06:00,iso8601,2025-12-08T17:30,iso8601,7.4,0.0,mm,5,%,10.4,km/h,22.0,km/h,359,°,2025-12-08,iso8601
478bfed0731f74043453209e13178182,2025-12-08-18-49,10.853,106.7511,3,wmo code,Trời nhiều mây,30.2,°C,19.4,°C,33.9,°C,20.3,°C,2025-12-08T05:59,iso8601,2025-12-08T17:30,iso8601,7.35,0.0,mm,5,%,10.2,km/h,21.6,km/h,3,°,2025-12-08,iso8601
678b1e13d26ff3cc9050419d2852de23,2025-12-08-18-23,10.7596,106.6986,3,wmo code,Trời nhiều mây,30.0,°C,19.8,°C,33.6,°C,20.7,°C,2025-12-08T05:59,iso8601,2025-12-08T17:30,iso8601,7.4,0.0,mm,5,%,8.2,km/h,18.4,km/h,344,°,2025-12-08,iso8601
d840e5c8084a9478d71d3c792ab8ddf3,2025-12-08-18-28,10.7932,106.7533,3,wmo code,Trời nhiều mây,30.0,°C,19.8,°C,33.7,°C,20.8,°C,2025-12-08T05:59,iso8601,2025-12-08T17:30,iso8601,7.35,0.0,mm,5,%,8.2,km/h,18.4,km/h,344,°,2025-12-08,iso8601
803ac7a210795e2a71578737c8b26b4a,2025-12-08-18-40,10.8017,106.6509,3,wmo code,Trời nhiều mây,30.2,°C,19.5,°C,33.2,°C,20.1,°C,2025-12-08T06:00,iso8601,2025-12-08T17:30,iso8601,7.35,0.0,mm,5,%,10.4,km/h,22.0,km/h,359,°,2025-12-08,iso8601
