segmentId,weather_date,latitude_lookup,longitude_lookup,weathercode,weathercode_unit,weather_description,temperature_2m_max,temperature_2m_max_unit,temperature_2m_min,temperature_2m_min_unit,apparent_temperature_max,apparent_temperature_max_unit,apparent_temperature_min,apparent_temperature_min_unit,sunrise,sunrise_unit,sunset,sunset_unit,uv_index_max,precipitation_sum,precipitation_sum_unit,precipitation_probability_max,precipitation_probability_max_unit,windspeed_10m_max,windspeed_10m_max_unit,windgusts_10m_max,windgusts_10m_max_unit,winddirection_10m_dominant,winddirection_10m_dominant_unit,time,time_unit
ebf87b8e8bc1f1e41da85eb7a3176824,2025-12-10-20-27,10.756,106.7606,80,wmo code,Mưa rào nhẹ,28.5,°C,23.7,°C,32.5,°C,26.9,°C,2025-12-10T06:00,iso8601,2025-12-10T17:31,iso8601,7.45,1.0,mm,53,%,8.4,km/h,23.4,km/h,11,°,2025-12-10,iso8601
a609c168641c7d2add8dbe3234cc80f7,2025-12-10-20-16,10.7593,106.6804,3,wmo code,Trời nhiều mây,28.8,°C,23.2,°C,32.4,°C,26.4,°C,2025-12-10T06:01,iso8601,2025-12-10T17:31,iso8601,7.35,0.5,mm,53,%,10.0,km/h,28.4,km/h,16,°,2025-12-10,iso8601
03a32720a21696ddc4450a75c1855641,2025-12-10-20-20,10.7743,106.6477,3,wmo code,Trời nhiều mây,28.8,°C,23.2,°C,32.4,°C,26.4,°C,2025-12-10T06:01,iso8601,2025-12-10T17:31,iso8601,7.35,0.5,mm,53,%,10.0,km/h,28.4,km/h,16,°,2025-12-10,iso8601
23b2f235a90abe1a200e390bb787a70d,2025-12-10-19-56,10.7733,106.7015,80,wmo code,Mưa rào nhẹ,28.4,°C,23.6,°C,32.5,°C,26.9,°C,2025-12-10T06:00,iso8601,2025-12-10T17:31,iso8601,7.45,1.0,mm,53,%,8.4,km/h,23.4,km/h,11,°,2025-12-10,iso8601
abfcf67d913fad9e43c3bf2068eb5422,2025-12-10-20-28,10.7376,106.8142,80,wmo code,Mưa rào nhẹ,28.4,°C,24.1,°C,32.6,°C,27.6,°C,2025-12-10T06:00,iso8601,2025-12-10T17:30,iso8601,7.45,0.8,mm,53,%,7.6,km/h,28.8,km/h,5,°,2025-12-10,iso8601
2a560a0bd3463490f2e2c465fb77b055,2025-12-10-20-29,10.7804,106.6364,3,wmo code,Trời nhiều mây,28.8,°C,23.2,°C,32.5,°C,26.4,°C,2025-12-10T06:01,iso8601,2025-12-10T17:31,iso8601,7.0,0.5,mm,53,%,10.0,km/h,28.4,km/h,16,°,2025-12-10,iso8601
23c3b821848dd456f7eaf4509b567d43,2025-12-10-20-33,10.8604,106.7908,3,wmo code,Trời nhiều mây,28.8,°C,23.5,°C,32.8,°C,26.6,°C,2025-12-10T06:00,iso8601,2025-12-10T17:30,iso8601,7.45,0.3,mm,53,%,9.1,km/h,24.8,km/h,10,°,2025-12-10,iso8601
7b2ff4d3d8018b40ecdeef62ff619ec6,2025-12-10-20-32,10.758,106.6997,80,wmo code,Mưa rào nhẹ,28.4,°C,23.6,°C,32.5,°C,26.9,°C,2025-12-10T06:00,iso8601,2025-12-10T17:31,iso8601,7.45,1.0,mm,53,%,8.4,km/h,23.4,km/h,11,°,2025-12-10,iso8601
04edd61439bdc3ac6e47a41f3a4f9295,2025-12-10-20-28,10.8003,106.6668,3,wmo code,Trời nhiều mây,28.8,°C,23.2,°C,32.5,°C,26.4,°C,2025-12-10T06:01,iso8601,2025-12-10T17:31,iso8601,7.0,0.5,mm,53,%,10.0,km/h,28.4,km/h,16,°,2025-12-10,iso8601
823a0dbc9b2b7b01d1fa23d547c80121,2025-12-10-19-57,10.7621,106.6569,3,wmo code,Trời nhiều mây,28.8,°C,23.2,°C,32.5,°C,26.4,°C,2025-12-10T06:01,iso8601,2025-12-10T17:31,iso8601,7.35,0.5,mm,53,%,10.0,km/h,28.4,km/h,16,°,2025-12-10,iso8601
03723a986c31cf1a234b8145447456ea,2025-12-10-20-16,10.739,106.6436,3,wmo code,Trời nhiều mây,28.9,°C,23.3,°C,32.5,°C,26.5,°C,2025-12-10T06:01,iso8601,2025-12-10T17:31,iso8601,7.35,0.5,mm,53,%,10.0,km/h,28.4,km/h,16,°,2025-12-10,iso8601
32196ce38d97227596a014fe983dc5bf,2025-12-10-20-21,10.8504,106.7545,3,wmo code,Trời nhiều mây,28.8,°C,23.5,°C,32.8,°C,26.7,°C,2025-12-10T06:00,iso8601,2025-12-10T17:30,iso8601,7.45,0.3,mm,53,%,9.1,km/h,24.8,km/h,10,°,2025-12-10,iso8601
463837a37b7889b8a27a02938ccee6d3,2025-12-10-20-35,10.7696,106.6353,3,wmo code,Trời nhiều mây,28.8,°C,23.2,°C,32.5,°C,26.4,°C,2025-12-10T06:01,iso8601,2025-12-10T17:31,iso8601,7.35,0.5,mm,53,%,10.0,km/h,28.4,km/h,16,°,2025-12-10,iso8601
e21729c0cd2cdefc32af516819160628,2025-12-10-20-27,10.7748,106.6578,3,wmo code,Trời nhiều mây,28.8,°C,23.2,°C,32.5,°C,26.4,°C,2025-12-10T06:01,iso8601,2025-12-10T17:31,iso8601,7.35,0.5,mm,53,%,10.0,km/h,28.4,km/h,16,°,2025-12-10,iso8601
533d4363465fe3da773b88f3bcb892e5,2025-12-10-20-28,10.791,106.5555,80,wmo code,Mưa rào nhẹ,29.0,°C,23.4,°C,32.3,°C,26.5,°C,2025-12-10T06:01,iso8601,2025-12-10T17:32,iso8601,7.25,0.7,mm,60,%,11.7,km/h,25.9,km/h,16,°,2025-12-10,iso8601
6aa424afd411c43e24ad14f2ace416fc,2025-12-10-20-29,10.7872,106.6347,3,wmo code,Trời nhiều mây,28.8,°C,23.2,°C,32.4,°C,26.4,°C,2025-12-10T06:01,iso8601,2025-12-10T17:31,iso8601,7.0,0.5,mm,53,%,10.0,km/h,28.4,km/h,16,°,2025-12-10,iso8601
401342ce24d86fd44bbc0b6591d9c796,2025-12-10-20-32,10.7407,106.6176,3,wmo code,Trời nhiều mây,28.8,°C,23.2,°C,32.5,°C,26.4,°C,2025-12-10T06:01,iso8601,2025-12-10T17:31,iso8601,7.35,0.5,mm,60,%,10.0,km/h,28.4,km/h,16,°,2025-12-10,iso8601
2f289be8da0abc2734fe794b028f9cc7,2025-12-10-20-28,10.8243,106.7074,3,wmo code,Trời nhiều mây,28.8,°C,23.5,°C,32.9,°C,26.7,°C,2025-12-10T06:00,iso8601,2025-12-10T17:30,iso8601,7.45,0.3,mm,53,%,9.1,km/h,24.8,km/h,10,°,2025-12-10,iso8601
5d8b247037cfbb3cd4864f4597a29aa7,2025-12-10-20-33,10.7664,106.6423,3,wmo code,Trời nhiều mây,28.8,°C,23.2,°C,32.5,°C,26.4,°C,2025-12-10T06:01,iso8601,2025-12-10T17:31,iso8601,7.35,0.5,mm,53,%,10.0,km/h,28.4,km/h,16,°,2025-12-10,iso8601
26ab458d485349580f5ada61278363de,2025-12-10-20-35,10.7566,106.6698,3,wmo code,Trời nhiều mây,28.8,°C,23.2,°C,32.4,°C,26.3,°C,2025-12-10T06:01,iso8601,2025-12-10T17:31,iso8601,7.35,0.5,mm,53,%,10.0,km/h,28.4,km/h,16,°,2025-12-10,iso8601
0e60c50ff9d41a8b1c205ff3e7497061,2025-12-10-20-21,10.7064,106.8238,80,wmo code,Mưa rào nhẹ,28.3,°C,24.0,°C,32.5,°C,27.4,°C,2025-12-10T06:00,iso8601,2025-12-10T17:30,iso8601,7.45,0.8,mm,53,%,7.6,km/h,28.8,km/h,5,°,2025-12-10,iso8601
6302f25e3364b7773f9fdd4fd81402de,2025-12-10-19-57,10.8045,106.578,3,wmo code,Trời nhiều mây,28.8,°C,23.2,°C,32.5,°C,26.4,°C,2025-12-10T06:01,iso8601,2025-12-10T17:31,iso8601,7.25,0.5,mm,60,%,10.0,km/h,28.4,km/h,16,°,2025-12-10,iso8601
4c6fa1feb7bf68d7cde9f86a84e33c69,2025-12-10-20-27,10.7647,106.6921,80,wmo code,Mưa rào nhẹ,28.4,°C,23.6,°C,32.5,°C,26.8,°C,2025-12-10T06:00,iso8601,2025-12-10T17:31,iso8601,7.35,1.0,mm,53,%,8.4,km/h,23.4,km/h,11,°,2025-12-10,iso8601
08e4e553fc72136a576a8e051427df26,2025-12-10-20-16,10.8082,106.6785,3,wmo code,Trời nhiều mây,28.8,°C,23.2,°C,32.4,°C,26.4,°C,2025-12-10T06:01,iso8601,2025-12-10T17:31,iso8601,7.0,0.5,mm,53,%,10.0,km/h,28.4,km/h,16,°,2025-12-10,iso8601
c6b900a281c5b6673b89d20b01cdada9,2025-12-10-20-28,10.7434,106.6208,3,wmo code,Trời nhiều mây,28.8,°C,23.2,°C,32.5,°C,26.4,°C,2025-12-10T06:01,iso8601,2025-12-10T17:31,iso8601,7.35,0.5,mm,60,%,10.0,km/h,28.4,km/h,16,°,2025-12-10,iso8601
264c6430eac425d239acf26cf6d07120,2025-12-10-20-28,10.8537,106.7511,3,wmo code,Trời nhiều mây,28.8,°C,23.5,°C,32.8,°C,26.7,°C,2025-12-10T06:00,iso8601,2025-12-10T17:30,iso8601,7.45,0.3,mm,53,%,9.1,km/h,24.8,km/h,10,°,2025-12-10,iso8601
2268892ea7efae68e2fa50c4e77360bf,2025-12-10-20-29,10.8213,106.6976,3,wmo code,Trời nhiều mây,28.8,°C,23.5,°C,32.9,°C,26.7,°C,2025-12-10T06:00,iso8601,2025-12-10T17:30,iso8601,7.0,0.3,mm,53,%,9.1,km/h,24.8,km/h,10,°,2025-12-10,iso8601
1265859dbdd78f907bbf04739172186d,2025-12-10-20-32,10.81,106.7563,80,wmo code,Mưa rào nhẹ,28.4,°C,23.6,°C,32.5,°C,26.9,°C,2025-12-10T06:00,iso8601,2025-12-10T17:31,iso8601,7.45,1.0,mm,53,%,8.4,km/h,23.4,km/h,11,°,2025-12-10,iso8601
a075b85befd3006493db5b5098a900bd,2025-12-10-20-33,10.7934,106.7556,80,wmo code,Mưa rào nhẹ,28.4,°C,23.6,°C,32.5,°C,26.9,°C,2025-12-10T06:00,iso8601,2025-12-10T17:31,iso8601,7.45,1.0,mm,53,%,8.4,km/h,23.4,km/h,11,°,2025-12-10,iso8601
4978590a182110740fd4defcabb9d463,2025-12-10-20-35,10.7237,106.6011,3,wmo code,Trời nhiều mây,28.8,°C,23.2,°C,32.5,°C,26.5,°C,2025-12-10T06:01,iso8601,2025-12-10T17:31,iso8601,7.35,0.5,mm,60,%,10.0,km/h,28.4,km/h,16,°,2025-12-10,iso8601
1171672493fa5b8fbd4b784a3056fee0,2025-12-10-20-16,10.8489,106.7742,3,wmo code,Trời nhiều mây,28.6,°C,23.3,°C,32.6,°C,26.5,°C,2025-12-10T06:00,iso8601,2025-12-10T17:30,iso8601,7.45,0.3,mm,53,%,9.1,km/h,24.8,km/h,10,°,2025-12-10,iso8601
0c29b3b2d9fb79d0ba9b100c3778cd32,2025-12-10-20-27,10.7766,106.7657,80,wmo code,Mưa rào nhẹ,28.4,°C,23.6,°C,32.5,°C,26.9,°C,2025-12-10T06:00,iso8601,2025-12-10T17:31,iso8601,7.45,1.0,mm,53,%,8.4,km/h,23.4,km/h,11,°,2025-12-10,iso8601
4a1e1f62c0f4ce9beafe5c16329f13aa,2025-12-10-20-21,10.7577,106.6438,3,wmo code,Trời nhiều mây,28.8,°C,23.2,°C,32.4,°C,26.4,°C,2025-12-10T06:01,iso8601,2025-12-10T17:31,iso8601,7.35,0.5,mm,53,%,10.0,km/h,28.4,km/h,16,°,2025-12-10,iso8601
46831dc8e0a786041740e6698f0993b3,2025-12-10-19-57,10.8843,106.6105,3,wmo code,Trời nhiều mây,28.7,°C,23.4,°C,32.7,°C,26.6,°C,2025-12-10T06:01,iso8601,2025-12-10T17:31,iso8601,7.0,0.3,mm,43,%,9.1,km/h,24.8,km/h,10,°,2025-12-10,iso8601
ef35aa07cbe1e7e85fde1e038bed95e4,2025-12-10-20-35,10.7758,106.6991,80,wmo code,Mưa rào nhẹ,28.4,°C,23.6,°C,32.4,°C,26.8,°C,2025-12-10T06:00,iso8601,2025-12-10T17:31,iso8601,7.35,1.0,mm,53,%,8.4,km/h,23.4,km/h,11,°,2025-12-10,iso8601
eec9f602f390a983b7168d8f462f8628,2025-12-10-20-33,10.7936,106.652,3,wmo code,Trời nhiều mây,28.8,°C,23.2,°C,32.4,°C,26.4,°C,2025-12-10T06:01,iso8601,2025-12-10T17:31,iso8601,7.0,0.5,mm,53,%,10.0,km/h,28.4,km/h,16,°,2025-12-10,iso8601
0748a04cc0fc3eaa1b3262cdb77d7fbb,2025-12-10-20-16,10.7563,106.6511,3,wmo code,Trời nhiều mây,28.8,°C,23.2,°C,32.5,°C,26.4,°C,2025-12-10T06:01,iso8601,2025-12-10T17:31,iso8601,7.35,0.5,mm,53,%,10.0,km/h,28.4,km/h,16,°,2025-12-10,iso8601
f3fe4ad767fba6a94815cb6ba62a44a2,2025-12-10-20-28,10.778,106.6712,3,wmo code,Trời nhiều mây,28.8,°C,23.2,°C,32.5,°C,26.4,°C,2025-12-10T06:01,iso8601,2025-12-10T17:31,iso8601,7.0,0.5,mm,53,%,10.0,km/h,28.4,km/h,16,°,2025-12-10,iso8601
251fd401a7019af05b00a105df374d97,2025-12-10-20-32,10.7712,106.646,3,wmo code,Trời nhiều mây,28.8,°C,23.2,°C,32.4,°C,26.4,°C,2025-12-10T06:01,iso8601,2025-12-10T17:31,iso8601,7.35,0.5,mm,53,%,10.0,km/h,28.4,km/h,16,°,2025-12-10,iso8601
cd6d7444c4b39c9db881d0f8dbb3f3c4,2025-12-10-20-29,10.805,106.6643,3,wmo code,Trời nhiều mây,28.8,°C,23.2,°C,32.4,°C,26.4,°C,2025-12-10T06:01,iso8601,2025-12-10T17:31,iso8601,7.0,0.5,mm,53,%,10.0,km/h,28.4,km/h,16,°,2025-12-10,iso8601
0fa29b6c488bc2c9af0fbfc042e9cd67,2025-12-10-20-29,10.8043,106.7516,80,wmo code,Mưa rào nhẹ,28.4,°C,23.6,°C,32.5,°C,26.8,°C,2025-12-10T06:00,iso8601,2025-12-10T17:31,iso8601,7.45,1.0,mm,53,%,8.4,km/h,23.4,km/h,11,°,2025-12-10,iso8601
5d54589ad95a4a6319292c8de7625272,2025-12-10-20-35,10.8208,106.6833,3,wmo code,Trời nhiều mây,28.6,°C,23.3,°C,32.6,°C,26.5,°C,2025-12-10T06:01,iso8601,2025-12-10T17:31,iso8601,7.0,0.3,mm,53,%,9.1,km/h,24.8,km/h,10,°,2025-12-10,iso8601
5833b78afc4a3468366345421f21beda,2025-12-10-20-21,10.7587,106.6592,3,wmo code,Trời nhiều mây,28.8,°C,23.2,°C,32.4,°C,26.4,°C,2025-12-10T06:01,iso8601,2025-12-10T17:31,iso8601,7.35,0.5,mm,53,%,10.0,km/h,28.4,km/h,16,°,2025-12-10,iso8601
6aa710567d555652d8eb7c9ced435d3d,2025-12-10-20-27,10.7508,106.6545,3,wmo code,Trời nhiều mây,28.8,°C,23.2,°C,32.5,°C,26.4,°C,2025-12-10T06:01,iso8601,2025-12-10T17:31,iso8601,7.35,0.5,mm,53,%,10.0,km/h,28.4,km/h,16,°,2025-12-10,iso8601
cbf7984140cf5a47b500189d41e6a2c4,2025-12-10-20-28,10.7705,106.6573,3,wmo code,Trời nhiều mây,28.8,°C,23.2,°C,32.4,°C,26.4,°C,2025-12-10T06:01,iso8601,2025-12-10T17:31,iso8601,7.35,0.5,mm,53,%,10.0,km/h,28.4,km/h,16,°,2025-12-10,iso8601
038f1f5aa618da4ea9f19f803614e643,2025-12-10-20-29,10.7389,106.6898,80,wmo code,Mưa rào nhẹ,28.4,°C,23.6,°C,32.5,°C,26.9,°C,2025-12-10T06:00,iso8601,2025-12-10T17:31,iso8601,7.35,1.0,mm,53,%,8.4,km/h,23.4,km/h,11,°,2025-12-10,iso8601
d75b47a305d8110b0fa0afad065240ff,2025-12-10-20-29,10.7954,106.6558,3,wmo code,Trời nhiều mây,28.8,°C,23.2,°C,32.4,°C,26.4,°C,2025-12-10T06:01,iso8601,2025-12-10T17:31,iso8601,7.0,0.5,mm,53,%,10.0,km/h,28.4,km/h,16,°,2025-12-10,iso8601
2e7b0341cc7b2135881d31cacb53f4b1,2025-12-10-20-16,10.7677,106.6724,3,wmo code,Trời nhiều mây,28.8,°C,23.2,°C,32.4,°C,26.4,°C,2025-12-10T06:01,iso8601,2025-12-10T17:31,iso8601,7.35,0.5,mm,53,%,10.0,km/h,28.4,km/h,16,°,2025-12-10,iso8601
0a18a7c5a064407259fdcbe8fd300c3c,2025-12-10-19-57,10.7627,106.6446,3,wmo code,Trời nhiều mây,28.8,°C,23.2,°C,32.4,°C,26.4,°C,2025-12-10T06:01,iso8601,2025-12-10T17:31,iso8601,7.35,0.5,mm,53,%,10.0,km/h,28.4,km/h,16,°,2025-12-10,iso8601
01324f6a9fa1d0fce5535efbfc86560f,2025-12-10-20-35,10.7761,106.647,3,wmo code,Trời nhiều mây,28.8,°C,23.2,°C,32.4,°C,26.4,°C,2025-12-10T06:01,iso8601,2025-12-10T17:31,iso8601,7.35,0.5,mm,53,%,10.0,km/h,28.4,km/h,16,°,2025-12-10,iso8601
eb48c7456ae2c4beb72622f31718e6f6,2025-12-10-20-21,10.7293,106.6884,80,wmo code,Mưa rào nhẹ,28.4,°C,23.6,°C,32.4,°C,26.8,°C,2025-12-10T06:00,iso8601,2025-12-10T17:31,iso8601,7.35,1.0,mm,53,%,8.4,km/h,23.4,km/h,11,°,2025-12-10,iso8601
5dc12115410d75d380e733bc87568957,2025-12-10-20-27,10.7903,106.8268,80,wmo code,Mưa rào nhẹ,28.4,°C,24.1,°C,32.6,°C,27.5,°C,2025-12-10T06:00,iso8601,2025-12-10T17:30,iso8601,7.45,0.8,mm,53,%,7.6,km/h,28.8,km/h,5,°,2025-12-10,iso8601
65dc4f1c9d3553a5d837d3c3a420c771,2025-12-10-20-29,10.8019,106.7439,80,wmo code,Mưa rào nhẹ,28.4,°C,23.6,°C,32.5,°C,26.9,°C,2025-12-10T06:00,iso8601,2025-12-10T17:31,iso8601,7.45,1.0,mm,53,%,8.4,km/h,23.4,km/h,11,°,2025-12-10,iso8601
d7a7550d4921fe13dd28d6c466df0475,2025-12-10-19-57,10.7884,106.6565,3,wmo code,Trời nhiều mây,28.8,°C,23.2,°C,32.4,°C,26.4,°C,2025-12-10T06:01,iso8601,2025-12-10T17:31,iso8601,7.0,0.5,mm,53,%,10.0,km/h,28.4,km/h,16,°,2025-12-10,iso8601
fd613f1221173c7617c7db5cf43d7632,2025-12-10-20-29,10.7844,106.6784,3,wmo code,Trời nhiều mây,28.8,°C,23.2,°C,32.5,°C,26.4,°C,2025-12-10T06:01,iso8601,2025-12-10T17:31,iso8601,7.0,0.5,mm,53,%,10.0,km/h,28.4,km/h,16,°,2025-12-10,iso8601
70000c1b6e1ab41b994b18329a12d292,2025-12-10-20-33,10.8631,106.6108,3,wmo code,Trời nhiều mây,28.7,°C,23.4,°C,32.7,°C,26.5,°C,2025-12-10T06:01,iso8601,2025-12-10T17:31,iso8601,7.0,0.3,mm,60,%,9.1,km/h,24.8,km/h,10,°,2025-12-10,iso8601
1ada0b30113f4c9a227da67235d74761,2025-12-10-20-28,10.861,106.7421,3,wmo code,Trời nhiều mây,28.8,°C,23.5,°C,32.9,°C,26.7,°C,2025-12-10T06:00,iso8601,2025-12-10T17:30,iso8601,7.45,0.3,mm,53,%,9.1,km/h,24.8,km/h,10,°,2025-12-10,iso8601
e596ca4c2162471e6f778367f79949d5,2025-12-10-19-57,10.763,106.6424,3,wmo code,Trời nhiều mây,28.8,°C,23.2,°C,32.4,°C,26.4,°C,2025-12-10T06:01,iso8601,2025-12-10T17:31,iso8601,7.35,0.5,mm,53,%,10.0,km/h,28.4,km/h,16,°,2025-12-10,iso8601
ea3dc7f553e0877e391a9fd3277bc05f,2025-12-10-20-35,10.7925,106.6856,3,wmo code,Trời nhiều mây,28.8,°C,23.2,°C,32.5,°C,26.4,°C,2025-12-10T06:01,iso8601,2025-12-10T17:31,iso8601,7.0,0.5,mm,53,%,10.0,km/h,28.4,km/h,16,°,2025-12-10,iso8601
d1353b9f804072b489f953c63f1b591e,2025-12-10-20-16,10.7929,106.8117,80,wmo code,Mưa rào nhẹ,28.4,°C,23.6,°C,32.5,°C,26.9,°C,2025-12-10T06:00,iso8601,2025-12-10T17:31,iso8601,7.45,1.0,mm,53,%,8.4,km/h,23.4,km/h,11,°,2025-12-10,iso8601
e60f6940bca29797062ec575599d5b16,2025-12-10-20-21,10.7991,106.6803,3,wmo code,Trời nhiều mây,28.8,°C,23.2,°C,32.4,°C,26.4,°C,2025-12-10T06:01,iso8601,2025-12-10T17:31,iso8601,7.0,0.5,mm,53,%,10.0,km/h,28.4,km/h,16,°,2025-12-10,iso8601
0ba552a3c2f0087ed6e8e2aea0968a05,2025-12-10-20-27,10.7454,106.6239,3,wmo code,Trời nhiều mây,28.8,°C,23.2,°C,32.5,°C,26.4,°C,2025-12-10T06:01,iso8601,2025-12-10T17:31,iso8601,7.35,0.5,mm,60,%,10.0,km/h,28.4,km/h,16,°,2025-12-10,iso8601
fee33ae4b742737a9c531680f3ca0eda,2025-12-10-20-32,10.8447,106.6397,3,wmo code,Trời nhiều mây,28.7,°C,23.4,°C,32.7,°C,26.6,°C,2025-12-10T06:01,iso8601,2025-12-10T17:31,iso8601,7.0,0.3,mm,53,%,9.1,km/h,24.8,km/h,10,°,2025-12-10,iso8601
a5f843bbb7798d58c803e19aefd88c36,2025-12-10-20-28,10.8415,106.7687,3,wmo code,Trời nhiều mây,28.7,°C,23.4,°C,32.7,°C,26.6,°C,2025-12-10T06:00,iso8601,2025-12-10T17:30,iso8601,7.45,0.3,mm,53,%,9.1,km/h,24.8,km/h,10,°,2025-12-10,iso8601
d89d49c51d21473ce100749241660614,2025-12-10-20-29,10.8709,106.7757,3,wmo code,Trời nhiều mây,28.8,°C,23.5,°C,32.8,°C,26.7,°C,2025-12-10T06:00,iso8601,2025-12-10T17:30,iso8601,7.45,0.3,mm,53,%,9.1,km/h,24.8,km/h,10,°,2025-12-10,iso8601
0b6d77b829081eb6542188990f40a7c4,2025-12-10-20-29,10.7406,106.6999,80,wmo code,Mưa rào nhẹ,28.4,°C,23.6,°C,32.5,°C,26.9,°C,2025-12-10T06:00,iso8601,2025-12-10T17:31,iso8601,7.45,1.0,mm,53,%,8.4,km/h,23.4,km/h,11,°,2025-12-10,iso8601
1ba26124e3c27b62dbde76e520784686,2025-12-10-20-32,10.789,106.7168,80,wmo code,Mưa rào nhẹ,28.4,°C,23.6,°C,32.5,°C,26.9,°C,2025-12-10T06:00,iso8601,2025-12-10T17:31,iso8601,7.45,1.0,mm,53,%,8.4,km/h,23.4,km/h,11,°,2025-12-10,iso8601
96c090961a22dae72ce4fb51ac84e273,2025-12-10-20-33,10.7897,106.6518,3,wmo code,Trời nhiều mây,28.8,°C,23.2,°C,32.4,°C,26.4,°C,2025-12-10T06:01,iso8601,2025-12-10T17:31,iso8601,7.0,0.5,mm,53,%,10.0,km/h,28.4,km/h,16,°,2025-12-10,iso8601
b6b6f2553a423b0cca086a375421206a,2025-12-10-20-32,10.8007,106.7364,80,wmo code,Mưa rào nhẹ,28.4,°C,23.6,°C,32.5,°C,26.9,°C,2025-12-10T06:00,iso8601,2025-12-10T17:31,iso8601,7.45,1.0,mm,53,%,8.4,km/h,23.4,km/h,11,°,2025-12-10,iso8601
e3ceeae18f4f59cff15ec975feec319b,2025-12-10-20-33,10.8185,106.687,3,wmo code,Trời nhiều mây,28.7,°C,23.4,°C,32.6,°C,26.5,°C,2025-12-10T06:01,iso8601,2025-12-10T17:31,iso8601,7.0,0.3,mm,53,%,9.1,km/h,24.8,km/h,10,°,2025-12-10,iso8601
64991b3007d81e6b8fbb43f1a76dceeb,2025-12-10-20-35,10.7574,106.674,3,wmo code,Trời nhiều mây,28.8,°C,23.2,°C,32.4,°C,26.4,°C,2025-12-10T06:01,iso8601,2025-12-10T17:31,iso8601,7.35,0.5,mm,53,%,10.0,km/h,28.4,km/h,16,°,2025-12-10,iso8601
76ad16bdde3e94469382285b76b17a4b,2025-12-10-19-57,10.782,106.6549,3,wmo code,Trời nhiều mây,28.8,°C,23.2,°C,32.4,°C,26.4,°C,2025-12-10T06:01,iso8601,2025-12-10T17:31,iso8601,7.0,0.5,mm,53,%,10.0,km/h,28.4,km/h,16,°,2025-12-10,iso8601
dc5b08ac8f96170963f58e21ea5aa31e,2025-12-10-20-17,10.8007,106.7327,80,wmo code,Mưa rào nhẹ,28.4,°C,23.6,°C,32.5,°C,26.9,°C,2025-12-10T06:00,iso8601,2025-12-10T17:31,iso8601,7.45,1.0,mm,53,%,8.4,km/h,23.4,km/h,11,°,2025-12-10,iso8601
6ed666ef1d3cf472b5247544173b129b,2025-12-10-20-21,10.8251,106.6809,3,wmo code,Trời nhiều mây,28.6,°C,23.3,°C,32.6,°C,26.5,°C,2025-12-10T06:01,iso8601,2025-12-10T17:31,iso8601,7.0,0.3,mm,53,%,9.1,km/h,24.8,km/h,10,°,2025-12-10,iso8601
fd3679f127d3799d313a5db2a703ef9b,2025-12-10-20-35,10.7576,106.6483,3,wmo code,Trời nhiều mây,28.8,°C,23.2,°C,32.4,°C,26.4,°C,2025-12-10T06:01,iso8601,2025-12-10T17:31,iso8601,7.35,0.5,mm,53,%,10.0,km/h,28.4,km/h,16,°,2025-12-10,iso8601
37b6f4a32bbba0bdc623c18f9da1a428,2025-12-10-20-29,10.8777,106.6783,3,wmo code,Trời nhiều mây,28.7,°C,23.4,°C,32.7,°C,26.6,°C,2025-12-10T06:01,iso8601,2025-12-10T17:31,iso8601,7.0,0.3,mm,40,%,9.1,km/h,24.8,km/h,10,°,2025-12-10,iso8601
3913d8ab823e532fe096e6198ad760c7,2025-12-10-20-32,10.7448,106.6689,3,wmo code,Trời nhiều mây,28.8,°C,23.2,°C,32.5,°C,26.4,°C,2025-12-10T06:01,iso8601,2025-12-10T17:31,iso8601,7.35,0.5,mm,53,%,10.0,km/h,28.4,km/h,16,°,2025-12-10,iso8601
418de2d4cb47c9713d6fb6099c8c7795,2025-12-10-20-35,10.8252,106.7108,3,wmo code,Trời nhiều mây,28.8,°C,23.5,°C,32.9,°C,26.8,°C,2025-12-10T06:00,iso8601,2025-12-10T17:30,iso8601,7.45,0.3,mm,53,%,9.1,km/h,24.8,km/h,10,°,2025-12-10,iso8601
007f9819226a33e189c30b686ee15949,2025-12-10-20-33,10.8435,106.6149,3,wmo code,Trời nhiều mây,28.7,°C,23.4,°C,32.7,°C,26.5,°C,2025-12-10T06:01,iso8601,2025-12-10T17:31,iso8601,7.0,0.3,mm,60,%,9.1,km/h,24.8,km/h,10,°,2025-12-10,iso8601
38a661558bc6a99ae1fccf8a8bf061b0,2025-12-10-20-29,10.7414,106.6885,80,wmo code,Mưa rào nhẹ,28.4,°C,23.6,°C,32.5,°C,26.9,°C,2025-12-10T06:00,iso8601,2025-12-10T17:31,iso8601,7.35,1.0,mm,53,%,8.4,km/h,23.4,km/h,11,°,2025-12-10,iso8601
d47ab17a4d2eef912cf5956300fb8bf4,2025-12-10-20-22,10.7683,106.7031,80,wmo code,Mưa rào nhẹ,28.4,°C,23.6,°C,32.5,°C,26.9,°C,2025-12-10T06:00,iso8601,2025-12-10T17:31,iso8601,7.45,1.0,mm,53,%,8.4,km/h,23.4,km/h,11,°,2025-12-10,iso8601
3d4e866d3bc5c188f49992bb3a26fed2,2025-12-10-20-27,10.7723,106.6272,3,wmo code,Trời nhiều mây,28.8,°C,23.2,°C,32.5,°C,26.4,°C,2025-12-10T06:01,iso8601,2025-12-10T17:31,iso8601,7.35,0.5,mm,53,%,10.0,km/h,28.4,km/h,16,°,2025-12-10,iso8601
856464a1c1df41490a3f12563823be5a,2025-12-10-20-29,10.828,106.6792,3,wmo code,Trời nhiều mây,28.7,°C,23.4,°C,32.6,°C,26.5,°C,2025-12-10T06:01,iso8601,2025-12-10T17:31,iso8601,7.0,0.3,mm,53,%,9.1,km/h,24.8,km/h,10,°,2025-12-10,iso8601
1653868880a3e514ebcf372bc5775689,2025-12-10-20-28,10.7879,106.6919,80,wmo code,Mưa rào nhẹ,28.4,°C,23.6,°C,32.4,°C,26.8,°C,2025-12-10T06:00,iso8601,2025-12-10T17:31,iso8601,7.0,1.0,mm,53,%,8.4,km/h,23.4,km/h,11,°,2025-12-10,iso8601
93bc343a1674b87a9c94751ba59a31ee,2025-12-10-20-29,10.8013,106.7111,80,wmo code,Mưa rào nhẹ,28.4,°C,23.6,°C,32.5,°C,26.9,°C,2025-12-10T06:00,iso8601,2025-12-10T17:31,iso8601,7.45,1.0,mm,53,%,8.4,km/h,23.4,km/h,11,°,2025-12-10,iso8601
04333fe7c5c67cf08d89fe0bc6d041fa,2025-12-10-20-33,10.7311,106.7123,80,wmo code,Mưa rào nhẹ,28.4,°C,23.6,°C,32.5,°C,26.9,°C,2025-12-10T06:00,iso8601,2025-12-10T17:31,iso8601,7.45,1.0,mm,53,%,8.4,km/h,23.4,km/h,11,°,2025-12-10,iso8601
1fb9c9a180180aeee163ef5ba2f67729,2025-12-10-20-32,10.7636,106.6786,3,wmo code,Trời nhiều mây,28.8,°C,23.2,°C,32.4,°C,26.4,°C,2025-12-10T06:01,iso8601,2025-12-10T17:31,iso8601,7.35,0.5,mm,53,%,10.0,km/h,28.4,km/h,16,°,2025-12-10,iso8601
2d6d573da4859ba592c3efe1ca1d020f,2025-12-10-19-57,10.7537,106.6539,3,wmo code,Trời nhiều mây,28.8,°C,23.2,°C,32.4,°C,26.4,°C,2025-12-10T06:01,iso8601,2025-12-10T17:31,iso8601,7.35,0.5,mm,53,%,10.0,km/h,28.4,km/h,16,°,2025-12-10,iso8601
d0387cf978c41b8e86b4a57ea1fc3f55,2025-12-10-20-17,10.7087,106.7319,80,wmo code,Mưa rào nhẹ,28.4,°C,23.6,°C,32.5,°C,26.9,°C,2025-12-10T06:00,iso8601,2025-12-10T17:31,iso8601,7.45,1.0,mm,53,%,8.4,km/h,23.4,km/h,11,°,2025-12-10,iso8601
58c00b65acb6d7287824a918c7de336f,2025-12-10-19-57,10.7598,106.659,3,wmo code,Trời nhiều mây,28.8,°C,23.2,°C,32.4,°C,26.4,°C,2025-12-10T06:01,iso8601,2025-12-10T17:31,iso8601,7.35,0.5,mm,53,%,10.0,km/h,28.4,km/h,16,°,2025-12-10,iso8601
900ad9b82bb6e75e454ac498bc1e67e3,2025-12-10-20-17,10.7666,106.6652,3,wmo code,Trời nhiều mây,28.8,°C,23.2,°C,32.4,°C,26.4,°C,2025-12-10T06:01,iso8601,2025-12-10T17:31,iso8601,7.35,0.5,mm,53,%,10.0,km/h,28.4,km/h,16,°,2025-12-10,iso8601
ae502a367c12e8f4116220716e0c7c11,2025-12-10-20-35,10.8254,106.6006,3,wmo code,Trời nhiều mây,28.7,°C,23.4,°C,32.8,°C,26.6,°C,2025-12-10T06:01,iso8601,2025-12-10T17:31,iso8601,7.0,0.3,mm,60,%,9.1,km/h,24.8,km/h,10,°,2025-12-10,iso8601
69612fa73726b3617315f5dbcb75d523,2025-12-10-20-22,10.8218,106.6993,3,wmo code,Trời nhiều mây,28.8,°C,23.5,°C,32.9,°C,26.7,°C,2025-12-10T06:00,iso8601,2025-12-10T17:30,iso8601,7.45,0.3,mm,53,%,9.1,km/h,24.8,km/h,10,°,2025-12-10,iso8601
3f4a7dc85944903ea2b70fa37791230b,2025-12-10-20-32,10.7505,106.6534,3,wmo code,Trời nhiều mây,28.8,°C,23.2,°C,32.5,°C,26.4,°C,2025-12-10T06:01,iso8601,2025-12-10T17:31,iso8601,7.35,0.5,mm,53,%,10.0,km/h,28.4,km/h,16,°,2025-12-10,iso8601
46df3fab6fa51b6145d3294fe13f6ae1,2025-12-10-20-27,10.7866,106.8439,80,wmo code,Mưa rào nhẹ,28.4,°C,24.1,°C,32.6,°C,27.6,°C,2025-12-10T06:00,iso8601,2025-12-10T17:30,iso8601,7.45,0.8,mm,53,%,7.6,km/h,28.8,km/h,5,°,2025-12-10,iso8601
0b82b4afd40f0bef656c72b9d0ee6272,2025-12-10-20-33,10.8659,106.616,3,wmo code,Trời nhiều mây,28.7,°C,23.4,°C,32.7,°C,26.5,°C,2025-12-10T06:01,iso8601,2025-12-10T17:31,iso8601,7.0,0.3,mm,60,%,9.1,km/h,24.8,km/h,10,°,2025-12-10,iso8601
624b12699f6b0603b67348a78d50101a,2025-12-10-20-28,10.7804,106.6919,80,wmo code,Mưa rào nhẹ,28.4,°C,23.6,°C,32.4,°C,26.8,°C,2025-12-10T06:00,iso8601,2025-12-10T17:31,iso8601,7.0,1.0,mm,53,%,8.4,km/h,23.4,km/h,11,°,2025-12-10,iso8601
fe84f77da96da5828f4d4bc487679148,2025-12-10-20-35,10.7682,106.6678,3,wmo code,Trời nhiều mây,28.8,°C,23.2,°C,32.5,°C,26.4,°C,2025-12-10T06:01,iso8601,2025-12-10T17:31,iso8601,7.35,0.5,mm,53,%,10.0,km/h,28.4,km/h,16,°,2025-12-10,iso8601
6aa6fd37562921a2408c2a7be27f2fef,2025-12-10-19-58,10.7924,106.752,80,wmo code,Mưa rào nhẹ,28.4,°C,23.6,°C,32.5,°C,26.9,°C,2025-12-10T06:00,iso8601,2025-12-10T17:31,iso8601,7.45,1.0,mm,53,%,8.4,km/h,23.4,km/h,11,°,2025-12-10,iso8601
bd9febbafeeb285104a8c8f9a6feff3e,2025-12-10-20-17,10.7958,106.7807,80,wmo code,Mưa rào nhẹ,28.4,°C,23.6,°C,32.5,°C,26.9,°C,2025-12-10T06:00,iso8601,2025-12-10T17:31,iso8601,7.45,1.0,mm,53,%,8.4,km/h,23.4,km/h,11,°,2025-12-10,iso8601
a73b5a0ee699dad4a7c0d16339012da2,2025-12-10-20-22,10.8154,106.6636,3,wmo code,Trời nhiều mây,28.7,°C,23.4,°C,32.6,°C,26.5,°C,2025-12-10T06:01,iso8601,2025-12-10T17:31,iso8601,7.0,0.3,mm,53,%,9.1,km/h,24.8,km/h,10,°,2025-12-10,iso8601
47755a5540608c72dd864459c6c3a6d7,2025-12-10-20-27,10.7468,106.7929,80,wmo code,Mưa rào nhẹ,28.4,°C,23.6,°C,32.5,°C,26.9,°C,2025-12-10T06:00,iso8601,2025-12-10T17:31,iso8601,7.45,1.0,mm,53,%,8.4,km/h,23.4,km/h,11,°,2025-12-10,iso8601
321d862a192d8834e0a0097ee53e3680,2025-12-10-20-28,10.7545,106.6583,3,wmo code,Trời nhiều mây,28.8,°C,23.2,°C,32.4,°C,26.4,°C,2025-12-10T06:01,iso8601,2025-12-10T17:31,iso8601,7.35,0.5,mm,53,%,10.0,km/h,28.4,km/h,16,°,2025-12-10,iso8601
35f67464148108fbc04f8b2f6c9c1fcb,2025-12-10-20-29,10.8074,106.6404,3,wmo code,Trời nhiều mây,28.8,°C,23.2,°C,32.4,°C,26.4,°C,2025-12-10T06:01,iso8601,2025-12-10T17:31,iso8601,7.0,0.5,mm,53,%,10.0,km/h,28.4,km/h,16,°,2025-12-10,iso8601
c1d462a1c4850c61eadcf64e9a0f8fc1,2025-12-10-20-29,10.7662,106.6543,3,wmo code,Trời nhiều mây,28.8,°C,23.2,°C,32.5,°C,26.4,°C,2025-12-10T06:01,iso8601,2025-12-10T17:31,iso8601,7.35,0.5,mm,53,%,10.0,km/h,28.4,km/h,16,°,2025-12-10,iso8601
8eadd9c93eee0f384dceac1a31c39d35,2025-12-10-20-33,10.8497,106.7711,3,wmo code,Trời nhiều mây,28.6,°C,23.3,°C,32.6,°C,26.5,°C,2025-12-10T06:00,iso8601,2025-12-10T17:30,iso8601,7.45,0.3,mm,53,%,9.1,km/h,24.8,km/h,10,°,2025-12-10,iso8601
22c329dbd6a83db5e3e11239d39db732,2025-12-10-20-32,10.7862,106.6516,3,wmo code,Trời nhiều mây,28.8,°C,23.2,°C,32.4,°C,26.4,°C,2025-12-10T06:01,iso8601,2025-12-10T17:31,iso8601,7.0,0.5,mm,53,%,10.0,km/h,28.4,km/h,16,°,2025-12-10,iso8601
cfdfe5236258e46748f0b5bd4c361605,2025-12-10-20-35,10.835,106.6635,3,wmo code,Trời nhiều mây,28.7,°C,23.4,°C,32.6,°C,26.5,°C,2025-12-10T06:01,iso8601,2025-12-10T17:31,iso8601,7.0,0.3,mm,53,%,9.1,km/h,24.8,km/h,10,°,2025-12-10,iso8601
4dbd824cfd5c8482767ec70bad40b790,2025-12-10-20-29,10.8579,106.7878,3,wmo code,Trời nhiều mây,28.8,°C,23.5,°C,32.8,°C,26.7,°C,2025-12-10T06:00,iso8601,2025-12-10T17:30,iso8601,7.45,0.3,mm,53,%,9.1,km/h,24.8,km/h,10,°,2025-12-10,iso8601
0a60d9b8c8faa3dd63ef9ea253cdc80f,2025-12-10-20-17,10.7582,106.7888,80,wmo code,Mưa rào nhẹ,28.4,°C,23.6,°C,32.5,°C,26.9,°C,2025-12-10T06:00,iso8601,2025-12-10T17:31,iso8601,7.45,1.0,mm,53,%,8.4,km/h,23.4,km/h,11,°,2025-12-10,iso8601
ffdbfabf1b779668f7d488f81a0759d8,2025-12-10-20-29,10.7983,106.6417,3,wmo code,Trời nhiều mây,28.8,°C,23.2,°C,32.4,°C,26.4,°C,2025-12-10T06:01,iso8601,2025-12-10T17:31,iso8601,7.0,0.5,mm,53,%,10.0,km/h,28.4,km/h,16,°,2025-12-10,iso8601
7666417467a4d7983ca7cb8f8f3fc957,2025-12-10-20-28,10.7467,106.6605,3,wmo code,Trời nhiều mây,28.8,°C,23.2,°C,32.5,°C,26.4,°C,2025-12-10T06:01,iso8601,2025-12-10T17:31,iso8601,7.35,0.5,mm,53,%,10.0,km/h,28.4,km/h,16,°,2025-12-10,iso8601
aedfcc521095d7d7ff4a56ad4969f6c6,2025-12-10-20-22,10.8374,106.6187,3,wmo code,Trời nhiều mây,28.7,°C,23.4,°C,32.7,°C,26.6,°C,2025-12-10T06:01,iso8601,2025-12-10T17:31,iso8601,7.0,0.3,mm,60,%,9.1,km/h,24.8,km/h,10,°,2025-12-10,iso8601
459be5240c53f114f3d55416973982f9,2025-12-10-20-29,10.7928,106.6936,80,wmo code,Mưa rào nhẹ,28.4,°C,23.6,°C,32.5,°C,26.8,°C,2025-12-10T06:00,iso8601,2025-12-10T17:31,iso8601,7.0,1.0,mm,53,%,8.4,km/h,23.4,km/h,11,°,2025-12-10,iso8601
d41b55f43ae037cad00d1184490f9fb3,2025-12-10-19-58,10.7047,106.5974,3,wmo code,Trời nhiều mây,28.9,°C,23.2,°C,32.5,°C,26.5,°C,2025-12-10T06:01,iso8601,2025-12-10T17:31,iso8601,7.35,0.5,mm,60,%,10.0,km/h,28.4,km/h,16,°,2025-12-10,iso8601
e43d788acc4b6cb765356f6885197d48,2025-12-10-20-27,10.7358,106.6894,80,wmo code,Mưa rào nhẹ,28.4,°C,23.6,°C,32.5,°C,26.9,°C,2025-12-10T06:00,iso8601,2025-12-10T17:31,iso8601,7.35,1.0,mm,53,%,8.4,km/h,23.4,km/h,11,°,2025-12-10,iso8601
302d4125efbb7c78066753c7a38c4015,2025-12-10-20-32,10.7693,106.6377,3,wmo code,Trời nhiều mây,28.8,°C,23.2,°C,32.5,°C,26.4,°C,2025-12-10T06:01,iso8601,2025-12-10T17:31,iso8601,7.35,0.5,mm,53,%,10.0,km/h,28.4,km/h,16,°,2025-12-10,iso8601
1233bba5ca25d8e284fd778f04ef644a,2025-12-10-20-29,10.7312,106.7192,80,wmo code,Mưa rào nhẹ,28.4,°C,23.6,°C,32.4,°C,26.8,°C,2025-12-10T06:00,iso8601,2025-12-10T17:31,iso8601,7.45,1.0,mm,53,%,8.4,km/h,23.4,km/h,11,°,2025-12-10,iso8601
7642b13b19d9c6929cf66e4bf469be97,2025-12-10-20-33,10.8833,106.8006,3,wmo code,Trời nhiều mây,28.7,°C,23.4,°C,32.7,°C,26.6,°C,2025-12-10T06:00,iso8601,2025-12-10T17:30,iso8601,7.45,0.3,mm,40,%,9.1,km/h,24.8,km/h,10,°,2025-12-10,iso8601
5796d9d83a76c51e5a6b098d5e515815,2025-12-10-20-35,10.8878,106.6999,3,wmo code,Trời nhiều mây,28.8,°C,23.5,°C,32.9,°C,26.7,°C,2025-12-10T06:00,iso8601,2025-12-10T17:30,iso8601,7.45,0.3,mm,40,%,9.1,km/h,24.8,km/h,10,°,2025-12-10,iso8601
de5324453bfbe514a3a5401164d9b6d7,2025-12-10-19-59,10.8643,106.6941,3,wmo code,Trời nhiều mây,28.8,°C,23.5,°C,32.9,°C,26.7,°C,2025-12-10T06:00,iso8601,2025-12-10T17:30,iso8601,7.0,0.3,mm,53,%,9.1,km/h,24.8,km/h,10,°,2025-12-10,iso8601
9d240270dccd9ed708ab919407c8f804,2025-12-10-20-17,10.7993,106.6785,3,wmo code,Trời nhiều mây,28.8,°C,23.2,°C,32.4,°C,26.3,°C,2025-12-10T06:01,iso8601,2025-12-10T17:31,iso8601,7.0,0.5,mm,53,%,10.0,km/h,28.4,km/h,16,°,2025-12-10,iso8601
ee81d12c0a53c287abf98910a3b03b57,2025-12-10-20-22,10.744,106.6888,80,wmo code,Mưa rào nhẹ,28.4,°C,23.6,°C,32.5,°C,26.9,°C,2025-12-10T06:00,iso8601,2025-12-10T17:31,iso8601,7.35,1.0,mm,53,%,8.4,km/h,23.4,km/h,11,°,2025-12-10,iso8601
2f323a943373bab14204858032901c4c,2025-12-10-20-27,10.8385,106.6801,3,wmo code,Trời nhiều mây,28.7,°C,23.4,°C,32.7,°C,26.5,°C,2025-12-10T06:01,iso8601,2025-12-10T17:31,iso8601,7.0,0.3,mm,53,%,9.1,km/h,24.8,km/h,10,°,2025-12-10,iso8601
68b716fd84cc1f6a5e748d1076cfd25c,2025-12-10-20-28,10.8423,106.615,3,wmo code,Trời nhiều mây,28.7,°C,23.4,°C,32.7,°C,26.5,°C,2025-12-10T06:01,iso8601,2025-12-10T17:31,iso8601,7.0,0.3,mm,60,%,9.1,km/h,24.8,km/h,10,°,2025-12-10,iso8601
ca1cb78203ebb2fc2b3988f17a4e58f2,2025-12-10-20-29,10.8724,106.7674,3,wmo code,Trời nhiều mây,28.7,°C,23.4,°C,32.6,°C,26.5,°C,2025-12-10T06:00,iso8601,2025-12-10T17:30,iso8601,7.45,0.3,mm,53,%,9.1,km/h,24.8,km/h,10,°,2025-12-10,iso8601
45c905175ebbfb9242c42145d1388648,2025-12-10-20-35,10.7989,106.7192,80,wmo code,Mưa rào nhẹ,28.4,°C,23.6,°C,32.5,°C,26.9,°C,2025-12-10T06:00,iso8601,2025-12-10T17:31,iso8601,7.45,1.0,mm,53,%,8.4,km/h,23.4,km/h,11,°,2025-12-10,iso8601
c10432c21f3605f30d3cd810f31923c3,2025-12-10-19-58,10.7602,106.6704,3,wmo code,Trời nhiều mây,28.8,°C,23.2,°C,32.4,°C,26.4,°C,2025-12-10T06:01,iso8601,2025-12-10T17:31,iso8601,7.35,0.5,mm,53,%,10.0,km/h,28.4,km/h,16,°,2025-12-10,iso8601
f2c0d4bbdbacabe475e4ee39adfc39cc,2025-12-10-20-29,10.7643,106.6908,80,wmo code,Mưa rào nhẹ,28.4,°C,23.6,°C,32.5,°C,26.9,°C,2025-12-10T06:00,iso8601,2025-12-10T17:31,iso8601,7.35,1.0,mm,53,%,8.4,km/h,23.4,km/h,11,°,2025-12-10,iso8601
26ab458d485349580f5ada61278363de,2025-12-10-20-33,10.756,106.6664,3,wmo code,Trời nhiều mây,28.8,°C,23.2,°C,32.4,°C,26.4,°C,2025-12-10T06:01,iso8601,2025-12-10T17:31,iso8601,7.35,0.5,mm,53,%,10.0,km/h,28.4,km/h,16,°,2025-12-10,iso8601
31ff27ee9f18e0a23f605cd79eb16bb3,2025-12-10-20-32,10.7595,106.667,3,wmo code,Trời nhiều mây,28.8,°C,23.2,°C,32.4,°C,26.4,°C,2025-12-10T06:01,iso8601,2025-12-10T17:31,iso8601,7.35,0.5,mm,53,%,10.0,km/h,28.4,km/h,16,°,2025-12-10,iso8601
7a3f7790d7f71c90cdc27d7f12778138,2025-12-10-20-35,10.8139,106.7974,3,wmo code,Trời nhiều mây,28.8,°C,23.5,°C,32.9,°C,26.7,°C,2025-12-10T06:00,iso8601,2025-12-10T17:30,iso8601,7.45,0.3,mm,53,%,9.1,km/h,24.8,km/h,10,°,2025-12-10,iso8601
63fae86ec55193cab7357c63f4f2845a,2025-12-10-20-27,10.7937,106.669,3,wmo code,Trời nhiều mây,28.8,°C,23.2,°C,32.4,°C,26.4,°C,2025-12-10T06:01,iso8601,2025-12-10T17:31,iso8601,7.0,0.5,mm,53,%,10.0,km/h,28.4,km/h,16,°,2025-12-10,iso8601
0c807e769efb4db2eee959f1506594be,2025-12-10-20-17,10.7698,106.6662,3,wmo code,Trời nhiều mây,28.8,°C,23.2,°C,32.4,°C,26.4,°C,2025-12-10T06:01,iso8601,2025-12-10T17:31,iso8601,7.35,0.5,mm,53,%,10.0,km/h,28.4,km/h,16,°,2025-12-10,iso8601
bde5e3eeb8c0ebdd1c755c6e91bec505,2025-12-10-20-28,10.8074,106.6217,3,wmo code,Trời nhiều mây,28.8,°C,23.2,°C,32.5,°C,26.4,°C,2025-12-10T06:01,iso8601,2025-12-10T17:31,iso8601,7.0,0.5,mm,60,%,10.0,km/h,28.4,km/h,16,°,2025-12-10,iso8601
05922703e6e8034668238b7e7d28a66d,2025-12-10-20-23,10.7186,106.6037,3,wmo code,Trời nhiều mây,28.9,°C,23.2,°C,32.5,°C,26.5,°C,2025-12-10T06:01,iso8601,2025-12-10T17:31,iso8601,7.35,0.5,mm,60,%,10.0,km/h,28.4,km/h,16,°,2025-12-10,iso8601
8365b8d2eabde3e12751af23962cfaef,2025-12-10-20-29,10.801,106.6575,3,wmo code,Trời nhiều mây,28.8,°C,23.2,°C,32.4,°C,26.4,°C,2025-12-10T06:01,iso8601,2025-12-10T17:31,iso8601,7.0,0.5,mm,53,%,10.0,km/h,28.4,km/h,16,°,2025-12-10,iso8601
e1e131b5892a45b83a874acef266ccd2,2025-12-10-20-29,10.7892,106.6754,3,wmo code,Trời nhiều mây,28.8,°C,23.2,°C,32.4,°C,26.4,°C,2025-12-10T06:01,iso8601,2025-12-10T17:31,iso8601,7.0,0.5,mm,53,%,10.0,km/h,28.4,km/h,16,°,2025-12-10,iso8601
0673fcd92daf2aedbb0a451e7dab4ada,2025-12-10-20-33,10.7929,106.6959,80,wmo code,Mưa rào nhẹ,28.4,°C,23.6,°C,32.5,°C,26.9,°C,2025-12-10T06:00,iso8601,2025-12-10T17:31,iso8601,7.0,1.0,mm,53,%,8.4,km/h,23.4,km/h,11,°,2025-12-10,iso8601
a2e04d8967f8dce219471f2da22f5c7e,2025-12-10-20-35,10.7973,106.7041,80,wmo code,Mưa rào nhẹ,28.4,°C,23.6,°C,32.5,°C,26.9,°C,2025-12-10T06:00,iso8601,2025-12-10T17:31,iso8601,7.45,1.0,mm,53,%,8.4,km/h,23.4,km/h,11,°,2025-12-10,iso8601
42207b521df1859c147c0601fb423ed8,2025-12-10-20-23,10.7792,106.7001,80,wmo code,Mưa rào nhẹ,28.4,°C,23.6,°C,32.4,°C,26.8,°C,2025-12-10T06:00,iso8601,2025-12-10T17:31,iso8601,7.45,1.0,mm,53,%,8.4,km/h,23.4,km/h,11,°,2025-12-10,iso8601
b054d86623fc5578e63fc284ad3db287,2025-12-10-19-58,10.801,106.6431,3,wmo code,Trời nhiều mây,28.8,°C,23.2,°C,32.4,°C,26.4,°C,2025-12-10T06:01,iso8601,2025-12-10T17:31,iso8601,7.0,0.5,mm,53,%,10.0,km/h,28.4,km/h,16,°,2025-12-10,iso8601
75da623bca56eca7dae342ddfcbab9be,2025-12-10-20-27,10.8679,106.7813,3,wmo code,Trời nhiều mây,28.8,°C,23.5,°C,32.8,°C,26.7,°C,2025-12-10T06:00,iso8601,2025-12-10T17:30,iso8601,7.45,0.3,mm,53,%,9.1,km/h,24.8,km/h,10,°,2025-12-10,iso8601
cfee41269e100ac72dee07e16c1b7ab4,2025-12-10-20-29,10.7916,106.7304,80,wmo code,Mưa rào nhẹ,28.4,°C,23.6,°C,32.5,°C,26.9,°C,2025-12-10T06:00,iso8601,2025-12-10T17:31,iso8601,7.45,1.0,mm,53,%,8.4,km/h,23.4,km/h,11,°,2025-12-10,iso8601
00a557e18b7d44b4ae427c56423aa262,2025-12-10-20-17,10.7623,106.6556,3,wmo code,Trời nhiều mây,28.8,°C,23.2,°C,32.4,°C,26.4,°C,2025-12-10T06:01,iso8601,2025-12-10T17:31,iso8601,7.35,0.5,mm,53,%,10.0,km/h,28.4,km/h,16,°,2025-12-10,iso8601
e70acbe9f7d46f0d61297b911d0ecb2c,2025-12-10-20-29,10.7793,106.7347,80,wmo code,Mưa rào nhẹ,28.4,°C,23.6,°C,32.5,°C,26.9,°C,2025-12-10T06:00,iso8601,2025-12-10T17:31,iso8601,7.45,1.0,mm,53,%,8.4,km/h,23.4,km/h,11,°,2025-12-10,iso8601
3c39db0c557be235aff028b5bb55ca41,2025-12-10-20-32,10.7581,106.6494,3,wmo code,Trời nhiều mây,28.8,°C,23.2,°C,32.5,°C,26.4,°C,2025-12-10T06:01,iso8601,2025-12-10T17:31,iso8601,7.35,0.5,mm,53,%,10.0,km/h,28.4,km/h,16,°,2025-12-10,iso8601
f3bd3e0952b04e44f2390f3158e257d0,2025-12-10-20-28,10.797,106.6646,3,wmo code,Trời nhiều mây,28.8,°C,23.2,°C,32.4,°C,26.4,°C,2025-12-10T06:01,iso8601,2025-12-10T17:31,iso8601,7.0,0.5,mm,53,%,10.0,km/h,28.4,km/h,16,°,2025-12-10,iso8601
537b99be13a23a9527027acd66c7cb67,2025-12-10-20-33,10.7722,106.6838,3,wmo code,Trời nhiều mây,28.8,°C,23.2,°C,32.4,°C,26.4,°C,2025-12-10T06:01,iso8601,2025-12-10T17:31,iso8601,7.35,0.5,mm,53,%,10.0,km/h,28.4,km/h,16,°,2025-12-10,iso8601
7e414735915eb505134c1ae99ee1f5f8,2025-12-10-20-33,10.7916,106.6617,3,wmo code,Trời nhiều mây,28.8,°C,23.2,°C,32.5,°C,26.4,°C,2025-12-10T06:01,iso8601,2025-12-10T17:31,iso8601,7.0,0.5,mm,53,%,10.0,km/h,28.4,km/h,16,°,2025-12-10,iso8601
6c7d61e122e39e9c169ebcbc77995be1,2025-12-10-20-35,10.7915,106.672,3,wmo code,Trời nhiều mây,28.8,°C,23.2,°C,32.4,°C,26.4,°C,2025-12-10T06:01,iso8601,2025-12-10T17:31,iso8601,7.0,0.5,mm,53,%,10.0,km/h,28.4,km/h,16,°,2025-12-10,iso8601
e7cd71415050cd2dc0bdbf81b87342e0,2025-12-10-20-28,10.6904,106.5689,3,wmo code,Trời nhiều mây,28.9,°C,23.3,°C,32.5,°C,26.5,°C,2025-12-10T06:01,iso8601,2025-12-10T17:31,iso8601,7.25,0.5,mm,60,%,10.0,km/h,28.4,km/h,16,°,2025-12-10,iso8601
667c4599a90d2c4ecfdf5568b46cc8ed,2025-12-10-20-17,10.8667,106.7916,3,wmo code,Trời nhiều mây,28.7,°C,23.4,°C,32.7,°C,26.6,°C,2025-12-10T06:00,iso8601,2025-12-10T17:30,iso8601,7.45,0.3,mm,53,%,9.1,km/h,24.8,km/h,10,°,2025-12-10,iso8601
98c9357b3e508c6dca3ff35cc3c350f2,2025-12-10-20-23,10.7779,106.7011,80,wmo code,Mưa rào nhẹ,28.4,°C,23.6,°C,32.4,°C,26.8,°C,2025-12-10T06:00,iso8601,2025-12-10T17:31,iso8601,7.45,1.0,mm,53,%,8.4,km/h,23.4,km/h,11,°,2025-12-10,iso8601
35bd388c4c5d180e6304bb827612154f,2025-12-10-20-27,10.8071,106.7185,80,wmo code,Mưa rào nhẹ,28.4,°C,23.6,°C,32.5,°C,26.9,°C,2025-12-10T06:00,iso8601,2025-12-10T17:31,iso8601,7.45,1.0,mm,53,%,8.4,km/h,23.4,km/h,11,°,2025-12-10,iso8601
461b1aea00fe2f60761d2f1902cead85,2025-12-10-19-58,10.7373,106.6144,3,wmo code,Trời nhiều mây,28.8,°C,23.2,°C,32.5,°C,26.5,°C,2025-12-10T06:01,iso8601,2025-12-10T17:31,iso8601,7.35,0.5,mm,60,%,10.0,km/h,28.4,km/h,16,°,2025-12-10,iso8601
24470c81db22cb819800486e0e789485,2025-12-10-20-29,10.7807,106.6863,3,wmo code,Trời nhiều mây,28.8,°C,23.2,°C,32.4,°C,26.4,°C,2025-12-10T06:01,iso8601,2025-12-10T17:31,iso8601,7.0,0.5,mm,53,%,10.0,km/h,28.4,km/h,16,°,2025-12-10,iso8601
4c92558bd4417d93aa2219f301e1ef14,2025-12-10-20-29,10.8752,106.6035,3,wmo code,Trời nhiều mây,28.7,°C,23.4,°C,32.7,°C,26.6,°C,2025-12-10T06:01,iso8601,2025-12-10T17:31,iso8601,7.0,0.3,mm,43,%,9.1,km/h,24.8,km/h,10,°,2025-12-10,iso8601
40bdc09d799d5156e887ecab50ad1479,2025-12-10-20-33,10.7566,106.6662,3,wmo code,Trời nhiều mây,28.8,°C,23.2,°C,32.4,°C,26.4,°C,2025-12-10T06:01,iso8601,2025-12-10T17:31,iso8601,7.35,0.5,mm,53,%,10.0,km/h,28.4,km/h,16,°,2025-12-10,iso8601
6d672ad0d6335ee07b611a1f2f1304d2,2025-12-10-20-33,10.8675,106.7843,3,wmo code,Trời nhiều mây,28.7,°C,23.4,°C,32.7,°C,26.6,°C,2025-12-10T06:00,iso8601,2025-12-10T17:30,iso8601,7.45,0.3,mm,53,%,9.1,km/h,24.8,km/h,10,°,2025-12-10,iso8601
9d130c830bfd99fbe740630fa2a717f9,2025-12-10-20-27,10.8641,106.7572,3,wmo code,Trời nhiều mây,28.6,°C,23.3,°C,32.6,°C,26.5,°C,2025-12-10T06:00,iso8601,2025-12-10T17:30,iso8601,7.45,0.3,mm,53,%,9.1,km/h,24.8,km/h,10,°,2025-12-10,iso8601
84eac5395bc14015e1b7708db7ef3ff7,2025-12-10-20-23,10.8824,106.7699,3,wmo code,Trời nhiều mây,28.7,°C,23.4,°C,32.7,°C,26.5,°C,2025-12-10T06:00,iso8601,2025-12-10T17:30,iso8601,7.45,0.3,mm,40,%,9.1,km/h,24.8,km/h,10,°,2025-12-10,iso8601
b8069a7f32571a0668f406ccbc79345e,2025-12-10-20-28,10.8026,106.6354,3,wmo code,Trời nhiều mây,28.8,°C,23.2,°C,32.4,°C,26.4,°C,2025-12-10T06:01,iso8601,2025-12-10T17:31,iso8601,7.0,0.5,mm,53,%,10.0,km/h,28.4,km/h,16,°,2025-12-10,iso8601
373575dcf77c2630d31bc5f414d50560,2025-12-10-20-29,10.8685,106.7161,3,wmo code,Trời nhiều mây,28.8,°C,23.5,°C,32.9,°C,26.7,°C,2025-12-10T06:00,iso8601,2025-12-10T17:30,iso8601,7.45,0.3,mm,53,%,9.1,km/h,24.8,km/h,10,°,2025-12-10,iso8601
40ee8f79ed99e5258c294b0ede150772,2025-12-10-20-29,10.8885,106.584,3,wmo code,Trời nhiều mây,28.7,°C,23.4,°C,32.7,°C,26.6,°C,2025-12-10T06:01,iso8601,2025-12-10T17:31,iso8601,7.0,0.3,mm,43,%,9.1,km/h,24.8,km/h,10,°,2025-12-10,iso8601
46f5da33523dee74042c58e5d7affd5b,2025-12-10-20-33,10.8082,106.7557,80,wmo code,Mưa rào nhẹ,28.4,°C,23.6,°C,32.5,°C,26.9,°C,2025-12-10T06:00,iso8601,2025-12-10T17:31,iso8601,7.45,1.0,mm,53,%,8.4,km/h,23.4,km/h,11,°,2025-12-10,iso8601
9a835c1abba19bd231bc8bc4c4e01b6c,2025-12-10-20-33,10.7154,106.8475,80,wmo code,Mưa rào nhẹ,28.4,°C,24.0,°C,32.5,°C,27.4,°C,2025-12-10T06:00,iso8601,2025-12-10T17:30,iso8601,7.45,0.8,mm,53,%,7.6,km/h,28.8,km/h,5,°,2025-12-10,iso8601
195265c71531f3f3a57772d5aadc4f58,2025-12-10-20-35,10.8621,106.7959,3,wmo code,Trời nhiều mây,28.7,°C,23.4,°C,32.7,°C,26.6,°C,2025-12-10T06:00,iso8601,2025-12-10T17:30,iso8601,7.45,0.3,mm,53,%,9.1,km/h,24.8,km/h,10,°,2025-12-10,iso8601
418457226cadd3afae1b65cab44e1785,2025-12-10-19-58,10.8428,106.8287,3,wmo code,Trời nhiều mây,28.3,°C,23.7,°C,32.5,°C,27.2,°C,2025-12-10T06:00,iso8601,2025-12-10T17:30,iso8601,7.45,0.4,mm,53,%,7.6,km/h,17.6,km/h,7,°,2025-12-10,iso8601
f4f7cbdb58c848cd2364e53e9d891250,2025-12-10-20-23,10.7289,106.717,80,wmo code,Mưa rào nhẹ,28.4,°C,23.6,°C,32.5,°C,26.9,°C,2025-12-10T06:00,iso8601,2025-12-10T17:31,iso8601,7.45,1.0,mm,53,%,8.4,km/h,23.4,km/h,11,°,2025-12-10,iso8601
c6a567f43c47b41238fa4ec6b881889a,2025-12-10-20-27,10.7651,106.7072,80,wmo code,Mưa rào nhẹ,28.4,°C,23.6,°C,32.5,°C,26.8,°C,2025-12-10T06:00,iso8601,2025-12-10T17:31,iso8601,7.45,1.0,mm,53,%,8.4,km/h,23.4,km/h,11,°,2025-12-10,iso8601
2b1fb9e1bc5fa7b343da8b13cf3429fd,2025-12-10-20-17,10.826,106.7145,3,wmo code,Trời nhiều mây,28.8,°C,23.5,°C,32.9,°C,26.7,°C,2025-12-10T06:00,iso8601,2025-12-10T17:30,iso8601,7.45,0.3,mm,53,%,9.1,km/h,24.8,km/h,10,°,2025-12-10,iso8601
477515b82122a24851cb9c5e7721ea60,2025-12-10-20-29,10.7895,106.7122,80,wmo code,Mưa rào nhẹ,28.4,°C,23.6,°C,32.5,°C,26.9,°C,2025-12-10T06:00,iso8601,2025-12-10T17:31,iso8601,7.45,1.0,mm,53,%,8.4,km/h,23.4,km/h,11,°,2025-12-10,iso8601
5aa2a6a36ed3878c5c6eb5a18b63c7ba,2025-12-10-20-17,10.7952,106.6345,3,wmo code,Trời nhiều mây,28.8,°C,23.2,°C,32.4,°C,26.4,°C,2025-12-10T06:01,iso8601,2025-12-10T17:31,iso8601,7.0,0.5,mm,53,%,10.0,km/h,28.4,km/h,16,°,2025-12-10,iso8601
bcdfbeb63259abe653c415f33f8e1fb7,2025-12-10-20-33,10.7855,106.6928,80,wmo code,Mưa rào nhẹ,28.4,°C,23.6,°C,32.4,°C,26.8,°C,2025-12-10T06:00,iso8601,2025-12-10T17:31,iso8601,7.0,1.0,mm,53,%,8.4,km/h,23.4,km/h,11,°,2025-12-10,iso8601
78e26005f58a4ac82941adf1b6c9ce0b,2025-12-10-20-35,10.7607,106.6728,3,wmo code,Trời nhiều mây,28.8,°C,23.2,°C,32.4,°C,26.3,°C,2025-12-10T06:01,iso8601,2025-12-10T17:31,iso8601,7.35,0.5,mm,53,%,10.0,km/h,28.4,km/h,16,°,2025-12-10,iso8601
f2609aacda44e4aac4485abab0d13392,2025-12-10-20-35,10.8642,106.7664,3,wmo code,Trời nhiều mây,28.6,°C,23.3,°C,32.5,°C,26.4,°C,2025-12-10T06:00,iso8601,2025-12-10T17:30,iso8601,7.45,0.3,mm,53,%,9.1,km/h,24.8,km/h,10,°,2025-12-10,iso8601
123b363bd3d1692d5c305eebf7b6ea82,2025-12-10-19-58,10.7389,106.6893,80,wmo code,Mưa rào nhẹ,28.4,°C,23.6,°C,32.5,°C,26.9,°C,2025-12-10T06:00,iso8601,2025-12-10T17:31,iso8601,7.35,1.0,mm,53,%,8.4,km/h,23.4,km/h,11,°,2025-12-10,iso8601
b696fc42fe664c8db994254601b5855c,2025-12-10-20-24,10.755,106.6603,3,wmo code,Trời nhiều mây,28.8,°C,23.2,°C,32.4,°C,26.4,°C,2025-12-10T06:01,iso8601,2025-12-10T17:31,iso8601,7.35,0.5,mm,53,%,10.0,km/h,28.4,km/h,16,°,2025-12-10,iso8601
1e8dcc83952c7dc465992aac257443b6,2025-12-10-20-17,10.8144,106.6785,3,wmo code,Trời nhiều mây,28.6,°C,23.3,°C,32.6,°C,26.5,°C,2025-12-10T06:01,iso8601,2025-12-10T17:31,iso8601,7.0,0.3,mm,53,%,9.1,km/h,24.8,km/h,10,°,2025-12-10,iso8601
308ae609e5b64de9ce478c7a11dc35c0,2025-12-10-20-27,10.7527,106.6872,3,wmo code,Trời nhiều mây,28.9,°C,23.3,°C,32.5,°C,26.5,°C,2025-12-10T06:01,iso8601,2025-12-10T17:31,iso8601,7.35,0.5,mm,53,%,10.0,km/h,28.4,km/h,16,°,2025-12-10,iso8601
e70acbe9f7d46f0d61297b911d0ecb2c,2025-12-10-20-29,10.7834,106.7418,80,wmo code,Mưa rào nhẹ,28.4,°C,23.6,°C,32.5,°C,26.9,°C,2025-12-10T06:00,iso8601,2025-12-10T17:31,iso8601,7.45,1.0,mm,53,%,8.4,km/h,23.4,km/h,11,°,2025-12-10,iso8601
b7556d52344c71a481335b2dd6128029,2025-12-10-20-28,10.7775,106.7646,80,wmo code,Mưa rào nhẹ,28.4,°C,23.6,°C,32.5,°C,26.9,°C,2025-12-10T06:00,iso8601,2025-12-10T17:31,iso8601,7.45,1.0,mm,53,%,8.4,km/h,23.4,km/h,11,°,2025-12-10,iso8601
7ac9e10ab273227210ba16ae4be9d1e9,2025-12-10-20-28,10.7515,106.6505,3,wmo code,Trời nhiều mây,28.8,°C,23.2,°C,32.5,°C,26.4,°C,2025-12-10T06:01,iso8601,2025-12-10T17:31,iso8601,7.35,0.5,mm,53,%,10.0,km/h,28.4,km/h,16,°,2025-12-10,iso8601
59648d6ae288eb33a93f20c1d4f3eeb7,2025-12-10-20-29,10.7957,106.6756,3,wmo code,Trời nhiều mây,28.8,°C,23.2,°C,32.4,°C,26.4,°C,2025-12-10T06:01,iso8601,2025-12-10T17:31,iso8601,7.0,0.5,mm,53,%,10.0,km/h,28.4,km/h,16,°,2025-12-10,iso8601
555304c560b2afe9670bbcb31285298a,2025-12-10-20-33,10.8126,106.6648,3,wmo code,Trời nhiều mây,28.7,°C,23.4,°C,32.7,°C,26.5,°C,2025-12-10T06:01,iso8601,2025-12-10T17:31,iso8601,7.0,0.3,mm,53,%,9.1,km/h,24.8,km/h,10,°,2025-12-10,iso8601
acbcadfb2e398c7d0d1e13ac3f5b4b63,2025-12-10-20-33,10.7453,106.6231,3,wmo code,Trời nhiều mây,28.8,°C,23.2,°C,32.5,°C,26.4,°C,2025-12-10T06:01,iso8601,2025-12-10T17:31,iso8601,7.35,0.5,mm,60,%,10.0,km/h,28.4,km/h,16,°,2025-12-10,iso8601
6382753a049d38d3dd0ab1586b8521f2,2025-12-10-20-33,10.7821,106.6568,3,wmo code,Trời nhiều mây,28.8,°C,23.2,°C,32.4,°C,26.4,°C,2025-12-10T06:01,iso8601,2025-12-10T17:31,iso8601,7.0,0.5,mm,53,%,10.0,km/h,28.4,km/h,16,°,2025-12-10,iso8601
cba453eaef49c45852cd4c04852540d0,2025-12-10-20-35,10.7557,106.7009,80,wmo code,Mưa rào nhẹ,28.4,°C,23.6,°C,32.5,°C,26.9,°C,2025-12-10T06:00,iso8601,2025-12-10T17:31,iso8601,7.45,1.0,mm,53,%,8.4,km/h,23.4,km/h,11,°,2025-12-10,iso8601
44e91f11a43e9dfdbe7c1eb4c0c12b82,2025-12-10-19-59,10.7592,106.6612,3,wmo code,Trời nhiều mây,28.8,°C,23.2,°C,32.4,°C,26.4,°C,2025-12-10T06:01,iso8601,2025-12-10T17:31,iso8601,7.35,0.5,mm,53,%,10.0,km/h,28.4,km/h,16,°,2025-12-10,iso8601
b8f135fa2b5d4ab8d9b6072920257679,2025-12-10-20-17,10.7537,106.7224,80,wmo code,Mưa rào nhẹ,28.4,°C,23.6,°C,32.5,°C,26.9,°C,2025-12-10T06:00,iso8601,2025-12-10T17:31,iso8601,7.45,1.0,mm,53,%,8.4,km/h,23.4,km/h,11,°,2025-12-10,iso8601
7f3d106ec08adf7614d3eeaba6187d43,2025-12-10-20-24,10.7789,106.6706,3,wmo code,Trời nhiều mây,28.8,°C,23.2,°C,32.4,°C,26.4,°C,2025-12-10T06:01,iso8601,2025-12-10T17:31,iso8601,7.0,0.5,mm,53,%,10.0,km/h,28.4,km/h,16,°,2025-12-10,iso8601
b28e73faf97bb111111ad345d3f83c3f,2025-12-10-20-27,10.7506,106.6591,3,wmo code,Trời nhiều mây,28.8,°C,23.2,°C,32.4,°C,26.4,°C,2025-12-10T06:01,iso8601,2025-12-10T17:31,iso8601,7.35,0.5,mm,53,%,10.0,km/h,28.4,km/h,16,°,2025-12-10,iso8601
d5e1b6c3d3515823a2ffdbca37045835,2025-12-10-20-28,10.7505,106.6597,3,wmo code,Trời nhiều mây,28.8,°C,23.2,°C,32.4,°C,26.4,°C,2025-12-10T06:01,iso8601,2025-12-10T17:31,iso8601,7.35,0.5,mm,53,%,10.0,km/h,28.4,km/h,16,°,2025-12-10,iso8601
deb41e409d227136251629f2882ac34f,2025-12-10-20-29,10.7785,106.7322,80,wmo code,Mưa rào nhẹ,28.4,°C,23.6,°C,32.5,°C,26.9,°C,2025-12-10T06:00,iso8601,2025-12-10T17:31,iso8601,7.45,1.0,mm,53,%,8.4,km/h,23.4,km/h,11,°,2025-12-10,iso8601
6237c4a356ad9dae779897d9c87f4f64,2025-12-10-20-29,10.794,106.8052,80,wmo code,Mưa rào nhẹ,28.4,°C,23.6,°C,32.5,°C,26.9,°C,2025-12-10T06:00,iso8601,2025-12-10T17:31,iso8601,7.45,1.0,mm,53,%,8.4,km/h,23.4,km/h,11,°,2025-12-10,iso8601
96aa53044924ad12b8cb081060a5ead3,2025-12-10-20-33,10.8566,106.7843,3,wmo code,Trời nhiều mây,28.8,°C,23.5,°C,32.8,°C,26.7,°C,2025-12-10T06:00,iso8601,2025-12-10T17:30,iso8601,7.45,0.3,mm,53,%,9.1,km/h,24.8,km/h,10,°,2025-12-10,iso8601
c7706cc5d08a764d028fbb62d5b39689,2025-12-10-20-35,10.792,106.7089,80,wmo code,Mưa rào nhẹ,28.4,°C,23.6,°C,32.4,°C,26.8,°C,2025-12-10T06:00,iso8601,2025-12-10T17:31,iso8601,7.45,1.0,mm,53,%,8.4,km/h,23.4,km/h,11,°,2025-12-10,iso8601
c3c013d289edec4813b34f41d283e138,2025-12-10-19-58,10.7558,106.6664,3,wmo code,Trời nhiều mây,28.8,°C,23.2,°C,32.5,°C,26.4,°C,2025-12-10T06:01,iso8601,2025-12-10T17:31,iso8601,7.35,0.5,mm,53,%,10.0,km/h,28.4,km/h,16,°,2025-12-10,iso8601
758f0f674d36a6475ec7bb683ef93608,2025-12-10-20-17,10.8472,106.6694,3,wmo code,Trời nhiều mây,28.7,°C,23.4,°C,32.7,°C,26.5,°C,2025-12-10T06:01,iso8601,2025-12-10T17:31,iso8601,7.0,0.3,mm,53,%,9.1,km/h,24.8,km/h,10,°,2025-12-10,iso8601
5875f55758d573b92074ba276d706719,2025-12-10-20-24,10.8581,106.6885,3,wmo code,Trời nhiều mây,28.8,°C,23.5,°C,32.9,°C,26.7,°C,2025-12-10T06:00,iso8601,2025-12-10T17:30,iso8601,7.0,0.3,mm,53,%,9.1,km/h,24.8,km/h,10,°,2025-12-10,iso8601
a4d23f755ffadbb80a311a3f1f5a0741,2025-12-10-20-27,10.8877,106.6024,3,wmo code,Trời nhiều mây,28.7,°C,23.4,°C,32.7,°C,26.6,°C,2025-12-10T06:01,iso8601,2025-12-10T17:31,iso8601,7.0,0.3,mm,43,%,9.1,km/h,24.8,km/h,10,°,2025-12-10,iso8601
ed4fcc8e7c23c831129f37c2607755a0,2025-12-10-20-29,10.7493,106.7024,80,wmo code,Mưa rào nhẹ,28.4,°C,23.6,°C,32.5,°C,26.9,°C,2025-12-10T06:00,iso8601,2025-12-10T17:31,iso8601,7.45,1.0,mm,53,%,8.4,km/h,23.4,km/h,11,°,2025-12-10,iso8601
9e18201f1be98d0c782e9d6cb8286cf4,2025-12-10-20-29,10.7519,106.659,3,wmo code,Trời nhiều mây,28.8,°C,23.2,°C,32.4,°C,26.4,°C,2025-12-10T06:01,iso8601,2025-12-10T17:31,iso8601,7.35,0.5,mm,53,%,10.0,km/h,28.4,km/h,16,°,2025-12-10,iso8601
0b7b9e0a38b8c71f5a9bd524cf67aa2e,2025-12-10-20-33,10.7635,106.6905,80,wmo code,Mưa rào nhẹ,28.4,°C,23.6,°C,32.5,°C,26.9,°C,2025-12-10T06:00,iso8601,2025-12-10T17:31,iso8601,7.35,1.0,mm,53,%,8.4,km/h,23.4,km/h,11,°,2025-12-10,iso8601
306975b38913ef4e264aa453d1a4ac7b,2025-12-10-20-33,10.8192,106.6788,3,wmo code,Trời nhiều mây,28.7,°C,23.4,°C,32.6,°C,26.5,°C,2025-12-10T06:01,iso8601,2025-12-10T17:31,iso8601,7.0,0.3,mm,53,%,9.1,km/h,24.8,km/h,10,°,2025-12-10,iso8601
2f743d00a75280e86e3a2fd3248fae97,2025-12-10-20-35,10.8034,106.7048,80,wmo code,Mưa rào nhẹ,28.4,°C,23.6,°C,32.5,°C,26.9,°C,2025-12-10T06:00,iso8601,2025-12-10T17:31,iso8601,7.45,1.0,mm,53,%,8.4,km/h,23.4,km/h,11,°,2025-12-10,iso8601
9a3b8820ef8cb5c724e73ac05d3b5ab8,2025-12-10-19-59,10.7545,106.6401,3,wmo code,Trời nhiều mây,28.8,°C,23.2,°C,32.5,°C,26.4,°C,2025-12-10T06:01,iso8601,2025-12-10T17:31,iso8601,7.35,0.5,mm,53,%,10.0,km/h,28.4,km/h,16,°,2025-12-10,iso8601
45834b013889dc0c5fa17deeab2d9ff3,2025-12-10-20-24,10.7989,106.7286,80,wmo code,Mưa rào nhẹ,28.5,°C,23.7,°C,32.6,°C,26.9,°C,2025-12-10T06:00,iso8601,2025-12-10T17:31,iso8601,7.45,1.0,mm,53,%,8.4,km/h,23.4,km/h,11,°,2025-12-10,iso8601
edd04a4ad93a14c44c8817dc0837f268,2025-12-10-20-29,10.7552,106.6584,3,wmo code,Trời nhiều mây,28.8,°C,23.2,°C,32.4,°C,26.4,°C,2025-12-10T06:01,iso8601,2025-12-10T17:31,iso8601,7.35,0.5,mm,53,%,10.0,km/h,28.4,km/h,16,°,2025-12-10,iso8601
721ca16cebba9df967d3c48fb8f8515a,2025-12-10-20-17,10.8513,106.72,3,wmo code,Trời nhiều mây,28.8,°C,23.5,°C,32.9,°C,26.7,°C,2025-12-10T06:00,iso8601,2025-12-10T17:30,iso8601,7.45,0.3,mm,53,%,9.1,km/h,24.8,km/h,10,°,2025-12-10,iso8601
f24c8c1555d3fef750e5bdb542f65384,2025-12-10-20-33,10.8216,106.7136,3,wmo code,Trời nhiều mây,28.8,°C,23.5,°C,32.9,°C,26.8,°C,2025-12-10T06:00,iso8601,2025-12-10T17:30,iso8601,7.45,0.3,mm,53,%,9.1,km/h,24.8,km/h,10,°,2025-12-10,iso8601
268a920a92850452241197e08b870a5f,2025-12-10-20-27,10.752,106.6581,3,wmo code,Trời nhiều mây,28.8,°C,23.2,°C,32.5,°C,26.4,°C,2025-12-10T06:01,iso8601,2025-12-10T17:31,iso8601,7.35,0.5,mm,53,%,10.0,km/h,28.4,km/h,16,°,2025-12-10,iso8601
416ab8efe59b1653f203084e57cf715e,2025-12-10-20-28,10.7187,106.5921,3,wmo code,Trời nhiều mây,28.9,°C,23.3,°C,32.5,°C,26.5,°C,2025-12-10T06:01,iso8601,2025-12-10T17:31,iso8601,7.35,0.5,mm,60,%,10.0,km/h,28.4,km/h,16,°,2025-12-10,iso8601
096dc1f131e7584f5575caf78dd99112,2025-12-10-20-29,10.8003,106.6669,3,wmo code,Trời nhiều mây,28.8,°C,23.2,°C,32.5,°C,26.4,°C,2025-12-10T06:01,iso8601,2025-12-10T17:31,iso8601,7.0,0.5,mm,53,%,10.0,km/h,28.4,km/h,16,°,2025-12-10,iso8601
9cbf1e164603f71238f32a5f3d55a429,2025-12-10-20-28,10.7698,106.7749,80,wmo code,Mưa rào nhẹ,28.4,°C,23.6,°C,32.5,°C,26.9,°C,2025-12-10T06:00,iso8601,2025-12-10T17:31,iso8601,7.45,1.0,mm,53,%,8.4,km/h,23.4,km/h,11,°,2025-12-10,iso8601
1ce67cf699aa7fd135d62ab8400fa8fe,2025-12-10-19-59,10.8132,106.6227,3,wmo code,Trời nhiều mây,28.7,°C,23.4,°C,32.7,°C,26.6,°C,2025-12-10T06:01,iso8601,2025-12-10T17:31,iso8601,7.0,0.3,mm,60,%,9.1,km/h,24.8,km/h,10,°,2025-12-10,iso8601
18473a097b08708c365e5b3514d74640,2025-12-10-20-29,10.7883,106.7503,80,wmo code,Mưa rào nhẹ,28.4,°C,23.6,°C,32.5,°C,26.9,°C,2025-12-10T06:00,iso8601,2025-12-10T17:31,iso8601,7.45,1.0,mm,53,%,8.4,km/h,23.4,km/h,11,°,2025-12-10,iso8601
c1bc92586eafb44a409bf6c1095b5a62,2025-12-10-20-33,10.77,106.647,3,wmo code,Trời nhiều mây,28.8,°C,23.2,°C,32.4,°C,26.4,°C,2025-12-10T06:01,iso8601,2025-12-10T17:31,iso8601,7.35,0.5,mm,53,%,10.0,km/h,28.4,km/h,16,°,2025-12-10,iso8601
407ec8a3c9e714e719d8b08cd136098c,2025-12-10-20-33,10.7134,106.7313,80,wmo code,Mưa rào nhẹ,28.4,°C,23.6,°C,32.5,°C,26.9,°C,2025-12-10T06:00,iso8601,2025-12-10T17:31,iso8601,7.45,1.0,mm,53,%,8.4,km/h,23.4,km/h,11,°,2025-12-10,iso8601
72326b35bd9c08daaf1629d0d56ec69b,2025-12-10-19-59,10.8422,106.7634,3,wmo code,Trời nhiều mây,28.7,°C,23.4,°C,32.8,°C,26.6,°C,2025-12-10T06:00,iso8601,2025-12-10T17:30,iso8601,7.45,0.3,mm,53,%,9.1,km/h,24.8,km/h,10,°,2025-12-10,iso8601
a9cfcde1223c9981233b1fa047c080c0,2025-12-10-20-24,10.8385,106.68,3,wmo code,Trời nhiều mây,28.7,°C,23.4,°C,32.7,°C,26.5,°C,2025-12-10T06:01,iso8601,2025-12-10T17:31,iso8601,7.0,0.3,mm,53,%,9.1,km/h,24.8,km/h,10,°,2025-12-10,iso8601
d274d3a32a4801162874319ff8aafd61,2025-12-10-20-18,10.7086,106.8191,80,wmo code,Mưa rào nhẹ,28.4,°C,24.1,°C,32.6,°C,27.5,°C,2025-12-10T06:00,iso8601,2025-12-10T17:30,iso8601,7.45,0.8,mm,53,%,7.6,km/h,28.8,km/h,5,°,2025-12-10,iso8601
20b9106544ecc449efa13972605cfa53,2025-12-10-20-27,10.7696,106.6355,3,wmo code,Trời nhiều mây,28.8,°C,23.2,°C,32.5,°C,26.4,°C,2025-12-10T06:01,iso8601,2025-12-10T17:31,iso8601,7.35,0.5,mm,53,%,10.0,km/h,28.4,km/h,16,°,2025-12-10,iso8601
e36b882b9c85d454a0300fea6df86f4e,2025-12-10-20-29,10.7833,106.7654,80,wmo code,Mưa rào nhẹ,28.4,°C,23.6,°C,32.5,°C,26.8,°C,2025-12-10T06:00,iso8601,2025-12-10T17:31,iso8601,7.45,1.0,mm,53,%,8.4,km/h,23.4,km/h,11,°,2025-12-10,iso8601
5c8848b02d1ed211f5d30c2e42534bfd,2025-12-10-20-33,10.8123,106.665,3,wmo code,Trời nhiều mây,28.8,°C,23.2,°C,32.4,°C,26.4,°C,2025-12-10T06:01,iso8601,2025-12-10T17:31,iso8601,7.0,0.5,mm,53,%,10.0,km/h,28.4,km/h,16,°,2025-12-10,iso8601
5d8686b2d447843e68030c5cda6fa2e2,2025-12-10-20-33,10.7758,106.6566,3,wmo code,Trời nhiều mây,28.8,°C,23.2,°C,32.4,°C,26.4,°C,2025-12-10T06:01,iso8601,2025-12-10T17:31,iso8601,7.35,0.5,mm,53,%,10.0,km/h,28.4,km/h,16,°,2025-12-10,iso8601
350f7b53fede3656481d441c37a80d41,2025-12-10-20-35,10.7893,106.6893,80,wmo code,Mưa rào nhẹ,28.4,°C,23.6,°C,32.4,°C,26.8,°C,2025-12-10T06:00,iso8601,2025-12-10T17:31,iso8601,7.0,1.0,mm,53,%,8.4,km/h,23.4,km/h,11,°,2025-12-10,iso8601
664dcdfef1d5aec1a2702489cef533a1,2025-12-10-20-18,10.8001,106.7344,80,wmo code,Mưa rào nhẹ,28.4,°C,23.6,°C,32.5,°C,26.9,°C,2025-12-10T06:00,iso8601,2025-12-10T17:31,iso8601,7.45,1.0,mm,53,%,8.4,km/h,23.4,km/h,11,°,2025-12-10,iso8601
0227b4a3e4d032515da44a51acb1821b,2025-12-10-19-59,10.7528,106.6535,3,wmo code,Trời nhiều mây,28.8,°C,23.2,°C,32.4,°C,26.4,°C,2025-12-10T06:01,iso8601,2025-12-10T17:31,iso8601,7.35,0.5,mm,53,%,10.0,km/h,28.4,km/h,16,°,2025-12-10,iso8601
70a2479522518fa70836397db48cbabd,2025-12-10-20-35,10.7517,106.6533,3,wmo code,Trời nhiều mây,28.8,°C,23.2,°C,32.4,°C,26.4,°C,2025-12-10T06:01,iso8601,2025-12-10T17:31,iso8601,7.35,0.5,mm,53,%,10.0,km/h,28.4,km/h,16,°,2025-12-10,iso8601
98633ad0fc5093fe3208463dd3710a09,2025-12-10-20-27,10.7657,106.6641,3,wmo code,Trời nhiều mây,28.8,°C,23.2,°C,32.4,°C,26.3,°C,2025-12-10T06:01,iso8601,2025-12-10T17:31,iso8601,7.35,0.5,mm,53,%,10.0,km/h,28.4,km/h,16,°,2025-12-10,iso8601
05aedb10f20e8c3eb8a216b9c3334501,2025-12-10-20-28,10.7859,106.8534,80,wmo code,Mưa rào nhẹ,28.4,°C,24.1,°C,32.6,°C,27.5,°C,2025-12-10T06:00,iso8601,2025-12-10T17:30,iso8601,7.45,0.8,mm,53,%,7.6,km/h,28.8,km/h,5,°,2025-12-10,iso8601
48e84d50e2b26c7045e0fc47a9527380,2025-12-10-20-24,10.6894,106.7025,80,wmo code,Mưa rào nhẹ,28.4,°C,23.6,°C,32.5,°C,26.9,°C,2025-12-10T06:00,iso8601,2025-12-10T17:31,iso8601,7.45,1.0,mm,53,%,8.4,km/h,23.4,km/h,11,°,2025-12-10,iso8601
4aa8244b36c8d88b97d71a455f1c2392,2025-12-10-20-28,10.7911,106.6826,3,wmo code,Trời nhiều mây,28.8,°C,23.2,°C,32.5,°C,26.5,°C,2025-12-10T06:01,iso8601,2025-12-10T17:31,iso8601,7.0,0.5,mm,53,%,10.0,km/h,28.4,km/h,16,°,2025-12-10,iso8601
bb49d8c4f19075ee7fbca8ce4bac2c78,2025-12-10-20-29,10.8669,106.5977,3,wmo code,Trời nhiều mây,28.7,°C,23.4,°C,32.7,°C,26.5,°C,2025-12-10T06:01,iso8601,2025-12-10T17:31,iso8601,7.0,0.3,mm,60,%,9.1,km/h,24.8,km/h,10,°,2025-12-10,iso8601
c764260e90f919a5a15ba1beb0484381,2025-12-10-20-29,10.7492,106.6845,3,wmo code,Trời nhiều mây,28.8,°C,23.2,°C,32.5,°C,26.5,°C,2025-12-10T06:01,iso8601,2025-12-10T17:31,iso8601,7.35,0.5,mm,53,%,10.0,km/h,28.4,km/h,16,°,2025-12-10,iso8601
71556bf33dd98572aa9d31a6b06cf75f,2025-12-10-20-33,10.7707,106.6991,80,wmo code,Mưa rào nhẹ,28.4,°C,23.6,°C,32.5,°C,26.9,°C,2025-12-10T06:00,iso8601,2025-12-10T17:31,iso8601,7.35,1.0,mm,53,%,8.4,km/h,23.4,km/h,11,°,2025-12-10,iso8601
ecdf13761c150a7cff9fccf24046e694,2025-12-10-20-35,10.8629,106.7549,3,wmo code,Trời nhiều mây,28.7,°C,23.4,°C,32.7,°C,26.5,°C,2025-12-10T06:00,iso8601,2025-12-10T17:30,iso8601,7.45,0.3,mm,53,%,9.1,km/h,24.8,km/h,10,°,2025-12-10,iso8601
18838413bcf7c1e42fdcc8d3c5c038bd,2025-12-10-20-33,10.7325,106.7,80,wmo code,Mưa rào nhẹ,28.4,°C,23.6,°C,32.5,°C,26.9,°C,2025-12-10T06:00,iso8601,2025-12-10T17:31,iso8601,7.45,1.0,mm,53,%,8.4,km/h,23.4,km/h,11,°,2025-12-10,iso8601
67ce4fc8fe85edd1dedf7c6c4fcd52bd,2025-12-10-19-59,10.7669,106.6422,3,wmo code,Trời nhiều mây,28.8,°C,23.2,°C,32.5,°C,26.4,°C,2025-12-10T06:01,iso8601,2025-12-10T17:31,iso8601,7.35,0.5,mm,53,%,10.0,km/h,28.4,km/h,16,°,2025-12-10,iso8601
cb19f4ec4fb65fd0ede65fb5ba4bb487,2025-12-10-20-18,10.7883,106.6851,3,wmo code,Trời nhiều mây,28.8,°C,23.2,°C,32.5,°C,26.4,°C,2025-12-10T06:01,iso8601,2025-12-10T17:31,iso8601,7.0,0.5,mm,53,%,10.0,km/h,28.4,km/h,16,°,2025-12-10,iso8601
ecf695bbcf2f116ccdbb9fc7593cf055,2025-12-10-20-24,10.8427,106.6148,3,wmo code,Trời nhiều mây,28.7,°C,23.4,°C,32.7,°C,26.5,°C,2025-12-10T06:01,iso8601,2025-12-10T17:31,iso8601,7.0,0.3,mm,60,%,9.1,km/h,24.8,km/h,10,°,2025-12-10,iso8601
8256096af366d97e3a13cc32ca0b8317,2025-12-10-20-27,10.8146,106.679,3,wmo code,Trời nhiều mây,28.6,°C,23.3,°C,32.6,°C,26.5,°C,2025-12-10T06:01,iso8601,2025-12-10T17:31,iso8601,7.0,0.3,mm,53,%,9.1,km/h,24.8,km/h,10,°,2025-12-10,iso8601
9ef65b4becace6d590f765878c758b50,2025-12-10-20-29,10.7917,106.6899,80,wmo code,Mưa rào nhẹ,28.4,°C,23.6,°C,32.4,°C,26.8,°C,2025-12-10T06:00,iso8601,2025-12-10T17:31,iso8601,7.0,1.0,mm,53,%,8.4,km/h,23.4,km/h,11,°,2025-12-10,iso8601
9fa001dd3f2515350b7880710a8941ba,2025-12-10-20-28,10.7754,106.6583,3,wmo code,Trời nhiều mây,28.8,°C,23.2,°C,32.4,°C,26.4,°C,2025-12-10T06:01,iso8601,2025-12-10T17:31,iso8601,7.35,0.5,mm,53,%,10.0,km/h,28.4,km/h,16,°,2025-12-10,iso8601
ee133f9569ef33b262dce20ed7e5217f,2025-12-10-20-29,10.8397,106.6653,3,wmo code,Trời nhiều mây,28.7,°C,23.4,°C,32.6,°C,26.5,°C,2025-12-10T06:01,iso8601,2025-12-10T17:31,iso8601,7.0,0.3,mm,53,%,9.1,km/h,24.8,km/h,10,°,2025-12-10,iso8601
0061b758a42f099e6d194fe2d6e75c78,2025-12-10-20-29,10.865,106.7284,3,wmo code,Trời nhiều mây,28.8,°C,23.5,°C,32.9,°C,26.7,°C,2025-12-10T06:00,iso8601,2025-12-10T17:30,iso8601,7.45,0.3,mm,53,%,9.1,km/h,24.8,km/h,10,°,2025-12-10,iso8601
846241f3681f2e83fdbfd0503d1f4547,2025-12-10-20-33,10.8216,106.6983,3,wmo code,Trời nhiều mây,28.8,°C,23.5,°C,32.9,°C,26.7,°C,2025-12-10T06:00,iso8601,2025-12-10T17:30,iso8601,7.0,0.3,mm,53,%,9.1,km/h,24.8,km/h,10,°,2025-12-10,iso8601
e3ceeae18f4f59cff15ec975feec319b,2025-12-10-20-33,10.8367,106.7317,3,wmo code,Trời nhiều mây,28.8,°C,23.5,°C,32.9,°C,26.7,°C,2025-12-10T06:00,iso8601,2025-12-10T17:30,iso8601,7.45,0.3,mm,53,%,9.1,km/h,24.8,km/h,10,°,2025-12-10,iso8601
c68748ce02047283148440e0db8245b0,2025-12-10-19-59,10.8671,106.7888,3,wmo code,Trời nhiều mây,28.7,°C,23.4,°C,32.7,°C,26.6,°C,2025-12-10T06:00,iso8601,2025-12-10T17:30,iso8601,7.45,0.3,mm,53,%,9.1,km/h,24.8,km/h,10,°,2025-12-10,iso8601
5607986b5ca983a49abe235ecaa49877,2025-12-10-20-29,10.7632,106.6504,3,wmo code,Trời nhiều mây,28.8,°C,23.2,°C,32.5,°C,26.4,°C,2025-12-10T06:01,iso8601,2025-12-10T17:31,iso8601,7.35,0.5,mm,53,%,10.0,km/h,28.4,km/h,16,°,2025-12-10,iso8601
bf38e868e866399a9490283a25255d1d,2025-12-10-20-29,10.86,106.6987,3,wmo code,Trời nhiều mây,28.8,°C,23.5,°C,32.9,°C,26.7,°C,2025-12-10T06:00,iso8601,2025-12-10T17:30,iso8601,7.0,0.3,mm,53,%,9.1,km/h,24.8,km/h,10,°,2025-12-10,iso8601
9cb5b70a3d744a4404b960653bede876,2025-12-10-20-28,10.8629,106.7449,3,wmo code,Trời nhiều mây,28.8,°C,23.5,°C,32.8,°C,26.7,°C,2025-12-10T06:00,iso8601,2025-12-10T17:30,iso8601,7.45,0.3,mm,53,%,9.1,km/h,24.8,km/h,10,°,2025-12-10,iso8601
45834b013889dc0c5fa17deeab2d9ff3,2025-12-10-20-35,10.7983,106.725,80,wmo code,Mưa rào nhẹ,28.4,°C,23.6,°C,32.5,°C,26.9,°C,2025-12-10T06:00,iso8601,2025-12-10T17:31,iso8601,7.45,1.0,mm,53,%,8.4,km/h,23.4,km/h,11,°,2025-12-10,iso8601
23f1e96430b534bcdc0d50fdcea09831,2025-12-10-20-35,10.783,106.6962,80,wmo code,Mưa rào nhẹ,28.3,°C,23.5,°C,32.4,°C,26.8,°C,2025-12-10T06:00,iso8601,2025-12-10T17:31,iso8601,7.0,1.0,mm,53,%,8.4,km/h,23.4,km/h,11,°,2025-12-10,iso8601
78b28ea8ff57391f38e298a231107972,2025-12-10-20-18,10.772,106.7063,80,wmo code,Mưa rào nhẹ,28.4,°C,23.6,°C,32.4,°C,26.8,°C,2025-12-10T06:00,iso8601,2025-12-10T17:31,iso8601,7.45,1.0,mm,53,%,8.4,km/h,23.4,km/h,11,°,2025-12-10,iso8601
c96cc95eb47b29a1666a1f505b6e9462,2025-12-10-20-33,10.7763,106.6087,3,wmo code,Trời nhiều mây,28.8,°C,23.2,°C,32.5,°C,26.4,°C,2025-12-10T06:01,iso8601,2025-12-10T17:31,iso8601,7.35,0.5,mm,60,%,10.0,km/h,28.4,km/h,16,°,2025-12-10,iso8601
94fe46fdbc64e22f478f143047a9d30b,2025-12-10-20-24,10.7415,106.71,80,wmo code,Mưa rào nhẹ,28.4,°C,23.6,°C,32.5,°C,26.9,°C,2025-12-10T06:00,iso8601,2025-12-10T17:31,iso8601,7.45,1.0,mm,53,%,8.4,km/h,23.4,km/h,11,°,2025-12-10,iso8601
5a29d9e1c0f7c90a5c22fb3e69f612f8,2025-12-10-20-33,10.836,106.6605,3,wmo code,Trời nhiều mây,28.7,°C,23.4,°C,32.6,°C,26.5,°C,2025-12-10T06:01,iso8601,2025-12-10T17:31,iso8601,7.0,0.3,mm,53,%,9.1,km/h,24.8,km/h,10,°,2025-12-10,iso8601
302b40b302ebe4e7abfb61128801822a,2025-12-10-20-27,10.8388,106.6491,3,wmo code,Trời nhiều mây,28.7,°C,23.4,°C,32.7,°C,26.5,°C,2025-12-10T06:01,iso8601,2025-12-10T17:31,iso8601,7.0,0.3,mm,53,%,9.1,km/h,24.8,km/h,10,°,2025-12-10,iso8601
2b84ee42684591b4fb0667a702b002f5,2025-12-10-20-18,10.7711,106.6929,80,wmo code,Mưa rào nhẹ,28.4,°C,23.6,°C,32.4,°C,26.8,°C,2025-12-10T06:00,iso8601,2025-12-10T17:31,iso8601,7.35,1.0,mm,53,%,8.4,km/h,23.4,km/h,11,°,2025-12-10,iso8601
9bed430963e383e13407d12d27c15ef4,2025-12-10-20-35,10.8112,106.6955,80,wmo code,Mưa rào nhẹ,28.4,°C,23.6,°C,32.4,°C,26.8,°C,2025-12-10T06:00,iso8601,2025-12-10T17:31,iso8601,7.0,1.0,mm,53,%,8.4,km/h,23.4,km/h,11,°,2025-12-10,iso8601
baf64f563cfe688df4fa44e5ae3f87d7,2025-12-10-20-29,10.7503,106.6631,3,wmo code,Trời nhiều mây,28.8,°C,23.2,°C,32.4,°C,26.4,°C,2025-12-10T06:01,iso8601,2025-12-10T17:31,iso8601,7.35,0.5,mm,53,%,10.0,km/h,28.4,km/h,16,°,2025-12-10,iso8601
007f9819226a33e189c30b686ee15949,2025-12-10-20-33,10.8576,106.6058,3,wmo code,Trời nhiều mây,28.7,°C,23.4,°C,32.7,°C,26.5,°C,2025-12-10T06:01,iso8601,2025-12-10T17:31,iso8601,7.0,0.3,mm,60,%,9.1,km/h,24.8,km/h,10,°,2025-12-10,iso8601
f5cdb1dc0b32588465f04fff9d92924a,2025-12-10-20-30,10.8,106.6711,3,wmo code,Trời nhiều mây,28.8,°C,23.2,°C,32.4,°C,26.4,°C,2025-12-10T06:01,iso8601,2025-12-10T17:31,iso8601,7.0,0.5,mm,53,%,10.0,km/h,28.4,km/h,16,°,2025-12-10,iso8601
f5175d15ddba119b025d41f4d096e548,2025-12-10-20-33,10.7246,106.716,80,wmo code,Mưa rào nhẹ,28.4,°C,23.6,°C,32.5,°C,26.9,°C,2025-12-10T06:00,iso8601,2025-12-10T17:31,iso8601,7.45,1.0,mm,53,%,8.4,km/h,23.4,km/h,11,°,2025-12-10,iso8601
d616738bc5a306551c061325b843cddb,2025-12-10-20-28,10.7657,106.6819,3,wmo code,Trời nhiều mây,28.8,°C,23.2,°C,32.4,°C,26.4,°C,2025-12-10T06:01,iso8601,2025-12-10T17:31,iso8601,7.35,0.5,mm,53,%,10.0,km/h,28.4,km/h,16,°,2025-12-10,iso8601
e10b662685d4fcf7bb61628a4071aeee,2025-12-10-20-35,10.8214,106.6888,3,wmo code,Trời nhiều mây,28.7,°C,23.4,°C,32.7,°C,26.6,°C,2025-12-10T06:00,iso8601,2025-12-10T17:30,iso8601,7.0,0.3,mm,53,%,9.1,km/h,24.8,km/h,10,°,2025-12-10,iso8601
fdb402ca72bd0368181a9297111dd635,2025-12-10-19-54,10.7504,106.6602,3,wmo code,Trời nhiều mây,28.8,°C,23.2,°C,32.4,°C,26.4,°C,2025-12-10T06:01,iso8601,2025-12-10T17:31,iso8601,7.35,0.5,mm,53,%,10.0,km/h,28.4,km/h,16,°,2025-12-10,iso8601
146e2d73d85a20c3f88e069c1a0eb3c8,2025-12-10-19-59,10.8522,106.6874,3,wmo code,Trời nhiều mây,28.7,°C,23.4,°C,32.8,°C,26.6,°C,2025-12-10T06:01,iso8601,2025-12-10T17:31,iso8601,7.0,0.3,mm,53,%,9.1,km/h,24.8,km/h,10,°,2025-12-10,iso8601
48622f51c7f50e1ed00c3e5acf1e7011,2025-12-10-20-18,10.7321,106.6096,3,wmo code,Trời nhiều mây,28.8,°C,23.2,°C,32.5,°C,26.5,°C,2025-12-10T06:01,iso8601,2025-12-10T17:31,iso8601,7.35,0.5,mm,60,%,10.0,km/h,28.4,km/h,16,°,2025-12-10,iso8601
9d130c830bfd99fbe740630fa2a717f9,2025-12-10-20-27,10.8576,106.7519,3,wmo code,Trời nhiều mây,28.8,°C,23.5,°C,32.8,°C,26.6,°C,2025-12-10T06:00,iso8601,2025-12-10T17:30,iso8601,7.45,0.3,mm,53,%,9.1,km/h,24.8,km/h,10,°,2025-12-10,iso8601
e5053e4123ff036f85da726f1676370c,2025-12-10-20-24,10.8291,106.8034,3,wmo code,Trời nhiều mây,28.8,°C,23.5,°C,32.9,°C,26.7,°C,2025-12-10T06:00,iso8601,2025-12-10T17:30,iso8601,7.45,0.3,mm,53,%,9.1,km/h,24.8,km/h,10,°,2025-12-10,iso8601
669b4f82a96054836defd912dade0401,2025-12-10-20-28,10.8414,106.744,3,wmo code,Trời nhiều mây,28.8,°C,23.5,°C,32.9,°C,26.7,°C,2025-12-10T06:00,iso8601,2025-12-10T17:30,iso8601,7.45,0.3,mm,53,%,9.1,km/h,24.8,km/h,10,°,2025-12-10,iso8601
d7aadd1b866976511f86901f6fd9416f,2025-12-10-20-33,10.7463,106.66,3,wmo code,Trời nhiều mây,28.8,°C,23.2,°C,32.5,°C,26.4,°C,2025-12-10T06:01,iso8601,2025-12-10T17:31,iso8601,7.35,0.5,mm,53,%,10.0,km/h,28.4,km/h,16,°,2025-12-10,iso8601
ad618e33678436ff8f07f7f837cacf90,2025-12-10-20-29,10.7544,106.6509,3,wmo code,Trời nhiều mây,28.8,°C,23.2,°C,32.5,°C,26.4,°C,2025-12-10T06:01,iso8601,2025-12-10T17:31,iso8601,7.35,0.5,mm,53,%,10.0,km/h,28.4,km/h,16,°,2025-12-10,iso8601
d2489e0a065608647f6a4b4866e80c03,2025-12-10-20-33,10.7926,106.6973,80,wmo code,Mưa rào nhẹ,28.4,°C,23.6,°C,32.5,°C,26.9,°C,2025-12-10T06:00,iso8601,2025-12-10T17:31,iso8601,7.0,1.0,mm,53,%,8.4,km/h,23.4,km/h,11,°,2025-12-10,iso8601
61befe6a24cb50fc81cd2d1620af1bc3,2025-12-10-20-30,10.7682,106.6669,3,wmo code,Trời nhiều mây,28.8,°C,23.2,°C,32.5,°C,26.4,°C,2025-12-10T06:01,iso8601,2025-12-10T17:31,iso8601,7.35,0.5,mm,53,%,10.0,km/h,28.4,km/h,16,°,2025-12-10,iso8601
a0f9b336cdde1225f168a0c44bf80a06,2025-12-10-19-59,10.8601,106.6506,3,wmo code,Trời nhiều mây,28.7,°C,23.4,°C,32.7,°C,26.6,°C,2025-12-10T06:01,iso8601,2025-12-10T17:31,iso8601,7.0,0.3,mm,53,%,9.1,km/h,24.8,km/h,10,°,2025-12-10,iso8601
07c3b6b25b61229d668d7c4c6917d65c,2025-12-10-20-27,10.7714,106.6931,80,wmo code,Mưa rào nhẹ,28.4,°C,23.6,°C,32.4,°C,26.8,°C,2025-12-10T06:00,iso8601,2025-12-10T17:31,iso8601,7.35,1.0,mm,53,%,8.4,km/h,23.4,km/h,11,°,2025-12-10,iso8601
71f93cf8ea9aaf48105f9b0698e6d2d9,2025-12-10-20-18,10.7736,106.6614,3,wmo code,Trời nhiều mây,28.8,°C,23.2,°C,32.4,°C,26.4,°C,2025-12-10T06:01,iso8601,2025-12-10T17:31,iso8601,7.35,0.5,mm,53,%,10.0,km/h,28.4,km/h,16,°,2025-12-10,iso8601
98bf4ddfa98280fdc683c279a96e34c7,2025-12-10-20-27,10.8013,106.7109,80,wmo code,Mưa rào nhẹ,28.4,°C,23.6,°C,32.5,°C,26.9,°C,2025-12-10T06:00,iso8601,2025-12-10T17:31,iso8601,7.45,1.0,mm,53,%,8.4,km/h,23.4,km/h,11,°,2025-12-10,iso8601
eb7db68e1472770b808a2181c54828b9,2025-12-10-20-28,10.7385,106.6149,3,wmo code,Trời nhiều mây,28.8,°C,23.2,°C,32.5,°C,26.4,°C,2025-12-10T06:01,iso8601,2025-12-10T17:31,iso8601,7.35,0.5,mm,60,%,10.0,km/h,28.4,km/h,16,°,2025-12-10,iso8601
03623143fab66f59fb8fe2674244cb4e,2025-12-10-20-29,10.8154,106.6815,3,wmo code,Trời nhiều mây,28.7,°C,23.4,°C,32.6,°C,26.5,°C,2025-12-10T06:01,iso8601,2025-12-10T17:31,iso8601,7.0,0.3,mm,53,%,9.1,km/h,24.8,km/h,10,°,2025-12-10,iso8601
71f93cf8ea9aaf48105f9b0698e6d2d9,2025-12-10-20-30,10.7768,106.6641,3,wmo code,Trời nhiều mây,28.8,°C,23.2,°C,32.5,°C,26.4,°C,2025-12-10T06:01,iso8601,2025-12-10T17:31,iso8601,7.35,0.5,mm,53,%,10.0,km/h,28.4,km/h,16,°,2025-12-10,iso8601
f49dd934e1cd7e31bc6479d8921cfb8d,2025-12-10-20-33,10.768,106.6679,3,wmo code,Trời nhiều mây,28.8,°C,23.2,°C,32.5,°C,26.4,°C,2025-12-10T06:01,iso8601,2025-12-10T17:31,iso8601,7.35,0.5,mm,53,%,10.0,km/h,28.4,km/h,16,°,2025-12-10,iso8601
192a31f370d9c555d6822dbc2d09f88c,2025-12-10-20-35,10.7445,106.6439,3,wmo code,Trời nhiều mây,28.8,°C,23.2,°C,32.5,°C,26.4,°C,2025-12-10T06:01,iso8601,2025-12-10T17:31,iso8601,7.35,0.5,mm,53,%,10.0,km/h,28.4,km/h,16,°,2025-12-10,iso8601
87abcf45fa37e93b1ac1705e99397893,2025-12-10-19-56,10.8576,106.6962,3,wmo code,Trời nhiều mây,28.8,°C,23.5,°C,32.9,°C,26.7,°C,2025-12-10T06:00,iso8601,2025-12-10T17:30,iso8601,7.0,0.3,mm,53,%,9.1,km/h,24.8,km/h,10,°,2025-12-10,iso8601
8f34cd4295a3e0db72169eaed2e023ab,2025-12-10-20-33,10.7512,106.692,80,wmo code,Mưa rào nhẹ,28.4,°C,23.6,°C,32.5,°C,26.9,°C,2025-12-10T06:00,iso8601,2025-12-10T17:31,iso8601,7.35,1.0,mm,53,%,8.4,km/h,23.4,km/h,11,°,2025-12-10,iso8601
713582740c5657f37f5ed02a11ca7dd8,2025-12-10-19-56,10.6812,106.5955,80,wmo code,Mưa rào nhẹ,28.6,°C,23.1,°C,32.4,°C,26.4,°C,2025-12-10T06:00,iso8601,2025-12-10T17:31,iso8601,7.35,0.5,mm,60,%,10.0,km/h,22.3,km/h,16,°,2025-12-10,iso8601
25257d8d791a2837985f008f621b90cc,2025-12-10-20-24,10.8261,106.6266,3,wmo code,Trời nhiều mây,28.7,°C,23.4,°C,32.7,°C,26.6,°C,2025-12-10T06:01,iso8601,2025-12-10T17:31,iso8601,7.0,0.3,mm,53,%,9.1,km/h,24.8,km/h,10,°,2025-12-10,iso8601
2a8257ef6c5135d11434e257b932e9df,2025-12-10-20-00,10.7607,106.6977,80,wmo code,Mưa rào nhẹ,28.4,°C,23.6,°C,32.5,°C,26.9,°C,2025-12-10T06:00,iso8601,2025-12-10T17:31,iso8601,7.35,1.0,mm,53,%,8.4,km/h,23.4,km/h,11,°,2025-12-10,iso8601
1c221f6e40451be98217be4aea879576,2025-12-10-20-18,10.8599,106.6039,3,wmo code,Trời nhiều mây,28.7,°C,23.4,°C,32.7,°C,26.5,°C,2025-12-10T06:01,iso8601,2025-12-10T17:31,iso8601,7.0,0.3,mm,60,%,9.1,km/h,24.8,km/h,10,°,2025-12-10,iso8601
1f634d0600e8ef9268741fe5facb3c03,2025-12-10-20-33,10.8355,106.7658,3,wmo code,Trời nhiều mây,28.8,°C,23.5,°C,32.8,°C,26.7,°C,2025-12-10T06:00,iso8601,2025-12-10T17:30,iso8601,7.45,0.3,mm,53,%,9.1,km/h,24.8,km/h,10,°,2025-12-10,iso8601
386ac6318097163e888241a001ada6e8,2025-12-10-20-35,10.7589,106.6735,3,wmo code,Trời nhiều mây,28.8,°C,23.2,°C,32.4,°C,26.4,°C,2025-12-10T06:01,iso8601,2025-12-10T17:31,iso8601,7.35,0.5,mm,53,%,10.0,km/h,28.4,km/h,16,°,2025-12-10,iso8601
634c812a2c45bd0264002a9a2ecbae37,2025-12-10-20-00,10.7781,106.6563,3,wmo code,Trời nhiều mây,28.8,°C,23.2,°C,32.4,°C,26.4,°C,2025-12-10T06:01,iso8601,2025-12-10T17:31,iso8601,7.0,0.5,mm,53,%,10.0,km/h,28.4,km/h,16,°,2025-12-10,iso8601
9b1017f69eb0df6c948c7c8b77e3b590,2025-12-10-20-29,10.7516,106.6191,3,wmo code,Trời nhiều mây,28.8,°C,23.2,°C,32.5,°C,26.4,°C,2025-12-10T06:01,iso8601,2025-12-10T17:31,iso8601,7.35,0.5,mm,60,%,10.0,km/h,28.4,km/h,16,°,2025-12-10,iso8601
cf96a7ac012ae3bf2e474c3f90b39a19,2025-12-10-20-18,10.8398,106.6791,3,wmo code,Trời nhiều mây,28.7,°C,23.4,°C,32.7,°C,26.6,°C,2025-12-10T06:01,iso8601,2025-12-10T17:31,iso8601,7.0,0.3,mm,53,%,9.1,km/h,24.8,km/h,10,°,2025-12-10,iso8601
38fb3b06b6cac925541de365e9e65837,2025-12-10-20-27,10.8618,106.6587,3,wmo code,Trời nhiều mây,28.7,°C,23.4,°C,32.7,°C,26.6,°C,2025-12-10T06:01,iso8601,2025-12-10T17:31,iso8601,7.0,0.3,mm,53,%,9.1,km/h,24.8,km/h,10,°,2025-12-10,iso8601
3c45cb822d65c8e4e3364f4e7b3ae167,2025-12-10-20-29,10.7761,106.6588,3,wmo code,Trời nhiều mây,28.8,°C,23.2,°C,32.4,°C,26.4,°C,2025-12-10T06:01,iso8601,2025-12-10T17:31,iso8601,7.35,0.5,mm,53,%,10.0,km/h,28.4,km/h,16,°,2025-12-10,iso8601
54b9591a7bccbe1918a73af3b9e8bba7,2025-12-10-20-30,10.8233,106.7054,3,wmo code,Trời nhiều mây,28.8,°C,23.5,°C,32.9,°C,26.7,°C,2025-12-10T06:00,iso8601,2025-12-10T17:30,iso8601,7.45,0.3,mm,53,%,9.1,km/h,24.8,km/h,10,°,2025-12-10,iso8601
56540f655ecaf0cd3e212d5b48709ef6,2025-12-10-20-28,10.7622,106.683,3,wmo code,Trời nhiều mây,28.8,°C,23.2,°C,32.4,°C,26.4,°C,2025-12-10T06:01,iso8601,2025-12-10T17:31,iso8601,7.35,0.5,mm,53,%,10.0,km/h,28.4,km/h,16,°,2025-12-10,iso8601
b001fef67f6c2ecbf851f1f2f2485b76,2025-12-10-20-33,10.8703,106.6368,3,wmo code,Trời nhiều mây,28.7,°C,23.4,°C,32.7,°C,26.5,°C,2025-12-10T06:01,iso8601,2025-12-10T17:31,iso8601,7.0,0.3,mm,53,%,9.1,km/h,24.8,km/h,10,°,2025-12-10,iso8601
686f25face0f632a5e8e1d1dcfaaa247,2025-12-10-20-33,10.8074,106.6348,3,wmo code,Trời nhiều mây,28.8,°C,23.2,°C,32.5,°C,26.4,°C,2025-12-10T06:01,iso8601,2025-12-10T17:31,iso8601,7.0,0.5,mm,53,%,10.0,km/h,28.4,km/h,16,°,2025-12-10,iso8601
0b0f4610cc9e1528061e9acb6362a9e0,2025-12-10-20-30,10.7988,106.7179,80,wmo code,Mưa rào nhẹ,28.4,°C,23.6,°C,32.5,°C,26.9,°C,2025-12-10T06:00,iso8601,2025-12-10T17:31,iso8601,7.45,1.0,mm,53,%,8.4,km/h,23.4,km/h,11,°,2025-12-10,iso8601
e81c34176304c25be82ac6ec6b99009f,2025-12-10-20-33,10.7438,106.8045,80,wmo code,Mưa rào nhẹ,28.4,°C,23.6,°C,32.5,°C,26.9,°C,2025-12-10T06:00,iso8601,2025-12-10T17:31,iso8601,7.45,1.0,mm,53,%,8.4,km/h,23.4,km/h,11,°,2025-12-10,iso8601
1a30d0ec9edfb010337877f888337254,2025-12-10-20-35,10.7834,106.5989,3,wmo code,Trời nhiều mây,28.8,°C,23.2,°C,32.5,°C,26.4,°C,2025-12-10T06:01,iso8601,2025-12-10T17:31,iso8601,7.0,0.5,mm,60,%,10.0,km/h,28.4,km/h,16,°,2025-12-10,iso8601
03a9e6e61eb7dc11d5441a13e7065432,2025-12-10-20-24,10.8343,106.7813,3,wmo code,Trời nhiều mây,28.8,°C,23.5,°C,32.8,°C,26.7,°C,2025-12-10T06:00,iso8601,2025-12-10T17:30,iso8601,7.45,0.3,mm,53,%,9.1,km/h,24.8,km/h,10,°,2025-12-10,iso8601
c68748ce02047283148440e0db8245b0,2025-12-10-20-01,10.8706,106.7734,3,wmo code,Trời nhiều mây,28.7,°C,23.4,°C,32.7,°C,26.6,°C,2025-12-10T06:00,iso8601,2025-12-10T17:30,iso8601,7.45,0.3,mm,53,%,9.1,km/h,24.8,km/h,10,°,2025-12-10,iso8601
af9ad0a5530a89a756d2beba300fbbbe,2025-12-10-20-18,10.8055,106.7543,80,wmo code,Mưa rào nhẹ,28.4,°C,23.6,°C,32.5,°C,26.9,°C,2025-12-10T06:00,iso8601,2025-12-10T17:31,iso8601,7.45,1.0,mm,53,%,8.4,km/h,23.4,km/h,11,°,2025-12-10,iso8601
0aa1827610a95eb7d6ae3e292eab8ef7,2025-12-10-20-28,10.8292,106.7225,3,wmo code,Trời nhiều mây,28.8,°C,23.5,°C,32.9,°C,26.7,°C,2025-12-10T06:00,iso8601,2025-12-10T17:30,iso8601,7.45,0.3,mm,53,%,9.1,km/h,24.8,km/h,10,°,2025-12-10,iso8601
745c19b541bdadd331a6485c6e92a834,2025-12-10-20-29,10.8193,106.6901,3,wmo code,Trời nhiều mây,28.7,°C,23.4,°C,32.8,°C,26.6,°C,2025-12-10T06:00,iso8601,2025-12-10T17:30,iso8601,7.0,0.3,mm,53,%,9.1,km/h,24.8,km/h,10,°,2025-12-10,iso8601
945f4133aaa997f4ea99a4b9f3d73e0b,2025-12-10-20-33,10.7511,106.6528,3,wmo code,Trời nhiều mây,28.8,°C,23.2,°C,32.5,°C,26.4,°C,2025-12-10T06:01,iso8601,2025-12-10T17:31,iso8601,7.35,0.5,mm,53,%,10.0,km/h,28.4,km/h,16,°,2025-12-10,iso8601
3b1dafb6ae9c3305f6a35706e80af864,2025-12-10-19-55,10.7757,106.7061,80,wmo code,Mưa rào nhẹ,28.4,°C,23.6,°C,32.5,°C,26.9,°C,2025-12-10T06:00,iso8601,2025-12-10T17:31,iso8601,7.45,1.0,mm,53,%,8.4,km/h,23.4,km/h,11,°,2025-12-10,iso8601
a2a384a5d9ebe91eaeef7cef06f8e9fe,2025-12-10-20-01,10.7832,106.6507,3,wmo code,Trời nhiều mây,28.8,°C,23.2,°C,32.4,°C,26.4,°C,2025-12-10T06:01,iso8601,2025-12-10T17:31,iso8601,7.0,0.5,mm,53,%,10.0,km/h,28.4,km/h,16,°,2025-12-10,iso8601
738526ef06112b5a346a6f5dc66f120d,2025-12-10-20-27,10.7809,106.6698,3,wmo code,Trời nhiều mây,28.8,°C,23.2,°C,32.4,°C,26.4,°C,2025-12-10T06:01,iso8601,2025-12-10T17:31,iso8601,7.0,0.5,mm,53,%,10.0,km/h,28.4,km/h,16,°,2025-12-10,iso8601
1fee7aa948b15b4c4027a2597b67d37d,2025-12-10-20-33,10.8774,106.5917,3,wmo code,Trời nhiều mây,28.7,°C,23.4,°C,32.7,°C,26.6,°C,2025-12-10T06:01,iso8601,2025-12-10T17:31,iso8601,7.0,0.3,mm,43,%,9.1,km/h,24.8,km/h,10,°,2025-12-10,iso8601
b4bf24f08221cf29789dd8670dd2c61a,2025-12-10-20-30,10.8633,106.7966,3,wmo code,Trời nhiều mây,28.7,°C,23.4,°C,32.7,°C,26.6,°C,2025-12-10T06:00,iso8601,2025-12-10T17:30,iso8601,7.45,0.3,mm,53,%,9.1,km/h,24.8,km/h,10,°,2025-12-10,iso8601
c182fc0e10dbac715c00b92ce423a21c,2025-12-10-20-28,10.7497,106.6494,3,wmo code,Trời nhiều mây,28.8,°C,23.2,°C,32.4,°C,26.4,°C,2025-12-10T06:01,iso8601,2025-12-10T17:31,iso8601,7.35,0.5,mm,53,%,10.0,km/h,28.4,km/h,16,°,2025-12-10,iso8601
4500eb560fbde7f2b33f070ca8bfadb4,2025-12-10-20-24,10.7535,106.6508,3,wmo code,Trời nhiều mây,28.8,°C,23.2,°C,32.5,°C,26.4,°C,2025-12-10T06:01,iso8601,2025-12-10T17:31,iso8601,7.35,0.5,mm,53,%,10.0,km/h,28.4,km/h,16,°,2025-12-10,iso8601
88f2dd0897210dc36331d0bc9bf31947,2025-12-10-20-18,10.8581,106.7877,3,wmo code,Trời nhiều mây,28.8,°C,23.5,°C,32.8,°C,26.7,°C,2025-12-10T06:00,iso8601,2025-12-10T17:30,iso8601,7.45,0.3,mm,53,%,9.1,km/h,24.8,km/h,10,°,2025-12-10,iso8601
618e667432a660b6a6f1a5af21fd84fd,2025-12-10-20-29,10.8552,106.6072,3,wmo code,Trời nhiều mây,28.7,°C,23.4,°C,32.7,°C,26.5,°C,2025-12-10T06:01,iso8601,2025-12-10T17:31,iso8601,7.0,0.3,mm,60,%,9.1,km/h,24.8,km/h,10,°,2025-12-10,iso8601
2998950011174f6a1230ef73425c0d12,2025-12-10-20-27,10.8296,106.5951,3,wmo code,Trời nhiều mây,28.7,°C,23.4,°C,32.7,°C,26.6,°C,2025-12-10T06:01,iso8601,2025-12-10T17:31,iso8601,7.0,0.3,mm,60,%,9.1,km/h,24.8,km/h,10,°,2025-12-10,iso8601
5cfc596b6c752d76fc5c86c8835bccab,2025-12-10-20-30,10.7519,106.6773,3,wmo code,Trời nhiều mây,28.8,°C,23.2,°C,32.4,°C,26.4,°C,2025-12-10T06:01,iso8601,2025-12-10T17:31,iso8601,7.35,0.5,mm,53,%,10.0,km/h,28.4,km/h,16,°,2025-12-10,iso8601
43d35d74a03520d74e9ca1ef0fa9089d,2025-12-10-20-35,10.8402,106.7418,3,wmo code,Trời nhiều mây,28.8,°C,23.5,°C,32.9,°C,26.7,°C,2025-12-10T06:00,iso8601,2025-12-10T17:30,iso8601,7.45,0.3,mm,53,%,9.1,km/h,24.8,km/h,10,°,2025-12-10,iso8601
d5f6c809df92853263e48f6c2134cf5e,2025-12-10-20-27,10.7964,106.7058,80,wmo code,Mưa rào nhẹ,28.4,°C,23.6,°C,32.5,°C,26.9,°C,2025-12-10T06:00,iso8601,2025-12-10T17:31,iso8601,7.45,1.0,mm,53,%,8.4,km/h,23.4,km/h,11,°,2025-12-10,iso8601
a43c875d037878930e511a35276bd2f7,2025-12-10-20-28,10.8102,106.6649,3,wmo code,Trời nhiều mây,28.8,°C,23.2,°C,32.4,°C,26.4,°C,2025-12-10T06:01,iso8601,2025-12-10T17:31,iso8601,7.0,0.5,mm,53,%,10.0,km/h,28.4,km/h,16,°,2025-12-10,iso8601
547363d49bad58f120835e66b68860f2,2025-12-10-20-29,10.766,106.6823,3,wmo code,Trời nhiều mây,28.8,°C,23.2,°C,32.4,°C,26.4,°C,2025-12-10T06:01,iso8601,2025-12-10T17:31,iso8601,7.35,0.5,mm,53,%,10.0,km/h,28.4,km/h,16,°,2025-12-10,iso8601
a607cc7797f5992f2e24cd76b4ec324a,2025-12-10-20-30,10.7365,106.7002,80,wmo code,Mưa rào nhẹ,28.4,°C,23.6,°C,32.5,°C,26.9,°C,2025-12-10T06:00,iso8601,2025-12-10T17:31,iso8601,7.45,1.0,mm,53,%,8.4,km/h,23.4,km/h,11,°,2025-12-10,iso8601
bce0bcd0b07c77f83c3c0a0a490945dd,2025-12-10-20-33,10.7823,106.6864,3,wmo code,Trời nhiều mây,28.8,°C,23.2,°C,32.4,°C,26.4,°C,2025-12-10T06:01,iso8601,2025-12-10T17:31,iso8601,7.0,0.5,mm,53,%,10.0,km/h,28.4,km/h,16,°,2025-12-10,iso8601
1653868880a3e514ebcf372bc5775689,2025-12-10-20-35,10.7821,106.6989,80,wmo code,Mưa rào nhẹ,28.4,°C,23.6,°C,32.4,°C,26.8,°C,2025-12-10T06:00,iso8601,2025-12-10T17:31,iso8601,7.0,1.0,mm,53,%,8.4,km/h,23.4,km/h,11,°,2025-12-10,iso8601
6ea17f272e9d92c4348b73e649fb543d,2025-12-10-20-33,10.8458,106.6932,3,wmo code,Trời nhiều mây,28.8,°C,23.5,°C,32.9,°C,26.7,°C,2025-12-10T06:00,iso8601,2025-12-10T17:30,iso8601,7.0,0.3,mm,53,%,9.1,km/h,24.8,km/h,10,°,2025-12-10,iso8601
9b9a42701084d0694727416cc278fafe,2025-12-10-19-54,10.8466,106.6129,3,wmo code,Trời nhiều mây,28.7,°C,23.4,°C,32.7,°C,26.5,°C,2025-12-10T06:01,iso8601,2025-12-10T17:31,iso8601,7.0,0.3,mm,60,%,9.1,km/h,24.8,km/h,10,°,2025-12-10,iso8601
a51528395d31c090fff4145cdd95a9a5,2025-12-10-20-02,10.759,106.6416,3,wmo code,Trời nhiều mây,28.8,°C,23.2,°C,32.4,°C,26.4,°C,2025-12-10T06:01,iso8601,2025-12-10T17:31,iso8601,7.35,0.5,mm,53,%,10.0,km/h,28.4,km/h,16,°,2025-12-10,iso8601
201c3bdb22316bec1938d479b7d162fe,2025-12-10-20-18,10.7858,106.6545,3,wmo code,Trời nhiều mây,28.8,°C,23.2,°C,32.4,°C,26.4,°C,2025-12-10T06:01,iso8601,2025-12-10T17:31,iso8601,7.0,0.5,mm,53,%,10.0,km/h,28.4,km/h,16,°,2025-12-10,iso8601
2cbbb6b3a0228834f79263bf3e857124,2025-12-10-20-24,10.7633,106.6746,3,wmo code,Trời nhiều mây,28.8,°C,23.2,°C,32.5,°C,26.4,°C,2025-12-10T06:01,iso8601,2025-12-10T17:31,iso8601,7.35,0.5,mm,53,%,10.0,km/h,28.4,km/h,16,°,2025-12-10,iso8601
2599c94869c5b3c7e0bfb6e807ce8110,2025-12-10-20-27,10.7359,106.6338,3,wmo code,Trời nhiều mây,28.8,°C,23.2,°C,32.5,°C,26.4,°C,2025-12-10T06:01,iso8601,2025-12-10T17:31,iso8601,7.35,0.5,mm,53,%,10.0,km/h,28.4,km/h,16,°,2025-12-10,iso8601
55d26b2823900135ab49db31c65f2445,2025-12-10-20-28,10.7712,106.6529,3,wmo code,Trời nhiều mây,28.8,°C,23.2,°C,32.4,°C,26.4,°C,2025-12-10T06:01,iso8601,2025-12-10T17:31,iso8601,7.35,0.5,mm,53,%,10.0,km/h,28.4,km/h,16,°,2025-12-10,iso8601
db2114bc8fa4cf03dafb98634cd4dc80,2025-12-10-20-24,10.8274,106.6249,3,wmo code,Trời nhiều mây,28.7,°C,23.4,°C,32.7,°C,26.6,°C,2025-12-10T06:01,iso8601,2025-12-10T17:31,iso8601,7.0,0.3,mm,60,%,9.1,km/h,24.8,km/h,10,°,2025-12-10,iso8601
6a00832a711b7b634d2304dea9532ce4,2025-12-10-20-02,10.8132,106.6787,3,wmo code,Trời nhiều mây,28.7,°C,23.4,°C,32.7,°C,26.5,°C,2025-12-10T06:01,iso8601,2025-12-10T17:31,iso8601,7.0,0.3,mm,53,%,9.1,km/h,24.8,km/h,10,°,2025-12-10,iso8601
318f23911d6daa73f4e4a048f9752dd5,2025-12-10-20-18,10.7668,106.6882,80,wmo code,Mưa rào nhẹ,28.4,°C,23.6,°C,32.4,°C,26.8,°C,2025-12-10T06:00,iso8601,2025-12-10T17:31,iso8601,7.35,1.0,mm,53,%,8.4,km/h,23.4,km/h,11,°,2025-12-10,iso8601
2c9483f432b8e6ee5257e25203c3c2d2,2025-12-10-20-33,10.8039,106.6858,3,wmo code,Trời nhiều mây,28.8,°C,23.2,°C,32.4,°C,26.4,°C,2025-12-10T06:01,iso8601,2025-12-10T17:31,iso8601,7.0,0.5,mm,53,%,10.0,km/h,28.4,km/h,16,°,2025-12-10,iso8601
21f2a5bd885c29140b3db6a80aa34148,2025-12-10-20-33,10.7521,106.6082,3,wmo code,Trời nhiều mây,28.8,°C,23.2,°C,32.5,°C,26.4,°C,2025-12-10T06:01,iso8601,2025-12-10T17:31,iso8601,7.35,0.5,mm,60,%,10.0,km/h,28.4,km/h,16,°,2025-12-10,iso8601
e68b1cd12d006d76c4294299e1d4eee1,2025-12-10-19-54,10.8055,106.7115,80,wmo code,Mưa rào nhẹ,28.4,°C,23.6,°C,32.5,°C,26.9,°C,2025-12-10T06:00,iso8601,2025-12-10T17:31,iso8601,7.45,1.0,mm,53,%,8.4,km/h,23.4,km/h,11,°,2025-12-10,iso8601
14be1c20c28108e1d0ee5b51f96f0b19,2025-12-10-20-02,10.7089,106.5726,3,wmo code,Trời nhiều mây,28.9,°C,23.3,°C,32.5,°C,26.5,°C,2025-12-10T06:01,iso8601,2025-12-10T17:31,iso8601,7.25,0.5,mm,60,%,10.0,km/h,28.4,km/h,16,°,2025-12-10,iso8601
8671eab9c97cddbedfe5dc438a58d736,2025-12-10-20-29,10.762,106.657,3,wmo code,Trời nhiều mây,28.8,°C,23.2,°C,32.5,°C,26.4,°C,2025-12-10T06:01,iso8601,2025-12-10T17:31,iso8601,7.35,0.5,mm,53,%,10.0,km/h,28.4,km/h,16,°,2025-12-10,iso8601
a2cccef91be1cadd67978340b2bdda30,2025-12-10-20-30,10.8126,106.5776,3,wmo code,Trời nhiều mây,28.7,°C,23.4,°C,32.7,°C,26.6,°C,2025-12-10T06:01,iso8601,2025-12-10T17:31,iso8601,7.25,0.3,mm,60,%,9.1,km/h,24.8,km/h,10,°,2025-12-10,iso8601
7872630f267e6a8b1cb8cefd4969f75f,2025-12-10-20-24,10.8025,106.6659,3,wmo code,Trời nhiều mây,28.8,°C,23.2,°C,32.4,°C,26.4,°C,2025-12-10T06:01,iso8601,2025-12-10T17:31,iso8601,7.0,0.5,mm,53,%,10.0,km/h,28.4,km/h,16,°,2025-12-10,iso8601
96e3e7bfec3a02404dff3648bb325228,2025-12-10-20-18,10.7444,106.6255,3,wmo code,Trời nhiều mây,28.8,°C,23.2,°C,32.5,°C,26.4,°C,2025-12-10T06:01,iso8601,2025-12-10T17:31,iso8601,7.35,0.5,mm,53,%,10.0,km/h,28.4,km/h,16,°,2025-12-10,iso8601
e0854d4ff600c5a1deaab14736694bdd,2025-12-10-20-35,10.7652,106.6971,80,wmo code,Mưa rào nhẹ,28.4,°C,23.6,°C,32.5,°C,26.8,°C,2025-12-10T06:00,iso8601,2025-12-10T17:31,iso8601,7.35,1.0,mm,53,%,8.4,km/h,23.4,km/h,11,°,2025-12-10,iso8601
0156bf10ae8471d6696389f5fbcfce3b,2025-12-10-20-30,10.8549,106.6559,3,wmo code,Trời nhiều mây,28.7,°C,23.4,°C,32.7,°C,26.6,°C,2025-12-10T06:01,iso8601,2025-12-10T17:31,iso8601,7.0,0.3,mm,53,%,9.1,km/h,24.8,km/h,10,°,2025-12-10,iso8601
1460ffb54a4898ecb221ae04c69097bb,2025-12-10-20-33,10.7525,106.6668,3,wmo code,Trời nhiều mây,28.8,°C,23.2,°C,32.4,°C,26.4,°C,2025-12-10T06:01,iso8601,2025-12-10T17:31,iso8601,7.35,0.5,mm,53,%,10.0,km/h,28.4,km/h,16,°,2025-12-10,iso8601
81348b71fac7c71d366ee0d44c6e95e7,2025-12-10-19-55,10.7838,106.6618,3,wmo code,Trời nhiều mây,28.8,°C,23.2,°C,32.4,°C,26.4,°C,2025-12-10T06:01,iso8601,2025-12-10T17:31,iso8601,7.0,0.5,mm,53,%,10.0,km/h,28.4,km/h,16,°,2025-12-10,iso8601
9e87e65f14478d95d9cb204282304d19,2025-12-10-20-02,10.8434,106.7054,3,wmo code,Trời nhiều mây,28.8,°C,23.5,°C,32.9,°C,26.7,°C,2025-12-10T06:00,iso8601,2025-12-10T17:30,iso8601,7.45,0.3,mm,53,%,9.1,km/h,24.8,km/h,10,°,2025-12-10,iso8601
faffcf806a2311c66602112a92849d77,2025-12-10-20-18,10.7509,106.6836,3,wmo code,Trời nhiều mây,28.9,°C,23.3,°C,32.5,°C,26.5,°C,2025-12-10T06:01,iso8601,2025-12-10T17:31,iso8601,7.35,0.5,mm,53,%,10.0,km/h,28.4,km/h,16,°,2025-12-10,iso8601
5656bf2ba7f66aa64aec7a8b486ebab9,2025-12-10-20-27,10.7739,106.6572,3,wmo code,Trời nhiều mây,28.8,°C,23.2,°C,32.4,°C,26.4,°C,2025-12-10T06:01,iso8601,2025-12-10T17:31,iso8601,7.35,0.5,mm,53,%,10.0,km/h,28.4,km/h,16,°,2025-12-10,iso8601
8143a893a938e9513f3f389525065a96,2025-12-10-20-24,10.8177,106.6814,3,wmo code,Trời nhiều mây,28.6,°C,23.3,°C,32.6,°C,26.5,°C,2025-12-10T06:01,iso8601,2025-12-10T17:31,iso8601,7.0,0.3,mm,53,%,9.1,km/h,24.8,km/h,10,°,2025-12-10,iso8601
3283a06ce034f65eda092dffccc06d7b,2025-12-10-20-33,10.7712,106.6966,80,wmo code,Mưa rào nhẹ,28.4,°C,23.6,°C,32.4,°C,26.8,°C,2025-12-10T06:00,iso8601,2025-12-10T17:31,iso8601,7.35,1.0,mm,53,%,8.4,km/h,23.4,km/h,11,°,2025-12-10,iso8601
5c0ee164d2f247a7660b2fa34ac8345b,2025-12-10-20-27,10.7782,106.6617,3,wmo code,Trời nhiều mây,28.8,°C,23.2,°C,32.5,°C,26.4,°C,2025-12-10T06:01,iso8601,2025-12-10T17:31,iso8601,7.0,0.5,mm,53,%,10.0,km/h,28.4,km/h,16,°,2025-12-10,iso8601
d4e002216f4edc3a77b11b9984c8c1e6,2025-12-10-20-28,10.7738,106.7398,80,wmo code,Mưa rào nhẹ,28.4,°C,23.6,°C,32.5,°C,26.9,°C,2025-12-10T06:00,iso8601,2025-12-10T17:31,iso8601,7.45,1.0,mm,53,%,8.4,km/h,23.4,km/h,11,°,2025-12-10,iso8601
b450ce12f0106fd3cf9fbefc7c6c31a7,2025-12-10-20-28,10.8264,106.68,3,wmo code,Trời nhiều mây,28.7,°C,23.4,°C,32.6,°C,26.5,°C,2025-12-10T06:01,iso8601,2025-12-10T17:31,iso8601,7.0,0.3,mm,53,%,9.1,km/h,24.8,km/h,10,°,2025-12-10,iso8601
ac1c4efbeecd268d1562a4cfe1d97564,2025-12-10-20-29,10.7692,106.67,3,wmo code,Trời nhiều mây,28.8,°C,23.2,°C,32.4,°C,26.4,°C,2025-12-10T06:01,iso8601,2025-12-10T17:31,iso8601,7.35,0.5,mm,53,%,10.0,km/h,28.4,km/h,16,°,2025-12-10,iso8601
c1f9df8ce6bc75962a8ef9e46ca1f32d,2025-12-10-20-30,10.8799,106.59,3,wmo code,Trời nhiều mây,28.7,°C,23.4,°C,32.7,°C,26.6,°C,2025-12-10T06:01,iso8601,2025-12-10T17:31,iso8601,7.0,0.3,mm,43,%,9.1,km/h,24.8,km/h,10,°,2025-12-10,iso8601
e5bf5cc758e1b8131a5d28b2f48b7e91,2025-12-10-20-33,10.7593,106.6656,3,wmo code,Trời nhiều mây,28.8,°C,23.2,°C,32.4,°C,26.4,°C,2025-12-10T06:01,iso8601,2025-12-10T17:31,iso8601,7.35,0.5,mm,53,%,10.0,km/h,28.4,km/h,16,°,2025-12-10,iso8601
9e0cf64a0c081b39123a6df04e7d0521,2025-12-10-20-33,10.7674,106.6665,3,wmo code,Trời nhiều mây,28.8,°C,23.2,°C,32.4,°C,26.4,°C,2025-12-10T06:01,iso8601,2025-12-10T17:31,iso8601,7.35,0.5,mm,53,%,10.0,km/h,28.4,km/h,16,°,2025-12-10,iso8601
ca4ba42b663a4d97bf4fcd4c9de1abb0,2025-12-10-20-35,10.8346,106.7009,3,wmo code,Trời nhiều mây,28.8,°C,23.5,°C,32.9,°C,26.8,°C,2025-12-10T06:00,iso8601,2025-12-10T17:30,iso8601,7.45,0.3,mm,53,%,9.1,km/h,24.8,km/h,10,°,2025-12-10,iso8601
bcf28f149edbafb780548eda8977f1bd,2025-12-10-20-18,10.8038,106.6878,80,wmo code,Mưa rào nhẹ,28.4,°C,23.6,°C,32.4,°C,26.8,°C,2025-12-10T06:00,iso8601,2025-12-10T17:31,iso8601,7.0,1.0,mm,53,%,8.4,km/h,23.4,km/h,11,°,2025-12-10,iso8601
85e4979960e7c7c1b78ee51016b220a5,2025-12-10-20-29,10.7959,106.6819,3,wmo code,Trời nhiều mây,28.8,°C,23.2,°C,32.4,°C,26.4,°C,2025-12-10T06:01,iso8601,2025-12-10T17:31,iso8601,7.0,0.5,mm,53,%,10.0,km/h,28.4,km/h,16,°,2025-12-10,iso8601
0601be6b859ed882ea97ee568f158edf,2025-12-10-19-55,10.8443,106.6401,3,wmo code,Trời nhiều mây,28.7,°C,23.4,°C,32.7,°C,26.6,°C,2025-12-10T06:01,iso8601,2025-12-10T17:31,iso8601,7.0,0.3,mm,53,%,9.1,km/h,24.8,km/h,10,°,2025-12-10,iso8601
a828dad6ef44da85028cdabab924f10c,2025-12-10-20-24,10.7917,106.6872,3,wmo code,Trời nhiều mây,28.8,°C,23.2,°C,32.5,°C,26.4,°C,2025-12-10T06:01,iso8601,2025-12-10T17:31,iso8601,7.0,0.5,mm,53,%,10.0,km/h,28.4,km/h,16,°,2025-12-10,iso8601
501fc6a5d6b1e1cad07deb6375d7585a,2025-12-10-20-02,10.8164,106.6834,3,wmo code,Trời nhiều mây,28.7,°C,23.4,°C,32.6,°C,26.5,°C,2025-12-10T06:01,iso8601,2025-12-10T17:31,iso8601,7.0,0.3,mm,53,%,9.1,km/h,24.8,km/h,10,°,2025-12-10,iso8601
c18197709096f5642adb864a182087af,2025-12-10-20-30,10.7859,106.6815,3,wmo code,Trời nhiều mây,28.8,°C,23.2,°C,32.5,°C,26.4,°C,2025-12-10T06:01,iso8601,2025-12-10T17:31,iso8601,7.0,0.5,mm,53,%,10.0,km/h,28.4,km/h,16,°,2025-12-10,iso8601
98a0390468d612a21c2a0f03c4b693fb,2025-12-10-20-33,10.8691,106.7146,3,wmo code,Trời nhiều mây,28.8,°C,23.5,°C,32.9,°C,26.7,°C,2025-12-10T06:00,iso8601,2025-12-10T17:30,iso8601,7.45,0.3,mm,53,%,9.1,km/h,24.8,km/h,10,°,2025-12-10,iso8601
943bb5ff6acb233381f4c26d82105def,2025-12-10-19-54,10.7958,106.7028,80,wmo code,Mưa rào nhẹ,28.4,°C,23.6,°C,32.5,°C,26.9,°C,2025-12-10T06:00,iso8601,2025-12-10T17:31,iso8601,7.45,1.0,mm,53,%,8.4,km/h,23.4,km/h,11,°,2025-12-10,iso8601
ec6453c74b464799b6d912ddcec99433,2025-12-10-20-18,10.8621,106.6495,3,wmo code,Trời nhiều mây,28.7,°C,23.4,°C,32.7,°C,26.6,°C,2025-12-10T06:01,iso8601,2025-12-10T17:31,iso8601,7.0,0.3,mm,53,%,9.1,km/h,24.8,km/h,10,°,2025-12-10,iso8601
aad48e9b8f4d68a89d782d2d3005101f,2025-12-10-20-33,10.8369,106.7002,3,wmo code,Trời nhiều mây,28.8,°C,23.5,°C,32.9,°C,26.7,°C,2025-12-10T06:00,iso8601,2025-12-10T17:30,iso8601,7.45,0.3,mm,53,%,9.1,km/h,24.8,km/h,10,°,2025-12-10,iso8601
e4125b6fed6b067a2590c97f5141fe9d,2025-12-10-20-24,10.7805,106.6553,3,wmo code,Trời nhiều mây,28.8,°C,23.2,°C,32.4,°C,26.4,°C,2025-12-10T06:01,iso8601,2025-12-10T17:31,iso8601,7.0,0.5,mm,53,%,10.0,km/h,28.4,km/h,16,°,2025-12-10,iso8601
b68cc61f0721ec77835b5c01818b3659,2025-12-10-20-28,10.8022,106.6454,3,wmo code,Trời nhiều mây,28.8,°C,23.2,°C,32.4,°C,26.4,°C,2025-12-10T06:01,iso8601,2025-12-10T17:31,iso8601,7.0,0.5,mm,53,%,10.0,km/h,28.4,km/h,16,°,2025-12-10,iso8601
3cfa64afe77bbd77b6f870cc2b6eacc3,2025-12-10-20-28,10.7546,106.6696,3,wmo code,Trời nhiều mây,28.8,°C,23.2,°C,32.4,°C,26.4,°C,2025-12-10T06:01,iso8601,2025-12-10T17:31,iso8601,7.35,0.5,mm,53,%,10.0,km/h,28.4,km/h,16,°,2025-12-10,iso8601
bcc5ab397fb38a3f545b029439312938,2025-12-10-20-29,10.7225,106.7257,80,wmo code,Mưa rào nhẹ,28.4,°C,23.6,°C,32.5,°C,26.9,°C,2025-12-10T06:00,iso8601,2025-12-10T17:31,iso8601,7.45,1.0,mm,53,%,8.4,km/h,23.4,km/h,11,°,2025-12-10,iso8601
033917c1a30a4170547643656b2e2087,2025-12-10-20-02,10.7694,106.6356,3,wmo code,Trời nhiều mây,28.8,°C,23.2,°C,32.5,°C,26.4,°C,2025-12-10T06:01,iso8601,2025-12-10T17:31,iso8601,7.35,0.5,mm,53,%,10.0,km/h,28.4,km/h,16,°,2025-12-10,iso8601
a7c3f9d711cf939db279fdcfb5ff8d0d,2025-12-10-20-30,10.7776,106.6816,3,wmo code,Trời nhiều mây,28.8,°C,23.2,°C,32.5,°C,26.4,°C,2025-12-10T06:01,iso8601,2025-12-10T17:31,iso8601,7.35,0.5,mm,53,%,10.0,km/h,28.4,km/h,16,°,2025-12-10,iso8601
e8f6bba5e122259884a837705cc2cbb4,2025-12-10-20-33,10.7795,106.6499,3,wmo code,Trời nhiều mây,28.8,°C,23.2,°C,32.4,°C,26.4,°C,2025-12-10T06:01,iso8601,2025-12-10T17:31,iso8601,7.0,0.5,mm,53,%,10.0,km/h,28.4,km/h,16,°,2025-12-10,iso8601
caeb9367aa7e3984284fcec14cdd6abb,2025-12-10-20-33,10.8503,106.6308,3,wmo code,Trời nhiều mây,28.7,°C,23.4,°C,32.7,°C,26.6,°C,2025-12-10T06:01,iso8601,2025-12-10T17:31,iso8601,7.0,0.3,mm,53,%,9.1,km/h,24.8,km/h,10,°,2025-12-10,iso8601
ebe8ea125e970e051c6915ee1c00489c,2025-12-10-19-56,10.7662,106.6422,3,wmo code,Trời nhiều mây,28.8,°C,23.2,°C,32.5,°C,26.4,°C,2025-12-10T06:01,iso8601,2025-12-10T17:31,iso8601,7.35,0.5,mm,53,%,10.0,km/h,28.4,km/h,16,°,2025-12-10,iso8601
d7d66ec780f7229fc42a104fb9a5fc8d,2025-12-10-20-18,10.7983,106.6675,3,wmo code,Trời nhiều mây,28.8,°C,23.2,°C,32.4,°C,26.4,°C,2025-12-10T06:01,iso8601,2025-12-10T17:31,iso8601,7.0,0.5,mm,53,%,10.0,km/h,28.4,km/h,16,°,2025-12-10,iso8601
7c23b393f046b6029ce252341f60909c,2025-12-10-20-02,10.8747,106.7487,3,wmo code,Trời nhiều mây,28.7,°C,23.4,°C,32.6,°C,26.5,°C,2025-12-10T06:00,iso8601,2025-12-10T17:30,iso8601,7.45,0.3,mm,53,%,9.1,km/h,24.8,km/h,10,°,2025-12-10,iso8601
bd4c3686a6ec2ba64706490b0b15d107,2025-12-10-20-24,10.7906,106.6976,80,wmo code,Mưa rào nhẹ,28.4,°C,23.6,°C,32.4,°C,26.8,°C,2025-12-10T06:00,iso8601,2025-12-10T17:31,iso8601,7.0,1.0,mm,53,%,8.4,km/h,23.4,km/h,11,°,2025-12-10,iso8601
109cf033e8c4c3ef6213cbb544d89d95,2025-12-10-20-28,10.8104,106.6202,3,wmo code,Trời nhiều mây,28.8,°C,23.2,°C,32.5,°C,26.4,°C,2025-12-10T06:01,iso8601,2025-12-10T17:31,iso8601,7.0,0.5,mm,60,%,10.0,km/h,28.4,km/h,16,°,2025-12-10,iso8601
ffc45fc8323e15dc38fe196bf3e46a21,2025-12-10-20-28,10.7746,106.7249,80,wmo code,Mưa rào nhẹ,28.4,°C,23.6,°C,32.5,°C,26.9,°C,2025-12-10T06:00,iso8601,2025-12-10T17:31,iso8601,7.45,1.0,mm,53,%,8.4,km/h,23.4,km/h,11,°,2025-12-10,iso8601
8d6f6a6cbefdeba3d4ccf9b818a655ec,2025-12-10-20-29,10.7282,106.6072,3,wmo code,Trời nhiều mây,28.8,°C,23.2,°C,32.5,°C,26.4,°C,2025-12-10T06:01,iso8601,2025-12-10T17:31,iso8601,7.35,0.5,mm,60,%,10.0,km/h,28.4,km/h,16,°,2025-12-10,iso8601
0679a066d9c8f303377f37ac7a47c74d,2025-12-10-20-30,10.7652,106.6816,3,wmo code,Trời nhiều mây,28.8,°C,23.2,°C,32.4,°C,26.4,°C,2025-12-10T06:01,iso8601,2025-12-10T17:31,iso8601,7.35,0.5,mm,53,%,10.0,km/h,28.4,km/h,16,°,2025-12-10,iso8601
98633ad0fc5093fe3208463dd3710a09,2025-12-10-20-33,10.7613,106.6651,3,wmo code,Trời nhiều mây,28.8,°C,23.2,°C,32.4,°C,26.4,°C,2025-12-10T06:01,iso8601,2025-12-10T17:31,iso8601,7.35,0.5,mm,53,%,10.0,km/h,28.4,km/h,16,°,2025-12-10,iso8601
1e1e73a5851e5963e4ea83aa60ceacce,2025-12-10-20-34,10.8267,106.6795,3,wmo code,Trời nhiều mây,28.6,°C,23.3,°C,32.6,°C,26.5,°C,2025-12-10T06:01,iso8601,2025-12-10T17:31,iso8601,7.0,0.3,mm,53,%,9.1,km/h,24.8,km/h,10,°,2025-12-10,iso8601
92f1cb670876b54073fe61492ce5ff52,2025-12-10-19-55,10.8069,106.7548,80,wmo code,Mưa rào nhẹ,28.4,°C,23.6,°C,32.5,°C,26.9,°C,2025-12-10T06:00,iso8601,2025-12-10T17:31,iso8601,7.45,1.0,mm,53,%,8.4,km/h,23.4,km/h,11,°,2025-12-10,iso8601
7b2ea44f62ca9783ecbc993769dab1b2,2025-12-10-20-02,10.8055,106.7528,80,wmo code,Mưa rào nhẹ,28.4,°C,23.6,°C,32.5,°C,26.9,°C,2025-12-10T06:00,iso8601,2025-12-10T17:31,iso8601,7.45,1.0,mm,53,%,8.4,km/h,23.4,km/h,11,°,2025-12-10,iso8601
e07e8c19221f5933646ec3392d1e357e,2025-12-10-20-19,10.8396,106.7384,3,wmo code,Trời nhiều mây,28.8,°C,23.5,°C,32.9,°C,26.7,°C,2025-12-10T06:00,iso8601,2025-12-10T17:30,iso8601,7.45,0.3,mm,53,%,9.1,km/h,24.8,km/h,10,°,2025-12-10,iso8601
2f743d00a75280e86e3a2fd3248fae97,2025-12-10-20-25,10.803,106.7101,80,wmo code,Mưa rào nhẹ,28.4,°C,23.6,°C,32.5,°C,26.9,°C,2025-12-10T06:00,iso8601,2025-12-10T17:31,iso8601,7.45,1.0,mm,53,%,8.4,km/h,23.4,km/h,11,°,2025-12-10,iso8601
d14b1528c8e242f49273e387f8d95fc7,2025-12-10-20-28,10.7748,106.7065,80,wmo code,Mưa rào nhẹ,28.4,°C,23.6,°C,32.5,°C,26.8,°C,2025-12-10T06:00,iso8601,2025-12-10T17:31,iso8601,7.45,1.0,mm,53,%,8.4,km/h,23.4,km/h,11,°,2025-12-10,iso8601
c00e8a42b8162fb5644d5427c2cae0c5,2025-12-10-20-28,10.769,106.6525,3,wmo code,Trời nhiều mây,28.8,°C,23.2,°C,32.5,°C,26.4,°C,2025-12-10T06:01,iso8601,2025-12-10T17:31,iso8601,7.35,0.5,mm,53,%,10.0,km/h,28.4,km/h,16,°,2025-12-10,iso8601
2b9edb5ae293ee3216d8a117ace3e8a8,2025-12-10-20-28,10.7791,106.6504,3,wmo code,Trời nhiều mây,28.8,°C,23.2,°C,32.4,°C,26.4,°C,2025-12-10T06:01,iso8601,2025-12-10T17:31,iso8601,7.0,0.5,mm,53,%,10.0,km/h,28.4,km/h,16,°,2025-12-10,iso8601
31ab194d8212b83233a6fc3f72e9ae74,2025-12-10-20-29,10.7691,106.6406,3,wmo code,Trời nhiều mây,28.8,°C,23.2,°C,32.5,°C,26.4,°C,2025-12-10T06:01,iso8601,2025-12-10T17:31,iso8601,7.35,0.5,mm,53,%,10.0,km/h,28.4,km/h,16,°,2025-12-10,iso8601
781c8b16c457964f56e5df5fe4d2fe98,2025-12-10-20-29,10.8011,106.6194,3,wmo code,Trời nhiều mây,28.8,°C,23.2,°C,32.5,°C,26.4,°C,2025-12-10T06:01,iso8601,2025-12-10T17:31,iso8601,7.0,0.5,mm,60,%,10.0,km/h,28.4,km/h,16,°,2025-12-10,iso8601
db585c3051dd77e3cd88da25f7d29703,2025-12-10-20-30,10.7634,106.7038,80,wmo code,Mưa rào nhẹ,28.4,°C,23.6,°C,32.5,°C,26.9,°C,2025-12-10T06:00,iso8601,2025-12-10T17:31,iso8601,7.45,1.0,mm,53,%,8.4,km/h,23.4,km/h,11,°,2025-12-10,iso8601
8d6f6a6cbefdeba3d4ccf9b818a655ec,2025-12-10-20-28,10.7455,106.6235,3,wmo code,Trời nhiều mây,28.8,°C,23.2,°C,32.5,°C,26.4,°C,2025-12-10T06:01,iso8601,2025-12-10T17:31,iso8601,7.35,0.5,mm,60,%,10.0,km/h,28.4,km/h,16,°,2025-12-10,iso8601
a087bae8763010f3d9314b1be78089de,2025-12-10-20-34,10.8463,106.6441,3,wmo code,Trời nhiều mây,28.7,°C,23.4,°C,32.7,°C,26.6,°C,2025-12-10T06:01,iso8601,2025-12-10T17:31,iso8601,7.0,0.3,mm,53,%,9.1,km/h,24.8,km/h,10,°,2025-12-10,iso8601
5cbe5643b0a58f3615b226311c35809b,2025-12-10-19-56,10.7875,106.7094,80,wmo code,Mưa rào nhẹ,28.4,°C,23.6,°C,32.5,°C,26.9,°C,2025-12-10T06:00,iso8601,2025-12-10T17:31,iso8601,7.45,1.0,mm,53,%,8.4,km/h,23.4,km/h,11,°,2025-12-10,iso8601
8ebb4c8c33e51a98f243c943da7e73e1,2025-12-10-20-33,10.8459,106.7716,3,wmo code,Trời nhiều mây,28.7,°C,23.4,°C,32.6,°C,26.5,°C,2025-12-10T06:00,iso8601,2025-12-10T17:30,iso8601,7.45,0.3,mm,53,%,9.1,km/h,24.8,km/h,10,°,2025-12-10,iso8601
5ee0b83e4d50b690d939cd4f48cb967e,2025-12-10-20-03,10.7916,106.6956,80,wmo code,Mưa rào nhẹ,28.4,°C,23.6,°C,32.4,°C,26.8,°C,2025-12-10T06:00,iso8601,2025-12-10T17:31,iso8601,7.0,1.0,mm,53,%,8.4,km/h,23.4,km/h,11,°,2025-12-10,iso8601
b35eb933db0ef24870bf49dab891db5b,2025-12-10-20-19,10.7897,106.7122,80,wmo code,Mưa rào nhẹ,28.4,°C,23.6,°C,32.5,°C,26.9,°C,2025-12-10T06:00,iso8601,2025-12-10T17:31,iso8601,7.45,1.0,mm,53,%,8.4,km/h,23.4,km/h,11,°,2025-12-10,iso8601
70aa05fc8973e4b824e0de6ae8c22e67,2025-12-10-20-25,10.7752,106.6464,3,wmo code,Trời nhiều mây,28.8,°C,23.2,°C,32.4,°C,26.4,°C,2025-12-10T06:01,iso8601,2025-12-10T17:31,iso8601,7.35,0.5,mm,53,%,10.0,km/h,28.4,km/h,16,°,2025-12-10,iso8601
297aa53831588423b2352487df6040c8,2025-12-10-20-29,10.7698,106.6444,3,wmo code,Trời nhiều mây,28.8,°C,23.2,°C,32.5,°C,26.4,°C,2025-12-10T06:01,iso8601,2025-12-10T17:31,iso8601,7.35,0.5,mm,53,%,10.0,km/h,28.4,km/h,16,°,2025-12-10,iso8601
2331810cce9f2f72825928a584de44d2,2025-12-10-20-28,10.753,106.6686,3,wmo code,Trời nhiều mây,28.8,°C,23.2,°C,32.4,°C,26.4,°C,2025-12-10T06:01,iso8601,2025-12-10T17:31,iso8601,7.35,0.5,mm,53,%,10.0,km/h,28.4,km/h,16,°,2025-12-10,iso8601
478bfed0731f74043453209e13178182,2025-12-10-20-28,10.853,106.7511,3,wmo code,Trời nhiều mây,28.8,°C,23.5,°C,32.8,°C,26.7,°C,2025-12-10T06:00,iso8601,2025-12-10T17:30,iso8601,7.45,0.3,mm,53,%,9.1,km/h,24.8,km/h,10,°,2025-12-10,iso8601
108b01aabf7a3738b50a62d8b979f387,2025-12-10-20-33,10.7279,106.7123,80,wmo code,Mưa rào nhẹ,28.4,°C,23.6,°C,32.5,°C,26.9,°C,2025-12-10T06:00,iso8601,2025-12-10T17:31,iso8601,7.45,1.0,mm,53,%,8.4,km/h,23.4,km/h,11,°,2025-12-10,iso8601
4500eb560fbde7f2b33f070ca8bfadb4,2025-12-10-20-30,10.7717,106.6528,3,wmo code,Trời nhiều mây,28.8,°C,23.2,°C,32.4,°C,26.4,°C,2025-12-10T06:01,iso8601,2025-12-10T17:31,iso8601,7.35,0.5,mm,53,%,10.0,km/h,28.4,km/h,16,°,2025-12-10,iso8601
fabc03cf85b90641ee6d5b2fa3381963,2025-12-10-19-55,10.7679,106.6745,3,wmo code,Trời nhiều mây,28.8,°C,23.2,°C,32.4,°C,26.4,°C,2025-12-10T06:01,iso8601,2025-12-10T17:31,iso8601,7.35,0.5,mm,53,%,10.0,km/h,28.4,km/h,16,°,2025-12-10,iso8601
a43855d734537d6695bde9802e663a0e,2025-12-10-20-34,10.7384,106.6151,3,wmo code,Trời nhiều mây,28.8,°C,23.2,°C,32.5,°C,26.4,°C,2025-12-10T06:01,iso8601,2025-12-10T17:31,iso8601,7.35,0.5,mm,60,%,10.0,km/h,28.4,km/h,16,°,2025-12-10,iso8601
dcc413c72336975dad5bf93fa9737b99,2025-12-10-20-03,10.8414,106.7439,3,wmo code,Trời nhiều mây,28.8,°C,23.5,°C,32.9,°C,26.7,°C,2025-12-10T06:00,iso8601,2025-12-10T17:30,iso8601,7.45,0.3,mm,53,%,9.1,km/h,24.8,km/h,10,°,2025-12-10,iso8601
80727db3633fbc28d7a447c9e2d85d3f,2025-12-10-20-19,10.7483,106.6818,3,wmo code,Trời nhiều mây,28.8,°C,23.2,°C,32.5,°C,26.4,°C,2025-12-10T06:01,iso8601,2025-12-10T17:31,iso8601,7.35,0.5,mm,53,%,10.0,km/h,28.4,km/h,16,°,2025-12-10,iso8601
08ce3c428f6069a6f376e31c21d2123a,2025-12-10-20-25,10.7836,106.6544,3,wmo code,Trời nhiều mây,28.8,°C,23.2,°C,32.4,°C,26.4,°C,2025-12-10T06:01,iso8601,2025-12-10T17:31,iso8601,7.0,0.5,mm,53,%,10.0,km/h,28.4,km/h,16,°,2025-12-10,iso8601
9a4bdd7e2e9674279af5d086d2f1ef93,2025-12-10-20-28,10.7804,106.6985,80,wmo code,Mưa rào nhẹ,28.3,°C,23.5,°C,32.3,°C,26.7,°C,2025-12-10T06:00,iso8601,2025-12-10T17:31,iso8601,7.0,1.0,mm,53,%,8.4,km/h,23.4,km/h,11,°,2025-12-10,iso8601
d7312f3cc8ef732b0ce454135f4a3d5e,2025-12-10-20-28,10.7596,106.6986,80,wmo code,Mưa rào nhẹ,28.4,°C,23.6,°C,32.5,°C,26.8,°C,2025-12-10T06:00,iso8601,2025-12-10T17:31,iso8601,7.35,1.0,mm,53,%,8.4,km/h,23.4,km/h,11,°,2025-12-10,iso8601
70f1b14a609deef6532cfd6eac842e1d,2025-12-10-20-30,10.7465,106.6289,3,wmo code,Trời nhiều mây,28.8,°C,23.2,°C,32.5,°C,26.4,°C,2025-12-10T06:01,iso8601,2025-12-10T17:31,iso8601,7.35,0.5,mm,53,%,10.0,km/h,28.4,km/h,16,°,2025-12-10,iso8601
52b178c7b399b7c542dfef7654a82b37,2025-12-10-19-54,10.7506,106.6592,3,wmo code,Trời nhiều mây,28.8,°C,23.2,°C,32.4,°C,26.4,°C,2025-12-10T06:01,iso8601,2025-12-10T17:31,iso8601,7.35,0.5,mm,53,%,10.0,km/h,28.4,km/h,16,°,2025-12-10,iso8601
65d7b8d53f7cc3e30332b4876b5172e0,2025-12-10-20-33,10.7469,106.7485,80,wmo code,Mưa rào nhẹ,28.4,°C,23.6,°C,32.5,°C,26.9,°C,2025-12-10T06:00,iso8601,2025-12-10T17:31,iso8601,7.45,1.0,mm,53,%,8.4,km/h,23.4,km/h,11,°,2025-12-10,iso8601
262cbdf1777be39dabf6d19c07b9a079,2025-12-10-20-29,10.7903,106.6523,3,wmo code,Trời nhiều mây,28.8,°C,23.2,°C,32.4,°C,26.4,°C,2025-12-10T06:01,iso8601,2025-12-10T17:31,iso8601,7.0,0.5,mm,53,%,10.0,km/h,28.4,km/h,16,°,2025-12-10,iso8601
309416b616752c1e32c69af3a4c8917d,2025-12-10-20-03,10.7924,106.6418,3,wmo code,Trời nhiều mây,28.8,°C,23.2,°C,32.4,°C,26.4,°C,2025-12-10T06:01,iso8601,2025-12-10T17:31,iso8601,7.0,0.5,mm,53,%,10.0,km/h,28.4,km/h,16,°,2025-12-10,iso8601
c826b42694022219b7f6b340639c0d06,2025-12-10-20-28,10.7294,106.7181,80,wmo code,Mưa rào nhẹ,28.4,°C,23.6,°C,32.5,°C,26.9,°C,2025-12-10T06:00,iso8601,2025-12-10T17:31,iso8601,7.45,1.0,mm,53,%,8.4,km/h,23.4,km/h,11,°,2025-12-10,iso8601
892c20f6a6a2ead0bf7efc87233b05e8,2025-12-10-20-34,10.8131,106.6651,3,wmo code,Trời nhiều mây,28.7,°C,23.4,°C,32.7,°C,26.5,°C,2025-12-10T06:01,iso8601,2025-12-10T17:31,iso8601,7.0,0.3,mm,53,%,9.1,km/h,24.8,km/h,10,°,2025-12-10,iso8601
d519d510f092a4abf0a1500a25695c64,2025-12-10-20-29,10.8345,106.7295,3,wmo code,Trời nhiều mây,28.8,°C,23.5,°C,32.9,°C,26.7,°C,2025-12-10T06:00,iso8601,2025-12-10T17:30,iso8601,7.45,0.3,mm,53,%,9.1,km/h,24.8,km/h,10,°,2025-12-10,iso8601
a6f3b751e5eaba5dae0bd0512031d06b,2025-12-10-20-19,10.8088,106.6688,3,wmo code,Trời nhiều mây,28.8,°C,23.2,°C,32.4,°C,26.4,°C,2025-12-10T06:01,iso8601,2025-12-10T17:31,iso8601,7.0,0.5,mm,53,%,10.0,km/h,28.4,km/h,16,°,2025-12-10,iso8601
cdeed7be06733b87b81c81d61e056740,2025-12-10-20-25,10.7619,106.6684,3,wmo code,Trời nhiều mây,28.8,°C,23.2,°C,32.4,°C,26.4,°C,2025-12-10T06:01,iso8601,2025-12-10T17:31,iso8601,7.35,0.5,mm,53,%,10.0,km/h,28.4,km/h,16,°,2025-12-10,iso8601
56540f655ecaf0cd3e212d5b48709ef6,2025-12-10-20-30,10.7644,106.682,3,wmo code,Trời nhiều mây,28.8,°C,23.2,°C,32.5,°C,26.4,°C,2025-12-10T06:01,iso8601,2025-12-10T17:31,iso8601,7.35,0.5,mm,53,%,10.0,km/h,28.4,km/h,16,°,2025-12-10,iso8601
64bd1cacb24912186159135f5dabb552,2025-12-10-20-28,10.7782,106.6809,3,wmo code,Trời nhiều mây,28.8,°C,23.2,°C,32.5,°C,26.4,°C,2025-12-10T06:01,iso8601,2025-12-10T17:31,iso8601,7.0,0.5,mm,53,%,10.0,km/h,28.4,km/h,16,°,2025-12-10,iso8601
e842a54217c2ffbbf2e95a3f78ac3cd3,2025-12-10-20-33,10.8235,106.7136,3,wmo code,Trời nhiều mây,28.8,°C,23.5,°C,32.9,°C,26.7,°C,2025-12-10T06:00,iso8601,2025-12-10T17:30,iso8601,7.45,0.3,mm,53,%,9.1,km/h,24.8,km/h,10,°,2025-12-10,iso8601
2c60bbdef24cce8102b3c8e25ffb97e4,2025-12-10-19-55,10.7884,106.8359,80,wmo code,Mưa rào nhẹ,28.4,°C,24.1,°C,32.6,°C,27.5,°C,2025-12-10T06:00,iso8601,2025-12-10T17:30,iso8601,7.45,0.8,mm,53,%,7.6,km/h,28.8,km/h,5,°,2025-12-10,iso8601
ffe0fbd1321fd7e77e1c401476d71054,2025-12-10-20-03,10.8131,106.665,3,wmo code,Trời nhiều mây,28.7,°C,23.4,°C,32.7,°C,26.5,°C,2025-12-10T06:01,iso8601,2025-12-10T17:31,iso8601,7.0,0.3,mm,53,%,9.1,km/h,24.8,km/h,10,°,2025-12-10,iso8601
c06a1b8efc6200d0966ed39c3cdeef25,2025-12-10-20-34,10.7658,106.6545,3,wmo code,Trời nhiều mây,28.8,°C,23.2,°C,32.4,°C,26.4,°C,2025-12-10T06:01,iso8601,2025-12-10T17:31,iso8601,7.35,0.5,mm,53,%,10.0,km/h,28.4,km/h,16,°,2025-12-10,iso8601
02862b37fd3ae1f424a8a25e660c1147,2025-12-10-20-19,10.758,106.6496,3,wmo code,Trời nhiều mây,28.8,°C,23.2,°C,32.5,°C,26.4,°C,2025-12-10T06:01,iso8601,2025-12-10T17:31,iso8601,7.35,0.5,mm,53,%,10.0,km/h,28.4,km/h,16,°,2025-12-10,iso8601
b7a96e838513fa910e384bf242d0d78f,2025-12-10-20-25,10.7746,106.6479,3,wmo code,Trời nhiều mây,28.8,°C,23.2,°C,32.4,°C,26.4,°C,2025-12-10T06:01,iso8601,2025-12-10T17:31,iso8601,7.35,0.5,mm,53,%,10.0,km/h,28.4,km/h,16,°,2025-12-10,iso8601
e2096e1337860826c2c5502ed5b147e3,2025-12-10-20-28,10.8226,106.7034,3,wmo code,Trời nhiều mây,28.8,°C,23.5,°C,32.9,°C,26.7,°C,2025-12-10T06:00,iso8601,2025-12-10T17:30,iso8601,7.45,0.3,mm,53,%,9.1,km/h,24.8,km/h,10,°,2025-12-10,iso8601
b82266efeba8e716ad44efef5a4c20cd,2025-12-10-20-29,10.7592,106.6561,3,wmo code,Trời nhiều mây,28.8,°C,23.2,°C,32.4,°C,26.4,°C,2025-12-10T06:01,iso8601,2025-12-10T17:31,iso8601,7.35,0.5,mm,53,%,10.0,km/h,28.4,km/h,16,°,2025-12-10,iso8601
077abce41d36295c50eedc27a6c8a57e,2025-12-10-20-30,10.8415,106.7438,3,wmo code,Trời nhiều mây,28.8,°C,23.5,°C,32.9,°C,26.7,°C,2025-12-10T06:00,iso8601,2025-12-10T17:30,iso8601,7.45,0.3,mm,53,%,9.1,km/h,24.8,km/h,10,°,2025-12-10,iso8601
3dd2bf959a14fc2ab7163d4942282df7,2025-12-10-20-28,10.7923,106.7132,80,wmo code,Mưa rào nhẹ,28.4,°C,23.6,°C,32.5,°C,26.9,°C,2025-12-10T06:00,iso8601,2025-12-10T17:31,iso8601,7.45,1.0,mm,53,%,8.4,km/h,23.4,km/h,11,°,2025-12-10,iso8601
bcdfbeb63259abe653c415f33f8e1fb7,2025-12-10-20-33,10.7679,106.6745,3,wmo code,Trời nhiều mây,28.8,°C,23.2,°C,32.4,°C,26.4,°C,2025-12-10T06:01,iso8601,2025-12-10T17:31,iso8601,7.35,0.5,mm,53,%,10.0,km/h,28.4,km/h,16,°,2025-12-10,iso8601
6b0fbf6a2e4ef04b02bd48b90ded9f0e,2025-12-10-20-34,10.7766,106.6565,3,wmo code,Trời nhiều mây,28.8,°C,23.2,°C,32.4,°C,26.4,°C,2025-12-10T06:01,iso8601,2025-12-10T17:31,iso8601,7.35,0.5,mm,53,%,10.0,km/h,28.4,km/h,16,°,2025-12-10,iso8601
b886bd4f4dc50467f457ac903cb1c28d,2025-12-10-19-55,10.7738,106.6616,3,wmo code,Trời nhiều mây,28.8,°C,23.2,°C,32.4,°C,26.4,°C,2025-12-10T06:01,iso8601,2025-12-10T17:31,iso8601,7.35,0.5,mm,53,%,10.0,km/h,28.4,km/h,16,°,2025-12-10,iso8601
bc94aeffd098c8bc40f404954c2d385c,2025-12-10-20-03,10.8016,106.6832,3,wmo code,Trời nhiều mây,28.8,°C,23.2,°C,32.4,°C,26.4,°C,2025-12-10T06:01,iso8601,2025-12-10T17:31,iso8601,7.0,0.5,mm,53,%,10.0,km/h,28.4,km/h,16,°,2025-12-10,iso8601
de3f61bf66722bfe12fa74c4e6f9ad41,2025-12-10-20-25,10.7781,106.6556,3,wmo code,Trời nhiều mây,28.8,°C,23.2,°C,32.4,°C,26.4,°C,2025-12-10T06:01,iso8601,2025-12-10T17:31,iso8601,7.0,0.5,mm,53,%,10.0,km/h,28.4,km/h,16,°,2025-12-10,iso8601
b4ef1b7c4e9d2bf3a2655c4d7bc5568a,2025-12-10-20-28,10.841,106.7045,3,wmo code,Trời nhiều mây,28.8,°C,23.5,°C,32.9,°C,26.7,°C,2025-12-10T06:00,iso8601,2025-12-10T17:30,iso8601,7.45,0.3,mm,53,%,9.1,km/h,24.8,km/h,10,°,2025-12-10,iso8601
e60f6940bca29797062ec575599d5b16,2025-12-10-20-19,10.7943,106.6839,3,wmo code,Trời nhiều mây,28.8,°C,23.2,°C,32.5,°C,26.4,°C,2025-12-10T06:01,iso8601,2025-12-10T17:31,iso8601,7.0,0.5,mm,53,%,10.0,km/h,28.4,km/h,16,°,2025-12-10,iso8601
6809c850a7deedba242b8f5915efc051,2025-12-10-20-29,10.7704,106.6581,3,wmo code,Trời nhiều mây,28.8,°C,23.2,°C,32.4,°C,26.4,°C,2025-12-10T06:01,iso8601,2025-12-10T17:31,iso8601,7.35,0.5,mm,53,%,10.0,km/h,28.4,km/h,16,°,2025-12-10,iso8601
ee8b2c3f4e5ec2107444452b0ab76d30,2025-12-10-20-30,10.7948,106.7523,80,wmo code,Mưa rào nhẹ,28.4,°C,23.6,°C,32.5,°C,26.9,°C,2025-12-10T06:00,iso8601,2025-12-10T17:31,iso8601,7.45,1.0,mm,53,%,8.4,km/h,23.4,km/h,11,°,2025-12-10,iso8601
01c24750d9990057198ca3095fd78201,2025-12-10-20-28,10.7802,106.7011,80,wmo code,Mưa rào nhẹ,28.4,°C,23.6,°C,32.5,°C,26.8,°C,2025-12-10T06:00,iso8601,2025-12-10T17:31,iso8601,7.45,1.0,mm,53,%,8.4,km/h,23.4,km/h,11,°,2025-12-10,iso8601
fa5588536cb07e17c55f04f99607236c,2025-12-10-20-34,10.778,106.671,3,wmo code,Trời nhiều mây,28.8,°C,23.2,°C,32.5,°C,26.4,°C,2025-12-10T06:01,iso8601,2025-12-10T17:31,iso8601,7.0,0.5,mm,53,%,10.0,km/h,28.4,km/h,16,°,2025-12-10,iso8601
d1a299017f3767c5c0ce6f5ededa0f9d,2025-12-10-20-03,10.7981,106.6699,3,wmo code,Trời nhiều mây,28.8,°C,23.2,°C,32.4,°C,26.4,°C,2025-12-10T06:01,iso8601,2025-12-10T17:31,iso8601,7.0,0.5,mm,53,%,10.0,km/h,28.4,km/h,16,°,2025-12-10,iso8601
c8dd6d1af6d3a7a64ccc3c2ef0ac3ced,2025-12-10-20-19,10.8261,106.7642,3,wmo code,Trời nhiều mây,28.8,°C,23.5,°C,32.8,°C,26.7,°C,2025-12-10T06:00,iso8601,2025-12-10T17:30,iso8601,7.45,0.3,mm,53,%,9.1,km/h,24.8,km/h,10,°,2025-12-10,iso8601
db64f28269cb08c2187871f04aa27ad4,2025-12-10-20-25,10.7936,106.7006,80,wmo code,Mưa rào nhẹ,28.4,°C,23.6,°C,32.5,°C,26.9,°C,2025-12-10T06:00,iso8601,2025-12-10T17:31,iso8601,7.45,1.0,mm,53,%,8.4,km/h,23.4,km/h,11,°,2025-12-10,iso8601
a7e8464abc9a8b7fa8ccfdb1d8c3e6bd,2025-12-10-20-33,10.7669,106.677,3,wmo code,Trời nhiều mây,28.8,°C,23.2,°C,32.5,°C,26.4,°C,2025-12-10T06:01,iso8601,2025-12-10T17:31,iso8601,7.35,0.5,mm,53,%,10.0,km/h,28.4,km/h,16,°,2025-12-10,iso8601
fdf6cb3c0bc809363f0b08b1abfeb5e2,2025-12-10-19-54,10.8507,106.6788,3,wmo code,Trời nhiều mây,28.8,°C,23.5,°C,32.8,°C,26.7,°C,2025-12-10T06:01,iso8601,2025-12-10T17:31,iso8601,7.0,0.3,mm,53,%,9.1,km/h,24.8,km/h,10,°,2025-12-10,iso8601
08548f32e9cf934f62b6185f8b6b5ace,2025-12-10-20-29,10.7792,106.682,3,wmo code,Trời nhiều mây,28.8,°C,23.2,°C,32.4,°C,26.4,°C,2025-12-10T06:01,iso8601,2025-12-10T17:31,iso8601,7.0,0.5,mm,53,%,10.0,km/h,28.4,km/h,16,°,2025-12-10,iso8601
b1bd78e9f106bd74d07a3f5fd05d2c7c,2025-12-10-20-28,10.814,106.6792,3,wmo code,Trời nhiều mây,28.7,°C,23.4,°C,32.7,°C,26.6,°C,2025-12-10T06:01,iso8601,2025-12-10T17:31,iso8601,7.0,0.3,mm,53,%,9.1,km/h,24.8,km/h,10,°,2025-12-10,iso8601
f08358824c8faf5ad14cebc515baca10,2025-12-10-20-30,10.7662,106.6449,3,wmo code,Trời nhiều mây,28.8,°C,23.2,°C,32.5,°C,26.4,°C,2025-12-10T06:01,iso8601,2025-12-10T17:31,iso8601,7.35,0.5,mm,53,%,10.0,km/h,28.4,km/h,16,°,2025-12-10,iso8601
8c7601cef52f0670f5cb7a5ba1bbadac,2025-12-10-19-54,10.768,106.6953,80,wmo code,Mưa rào nhẹ,28.4,°C,23.6,°C,32.4,°C,26.8,°C,2025-12-10T06:00,iso8601,2025-12-10T17:31,iso8601,7.35,1.0,mm,53,%,8.4,km/h,23.4,km/h,11,°,2025-12-10,iso8601
c1d9c55ac84173f24d9850910ad301af,2025-12-10-20-33,10.7538,106.6538,3,wmo code,Trời nhiều mây,28.8,°C,23.2,°C,32.4,°C,26.4,°C,2025-12-10T06:01,iso8601,2025-12-10T17:31,iso8601,7.35,0.5,mm,53,%,10.0,km/h,28.4,km/h,16,°,2025-12-10,iso8601
b5a62738d1aa1fb87e965e4b30a49172,2025-12-10-20-34,10.8736,106.7774,3,wmo code,Trời nhiều mây,28.7,°C,23.4,°C,32.7,°C,26.6,°C,2025-12-10T06:00,iso8601,2025-12-10T17:30,iso8601,7.45,0.3,mm,53,%,9.1,km/h,24.8,km/h,10,°,2025-12-10,iso8601
7c70770083f1532697fa793c1e9247a0,2025-12-10-20-25,10.7722,106.6991,80,wmo code,Mưa rào nhẹ,28.4,°C,23.6,°C,32.5,°C,26.9,°C,2025-12-10T06:00,iso8601,2025-12-10T17:31,iso8601,7.35,1.0,mm,53,%,8.4,km/h,23.4,km/h,11,°,2025-12-10,iso8601
d9f08bb369d8a76c946053c9dc973675,2025-12-10-20-04,10.7568,106.7614,80,wmo code,Mưa rào nhẹ,28.5,°C,23.7,°C,32.5,°C,26.9,°C,2025-12-10T06:00,iso8601,2025-12-10T17:31,iso8601,7.45,1.0,mm,53,%,8.4,km/h,23.4,km/h,11,°,2025-12-10,iso8601
2f1bdbe2cf4979978d49925cf2871b35,2025-12-10-20-28,10.7584,106.6937,80,wmo code,Mưa rào nhẹ,28.4,°C,23.6,°C,32.5,°C,26.9,°C,2025-12-10T06:00,iso8601,2025-12-10T17:31,iso8601,7.35,1.0,mm,53,%,8.4,km/h,23.4,km/h,11,°,2025-12-10,iso8601
f7bcd82f009170b070b6b2c51ac16e84,2025-12-10-20-29,10.8265,106.6801,3,wmo code,Trời nhiều mây,28.7,°C,23.4,°C,32.6,°C,26.5,°C,2025-12-10T06:01,iso8601,2025-12-10T17:31,iso8601,7.0,0.3,mm,53,%,9.1,km/h,24.8,km/h,10,°,2025-12-10,iso8601
bde9b51245b2fe18d74551a3e3f686bf,2025-12-10-20-28,10.856,106.785,3,wmo code,Trời nhiều mây,28.8,°C,23.5,°C,32.8,°C,26.7,°C,2025-12-10T06:00,iso8601,2025-12-10T17:30,iso8601,7.45,0.3,mm,53,%,9.1,km/h,24.8,km/h,10,°,2025-12-10,iso8601
e1fda064de6cd569c93337cdac6a2683,2025-12-10-20-30,10.6783,106.7536,95,wmo code,"Dông, có sấm sét",28.1,°C,23.3,°C,32.2,°C,26.6,°C,2025-12-10T06:00,iso8601,2025-12-10T17:31,iso8601,7.45,2.1,mm,53,%,8.7,km/h,27.0,km/h,10,°,2025-12-10,iso8601
38b68e4bfe46f142d77488b621cd805c,2025-12-10-20-19,10.7683,106.7773,80,wmo code,Mưa rào nhẹ,28.4,°C,23.6,°C,32.5,°C,26.9,°C,2025-12-10T06:00,iso8601,2025-12-10T17:31,iso8601,7.45,1.0,mm,53,%,8.4,km/h,23.4,km/h,11,°,2025-12-10,iso8601
2338962aaed3e0409092492e98263046,2025-12-10-20-34,10.8249,106.6275,3,wmo code,Trời nhiều mây,28.7,°C,23.4,°C,32.7,°C,26.6,°C,2025-12-10T06:01,iso8601,2025-12-10T17:31,iso8601,7.0,0.3,mm,53,%,9.1,km/h,24.8,km/h,10,°,2025-12-10,iso8601
e5e232dd1ecdfa053e24715dba274d25,2025-12-10-20-04,10.7825,106.6836,3,wmo code,Trời nhiều mây,28.8,°C,23.2,°C,32.4,°C,26.4,°C,2025-12-10T06:01,iso8601,2025-12-10T17:31,iso8601,7.0,0.5,mm,53,%,10.0,km/h,28.4,km/h,16,°,2025-12-10,iso8601
a313ec8fa96b3dfbec97ed9360fa1226,2025-12-10-20-28,10.7802,106.6543,3,wmo code,Trời nhiều mây,28.8,°C,23.2,°C,32.4,°C,26.4,°C,2025-12-10T06:01,iso8601,2025-12-10T17:31,iso8601,7.0,0.5,mm,53,%,10.0,km/h,28.4,km/h,16,°,2025-12-10,iso8601
53924faefb7652b3bdaf1cc16ed31414,2025-12-10-20-20,10.7667,106.6674,3,wmo code,Trời nhiều mây,28.8,°C,23.2,°C,32.4,°C,26.4,°C,2025-12-10T06:01,iso8601,2025-12-10T17:31,iso8601,7.35,0.5,mm,53,%,10.0,km/h,28.4,km/h,16,°,2025-12-10,iso8601
2bd1322ecec53c33e8d6948c00a477a7,2025-12-10-20-25,10.7232,106.6338,3,wmo code,Trời nhiều mây,28.9,°C,23.2,°C,32.5,°C,26.5,°C,2025-12-10T06:01,iso8601,2025-12-10T17:31,iso8601,7.35,0.5,mm,53,%,10.0,km/h,28.4,km/h,16,°,2025-12-10,iso8601
f59492720cc4552001643fc05a7e5c6f,2025-12-10-20-28,10.8495,106.749,3,wmo code,Trời nhiều mây,28.8,°C,23.5,°C,32.9,°C,26.7,°C,2025-12-10T06:00,iso8601,2025-12-10T17:30,iso8601,7.45,0.3,mm,53,%,9.1,km/h,24.8,km/h,10,°,2025-12-10,iso8601
ae0a5c7b6986f71651b93f2aa09885af,2025-12-10-20-33,10.7698,106.6445,3,wmo code,Trời nhiều mây,28.8,°C,23.2,°C,32.5,°C,26.4,°C,2025-12-10T06:01,iso8601,2025-12-10T17:31,iso8601,7.35,0.5,mm,53,%,10.0,km/h,28.4,km/h,16,°,2025-12-10,iso8601
9eda13e00b96dcb2827ef8343db1a2b9,2025-12-10-19-54,10.7737,106.6216,3,wmo code,Trời nhiều mây,28.8,°C,23.2,°C,32.5,°C,26.4,°C,2025-12-10T06:01,iso8601,2025-12-10T17:31,iso8601,7.35,0.5,mm,60,%,10.0,km/h,28.4,km/h,16,°,2025-12-10,iso8601
68ab12c1645b4df48d25c2afafd7477f,2025-12-10-20-28,10.7448,106.5384,80,wmo code,Mưa rào nhẹ,29.0,°C,23.4,°C,32.4,°C,26.5,°C,2025-12-10T06:01,iso8601,2025-12-10T17:32,iso8601,7.25,0.7,mm,60,%,11.7,km/h,25.9,km/h,16,°,2025-12-10,iso8601
e36dfdc71f03ab92e089d1ea6e7673de,2025-12-10-20-29,10.7575,106.6742,3,wmo code,Trời nhiều mây,28.8,°C,23.2,°C,32.4,°C,26.4,°C,2025-12-10T06:01,iso8601,2025-12-10T17:31,iso8601,7.35,0.5,mm,53,%,10.0,km/h,28.4,km/h,16,°,2025-12-10,iso8601
083c1d1e1f533af54f36d1372bbcd36c,2025-12-10-20-30,10.8839,106.707,3,wmo code,Trời nhiều mây,28.8,°C,23.5,°C,32.9,°C,26.7,°C,2025-12-10T06:00,iso8601,2025-12-10T17:30,iso8601,7.45,0.3,mm,40,%,9.1,km/h,24.8,km/h,10,°,2025-12-10,iso8601
a354da459413cc117dd993c476b53db2,2025-12-10-19-55,10.7932,106.7533,80,wmo code,Mưa rào nhẹ,28.4,°C,23.6,°C,32.5,°C,26.9,°C,2025-12-10T06:00,iso8601,2025-12-10T17:31,iso8601,7.45,1.0,mm,53,%,8.4,km/h,23.4,km/h,11,°,2025-12-10,iso8601
e65d0a3dc4e7bf7a877798dd03730939,2025-12-10-20-04,10.7589,106.6514,3,wmo code,Trời nhiều mây,28.8,°C,23.2,°C,32.5,°C,26.4,°C,2025-12-10T06:01,iso8601,2025-12-10T17:31,iso8601,7.35,0.5,mm,53,%,10.0,km/h,28.4,km/h,16,°,2025-12-10,iso8601
c0298e6264c5625c9b66f21d640bf1c7,2025-12-10-20-34,10.7993,106.7335,80,wmo code,Mưa rào nhẹ,28.4,°C,23.6,°C,32.5,°C,26.9,°C,2025-12-10T06:00,iso8601,2025-12-10T17:31,iso8601,7.45,1.0,mm,53,%,8.4,km/h,23.4,km/h,11,°,2025-12-10,iso8601
c35879175da769f5bcd97e8c2f9edcbd,2025-12-10-20-33,10.7998,106.68,3,wmo code,Trời nhiều mây,28.8,°C,23.2,°C,32.4,°C,26.4,°C,2025-12-10T06:01,iso8601,2025-12-10T17:31,iso8601,7.0,0.5,mm,53,%,10.0,km/h,28.4,km/h,16,°,2025-12-10,iso8601
077ca7cc4c2807768a3891b8e0026e82,2025-12-10-20-20,10.7548,106.6708,3,wmo code,Trời nhiều mây,28.8,°C,23.2,°C,32.4,°C,26.4,°C,2025-12-10T06:01,iso8601,2025-12-10T17:31,iso8601,7.35,0.5,mm,53,%,10.0,km/h,28.4,km/h,16,°,2025-12-10,iso8601
6237c4a356ad9dae779897d9c87f4f64,2025-12-10-20-28,10.795,106.7995,80,wmo code,Mưa rào nhẹ,28.4,°C,23.6,°C,32.5,°C,26.9,°C,2025-12-10T06:00,iso8601,2025-12-10T17:31,iso8601,7.45,1.0,mm,53,%,8.4,km/h,23.4,km/h,11,°,2025-12-10,iso8601
176e65c0c1d48b75b07ce408c37d051b,2025-12-10-20-28,10.7851,106.6964,80,wmo code,Mưa rào nhẹ,28.4,°C,23.6,°C,32.4,°C,26.8,°C,2025-12-10T06:00,iso8601,2025-12-10T17:31,iso8601,7.0,1.0,mm,53,%,8.4,km/h,23.4,km/h,11,°,2025-12-10,iso8601
543810792cf0d10958b11c5ba771b10b,2025-12-10-20-33,10.7994,106.7335,80,wmo code,Mưa rào nhẹ,28.4,°C,23.6,°C,32.5,°C,26.9,°C,2025-12-10T06:00,iso8601,2025-12-10T17:31,iso8601,7.45,1.0,mm,53,%,8.4,km/h,23.4,km/h,11,°,2025-12-10,iso8601
2d336fe7e3efcbc9de946b98a5b77a9d,2025-12-10-20-25,10.8112,106.6955,80,wmo code,Mưa rào nhẹ,28.4,°C,23.6,°C,32.4,°C,26.8,°C,2025-12-10T06:00,iso8601,2025-12-10T17:31,iso8601,7.0,1.0,mm,53,%,8.4,km/h,23.4,km/h,11,°,2025-12-10,iso8601
c89147228d920f596f87b65b4493588f,2025-12-10-20-34,10.7298,106.7295,80,wmo code,Mưa rào nhẹ,28.4,°C,23.6,°C,32.5,°C,26.9,°C,2025-12-10T06:00,iso8601,2025-12-10T17:31,iso8601,7.45,1.0,mm,53,%,8.4,km/h,23.4,km/h,11,°,2025-12-10,iso8601
035b1873d845ded3f521e9b067468ac8,2025-12-10-20-35,10.7614,106.61,3,wmo code,Trời nhiều mây,28.8,°C,23.2,°C,32.5,°C,26.4,°C,2025-12-10T06:01,iso8601,2025-12-10T17:31,iso8601,7.35,0.5,mm,60,%,10.0,km/h,28.4,km/h,16,°,2025-12-10,iso8601
a37ff905c949d234313f2d4a4630f960,2025-12-10-20-29,10.8512,106.755,3,wmo code,Trời nhiều mây,28.8,°C,23.5,°C,32.8,°C,26.7,°C,2025-12-10T06:00,iso8601,2025-12-10T17:30,iso8601,7.45,0.3,mm,53,%,9.1,km/h,24.8,km/h,10,°,2025-12-10,iso8601
5352666e6432a10fceff657a7a02f997,2025-12-10-19-54,10.8672,106.7747,3,wmo code,Trời nhiều mây,28.7,°C,23.4,°C,32.7,°C,26.5,°C,2025-12-10T06:00,iso8601,2025-12-10T17:30,iso8601,7.45,0.3,mm,53,%,9.1,km/h,24.8,km/h,10,°,2025-12-10,iso8601
f16148691bd1eb33aed19cce28aafe05,2025-12-10-20-20,10.7052,106.8287,80,wmo code,Mưa rào nhẹ,28.3,°C,24.0,°C,32.4,°C,27.4,°C,2025-12-10T06:00,iso8601,2025-12-10T17:30,iso8601,7.45,0.8,mm,53,%,7.6,km/h,28.8,km/h,5,°,2025-12-10,iso8601
ec9ac5661ff242298083b66306af2d15,2025-12-10-20-30,10.7527,106.6694,3,wmo code,Trời nhiều mây,28.8,°C,23.2,°C,32.5,°C,26.4,°C,2025-12-10T06:01,iso8601,2025-12-10T17:31,iso8601,7.35,0.5,mm,53,%,10.0,km/h,28.4,km/h,16,°,2025-12-10,iso8601
2db3c07cc93b9ea59e7913ba397c756b,2025-12-10-20-04,10.8594,106.7904,3,wmo code,Trời nhiều mây,28.8,°C,23.5,°C,32.8,°C,26.6,°C,2025-12-10T06:00,iso8601,2025-12-10T17:30,iso8601,7.45,0.3,mm,53,%,9.1,km/h,24.8,km/h,10,°,2025-12-10,iso8601
c3486a5672e29a8d91a857f094df9b58,2025-12-10-20-28,10.7888,106.576,3,wmo code,Trời nhiều mây,28.8,°C,23.2,°C,32.5,°C,26.5,°C,2025-12-10T06:01,iso8601,2025-12-10T17:31,iso8601,7.25,0.5,mm,60,%,10.0,km/h,28.4,km/h,16,°,2025-12-10,iso8601
c8332568dcc4b34bad9df96b5c67d114,2025-12-10-20-29,10.753,106.6587,3,wmo code,Trời nhiều mây,28.8,°C,23.2,°C,32.4,°C,26.4,°C,2025-12-10T06:01,iso8601,2025-12-10T17:31,iso8601,7.35,0.5,mm,53,%,10.0,km/h,28.4,km/h,16,°,2025-12-10,iso8601
1e1e73a5851e5963e4ea83aa60ceacce,2025-12-10-20-25,10.83,106.6707,3,wmo code,Trời nhiều mây,28.7,°C,23.4,°C,32.6,°C,26.5,°C,2025-12-10T06:01,iso8601,2025-12-10T17:31,iso8601,7.0,0.3,mm,53,%,9.1,km/h,24.8,km/h,10,°,2025-12-10,iso8601
aa1586e1bd069c86b4f39a0f3c25741e,2025-12-10-20-28,10.754,106.6341,3,wmo code,Trời nhiều mây,28.8,°C,23.2,°C,32.5,°C,26.4,°C,2025-12-10T06:01,iso8601,2025-12-10T17:31,iso8601,7.35,0.5,mm,53,%,10.0,km/h,28.4,km/h,16,°,2025-12-10,iso8601
d619daa10f574702b0448f44d5ce36da,2025-12-10-20-33,10.7823,106.6795,3,wmo code,Trời nhiều mây,28.8,°C,23.2,°C,32.5,°C,26.4,°C,2025-12-10T06:01,iso8601,2025-12-10T17:31,iso8601,7.0,0.5,mm,53,%,10.0,km/h,28.4,km/h,16,°,2025-12-10,iso8601
4ff1c86146a8f15a787642fe50ee30d5,2025-12-10-20-30,10.8021,106.7438,80,wmo code,Mưa rào nhẹ,28.4,°C,23.6,°C,32.5,°C,26.9,°C,2025-12-10T06:00,iso8601,2025-12-10T17:31,iso8601,7.45,1.0,mm,53,%,8.4,km/h,23.4,km/h,11,°,2025-12-10,iso8601
7963462bfce8608c85ce6fc58d6db1bb,2025-12-10-20-04,10.7824,106.6956,80,wmo code,Mưa rào nhẹ,28.3,°C,23.5,°C,32.4,°C,26.8,°C,2025-12-10T06:00,iso8601,2025-12-10T17:31,iso8601,7.0,1.0,mm,53,%,8.4,km/h,23.4,km/h,11,°,2025-12-10,iso8601
3ea305cbef3167c345c81b93932e4cf8,2025-12-10-20-13,10.8146,106.679,3,wmo code,Trời nhiều mây,28.6,°C,23.3,°C,32.6,°C,26.5,°C,2025-12-10T06:01,iso8601,2025-12-10T17:31,iso8601,7.0,0.3,mm,53,%,9.1,km/h,24.8,km/h,10,°,2025-12-10,iso8601
7bc30df6b84e52e3c1f49f4fcee90763,2025-12-10-20-25,10.7045,106.7321,80,wmo code,Mưa rào nhẹ,28.4,°C,23.6,°C,32.5,°C,26.9,°C,2025-12-10T06:00,iso8601,2025-12-10T17:31,iso8601,7.45,1.0,mm,53,%,8.4,km/h,23.4,km/h,11,°,2025-12-10,iso8601
26875e61fd516a3f73cd403ce256de7b,2025-12-10-20-34,10.7556,106.6743,3,wmo code,Trời nhiều mây,28.8,°C,23.2,°C,32.4,°C,26.4,°C,2025-12-10T06:01,iso8601,2025-12-10T17:31,iso8601,7.35,0.5,mm,53,%,10.0,km/h,28.4,km/h,16,°,2025-12-10,iso8601
716e267240e0107652e41f61ee700999,2025-12-10-20-25,10.759,106.6755,3,wmo code,Trời nhiều mây,28.8,°C,23.2,°C,32.4,°C,26.4,°C,2025-12-10T06:01,iso8601,2025-12-10T17:31,iso8601,7.35,0.5,mm,53,%,10.0,km/h,28.4,km/h,16,°,2025-12-10,iso8601
a69ac5661bf7c46f54054a7e97a9c640,2025-12-10-20-26,10.772,106.6412,3,wmo code,Trời nhiều mây,28.8,°C,23.2,°C,32.5,°C,26.4,°C,2025-12-10T06:01,iso8601,2025-12-10T17:31,iso8601,7.35,0.5,mm,53,%,10.0,km/h,28.4,km/h,16,°,2025-12-10,iso8601
c8fcbffac85a53be69921d344e0b43c9,2025-12-10-20-31,10.7565,106.6665,3,wmo code,Trời nhiều mây,28.8,°C,23.2,°C,32.4,°C,26.4,°C,2025-12-10T06:01,iso8601,2025-12-10T17:31,iso8601,7.35,0.5,mm,53,%,10.0,km/h,28.4,km/h,16,°,2025-12-10,iso8601
18d7ce6ec8a1000b894ff94bbc417c96,2025-12-10-20-31,10.7618,106.6703,3,wmo code,Trời nhiều mây,28.8,°C,23.2,°C,32.4,°C,26.4,°C,2025-12-10T06:01,iso8601,2025-12-10T17:31,iso8601,7.35,0.5,mm,53,%,10.0,km/h,28.4,km/h,16,°,2025-12-10,iso8601
79db08d272a01029d4b4f86014285b8a,2025-12-10-20-34,10.7668,106.6656,3,wmo code,Trời nhiều mây,28.8,°C,23.2,°C,32.4,°C,26.4,°C,2025-12-10T06:01,iso8601,2025-12-10T17:31,iso8601,7.35,0.5,mm,53,%,10.0,km/h,28.4,km/h,16,°,2025-12-10,iso8601
478bfed0731f74043453209e13178182,2025-12-10-20-30,10.8381,106.7343,3,wmo code,Trời nhiều mây,28.8,°C,23.5,°C,32.9,°C,26.7,°C,2025-12-10T06:00,iso8601,2025-12-10T17:30,iso8601,7.45,0.3,mm,53,%,9.1,km/h,24.8,km/h,10,°,2025-12-10,iso8601
ed1ed85b3a4498dc0344c576708d092f,2025-12-10-20-35,10.8757,106.7661,3,wmo code,Trời nhiều mây,28.7,°C,23.4,°C,32.7,°C,26.5,°C,2025-12-10T06:00,iso8601,2025-12-10T17:30,iso8601,7.45,0.3,mm,40,%,9.1,km/h,24.8,km/h,10,°,2025-12-10,iso8601
b38f64d6ca9f83b275adfe80fb653f6f,2025-12-10-20-04,10.8883,106.7761,3,wmo code,Trời nhiều mây,28.7,°C,23.4,°C,32.7,°C,26.6,°C,2025-12-10T06:00,iso8601,2025-12-10T17:30,iso8601,7.45,0.3,mm,40,%,9.1,km/h,24.8,km/h,10,°,2025-12-10,iso8601
dbfcdececbdb5cc1cb6b4cde2cc7c4a5,2025-12-10-20-25,10.8155,106.6246,3,wmo code,Trời nhiều mây,28.7,°C,23.4,°C,32.7,°C,26.6,°C,2025-12-10T06:01,iso8601,2025-12-10T17:31,iso8601,7.0,0.3,mm,60,%,9.1,km/h,24.8,km/h,10,°,2025-12-10,iso8601
75582636d5681a2d84e6e69f21705c17,2025-12-10-20-25,10.8489,106.8012,3,wmo code,Trời nhiều mây,28.8,°C,23.5,°C,32.9,°C,26.7,°C,2025-12-10T06:00,iso8601,2025-12-10T17:30,iso8601,7.45,0.3,mm,53,%,9.1,km/h,24.8,km/h,10,°,2025-12-10,iso8601
48c4ed4b2189f7ffec64d2c3ba5e0fd7,2025-12-10-20-26,10.7983,106.7308,80,wmo code,Mưa rào nhẹ,28.4,°C,23.6,°C,32.5,°C,26.8,°C,2025-12-10T06:00,iso8601,2025-12-10T17:31,iso8601,7.45,1.0,mm,53,%,8.4,km/h,23.4,km/h,11,°,2025-12-10,iso8601
b2bc3f105c6d87dd7bd7128796f40ec8,2025-12-10-20-30,10.8588,106.6797,3,wmo code,Trời nhiều mây,28.7,°C,23.4,°C,32.7,°C,26.6,°C,2025-12-10T06:01,iso8601,2025-12-10T17:31,iso8601,7.0,0.3,mm,53,%,9.1,km/h,24.8,km/h,10,°,2025-12-10,iso8601
7569516c09795e7aa477bfb1d0dd2468,2025-12-10-20-34,10.7519,106.6544,3,wmo code,Trời nhiều mây,28.8,°C,23.2,°C,32.5,°C,26.4,°C,2025-12-10T06:01,iso8601,2025-12-10T17:31,iso8601,7.35,0.5,mm,53,%,10.0,km/h,28.4,km/h,16,°,2025-12-10,iso8601
3b962a8f8c06b00693a1e7a6ecd3f5c2,2025-12-10-20-31,10.8324,106.7672,3,wmo code,Trời nhiều mây,28.8,°C,23.5,°C,32.8,°C,26.7,°C,2025-12-10T06:00,iso8601,2025-12-10T17:30,iso8601,7.45,0.3,mm,53,%,9.1,km/h,24.8,km/h,10,°,2025-12-10,iso8601
fdfb654d5edcf74fc775d180519f037a,2025-12-10-20-31,10.7797,106.6445,3,wmo code,Trời nhiều mây,28.8,°C,23.2,°C,32.4,°C,26.4,°C,2025-12-10T06:01,iso8601,2025-12-10T17:31,iso8601,7.0,0.5,mm,53,%,10.0,km/h,28.4,km/h,16,°,2025-12-10,iso8601
845ae7048313c76a2823b14517852eea,2025-12-10-20-13,10.7598,106.694,80,wmo code,Mưa rào nhẹ,28.4,°C,23.6,°C,32.5,°C,26.9,°C,2025-12-10T06:00,iso8601,2025-12-10T17:31,iso8601,7.35,1.0,mm,53,%,8.4,km/h,23.4,km/h,11,°,2025-12-10,iso8601
e75804c942982977f006580ba5986f84,2025-12-10-20-04,10.7858,106.7036,80,wmo code,Mưa rào nhẹ,28.3,°C,23.5,°C,32.4,°C,26.8,°C,2025-12-10T06:00,iso8601,2025-12-10T17:31,iso8601,7.45,1.0,mm,53,%,8.4,km/h,23.4,km/h,11,°,2025-12-10,iso8601
81b575c76e07e31e195a8cc54482dc4e,2025-12-10-20-35,10.7684,106.6527,3,wmo code,Trời nhiều mây,28.8,°C,23.2,°C,32.5,°C,26.4,°C,2025-12-10T06:01,iso8601,2025-12-10T17:31,iso8601,7.35,0.5,mm,53,%,10.0,km/h,28.4,km/h,16,°,2025-12-10,iso8601
7e245d5e58ac1a12a41f9d890b876045,2025-12-10-20-25,10.8771,106.732,3,wmo code,Trời nhiều mây,28.8,°C,23.5,°C,32.8,°C,26.7,°C,2025-12-10T06:00,iso8601,2025-12-10T17:30,iso8601,7.45,0.3,mm,40,%,9.1,km/h,24.8,km/h,10,°,2025-12-10,iso8601
639b9228395c1e55655b29a3fb4fb7f1,2025-12-10-20-25,10.7336,106.7236,80,wmo code,Mưa rào nhẹ,28.4,°C,23.6,°C,32.5,°C,26.9,°C,2025-12-10T06:00,iso8601,2025-12-10T17:31,iso8601,7.45,1.0,mm,53,%,8.4,km/h,23.4,km/h,11,°,2025-12-10,iso8601
6ba9c3f0ba5b44682018f75d1c8c54fa,2025-12-10-20-30,10.7911,106.6911,80,wmo code,Mưa rào nhẹ,28.4,°C,23.6,°C,32.4,°C,26.8,°C,2025-12-10T06:00,iso8601,2025-12-10T17:31,iso8601,7.0,1.0,mm,53,%,8.4,km/h,23.4,km/h,11,°,2025-12-10,iso8601
cb4335a416d83971695b8a9fe1614d99,2025-12-10-20-13,10.8867,106.5897,3,wmo code,Trời nhiều mây,28.7,°C,23.4,°C,32.7,°C,26.6,°C,2025-12-10T06:01,iso8601,2025-12-10T17:31,iso8601,7.0,0.3,mm,43,%,9.1,km/h,24.8,km/h,10,°,2025-12-10,iso8601
72548d296167e0108602dcb5321ed5d4,2025-12-10-20-26,10.8271,106.7154,3,wmo code,Trời nhiều mây,28.8,°C,23.5,°C,32.9,°C,26.7,°C,2025-12-10T06:00,iso8601,2025-12-10T17:30,iso8601,7.45,0.3,mm,53,%,9.1,km/h,24.8,km/h,10,°,2025-12-10,iso8601
bbe60f9a46cf61aed393aa19886c8fe9,2025-12-10-20-34,10.8339,106.6207,3,wmo code,Trời nhiều mây,28.7,°C,23.4,°C,32.7,°C,26.5,°C,2025-12-10T06:01,iso8601,2025-12-10T17:31,iso8601,7.0,0.3,mm,60,%,9.1,km/h,24.8,km/h,10,°,2025-12-10,iso8601
5f6dd0f6ed3ad6335017a9bc558f764d,2025-12-10-20-31,10.7701,106.6941,80,wmo code,Mưa rào nhẹ,28.4,°C,23.6,°C,32.4,°C,26.8,°C,2025-12-10T06:00,iso8601,2025-12-10T17:31,iso8601,7.35,1.0,mm,53,%,8.4,km/h,23.4,km/h,11,°,2025-12-10,iso8601
0b33f00c90edbf94a5fb0d6cb08787ae,2025-12-10-20-04,10.7827,106.6868,3,wmo code,Trời nhiều mây,28.8,°C,23.2,°C,32.5,°C,26.4,°C,2025-12-10T06:01,iso8601,2025-12-10T17:31,iso8601,7.0,0.5,mm,53,%,10.0,km/h,28.4,km/h,16,°,2025-12-10,iso8601
a3a5b42c729268c13efcf7aa4a7894aa,2025-12-10-20-35,10.8136,106.7754,3,wmo code,Trời nhiều mây,28.8,°C,23.5,°C,32.8,°C,26.7,°C,2025-12-10T06:00,iso8601,2025-12-10T17:30,iso8601,7.45,0.3,mm,53,%,9.1,km/h,24.8,km/h,10,°,2025-12-10,iso8601
046f4aa6033f41e3c95ccf358ecc8930,2025-12-10-20-25,10.7193,106.7432,80,wmo code,Mưa rào nhẹ,28.4,°C,23.6,°C,32.5,°C,26.9,°C,2025-12-10T06:00,iso8601,2025-12-10T17:31,iso8601,7.45,1.0,mm,53,%,8.4,km/h,23.4,km/h,11,°,2025-12-10,iso8601
d5b497bab56ca0e0253e044357385973,2025-12-10-20-31,10.8025,106.7457,80,wmo code,Mưa rào nhẹ,28.4,°C,23.6,°C,32.5,°C,26.9,°C,2025-12-10T06:00,iso8601,2025-12-10T17:31,iso8601,7.45,1.0,mm,53,%,8.4,km/h,23.4,km/h,11,°,2025-12-10,iso8601
b63a3f6fac8faca7140a180ce99caa70,2025-12-10-20-26,10.7202,106.5387,80,wmo code,Mưa rào nhẹ,29.0,°C,23.4,°C,32.4,°C,26.5,°C,2025-12-10T06:01,iso8601,2025-12-10T17:32,iso8601,7.25,0.7,mm,60,%,11.7,km/h,25.9,km/h,16,°,2025-12-10,iso8601
3081398fb7bccc8d07722f30629ec329,2025-12-10-20-30,10.8487,106.7744,3,wmo code,Trời nhiều mây,28.6,°C,23.3,°C,32.6,°C,26.5,°C,2025-12-10T06:00,iso8601,2025-12-10T17:30,iso8601,7.45,0.3,mm,53,%,9.1,km/h,24.8,km/h,10,°,2025-12-10,iso8601
ab4140bae34e4fa081cbfa58de1e6e37,2025-12-10-20-31,10.6818,106.5407,80,wmo code,Mưa rào nhẹ,28.6,°C,23.2,°C,32.1,°C,26.3,°C,2025-12-10T06:01,iso8601,2025-12-10T17:32,iso8601,7.25,0.8,mm,60,%,10.4,km/h,30.2,km/h,17,°,2025-12-10,iso8601
c9e93cbf8c75b64a0675bd2fc62a5449,2025-12-10-20-26,10.8004,106.7165,80,wmo code,Mưa rào nhẹ,28.4,°C,23.6,°C,32.5,°C,26.9,°C,2025-12-10T06:00,iso8601,2025-12-10T17:31,iso8601,7.45,1.0,mm,53,%,8.4,km/h,23.4,km/h,11,°,2025-12-10,iso8601
b46fd97e3b4d293a43801eae18df099d,2025-12-10-20-34,10.8011,106.7393,80,wmo code,Mưa rào nhẹ,28.4,°C,23.6,°C,32.5,°C,26.9,°C,2025-12-10T06:00,iso8601,2025-12-10T17:31,iso8601,7.45,1.0,mm,53,%,8.4,km/h,23.4,km/h,11,°,2025-12-10,iso8601
67de27da28b2daee04ece7e83f309f6e,2025-12-10-20-13,10.8315,106.7053,3,wmo code,Trời nhiều mây,28.8,°C,23.5,°C,32.8,°C,26.7,°C,2025-12-10T06:00,iso8601,2025-12-10T17:30,iso8601,7.45,0.3,mm,53,%,9.1,km/h,24.8,km/h,10,°,2025-12-10,iso8601
438d803e98b5e9edb01239ed9f38a441,2025-12-10-20-31,10.8386,106.7676,3,wmo code,Trời nhiều mây,28.8,°C,23.5,°C,32.8,°C,26.7,°C,2025-12-10T06:00,iso8601,2025-12-10T17:30,iso8601,7.45,0.3,mm,53,%,9.1,km/h,24.8,km/h,10,°,2025-12-10,iso8601
082271af9cca5bf56d0676b7cd0d99da,2025-12-10-20-35,10.8822,106.6167,3,wmo code,Trời nhiều mây,28.7,°C,23.4,°C,32.7,°C,26.6,°C,2025-12-10T06:01,iso8601,2025-12-10T17:31,iso8601,7.0,0.3,mm,43,%,9.1,km/h,24.8,km/h,10,°,2025-12-10,iso8601
30f6a3c6075e4c488d2fc6fde201b263,2025-12-10-20-05,10.8144,106.6938,3,wmo code,Trời nhiều mây,28.7,°C,23.4,°C,32.7,°C,26.6,°C,2025-12-10T06:00,iso8601,2025-12-10T17:30,iso8601,7.0,0.3,mm,53,%,9.1,km/h,24.8,km/h,10,°,2025-12-10,iso8601
b0166dc361a75fc95ddbe6d2e14328f3,2025-12-10-20-13,10.7582,106.6518,3,wmo code,Trời nhiều mây,28.8,°C,23.2,°C,32.4,°C,26.4,°C,2025-12-10T06:01,iso8601,2025-12-10T17:31,iso8601,7.35,0.5,mm,53,%,10.0,km/h,28.4,km/h,16,°,2025-12-10,iso8601
db233b3d414187907faf5ed39469d1dc,2025-12-10-20-26,10.8078,106.6402,3,wmo code,Trời nhiều mây,28.8,°C,23.2,°C,32.5,°C,26.4,°C,2025-12-10T06:01,iso8601,2025-12-10T17:31,iso8601,7.0,0.5,mm,53,%,10.0,km/h,28.4,km/h,16,°,2025-12-10,iso8601
b696fc42fe664c8db994254601b5855c,2025-12-10-20-25,10.7535,106.653,3,wmo code,Trời nhiều mây,28.8,°C,23.2,°C,32.5,°C,26.4,°C,2025-12-10T06:01,iso8601,2025-12-10T17:31,iso8601,7.35,0.5,mm,53,%,10.0,km/h,28.4,km/h,16,°,2025-12-10,iso8601
d476c5d2a9203c68295ecf319b233371,2025-12-10-20-32,10.8133,106.6649,3,wmo code,Trời nhiều mây,28.7,°C,23.4,°C,32.7,°C,26.5,°C,2025-12-10T06:01,iso8601,2025-12-10T17:31,iso8601,7.0,0.3,mm,53,%,9.1,km/h,24.8,km/h,10,°,2025-12-10,iso8601
b045ce8b1239f0484ea7f11485b073c8,2025-12-10-20-34,10.8496,106.7535,3,wmo code,Trời nhiều mây,28.8,°C,23.5,°C,32.8,°C,26.7,°C,2025-12-10T06:00,iso8601,2025-12-10T17:30,iso8601,7.45,0.3,mm,53,%,9.1,km/h,24.8,km/h,10,°,2025-12-10,iso8601
96d2699795530b9bb0661850b4b7699d,2025-12-10-20-05,10.7289,106.698,80,wmo code,Mưa rào nhẹ,28.4,°C,23.6,°C,32.5,°C,26.9,°C,2025-12-10T06:00,iso8601,2025-12-10T17:31,iso8601,7.35,1.0,mm,53,%,8.4,km/h,23.4,km/h,11,°,2025-12-10,iso8601
5021b61f8fd013c5b28a199274d109ce,2025-12-10-20-13,10.8285,106.7887,3,wmo code,Trời nhiều mây,28.8,°C,23.5,°C,32.9,°C,26.7,°C,2025-12-10T06:00,iso8601,2025-12-10T17:30,iso8601,7.45,0.3,mm,53,%,9.1,km/h,24.8,km/h,10,°,2025-12-10,iso8601
79037020ed90451ae530934b3fea8415,2025-12-10-20-31,10.7791,106.6499,3,wmo code,Trời nhiều mây,28.8,°C,23.2,°C,32.4,°C,26.4,°C,2025-12-10T06:01,iso8601,2025-12-10T17:31,iso8601,7.0,0.5,mm,53,%,10.0,km/h,28.4,km/h,16,°,2025-12-10,iso8601
303c7c39c3a97f956fed9066644c7f50,2025-12-10-20-30,10.8727,106.7669,3,wmo code,Trời nhiều mây,28.7,°C,23.4,°C,32.6,°C,26.5,°C,2025-12-10T06:00,iso8601,2025-12-10T17:30,iso8601,7.45,0.3,mm,53,%,9.1,km/h,24.8,km/h,10,°,2025-12-10,iso8601
a179566adbd5698884012c45a0a01aee,2025-12-10-20-25,10.7229,106.7192,80,wmo code,Mưa rào nhẹ,28.5,°C,23.7,°C,32.5,°C,26.9,°C,2025-12-10T06:00,iso8601,2025-12-10T17:31,iso8601,7.45,1.0,mm,53,%,8.4,km/h,23.4,km/h,11,°,2025-12-10,iso8601
3a76c7fe821ece69b8833a45c6a0a111,2025-12-10-20-26,10.7925,106.7072,80,wmo code,Mưa rào nhẹ,28.4,°C,23.6,°C,32.5,°C,26.8,°C,2025-12-10T06:00,iso8601,2025-12-10T17:31,iso8601,7.45,1.0,mm,53,%,8.4,km/h,23.4,km/h,11,°,2025-12-10,iso8601
88eb8138f2cb29ffaab0665a2597ff8c,2025-12-10-20-30,10.8672,106.6414,3,wmo code,Trời nhiều mây,28.7,°C,23.4,°C,32.7,°C,26.5,°C,2025-12-10T06:01,iso8601,2025-12-10T17:31,iso8601,7.0,0.3,mm,53,%,9.1,km/h,24.8,km/h,10,°,2025-12-10,iso8601
bb3933dee270e2276ba40eb7efc5f3fb,2025-12-10-20-26,10.7809,106.6978,80,wmo code,Mưa rào nhẹ,28.4,°C,23.6,°C,32.4,°C,26.8,°C,2025-12-10T06:00,iso8601,2025-12-10T17:31,iso8601,7.0,1.0,mm,53,%,8.4,km/h,23.4,km/h,11,°,2025-12-10,iso8601
4f8d87210402fbef494454df8c66e188,2025-12-10-20-32,10.8753,106.7512,3,wmo code,Trời nhiều mây,28.6,°C,23.3,°C,32.6,°C,26.5,°C,2025-12-10T06:00,iso8601,2025-12-10T17:30,iso8601,7.45,0.3,mm,40,%,9.1,km/h,24.8,km/h,10,°,2025-12-10,iso8601
4b0ec3a549fc39fb024a03016afa5e1d,2025-12-10-20-34,10.7919,106.7139,80,wmo code,Mưa rào nhẹ,28.4,°C,23.6,°C,32.5,°C,26.9,°C,2025-12-10T06:00,iso8601,2025-12-10T17:31,iso8601,7.45,1.0,mm,53,%,8.4,km/h,23.4,km/h,11,°,2025-12-10,iso8601
f0b3593fdf6f1bfa47bd6d17ec2d759e,2025-12-10-20-05,10.8152,106.6324,3,wmo code,Trời nhiều mây,28.7,°C,23.4,°C,32.7,°C,26.6,°C,2025-12-10T06:01,iso8601,2025-12-10T17:31,iso8601,7.0,0.3,mm,53,%,9.1,km/h,24.8,km/h,10,°,2025-12-10,iso8601
c3477bb2b37f7db67b508b7d2d3ae845,2025-12-10-20-13,10.7404,106.6548,3,wmo code,Trời nhiều mây,28.9,°C,23.3,°C,32.6,°C,26.5,°C,2025-12-10T06:01,iso8601,2025-12-10T17:31,iso8601,7.35,0.5,mm,53,%,10.0,km/h,28.4,km/h,16,°,2025-12-10,iso8601
e3aae21f4d5f96ba007d0355dfde2112,2025-12-10-20-26,10.7712,106.693,80,wmo code,Mưa rào nhẹ,28.4,°C,23.6,°C,32.4,°C,26.8,°C,2025-12-10T06:00,iso8601,2025-12-10T17:31,iso8601,7.35,1.0,mm,53,%,8.4,km/h,23.4,km/h,11,°,2025-12-10,iso8601
b0f68ccf4a60e5a333d65ef16200c09e,2025-12-10-20-26,10.7583,106.6458,3,wmo code,Trời nhiều mây,28.8,°C,23.2,°C,32.4,°C,26.4,°C,2025-12-10T06:01,iso8601,2025-12-10T17:31,iso8601,7.35,0.5,mm,53,%,10.0,km/h,28.4,km/h,16,°,2025-12-10,iso8601
678b3c050fb3beed94da629f0ce6bd1d,2025-12-10-20-31,10.8333,106.6212,3,wmo code,Trời nhiều mây,28.7,°C,23.4,°C,32.7,°C,26.6,°C,2025-12-10T06:01,iso8601,2025-12-10T17:31,iso8601,7.0,0.3,mm,60,%,9.1,km/h,24.8,km/h,10,°,2025-12-10,iso8601
8b552f8e88cb01f028e9b6af0f77967d,2025-12-10-20-25,10.834,106.7284,3,wmo code,Trời nhiều mây,28.8,°C,23.5,°C,32.9,°C,26.7,°C,2025-12-10T06:00,iso8601,2025-12-10T17:30,iso8601,7.45,0.3,mm,53,%,9.1,km/h,24.8,km/h,10,°,2025-12-10,iso8601
49659a77c26e913c341cbca256c8cc7b,2025-12-10-20-30,10.8609,106.6696,3,wmo code,Trời nhiều mây,28.7,°C,23.4,°C,32.7,°C,26.6,°C,2025-12-10T06:01,iso8601,2025-12-10T17:31,iso8601,7.0,0.3,mm,53,%,9.1,km/h,24.8,km/h,10,°,2025-12-10,iso8601
c31af84fbed52d70cb3d6e5f6e47f91c,2025-12-10-20-32,10.7585,106.6987,80,wmo code,Mưa rào nhẹ,28.4,°C,23.6,°C,32.5,°C,26.9,°C,2025-12-10T06:00,iso8601,2025-12-10T17:31,iso8601,7.35,1.0,mm,53,%,8.4,km/h,23.4,km/h,11,°,2025-12-10,iso8601
33659cfa335ae26ebb27ec2d943d073d,2025-12-10-20-26,10.793,106.68,3,wmo code,Trời nhiều mây,28.8,°C,23.2,°C,32.5,°C,26.4,°C,2025-12-10T06:01,iso8601,2025-12-10T17:31,iso8601,7.0,0.5,mm,53,%,10.0,km/h,28.4,km/h,16,°,2025-12-10,iso8601
c71aeea884dc236f879d78a875a8499b,2025-12-10-20-34,10.7713,106.6939,80,wmo code,Mưa rào nhẹ,28.4,°C,23.6,°C,32.4,°C,26.8,°C,2025-12-10T06:00,iso8601,2025-12-10T17:31,iso8601,7.35,1.0,mm,53,%,8.4,km/h,23.4,km/h,11,°,2025-12-10,iso8601
8db65086fcbc9345d7d228ea61c76550,2025-12-10-20-05,10.7862,106.863,80,wmo code,Mưa rào nhẹ,28.5,°C,24.1,°C,32.6,°C,27.6,°C,2025-12-10T06:00,iso8601,2025-12-10T17:30,iso8601,7.45,0.8,mm,53,%,7.6,km/h,28.8,km/h,5,°,2025-12-10,iso8601
73246b0410c50583b92faf82b9dcaa59,2025-12-10-20-13,10.8615,106.6642,3,wmo code,Trời nhiều mây,28.7,°C,23.4,°C,32.8,°C,26.6,°C,2025-12-10T06:01,iso8601,2025-12-10T17:31,iso8601,7.0,0.3,mm,53,%,9.1,km/h,24.8,km/h,10,°,2025-12-10,iso8601
31205e89e330b0359b4792cf264f9425,2025-12-10-20-25,10.7574,106.6832,3,wmo code,Trời nhiều mây,28.8,°C,23.2,°C,32.4,°C,26.4,°C,2025-12-10T06:01,iso8601,2025-12-10T17:31,iso8601,7.35,0.5,mm,53,%,10.0,km/h,28.4,km/h,16,°,2025-12-10,iso8601
1c06c9b1c35e32e20617999cff375488,2025-12-10-20-26,10.8094,106.7558,80,wmo code,Mưa rào nhẹ,28.4,°C,23.6,°C,32.5,°C,26.9,°C,2025-12-10T06:00,iso8601,2025-12-10T17:31,iso8601,7.45,1.0,mm,53,%,8.4,km/h,23.4,km/h,11,°,2025-12-10,iso8601
f9379126bfcfcd0d742d7ef3a4f7d2f4,2025-12-10-20-30,10.7611,106.6746,3,wmo code,Trời nhiều mây,28.8,°C,23.2,°C,32.4,°C,26.4,°C,2025-12-10T06:01,iso8601,2025-12-10T17:31,iso8601,7.35,0.5,mm,53,%,10.0,km/h,28.4,km/h,16,°,2025-12-10,iso8601
379b3cd8c9b5927199db8d8e5854f5c0,2025-12-10-20-32,10.7624,106.6522,3,wmo code,Trời nhiều mây,28.8,°C,23.2,°C,32.5,°C,26.4,°C,2025-12-10T06:01,iso8601,2025-12-10T17:31,iso8601,7.35,0.5,mm,53,%,10.0,km/h,28.4,km/h,16,°,2025-12-10,iso8601
adf40601c9de600d25b9039e2177ac82,2025-12-10-20-05,10.7911,106.7058,80,wmo code,Mưa rào nhẹ,28.4,°C,23.6,°C,32.4,°C,26.8,°C,2025-12-10T06:00,iso8601,2025-12-10T17:31,iso8601,7.45,1.0,mm,53,%,8.4,km/h,23.4,km/h,11,°,2025-12-10,iso8601
f83d20d4d8ee9d902796d3da27d925da,2025-12-10-20-34,10.8009,106.66,3,wmo code,Trời nhiều mây,28.8,°C,23.2,°C,32.4,°C,26.3,°C,2025-12-10T06:01,iso8601,2025-12-10T17:31,iso8601,7.0,0.5,mm,53,%,10.0,km/h,28.4,km/h,16,°,2025-12-10,iso8601
dcf9c9307c60a95f93b77f63454e4eb6,2025-12-10-20-31,10.8599,106.6176,3,wmo code,Trời nhiều mây,28.7,°C,23.4,°C,32.7,°C,26.5,°C,2025-12-10T06:01,iso8601,2025-12-10T17:31,iso8601,7.0,0.3,mm,60,%,9.1,km/h,24.8,km/h,10,°,2025-12-10,iso8601
6c09fa4196b2f1d4ec150ea710a00331,2025-12-10-20-31,10.7538,106.6538,3,wmo code,Trời nhiều mây,28.8,°C,23.2,°C,32.4,°C,26.4,°C,2025-12-10T06:01,iso8601,2025-12-10T17:31,iso8601,7.35,0.5,mm,53,%,10.0,km/h,28.4,km/h,16,°,2025-12-10,iso8601
5100f4d7ea5779a0f854f3128d4849bc,2025-12-10-20-14,10.7694,106.7174,80,wmo code,Mưa rào nhẹ,28.4,°C,23.6,°C,32.5,°C,26.9,°C,2025-12-10T06:00,iso8601,2025-12-10T17:31,iso8601,7.45,1.0,mm,53,%,8.4,km/h,23.4,km/h,11,°,2025-12-10,iso8601
997d78e071529c77b516901bdfd5ec4b,2025-12-10-20-25,10.8685,106.8041,3,wmo code,Trời nhiều mây,28.7,°C,23.4,°C,32.6,°C,26.5,°C,2025-12-10T06:00,iso8601,2025-12-10T17:30,iso8601,7.45,0.3,mm,53,%,9.1,km/h,24.8,km/h,10,°,2025-12-10,iso8601
230f9cb6f855139dc3de50459e420b4b,2025-12-10-20-30,10.8819,106.6077,3,wmo code,Trời nhiều mây,28.7,°C,23.4,°C,32.7,°C,26.6,°C,2025-12-10T06:01,iso8601,2025-12-10T17:31,iso8601,7.0,0.3,mm,43,%,9.1,km/h,24.8,km/h,10,°,2025-12-10,iso8601
b55e682daf84d7d0f78c7de5786ed240,2025-12-10-20-26,10.7861,106.8473,80,wmo code,Mưa rào nhẹ,28.5,°C,24.1,°C,32.6,°C,27.6,°C,2025-12-10T06:00,iso8601,2025-12-10T17:30,iso8601,7.45,0.8,mm,53,%,7.6,km/h,28.8,km/h,5,°,2025-12-10,iso8601
2081ddc5bbfb5ef4adab6c91085293d4,2025-12-10-20-26,10.7619,106.6445,3,wmo code,Trời nhiều mây,28.8,°C,23.2,°C,32.4,°C,26.4,°C,2025-12-10T06:01,iso8601,2025-12-10T17:31,iso8601,7.35,0.5,mm,53,%,10.0,km/h,28.4,km/h,16,°,2025-12-10,iso8601
0e8d633e5e234caada2599cad8aef2d1,2025-12-10-20-34,10.7942,106.757,80,wmo code,Mưa rào nhẹ,28.4,°C,23.6,°C,32.5,°C,26.9,°C,2025-12-10T06:00,iso8601,2025-12-10T17:31,iso8601,7.45,1.0,mm,53,%,8.4,km/h,23.4,km/h,11,°,2025-12-10,iso8601
175ae2ba6f1197c63b44b93c36cd637d,2025-12-10-20-32,10.8328,106.6218,3,wmo code,Trời nhiều mây,28.7,°C,23.4,°C,32.7,°C,26.6,°C,2025-12-10T06:01,iso8601,2025-12-10T17:31,iso8601,7.0,0.3,mm,60,%,9.1,km/h,24.8,km/h,10,°,2025-12-10,iso8601
04844fa43c5c3f9a38385469ca969289,2025-12-10-20-35,10.7576,106.6741,3,wmo code,Trời nhiều mây,28.8,°C,23.2,°C,32.4,°C,26.4,°C,2025-12-10T06:01,iso8601,2025-12-10T17:31,iso8601,7.35,0.5,mm,53,%,10.0,km/h,28.4,km/h,16,°,2025-12-10,iso8601
e2f527445f2b3116f23d71984f1d7284,2025-12-10-20-26,10.7592,106.634,3,wmo code,Trời nhiều mây,28.8,°C,23.2,°C,32.5,°C,26.4,°C,2025-12-10T06:01,iso8601,2025-12-10T17:31,iso8601,7.35,0.5,mm,53,%,10.0,km/h,28.4,km/h,16,°,2025-12-10,iso8601
2a66e0efdaf3550d5849f40eb9ed089d,2025-12-10-20-06,10.7976,106.7238,80,wmo code,Mưa rào nhẹ,28.4,°C,23.6,°C,32.5,°C,26.9,°C,2025-12-10T06:00,iso8601,2025-12-10T17:31,iso8601,7.45,1.0,mm,53,%,8.4,km/h,23.4,km/h,11,°,2025-12-10,iso8601
7b83e57eef6b9b0d27df3954c0c6a10c,2025-12-10-20-14,10.7537,106.6544,3,wmo code,Trời nhiều mây,28.8,°C,23.2,°C,32.4,°C,26.4,°C,2025-12-10T06:01,iso8601,2025-12-10T17:31,iso8601,7.35,0.5,mm,53,%,10.0,km/h,28.4,km/h,16,°,2025-12-10,iso8601
b562b9ecd5bab3e0952cb15cc47e6a33,2025-12-10-20-25,10.7547,106.6314,3,wmo code,Trời nhiều mây,28.8,°C,23.2,°C,32.5,°C,26.4,°C,2025-12-10T06:01,iso8601,2025-12-10T17:31,iso8601,7.35,0.5,mm,53,%,10.0,km/h,28.4,km/h,16,°,2025-12-10,iso8601
bbb7badb4cb5b83e958214bebd1cebc2,2025-12-10-20-26,10.749,106.6257,3,wmo code,Trời nhiều mây,28.8,°C,23.2,°C,32.5,°C,26.4,°C,2025-12-10T06:01,iso8601,2025-12-10T17:31,iso8601,7.35,0.5,mm,53,%,10.0,km/h,28.4,km/h,16,°,2025-12-10,iso8601
d937a0aea0c8f0a33bc429902f03b914,2025-12-10-20-26,10.7781,106.7323,80,wmo code,Mưa rào nhẹ,28.4,°C,23.6,°C,32.5,°C,26.9,°C,2025-12-10T06:00,iso8601,2025-12-10T17:31,iso8601,7.45,1.0,mm,53,%,8.4,km/h,23.4,km/h,11,°,2025-12-10,iso8601
159f25108169fb3c404f3cfcec9c30d2,2025-12-10-20-31,10.8667,106.7618,3,wmo code,Trời nhiều mây,28.6,°C,23.3,°C,32.6,°C,26.4,°C,2025-12-10T06:00,iso8601,2025-12-10T17:30,iso8601,7.45,0.3,mm,53,%,9.1,km/h,24.8,km/h,10,°,2025-12-10,iso8601
778e46bf773be645c451e30b2f183933,2025-12-10-20-30,10.7653,106.6752,3,wmo code,Trời nhiều mây,28.8,°C,23.2,°C,32.4,°C,26.4,°C,2025-12-10T06:01,iso8601,2025-12-10T17:31,iso8601,7.35,0.5,mm,53,%,10.0,km/h,28.4,km/h,16,°,2025-12-10,iso8601
546c0fd92ee9ee660ef6cb75081d69d1,2025-12-10-20-31,10.7815,106.6358,3,wmo code,Trời nhiều mây,28.8,°C,23.2,°C,32.5,°C,26.4,°C,2025-12-10T06:01,iso8601,2025-12-10T17:31,iso8601,7.0,0.5,mm,53,%,10.0,km/h,28.4,km/h,16,°,2025-12-10,iso8601
d3c7e159184f07572d71181f2e57dc01,2025-12-10-20-06,10.7958,106.6928,80,wmo code,Mưa rào nhẹ,28.4,°C,23.6,°C,32.5,°C,26.8,°C,2025-12-10T06:00,iso8601,2025-12-10T17:31,iso8601,7.0,1.0,mm,53,%,8.4,km/h,23.4,km/h,11,°,2025-12-10,iso8601
494264f6e5351fce1bf4a7ea85c16a93,2025-12-10-20-32,10.7504,106.6692,3,wmo code,Trời nhiều mây,28.8,°C,23.2,°C,32.5,°C,26.4,°C,2025-12-10T06:01,iso8601,2025-12-10T17:31,iso8601,7.35,0.5,mm,53,%,10.0,km/h,28.4,km/h,16,°,2025-12-10,iso8601
56d965277710f2be9607a53c3c8ec30c,2025-12-10-20-14,10.7685,106.6513,3,wmo code,Trời nhiều mây,28.8,°C,23.2,°C,32.5,°C,26.4,°C,2025-12-10T06:01,iso8601,2025-12-10T17:31,iso8601,7.35,0.5,mm,53,%,10.0,km/h,28.4,km/h,16,°,2025-12-10,iso8601
a4d374f3e70ec93c99bbf72d6db15a75,2025-12-10-20-25,10.7699,106.7752,80,wmo code,Mưa rào nhẹ,28.4,°C,23.6,°C,32.5,°C,26.9,°C,2025-12-10T06:00,iso8601,2025-12-10T17:31,iso8601,7.45,1.0,mm,53,%,8.4,km/h,23.4,km/h,11,°,2025-12-10,iso8601
bbf4640b7a0850b3737a3ac90ebed255,2025-12-10-20-26,10.6828,106.5445,80,wmo code,Mưa rào nhẹ,28.6,°C,23.2,°C,32.2,°C,26.4,°C,2025-12-10T06:01,iso8601,2025-12-10T17:32,iso8601,7.25,0.8,mm,60,%,10.4,km/h,30.2,km/h,17,°,2025-12-10,iso8601
59eda1ec8cfab93ee1da6d050a38ee3f,2025-12-10-20-26,10.7348,106.718,80,wmo code,Mưa rào nhẹ,28.4,°C,23.6,°C,32.5,°C,26.9,°C,2025-12-10T06:00,iso8601,2025-12-10T17:31,iso8601,7.45,1.0,mm,53,%,8.4,km/h,23.4,km/h,11,°,2025-12-10,iso8601
1071730efa20526feed9f75c8a65e075,2025-12-10-20-31,10.8115,106.579,3,wmo code,Trời nhiều mây,28.8,°C,23.2,°C,32.5,°C,26.4,°C,2025-12-10T06:01,iso8601,2025-12-10T17:31,iso8601,7.25,0.5,mm,60,%,10.0,km/h,28.4,km/h,16,°,2025-12-10,iso8601
6166f3e708c26c896b2f2ff43aa433b5,2025-12-10-20-32,10.7605,106.6624,3,wmo code,Trời nhiều mây,28.8,°C,23.2,°C,32.4,°C,26.4,°C,2025-12-10T06:01,iso8601,2025-12-10T17:31,iso8601,7.35,0.5,mm,53,%,10.0,km/h,28.4,km/h,16,°,2025-12-10,iso8601
aca6705b1d62342359f176619f7beaba,2025-12-10-20-34,10.766,106.664,3,wmo code,Trời nhiều mây,28.8,°C,23.2,°C,32.4,°C,26.4,°C,2025-12-10T06:01,iso8601,2025-12-10T17:31,iso8601,7.35,0.5,mm,53,%,10.0,km/h,28.4,km/h,16,°,2025-12-10,iso8601
5f4ad30047f2f96391c68e1f137624c7,2025-12-10-20-30,10.8295,106.6235,3,wmo code,Trời nhiều mây,28.7,°C,23.4,°C,32.7,°C,26.6,°C,2025-12-10T06:01,iso8601,2025-12-10T17:31,iso8601,7.0,0.3,mm,60,%,9.1,km/h,24.8,km/h,10,°,2025-12-10,iso8601
71bd2c75bf9049e44b14c5bd0dca7e4f,2025-12-10-20-06,10.7741,106.6684,3,wmo code,Trời nhiều mây,28.8,°C,23.2,°C,32.4,°C,26.4,°C,2025-12-10T06:01,iso8601,2025-12-10T17:31,iso8601,7.35,0.5,mm,53,%,10.0,km/h,28.4,km/h,16,°,2025-12-10,iso8601
cc9a084f846574e6c335dc91da33e6e8,2025-12-10-20-34,10.7951,106.6727,3,wmo code,Trời nhiều mây,28.8,°C,23.2,°C,32.4,°C,26.4,°C,2025-12-10T06:01,iso8601,2025-12-10T17:31,iso8601,7.0,0.5,mm,53,%,10.0,km/h,28.4,km/h,16,°,2025-12-10,iso8601
3ddb589d23f70a8855728e4502f9150f,2025-12-10-20-25,10.7467,106.6604,3,wmo code,Trời nhiều mây,28.8,°C,23.2,°C,32.5,°C,26.4,°C,2025-12-10T06:01,iso8601,2025-12-10T17:31,iso8601,7.35,0.5,mm,53,%,10.0,km/h,28.4,km/h,16,°,2025-12-10,iso8601
ea5ba25b162c6aad49fd8a3d166ddde2,2025-12-10-20-26,10.8786,106.8018,3,wmo code,Trời nhiều mây,28.7,°C,23.4,°C,32.7,°C,26.5,°C,2025-12-10T06:00,iso8601,2025-12-10T17:30,iso8601,7.45,0.3,mm,40,%,9.1,km/h,24.8,km/h,10,°,2025-12-10,iso8601
ca3f462646b2a5314e70c8d3eb9a3992,2025-12-10-20-26,10.7844,106.7192,80,wmo code,Mưa rào nhẹ,28.5,°C,23.7,°C,32.6,°C,26.9,°C,2025-12-10T06:00,iso8601,2025-12-10T17:31,iso8601,7.45,1.0,mm,53,%,8.4,km/h,23.4,km/h,11,°,2025-12-10,iso8601
84c491ab6ebaa57dad924e744dca2222,2025-12-10-20-31,10.7357,106.6934,80,wmo code,Mưa rào nhẹ,28.4,°C,23.6,°C,32.5,°C,26.9,°C,2025-12-10T06:00,iso8601,2025-12-10T17:31,iso8601,7.35,1.0,mm,53,%,8.4,km/h,23.4,km/h,11,°,2025-12-10,iso8601
0ee37e521b02bef62f044fe871f320d9,2025-12-10-20-32,10.7879,106.6465,3,wmo code,Trời nhiều mây,28.8,°C,23.2,°C,32.4,°C,26.4,°C,2025-12-10T06:01,iso8601,2025-12-10T17:31,iso8601,7.0,0.5,mm,53,%,10.0,km/h,28.4,km/h,16,°,2025-12-10,iso8601
20da070f88980d7da773e1a6bea9fb42,2025-12-10-20-34,10.7985,106.6626,3,wmo code,Trời nhiều mây,28.8,°C,23.2,°C,32.4,°C,26.4,°C,2025-12-10T06:01,iso8601,2025-12-10T17:31,iso8601,7.0,0.5,mm,53,%,10.0,km/h,28.4,km/h,16,°,2025-12-10,iso8601
bfc437a1fe8725c4ea25584d08ad8bb6,2025-12-10-20-14,10.8618,106.7959,3,wmo code,Trời nhiều mây,28.7,°C,23.4,°C,32.7,°C,26.6,°C,2025-12-10T06:00,iso8601,2025-12-10T17:30,iso8601,7.45,0.3,mm,53,%,9.1,km/h,24.8,km/h,10,°,2025-12-10,iso8601
ddaa6a2c778e550acc1ad4b09032b1ee,2025-12-10-20-06,10.7753,106.6864,3,wmo code,Trời nhiều mây,28.8,°C,23.2,°C,32.4,°C,26.4,°C,2025-12-10T06:01,iso8601,2025-12-10T17:31,iso8601,7.35,0.5,mm,53,%,10.0,km/h,28.4,km/h,16,°,2025-12-10,iso8601
83a73c9070e3700c76821aa355df03d9,2025-12-10-20-30,10.7618,106.6421,3,wmo code,Trời nhiều mây,28.8,°C,23.2,°C,32.4,°C,26.4,°C,2025-12-10T06:01,iso8601,2025-12-10T17:31,iso8601,7.35,0.5,mm,53,%,10.0,km/h,28.4,km/h,16,°,2025-12-10,iso8601
400735b80522e4d3002a2062d74fbb13,2025-12-10-20-14,10.6813,106.5375,80,wmo code,Mưa rào nhẹ,28.6,°C,23.2,°C,32.2,°C,26.4,°C,2025-12-10T06:01,iso8601,2025-12-10T17:32,iso8601,7.25,0.8,mm,60,%,10.4,km/h,30.2,km/h,17,°,2025-12-10,iso8601
f8be83903596d3581c3ed2722b904f55,2025-12-10-20-25,10.816,106.7573,3,wmo code,Trời nhiều mây,28.8,°C,23.5,°C,32.9,°C,26.7,°C,2025-12-10T06:00,iso8601,2025-12-10T17:30,iso8601,7.45,0.3,mm,53,%,9.1,km/h,24.8,km/h,10,°,2025-12-10,iso8601
ea77c590d2d33ca7d91466b6e2c60382,2025-12-10-20-26,10.8226,106.6067,3,wmo code,Trời nhiều mây,28.7,°C,23.4,°C,32.7,°C,26.6,°C,2025-12-10T06:01,iso8601,2025-12-10T17:31,iso8601,7.0,0.3,mm,60,%,9.1,km/h,24.8,km/h,10,°,2025-12-10,iso8601
fb8420f9597b9d18133a0d38baa699e5,2025-12-10-20-30,10.7949,106.76,80,wmo code,Mưa rào nhẹ,28.4,°C,23.6,°C,32.5,°C,26.9,°C,2025-12-10T06:00,iso8601,2025-12-10T17:31,iso8601,7.45,1.0,mm,53,%,8.4,km/h,23.4,km/h,11,°,2025-12-10,iso8601
3d0fa54c033be561ff58713143b26e73,2025-12-10-20-34,10.6888,106.5897,3,wmo code,Trời nhiều mây,28.9,°C,23.2,°C,32.5,°C,26.5,°C,2025-12-10T06:01,iso8601,2025-12-10T17:31,iso8601,7.35,0.5,mm,60,%,10.0,km/h,28.4,km/h,16,°,2025-12-10,iso8601
6d672ad0d6335ee07b611a1f2f1304d2,2025-12-10-20-31,10.8763,106.8031,3,wmo code,Trời nhiều mây,28.6,°C,23.3,°C,32.6,°C,26.4,°C,2025-12-10T06:00,iso8601,2025-12-10T17:30,iso8601,7.45,0.3,mm,40,%,9.1,km/h,24.8,km/h,10,°,2025-12-10,iso8601
758f0f674d36a6475ec7bb683ef93608,2025-12-10-20-32,10.8515,106.6622,3,wmo code,Trời nhiều mây,28.7,°C,23.4,°C,32.7,°C,26.6,°C,2025-12-10T06:01,iso8601,2025-12-10T17:31,iso8601,7.0,0.3,mm,53,%,9.1,km/h,24.8,km/h,10,°,2025-12-10,iso8601
115016d4642e2c221204dff826979d47,2025-12-10-20-06,10.8081,106.674,3,wmo code,Trời nhiều mây,28.8,°C,23.2,°C,32.4,°C,26.4,°C,2025-12-10T06:01,iso8601,2025-12-10T17:31,iso8601,7.0,0.5,mm,53,%,10.0,km/h,28.4,km/h,16,°,2025-12-10,iso8601
334246ae637fa7a6c3b2f1fedb042d2d,2025-12-10-20-26,10.7994,106.6194,3,wmo code,Trời nhiều mây,28.8,°C,23.2,°C,32.5,°C,26.4,°C,2025-12-10T06:01,iso8601,2025-12-10T17:31,iso8601,7.0,0.5,mm,60,%,10.0,km/h,28.4,km/h,16,°,2025-12-10,iso8601
d7bfc7525cd1edc14da4d3696f6fcac3,2025-12-10-20-14,10.8365,106.6583,3,wmo code,Trời nhiều mây,28.7,°C,23.4,°C,32.6,°C,26.5,°C,2025-12-10T06:01,iso8601,2025-12-10T17:31,iso8601,7.0,0.3,mm,53,%,9.1,km/h,24.8,km/h,10,°,2025-12-10,iso8601
36f0793dfa3b722599200d458bd014aa,2025-12-10-20-25,10.7774,106.6659,3,wmo code,Trời nhiều mây,28.8,°C,23.2,°C,32.4,°C,26.4,°C,2025-12-10T06:01,iso8601,2025-12-10T17:31,iso8601,7.35,0.5,mm,53,%,10.0,km/h,28.4,km/h,16,°,2025-12-10,iso8601
dc93a682340c06217dfae62de3764a65,2025-12-10-20-26,10.7918,106.8178,80,wmo code,Mưa rào nhẹ,28.4,°C,24.1,°C,32.6,°C,27.6,°C,2025-12-10T06:00,iso8601,2025-12-10T17:30,iso8601,7.45,0.8,mm,53,%,7.6,km/h,28.8,km/h,5,°,2025-12-10,iso8601
521edfc0d99c2513d19e512dfa85ab5b,2025-12-10-20-35,10.7713,106.6737,3,wmo code,Trời nhiều mây,28.8,°C,23.2,°C,32.4,°C,26.4,°C,2025-12-10T06:01,iso8601,2025-12-10T17:31,iso8601,7.35,0.5,mm,53,%,10.0,km/h,28.4,km/h,16,°,2025-12-10,iso8601
ffa8f888d5cc6bbe632951ae521c8a80,2025-12-10-20-34,10.7997,106.6413,3,wmo code,Trời nhiều mây,28.8,°C,23.2,°C,32.4,°C,26.4,°C,2025-12-10T06:01,iso8601,2025-12-10T17:31,iso8601,7.0,0.5,mm,53,%,10.0,km/h,28.4,km/h,16,°,2025-12-10,iso8601
76b9a2f65e8ce0c7e59fc177f40147ed,2025-12-10-20-32,10.7036,106.7266,80,wmo code,Mưa rào nhẹ,28.5,°C,23.7,°C,32.6,°C,26.9,°C,2025-12-10T06:00,iso8601,2025-12-10T17:31,iso8601,7.45,1.0,mm,53,%,8.4,km/h,23.4,km/h,11,°,2025-12-10,iso8601
40cbcace8ed0a821c9845eb653fb84f1,2025-12-10-20-30,10.8772,106.6248,3,wmo code,Trời nhiều mây,28.7,°C,23.4,°C,32.7,°C,26.6,°C,2025-12-10T06:01,iso8601,2025-12-10T17:31,iso8601,7.0,0.3,mm,43,%,9.1,km/h,24.8,km/h,10,°,2025-12-10,iso8601
6d9c2bbc469978a7d39ad9ce84f1a527,2025-12-10-20-26,10.7827,106.6725,3,wmo code,Trời nhiều mây,28.8,°C,23.2,°C,32.4,°C,26.4,°C,2025-12-10T06:01,iso8601,2025-12-10T17:31,iso8601,7.0,0.5,mm,53,%,10.0,km/h,28.4,km/h,16,°,2025-12-10,iso8601
5fdd56e79f1dcd75d182c02f4c5c7b9d,2025-12-10-20-07,10.8625,106.7609,3,wmo code,Trời nhiều mây,28.6,°C,23.3,°C,32.6,°C,26.5,°C,2025-12-10T06:00,iso8601,2025-12-10T17:30,iso8601,7.45,0.3,mm,53,%,9.1,km/h,24.8,km/h,10,°,2025-12-10,iso8601
3c43e715a0b495a18edeb14df619cf4b,2025-12-10-20-31,10.8829,106.7702,3,wmo code,Trời nhiều mây,28.7,°C,23.4,°C,32.7,°C,26.5,°C,2025-12-10T06:00,iso8601,2025-12-10T17:30,iso8601,7.45,0.3,mm,40,%,9.1,km/h,24.8,km/h,10,°,2025-12-10,iso8601
30823593c5dd172619c707bafba9b094,2025-12-10-20-25,10.7842,106.6392,3,wmo code,Trời nhiều mây,28.8,°C,23.2,°C,32.4,°C,26.4,°C,2025-12-10T06:01,iso8601,2025-12-10T17:31,iso8601,7.0,0.5,mm,53,%,10.0,km/h,28.4,km/h,16,°,2025-12-10,iso8601
45451154c2024c922a22984ec583ee80,2025-12-10-20-14,10.7672,106.6999,80,wmo code,Mưa rào nhẹ,28.4,°C,23.6,°C,32.4,°C,26.8,°C,2025-12-10T06:00,iso8601,2025-12-10T17:31,iso8601,7.45,1.0,mm,53,%,8.4,km/h,23.4,km/h,11,°,2025-12-10,iso8601
df3dea084f020e6d6702fa2ead3b3286,2025-12-10-20-26,10.7266,106.723,80,wmo code,Mưa rào nhẹ,28.4,°C,23.6,°C,32.5,°C,26.9,°C,2025-12-10T06:00,iso8601,2025-12-10T17:31,iso8601,7.45,1.0,mm,53,%,8.4,km/h,23.4,km/h,11,°,2025-12-10,iso8601
40d2596cbc0bc5cd951c9926ba80db2f,2025-12-10-20-32,10.7849,106.651,3,wmo code,Trời nhiều mây,28.8,°C,23.2,°C,32.4,°C,26.4,°C,2025-12-10T06:01,iso8601,2025-12-10T17:31,iso8601,7.0,0.5,mm,53,%,10.0,km/h,28.4,km/h,16,°,2025-12-10,iso8601
9565679cf45d1e51b610eb8e8adb7d36,2025-12-10-20-07,10.7693,106.7748,80,wmo code,Mưa rào nhẹ,28.4,°C,23.6,°C,32.5,°C,26.9,°C,2025-12-10T06:00,iso8601,2025-12-10T17:31,iso8601,7.45,1.0,mm,53,%,8.4,km/h,23.4,km/h,11,°,2025-12-10,iso8601
268a920a92850452241197e08b870a5f,2025-12-10-20-26,10.7522,106.6633,3,wmo code,Trời nhiều mây,28.8,°C,23.2,°C,32.4,°C,26.4,°C,2025-12-10T06:01,iso8601,2025-12-10T17:31,iso8601,7.35,0.5,mm,53,%,10.0,km/h,28.4,km/h,16,°,2025-12-10,iso8601
54e32883329e208e3adcde2159105a68,2025-12-10-20-34,10.7918,106.6959,80,wmo code,Mưa rào nhẹ,28.4,°C,23.6,°C,32.4,°C,26.8,°C,2025-12-10T06:00,iso8601,2025-12-10T17:31,iso8601,7.0,1.0,mm,53,%,8.4,km/h,23.4,km/h,11,°,2025-12-10,iso8601
ae185ee676c6ee10a1f28a338e15dbca,2025-12-10-20-25,10.8021,106.6451,3,wmo code,Trời nhiều mây,28.8,°C,23.2,°C,32.4,°C,26.4,°C,2025-12-10T06:01,iso8601,2025-12-10T17:31,iso8601,7.0,0.5,mm,53,%,10.0,km/h,28.4,km/h,16,°,2025-12-10,iso8601
c7d7260e52bed314656b87bc6a0c6cb2,2025-12-10-20-26,10.7461,106.6682,3,wmo code,Trời nhiều mây,28.8,°C,23.2,°C,32.5,°C,26.4,°C,2025-12-10T06:01,iso8601,2025-12-10T17:31,iso8601,7.35,0.5,mm,53,%,10.0,km/h,28.4,km/h,16,°,2025-12-10,iso8601
9793e9678dd4c80b990793cdd330a5cb,2025-12-10-20-31,10.859,106.6799,3,wmo code,Trời nhiều mây,28.7,°C,23.4,°C,32.7,°C,26.6,°C,2025-12-10T06:01,iso8601,2025-12-10T17:31,iso8601,7.0,0.3,mm,53,%,9.1,km/h,24.8,km/h,10,°,2025-12-10,iso8601
32196ce38d97227596a014fe983dc5bf,2025-12-10-20-26,10.832,106.7256,3,wmo code,Trời nhiều mây,28.8,°C,23.5,°C,32.9,°C,26.7,°C,2025-12-10T06:00,iso8601,2025-12-10T17:30,iso8601,7.45,0.3,mm,53,%,9.1,km/h,24.8,km/h,10,°,2025-12-10,iso8601
acd351cc76318b50d74a9d44c833a44f,2025-12-10-20-30,10.8656,106.7486,3,wmo code,Trời nhiều mây,28.7,°C,23.4,°C,32.7,°C,26.6,°C,2025-12-10T06:00,iso8601,2025-12-10T17:30,iso8601,7.45,0.3,mm,53,%,9.1,km/h,24.8,km/h,10,°,2025-12-10,iso8601
43ccf1a8e1425f3a0fedfc6934db009d,2025-12-10-20-34,10.747,106.7484,80,wmo code,Mưa rào nhẹ,28.4,°C,23.6,°C,32.5,°C,26.9,°C,2025-12-10T06:00,iso8601,2025-12-10T17:31,iso8601,7.45,1.0,mm,53,%,8.4,km/h,23.4,km/h,11,°,2025-12-10,iso8601
f846a9709ed4ed5e14da7fd0b44297ae,2025-12-10-20-31,10.7653,106.6465,3,wmo code,Trời nhiều mây,28.8,°C,23.2,°C,32.4,°C,26.4,°C,2025-12-10T06:01,iso8601,2025-12-10T17:31,iso8601,7.35,0.5,mm,53,%,10.0,km/h,28.4,km/h,16,°,2025-12-10,iso8601
9e33da8c42099b753cc4afcb7e2f885c,2025-12-10-20-32,10.7584,106.6615,3,wmo code,Trời nhiều mây,28.8,°C,23.2,°C,32.4,°C,26.4,°C,2025-12-10T06:01,iso8601,2025-12-10T17:31,iso8601,7.35,0.5,mm,53,%,10.0,km/h,28.4,km/h,16,°,2025-12-10,iso8601
3cf3fa6ba158c7445816f2f92b3da0a6,2025-12-10-20-07,10.8878,106.5981,3,wmo code,Trời nhiều mây,28.7,°C,23.4,°C,32.7,°C,26.6,°C,2025-12-10T06:01,iso8601,2025-12-10T17:31,iso8601,7.0,0.3,mm,43,%,9.1,km/h,24.8,km/h,10,°,2025-12-10,iso8601
364573706454b6977a6ae34b10f00b3c,2025-12-10-20-14,10.7661,106.6477,3,wmo code,Trời nhiều mây,28.8,°C,23.2,°C,32.4,°C,26.4,°C,2025-12-10T06:01,iso8601,2025-12-10T17:31,iso8601,7.35,0.5,mm,53,%,10.0,km/h,28.4,km/h,16,°,2025-12-10,iso8601
c29f9b4d54e14426755e2655b11fdb46,2025-12-10-20-25,10.7428,106.74,80,wmo code,Mưa rào nhẹ,28.5,°C,23.7,°C,32.5,°C,26.9,°C,2025-12-10T06:00,iso8601,2025-12-10T17:31,iso8601,7.45,1.0,mm,53,%,8.4,km/h,23.4,km/h,11,°,2025-12-10,iso8601
ba7f7c3490fb2dcff2bca07b64fdd373,2025-12-10-20-26,10.7712,106.6986,80,wmo code,Mưa rào nhẹ,28.4,°C,23.6,°C,32.5,°C,26.9,°C,2025-12-10T06:00,iso8601,2025-12-10T17:31,iso8601,7.35,1.0,mm,53,%,8.4,km/h,23.4,km/h,11,°,2025-12-10,iso8601
ffa3d90b524c18e1e40617da660bcc89,2025-12-10-20-14,10.788,106.6711,3,wmo code,Trời nhiều mây,28.8,°C,23.2,°C,32.5,°C,26.4,°C,2025-12-10T06:01,iso8601,2025-12-10T17:31,iso8601,7.0,0.5,mm,53,%,10.0,km/h,28.4,km/h,16,°,2025-12-10,iso8601
d17e93aa70957e8c5bd2f8194ccecd7b,2025-12-10-20-30,10.8026,106.6965,80,wmo code,Mưa rào nhẹ,28.4,°C,23.6,°C,32.4,°C,26.8,°C,2025-12-10T06:00,iso8601,2025-12-10T17:31,iso8601,7.0,1.0,mm,53,%,8.4,km/h,23.4,km/h,11,°,2025-12-10,iso8601
3b8503c98906d29b3dc213c8b61b3094,2025-12-10-20-30,10.759,106.669,3,wmo code,Trời nhiều mây,28.8,°C,23.2,°C,32.4,°C,26.4,°C,2025-12-10T06:01,iso8601,2025-12-10T17:31,iso8601,7.35,0.5,mm,53,%,10.0,km/h,28.4,km/h,16,°,2025-12-10,iso8601
a3bdd2a7c4c008f49e416ee5957c5044,2025-12-10-20-31,10.8502,106.6314,3,wmo code,Trời nhiều mây,28.7,°C,23.4,°C,32.7,°C,26.6,°C,2025-12-10T06:01,iso8601,2025-12-10T17:31,iso8601,7.0,0.3,mm,53,%,9.1,km/h,24.8,km/h,10,°,2025-12-10,iso8601
84eb11d4f026108d6c4e5416dbe7c21c,2025-12-10-20-32,10.7493,106.6881,80,wmo code,Mưa rào nhẹ,28.4,°C,23.6,°C,32.5,°C,26.8,°C,2025-12-10T06:00,iso8601,2025-12-10T17:31,iso8601,7.35,1.0,mm,53,%,8.4,km/h,23.4,km/h,11,°,2025-12-10,iso8601
b8d96ccdd4d8ed5ac18701c28a728012,2025-12-10-20-34,10.7291,106.7123,80,wmo code,Mưa rào nhẹ,28.4,°C,23.6,°C,32.5,°C,26.9,°C,2025-12-10T06:00,iso8601,2025-12-10T17:31,iso8601,7.45,1.0,mm,53,%,8.4,km/h,23.4,km/h,11,°,2025-12-10,iso8601
a6046a1a61622971d701d21428890290,2025-12-10-20-08,10.8804,106.8104,3,wmo code,Trời nhiều mây,28.7,°C,23.4,°C,32.8,°C,26.6,°C,2025-12-10T06:00,iso8601,2025-12-10T17:30,iso8601,7.45,0.3,mm,40,%,9.1,km/h,24.8,km/h,10,°,2025-12-10,iso8601
c4453b9f2d10111b0d1b59fd270efc2d,2025-12-10-20-26,10.8553,106.6556,3,wmo code,Trời nhiều mây,28.7,°C,23.4,°C,32.7,°C,26.6,°C,2025-12-10T06:01,iso8601,2025-12-10T17:31,iso8601,7.0,0.3,mm,53,%,9.1,km/h,24.8,km/h,10,°,2025-12-10,iso8601
22199fcb2bc57588c2c3b7b231bd2c12,2025-12-10-20-14,10.7403,106.7358,80,wmo code,Mưa rào nhẹ,28.4,°C,23.6,°C,32.5,°C,26.9,°C,2025-12-10T06:00,iso8601,2025-12-10T17:31,iso8601,7.45,1.0,mm,53,%,8.4,km/h,23.4,km/h,11,°,2025-12-10,iso8601
573db5c9e513464ec598b4100d46964e,2025-12-10-20-25,10.751,106.6646,3,wmo code,Trời nhiều mây,28.8,°C,23.2,°C,32.4,°C,26.4,°C,2025-12-10T06:01,iso8601,2025-12-10T17:31,iso8601,7.35,0.5,mm,53,%,10.0,km/h,28.4,km/h,16,°,2025-12-10,iso8601
5710392d14888bc5bd924315c978a735,2025-12-10-20-26,10.777,106.6821,3,wmo code,Trời nhiều mây,28.8,°C,23.2,°C,32.5,°C,26.4,°C,2025-12-10T06:01,iso8601,2025-12-10T17:31,iso8601,7.35,0.5,mm,53,%,10.0,km/h,28.4,km/h,16,°,2025-12-10,iso8601
f6ed2d4c6e4db8d25250b835d732f70f,2025-12-10-20-30,10.7698,106.671,3,wmo code,Trời nhiều mây,28.7,°C,23.1,°C,32.4,°C,26.3,°C,2025-12-10T06:01,iso8601,2025-12-10T17:31,iso8601,7.35,0.5,mm,53,%,10.0,km/h,28.4,km/h,16,°,2025-12-10,iso8601
edf8d0adb6e0d4b1bd53ec91c2f495ca,2025-12-10-20-31,10.7462,106.7957,80,wmo code,Mưa rào nhẹ,28.4,°C,23.6,°C,32.5,°C,26.9,°C,2025-12-10T06:00,iso8601,2025-12-10T17:31,iso8601,7.45,1.0,mm,53,%,8.4,km/h,23.4,km/h,11,°,2025-12-10,iso8601
c9a118e60e71de5471b34c33ea2c1781,2025-12-10-20-32,10.7815,106.6881,80,wmo code,Mưa rào nhẹ,28.4,°C,23.6,°C,32.4,°C,26.8,°C,2025-12-10T06:00,iso8601,2025-12-10T17:31,iso8601,7.0,1.0,mm,53,%,8.4,km/h,23.4,km/h,11,°,2025-12-10,iso8601
945aec7de09c136c6cd74a84b5782d39,2025-12-10-20-26,10.7932,106.6591,3,wmo code,Trời nhiều mây,28.8,°C,23.2,°C,32.5,°C,26.4,°C,2025-12-10T06:01,iso8601,2025-12-10T17:31,iso8601,7.0,0.5,mm,53,%,10.0,km/h,28.4,km/h,16,°,2025-12-10,iso8601
17b11db4db2c73df0a21cf2c2e2c776f,2025-12-10-20-34,10.8263,106.68,3,wmo code,Trời nhiều mây,28.7,°C,23.4,°C,32.6,°C,26.5,°C,2025-12-10T06:01,iso8601,2025-12-10T17:31,iso8601,7.0,0.3,mm,53,%,9.1,km/h,24.8,km/h,10,°,2025-12-10,iso8601
73ed5536f3de172632a61cbc8cd9ce24,2025-12-10-20-14,10.7576,106.6738,3,wmo code,Trời nhiều mây,28.8,°C,23.2,°C,32.4,°C,26.4,°C,2025-12-10T06:01,iso8601,2025-12-10T17:31,iso8601,7.35,0.5,mm,53,%,10.0,km/h,28.4,km/h,16,°,2025-12-10,iso8601
35438db714aa75a073e343995ae4b33a,2025-12-10-20-08,10.8181,106.7128,3,wmo code,Trời nhiều mây,28.8,°C,23.5,°C,32.9,°C,26.7,°C,2025-12-10T06:00,iso8601,2025-12-10T17:30,iso8601,7.45,0.3,mm,53,%,9.1,km/h,24.8,km/h,10,°,2025-12-10,iso8601
8ccdc41e826b62aee68d239a63d9f13d,2025-12-10-20-26,10.7988,106.6196,3,wmo code,Trời nhiều mây,28.8,°C,23.2,°C,32.4,°C,26.4,°C,2025-12-10T06:01,iso8601,2025-12-10T17:31,iso8601,7.0,0.5,mm,60,%,10.0,km/h,28.4,km/h,16,°,2025-12-10,iso8601
47ed5ada72329906efb3f9b95e354dfb,2025-12-10-20-25,10.7536,106.6479,3,wmo code,Trời nhiều mây,28.8,°C,23.2,°C,32.5,°C,26.4,°C,2025-12-10T06:01,iso8601,2025-12-10T17:31,iso8601,7.35,0.5,mm,53,%,10.0,km/h,28.4,km/h,16,°,2025-12-10,iso8601
1b127c204972f9807d164c34f0723bfc,2025-12-10-20-27,10.851,106.7547,3,wmo code,Trời nhiều mây,28.8,°C,23.5,°C,32.8,°C,26.7,°C,2025-12-10T06:00,iso8601,2025-12-10T17:30,iso8601,7.45,0.3,mm,53,%,9.1,km/h,24.8,km/h,10,°,2025-12-10,iso8601
3ff2b88cd61445ae362d9d551f4378d6,2025-12-10-20-30,10.8741,106.7305,3,wmo code,Trời nhiều mây,28.8,°C,23.5,°C,32.9,°C,26.7,°C,2025-12-10T06:00,iso8601,2025-12-10T17:30,iso8601,7.45,0.3,mm,53,%,9.1,km/h,24.8,km/h,10,°,2025-12-10,iso8601
444c90dbab5fb43ac25e4e7b3069667e,2025-12-10-20-31,10.7379,106.6148,3,wmo code,Trời nhiều mây,28.8,°C,23.2,°C,32.5,°C,26.4,°C,2025-12-10T06:01,iso8601,2025-12-10T17:31,iso8601,7.35,0.5,mm,60,%,10.0,km/h,28.4,km/h,16,°,2025-12-10,iso8601
5f0fb26464ee8d3480258c0b366b64a2,2025-12-10-20-32,10.8195,106.5507,3,wmo code,Trời nhiều mây,28.6,°C,23.4,°C,32.7,°C,26.5,°C,2025-12-10T06:01,iso8601,2025-12-10T17:31,iso8601,7.25,0.4,mm,60,%,11.3,km/h,24.5,km/h,14,°,2025-12-10,iso8601
6270a26aabe5671399538bb8e15191fe,2025-12-10-20-35,10.7494,106.6731,3,wmo code,Trời nhiều mây,28.8,°C,23.2,°C,32.5,°C,26.4,°C,2025-12-10T06:01,iso8601,2025-12-10T17:31,iso8601,7.35,0.5,mm,53,%,10.0,km/h,28.4,km/h,16,°,2025-12-10,iso8601
3fd122b90cd72cb1c43901abd9e51a3b,2025-12-10-20-34,10.8449,106.6141,3,wmo code,Trời nhiều mây,28.7,°C,23.4,°C,32.7,°C,26.5,°C,2025-12-10T06:01,iso8601,2025-12-10T17:31,iso8601,7.0,0.3,mm,60,%,9.1,km/h,24.8,km/h,10,°,2025-12-10,iso8601
d9eec1e51c8d82b8c962493b9f272f9f,2025-12-10-20-25,10.7666,106.643,3,wmo code,Trời nhiều mây,28.8,°C,23.2,°C,32.5,°C,26.4,°C,2025-12-10T06:01,iso8601,2025-12-10T17:31,iso8601,7.35,0.5,mm,53,%,10.0,km/h,28.4,km/h,16,°,2025-12-10,iso8601
2c0ec269f75728253ce3e07a5c8fb229,2025-12-10-20-14,10.7808,106.6589,3,wmo code,Trời nhiều mây,28.8,°C,23.2,°C,32.5,°C,26.4,°C,2025-12-10T06:01,iso8601,2025-12-10T17:31,iso8601,7.0,0.5,mm,53,%,10.0,km/h,28.4,km/h,16,°,2025-12-10,iso8601
2612cb55d06e5399ec789f2dc1b3f036,2025-12-10-20-26,10.8046,106.6611,3,wmo code,Trời nhiều mây,28.8,°C,23.2,°C,32.4,°C,26.4,°C,2025-12-10T06:01,iso8601,2025-12-10T17:31,iso8601,7.0,0.5,mm,53,%,10.0,km/h,28.4,km/h,16,°,2025-12-10,iso8601
753deb00a601ebe86e4702c06bdd0ab0,2025-12-10-20-31,10.7133,106.7312,80,wmo code,Mưa rào nhẹ,28.4,°C,23.6,°C,32.5,°C,26.9,°C,2025-12-10T06:00,iso8601,2025-12-10T17:31,iso8601,7.45,1.0,mm,53,%,8.4,km/h,23.4,km/h,11,°,2025-12-10,iso8601
386ac6318097163e888241a001ada6e8,2025-12-10-20-30,10.7634,106.6725,3,wmo code,Trời nhiều mây,28.8,°C,23.2,°C,32.4,°C,26.3,°C,2025-12-10T06:01,iso8601,2025-12-10T17:31,iso8601,7.35,0.5,mm,53,%,10.0,km/h,28.4,km/h,16,°,2025-12-10,iso8601
3f02cf00511ed6d52873fdc68a0c1b27,2025-12-10-20-32,10.7636,106.7826,80,wmo code,Mưa rào nhẹ,28.4,°C,23.6,°C,32.5,°C,26.9,°C,2025-12-10T06:00,iso8601,2025-12-10T17:31,iso8601,7.45,1.0,mm,53,%,8.4,km/h,23.4,km/h,11,°,2025-12-10,iso8601
a753b1bdb2fdfddde889ea1af3400b15,2025-12-10-20-27,10.8846,106.6813,3,wmo code,Trời nhiều mây,28.7,°C,23.4,°C,32.8,°C,26.6,°C,2025-12-10T06:01,iso8601,2025-12-10T17:31,iso8601,7.0,0.3,mm,40,%,9.1,km/h,24.8,km/h,10,°,2025-12-10,iso8601
85c0177549130dc5436814e4cde6fb3a,2025-12-10-20-34,10.7521,106.6496,3,wmo code,Trời nhiều mây,28.8,°C,23.2,°C,32.4,°C,26.4,°C,2025-12-10T06:01,iso8601,2025-12-10T17:31,iso8601,7.35,0.5,mm,53,%,10.0,km/h,28.4,km/h,16,°,2025-12-10,iso8601
e29478f607afdcf40384533ee444e45d,2025-12-10-20-08,10.7959,106.6479,3,wmo code,Trời nhiều mây,28.8,°C,23.2,°C,32.4,°C,26.4,°C,2025-12-10T06:01,iso8601,2025-12-10T17:31,iso8601,7.0,0.5,mm,53,%,10.0,km/h,28.4,km/h,16,°,2025-12-10,iso8601
effeb9ef423badbcb38fb35e6244d543,2025-12-10-20-14,10.713,106.8475,80,wmo code,Mưa rào nhẹ,28.4,°C,24.0,°C,32.5,°C,27.4,°C,2025-12-10T06:00,iso8601,2025-12-10T17:30,iso8601,7.45,0.8,mm,53,%,7.6,km/h,28.8,km/h,5,°,2025-12-10,iso8601
edd04a4ad93a14c44c8817dc0837f268,2025-12-10-20-25,10.7552,106.6584,3,wmo code,Trời nhiều mây,28.8,°C,23.2,°C,32.4,°C,26.4,°C,2025-12-10T06:01,iso8601,2025-12-10T17:31,iso8601,7.35,0.5,mm,53,%,10.0,km/h,28.4,km/h,16,°,2025-12-10,iso8601
e553cd5c3a7edecf84a2689095a9f748,2025-12-10-20-27,10.7922,106.678,3,wmo code,Trời nhiều mây,28.8,°C,23.2,°C,32.4,°C,26.4,°C,2025-12-10T06:01,iso8601,2025-12-10T17:31,iso8601,7.0,0.5,mm,53,%,10.0,km/h,28.4,km/h,16,°,2025-12-10,iso8601
b6b6f2553a423b0cca086a375421206a,2025-12-10-20-08,10.8337,106.7647,3,wmo code,Trời nhiều mây,28.8,°C,23.5,°C,32.8,°C,26.7,°C,2025-12-10T06:00,iso8601,2025-12-10T17:30,iso8601,7.45,0.3,mm,53,%,9.1,km/h,24.8,km/h,10,°,2025-12-10,iso8601
a753b1bdb2fdfddde889ea1af3400b15,2025-12-10-20-30,10.8707,106.6769,3,wmo code,Trời nhiều mây,28.7,°C,23.4,°C,32.8,°C,26.6,°C,2025-12-10T06:01,iso8601,2025-12-10T17:31,iso8601,7.0,0.3,mm,53,%,9.1,km/h,24.8,km/h,10,°,2025-12-10,iso8601
ab8d9751785a0f9569f4a4f02c7b4ec3,2025-12-10-20-31,10.7452,106.6958,80,wmo code,Mưa rào nhẹ,28.4,°C,23.6,°C,32.5,°C,26.9,°C,2025-12-10T06:00,iso8601,2025-12-10T17:31,iso8601,7.35,1.0,mm,53,%,8.4,km/h,23.4,km/h,11,°,2025-12-10,iso8601
e835eca8a71269549291cc77ef79d6c0,2025-12-10-20-34,10.7919,106.6999,80,wmo code,Mưa rào nhẹ,28.4,°C,23.6,°C,32.5,°C,26.9,°C,2025-12-10T06:00,iso8601,2025-12-10T17:31,iso8601,7.45,1.0,mm,53,%,8.4,km/h,23.4,km/h,11,°,2025-12-10,iso8601
f83d20d4d8ee9d902796d3da27d925da,2025-12-10-20-32,10.8017,106.6509,3,wmo code,Trời nhiều mây,28.8,°C,23.2,°C,32.4,°C,26.3,°C,2025-12-10T06:01,iso8601,2025-12-10T17:31,iso8601,7.0,0.5,mm,53,%,10.0,km/h,28.4,km/h,16,°,2025-12-10,iso8601
55842aeaeb4e96c02f236781dc0f177b,2025-12-10-20-08,10.86,106.7899,3,wmo code,Trời nhiều mây,28.7,°C,23.4,°C,32.8,°C,26.6,°C,2025-12-10T06:00,iso8601,2025-12-10T17:30,iso8601,7.45,0.3,mm,53,%,9.1,km/h,24.8,km/h,10,°,2025-12-10,iso8601
b175b6ff434be2701bac1e919bbacf62,2025-12-10-20-14,10.737,106.6402,3,wmo code,Trời nhiều mây,28.9,°C,23.3,°C,32.5,°C,26.5,°C,2025-12-10T06:01,iso8601,2025-12-10T17:31,iso8601,7.35,0.5,mm,53,%,10.0,km/h,28.4,km/h,16,°,2025-12-10,iso8601
5656bf2ba7f66aa64aec7a8b486ebab9,2025-12-10-20-25,10.7655,106.6596,3,wmo code,Trời nhiều mây,28.8,°C,23.2,°C,32.5,°C,26.4,°C,2025-12-10T06:01,iso8601,2025-12-10T17:31,iso8601,7.35,0.5,mm,53,%,10.0,km/h,28.4,km/h,16,°,2025-12-10,iso8601
51ab0e06b695b53d79589b63bbc694ea,2025-12-10-20-26,10.8139,106.6331,3,wmo code,Trời nhiều mây,28.7,°C,23.4,°C,32.7,°C,26.6,°C,2025-12-10T06:01,iso8601,2025-12-10T17:31,iso8601,7.0,0.3,mm,53,%,9.1,km/h,24.8,km/h,10,°,2025-12-10,iso8601
484c28c23410d622d39953dfe9ae544b,2025-12-10-20-32,10.7556,106.6634,3,wmo code,Trời nhiều mây,28.8,°C,23.2,°C,32.5,°C,26.4,°C,2025-12-10T06:01,iso8601,2025-12-10T17:31,iso8601,7.35,0.5,mm,53,%,10.0,km/h,28.4,km/h,16,°,2025-12-10,iso8601
d71dd5fac508e54d226b3a5e3a350cea,2025-12-10-20-34,10.7638,106.6598,3,wmo code,Trời nhiều mây,28.8,°C,23.2,°C,32.4,°C,26.4,°C,2025-12-10T06:01,iso8601,2025-12-10T17:31,iso8601,7.35,0.5,mm,53,%,10.0,km/h,28.4,km/h,16,°,2025-12-10,iso8601
7c692a4ed7f729cff7177e77909d7d48,2025-12-10-20-30,10.8387,106.7363,3,wmo code,Trời nhiều mây,28.8,°C,23.5,°C,32.9,°C,26.7,°C,2025-12-10T06:00,iso8601,2025-12-10T17:30,iso8601,7.45,0.3,mm,53,%,9.1,km/h,24.8,km/h,10,°,2025-12-10,iso8601
3ba76ee7705c4123683536a4609d38c1,2025-12-10-20-08,10.7704,106.7062,80,wmo code,Mưa rào nhẹ,28.4,°C,23.6,°C,32.5,°C,26.9,°C,2025-12-10T06:00,iso8601,2025-12-10T17:31,iso8601,7.45,1.0,mm,53,%,8.4,km/h,23.4,km/h,11,°,2025-12-10,iso8601
ed7605973c49b176471c75042af01014,2025-12-10-20-14,10.775,106.7104,80,wmo code,Mưa rào nhẹ,28.4,°C,23.6,°C,32.5,°C,26.9,°C,2025-12-10T06:00,iso8601,2025-12-10T17:31,iso8601,7.45,1.0,mm,53,%,8.4,km/h,23.4,km/h,11,°,2025-12-10,iso8601
e62c4fd68cff6b858de508e76941e900,2025-12-10-20-31,10.7449,106.7442,80,wmo code,Mưa rào nhẹ,28.5,°C,23.7,°C,32.6,°C,26.9,°C,2025-12-10T06:00,iso8601,2025-12-10T17:31,iso8601,7.45,1.0,mm,53,%,8.4,km/h,23.4,km/h,11,°,2025-12-10,iso8601
b06987239bec5664387471206a5c176e,2025-12-10-20-26,10.7753,106.6864,3,wmo code,Trời nhiều mây,28.8,°C,23.2,°C,32.4,°C,26.4,°C,2025-12-10T06:01,iso8601,2025-12-10T17:31,iso8601,7.35,0.5,mm,53,%,10.0,km/h,28.4,km/h,16,°,2025-12-10,iso8601
5dc12115410d75d380e733bc87568957,2025-12-10-20-27,10.7919,106.8179,80,wmo code,Mưa rào nhẹ,28.4,°C,24.1,°C,32.6,°C,27.6,°C,2025-12-10T06:00,iso8601,2025-12-10T17:30,iso8601,7.45,0.8,mm,53,%,7.6,km/h,28.8,km/h,5,°,2025-12-10,iso8601
1a18ebf92c26b4fa90079e937e3a53c2,2025-12-10-20-25,10.7589,106.6691,3,wmo code,Trời nhiều mây,28.8,°C,23.2,°C,32.4,°C,26.4,°C,2025-12-10T06:01,iso8601,2025-12-10T17:31,iso8601,7.35,0.5,mm,53,%,10.0,km/h,28.4,km/h,16,°,2025-12-10,iso8601
08f80b05cadf30c51835ffd69d35ec5c,2025-12-10-20-27,10.7729,106.6788,3,wmo code,Trời nhiều mây,28.8,°C,23.2,°C,32.4,°C,26.4,°C,2025-12-10T06:01,iso8601,2025-12-10T17:31,iso8601,7.35,0.5,mm,53,%,10.0,km/h,28.4,km/h,16,°,2025-12-10,iso8601
975c85b47b815aa04433b78ed295926e,2025-12-10-20-30,10.8636,106.7455,3,wmo code,Trời nhiều mây,28.7,°C,23.4,°C,32.7,°C,26.6,°C,2025-12-10T06:00,iso8601,2025-12-10T17:30,iso8601,7.45,0.3,mm,53,%,9.1,km/h,24.8,km/h,10,°,2025-12-10,iso8601
f7c0caf8bd77b349c6509b1ffaa95dff,2025-12-10-20-31,10.8472,106.6124,3,wmo code,Trời nhiều mây,28.7,°C,23.4,°C,32.7,°C,26.5,°C,2025-12-10T06:01,iso8601,2025-12-10T17:31,iso8601,7.0,0.3,mm,60,%,9.1,km/h,24.8,km/h,10,°,2025-12-10,iso8601
90498184b9db90ea772a2c8b99234878,2025-12-10-20-32,10.8619,106.6498,3,wmo code,Trời nhiều mây,28.7,°C,23.4,°C,32.7,°C,26.6,°C,2025-12-10T06:01,iso8601,2025-12-10T17:31,iso8601,7.0,0.3,mm,53,%,9.1,km/h,24.8,km/h,10,°,2025-12-10,iso8601
1ef01f1af018ff06b9ba19eb43edf177,2025-12-10-20-34,10.7605,106.6771,3,wmo code,Trời nhiều mây,28.8,°C,23.2,°C,32.5,°C,26.4,°C,2025-12-10T06:01,iso8601,2025-12-10T17:31,iso8601,7.35,0.5,mm,53,%,10.0,km/h,28.4,km/h,16,°,2025-12-10,iso8601
6d0c224e2356f6f5eb68580e5b2c3ff6,2025-12-10-20-14,10.798,106.7201,80,wmo code,Mưa rào nhẹ,28.4,°C,23.6,°C,32.5,°C,26.9,°C,2025-12-10T06:00,iso8601,2025-12-10T17:31,iso8601,7.45,1.0,mm,53,%,8.4,km/h,23.4,km/h,11,°,2025-12-10,iso8601
364573706454b6977a6ae34b10f00b3c,2025-12-10-20-25,10.7637,106.644,3,wmo code,Trời nhiều mây,28.8,°C,23.2,°C,32.5,°C,26.4,°C,2025-12-10T06:01,iso8601,2025-12-10T17:31,iso8601,7.35,0.5,mm,53,%,10.0,km/h,28.4,km/h,16,°,2025-12-10,iso8601
a264b8cb890cb9e83830948e5a9a7670,2025-12-10-20-09,10.8497,106.588,3,wmo code,Trời nhiều mây,28.7,°C,23.4,°C,32.7,°C,26.6,°C,2025-12-10T06:01,iso8601,2025-12-10T17:31,iso8601,7.0,0.3,mm,60,%,9.1,km/h,24.8,km/h,10,°,2025-12-10,iso8601
b99d1ebd5f548dc07398b33076af0e66,2025-12-10-20-26,10.8592,106.8363,3,wmo code,Trời nhiều mây,28.4,°C,23.8,°C,32.6,°C,27.3,°C,2025-12-10T06:00,iso8601,2025-12-10T17:30,iso8601,7.45,0.4,mm,53,%,7.6,km/h,17.6,km/h,7,°,2025-12-10,iso8601
98c9357b3e508c6dca3ff35cc3c350f2,2025-12-10-20-27,10.7722,106.6945,80,wmo code,Mưa rào nhẹ,28.4,°C,23.6,°C,32.4,°C,26.8,°C,2025-12-10T06:00,iso8601,2025-12-10T17:31,iso8601,7.35,1.0,mm,53,%,8.4,km/h,23.4,km/h,11,°,2025-12-10,iso8601
4f735e9651a22406b096484436a338f8,2025-12-10-20-30,10.693,106.5803,3,wmo code,Trời nhiều mây,28.8,°C,23.2,°C,32.5,°C,26.5,°C,2025-12-10T06:01,iso8601,2025-12-10T17:31,iso8601,7.25,0.5,mm,60,%,10.0,km/h,28.4,km/h,16,°,2025-12-10,iso8601
8ba1a8ba7ee78a0afd6d437da9159ef0,2025-12-10-20-35,10.7692,106.6519,3,wmo code,Trời nhiều mây,28.8,°C,23.2,°C,32.4,°C,26.4,°C,2025-12-10T06:01,iso8601,2025-12-10T17:31,iso8601,7.35,0.5,mm,53,%,10.0,km/h,28.4,km/h,16,°,2025-12-10,iso8601
6d970c201d4ecf40bea11ec690022048,2025-12-10-20-09,10.8874,106.7382,3,wmo code,Trời nhiều mây,28.7,°C,23.4,°C,32.7,°C,26.6,°C,2025-12-10T06:00,iso8601,2025-12-10T17:30,iso8601,7.45,0.3,mm,40,%,9.1,km/h,24.8,km/h,10,°,2025-12-10,iso8601
f4ccbc6cb56968e5336eefd9f1c336a0,2025-12-10-20-31,10.788,106.6313,3,wmo code,Trời nhiều mây,28.8,°C,23.2,°C,32.4,°C,26.4,°C,2025-12-10T06:01,iso8601,2025-12-10T17:31,iso8601,7.0,0.5,mm,53,%,10.0,km/h,28.4,km/h,16,°,2025-12-10,iso8601
43af34a1cc2943a2a639ad9d67e0247b,2025-12-10-20-34,10.8853,106.8049,3,wmo code,Trời nhiều mây,28.7,°C,23.4,°C,32.8,°C,26.6,°C,2025-12-10T06:00,iso8601,2025-12-10T17:30,iso8601,7.45,0.3,mm,40,%,9.1,km/h,24.8,km/h,10,°,2025-12-10,iso8601
dcb231b63bb8341d562a3f080349a85d,2025-12-10-20-26,10.7673,106.6534,3,wmo code,Trời nhiều mây,28.8,°C,23.2,°C,32.4,°C,26.4,°C,2025-12-10T06:01,iso8601,2025-12-10T17:31,iso8601,7.35,0.5,mm,53,%,10.0,km/h,28.4,km/h,16,°,2025-12-10,iso8601
9a8a0ab0d467f2a0b7a5ddaddc02581d,2025-12-10-20-14,10.8134,106.6653,3,wmo code,Trời nhiều mây,28.7,°C,23.4,°C,32.7,°C,26.6,°C,2025-12-10T06:01,iso8601,2025-12-10T17:31,iso8601,7.0,0.3,mm,53,%,9.1,km/h,24.8,km/h,10,°,2025-12-10,iso8601
e01d7a4f0d50fd34ca505272a67c2ad9,2025-12-10-20-26,10.7405,106.6937,80,wmo code,Mưa rào nhẹ,28.4,°C,23.6,°C,32.5,°C,26.9,°C,2025-12-10T06:00,iso8601,2025-12-10T17:31,iso8601,7.35,1.0,mm,53,%,8.4,km/h,23.4,km/h,11,°,2025-12-10,iso8601
86f741a0057e73e46e4fe58d849b9794,2025-12-10-20-25,10.7529,106.6714,3,wmo code,Trời nhiều mây,28.8,°C,23.2,°C,32.4,°C,26.4,°C,2025-12-10T06:01,iso8601,2025-12-10T17:31,iso8601,7.35,0.5,mm,53,%,10.0,km/h,28.4,km/h,16,°,2025-12-10,iso8601
095ad12d2a69e3d431676f5d00db8a29,2025-12-10-20-31,10.7648,106.75,80,wmo code,Mưa rào nhẹ,28.4,°C,23.6,°C,32.5,°C,26.9,°C,2025-12-10T06:00,iso8601,2025-12-10T17:31,iso8601,7.45,1.0,mm,53,%,8.4,km/h,23.4,km/h,11,°,2025-12-10,iso8601
bda6580c628de8cf21ce34626174dbf9,2025-12-10-20-27,10.7971,106.647,3,wmo code,Trời nhiều mây,28.8,°C,23.2,°C,32.4,°C,26.4,°C,2025-12-10T06:01,iso8601,2025-12-10T17:31,iso8601,7.0,0.5,mm,53,%,10.0,km/h,28.4,km/h,16,°,2025-12-10,iso8601
71d832d5c7789bae317a8c3fc2109c3e,2025-12-10-20-32,10.8522,106.6265,3,wmo code,Trời nhiều mây,28.7,°C,23.4,°C,32.7,°C,26.5,°C,2025-12-10T06:01,iso8601,2025-12-10T17:31,iso8601,7.0,0.3,mm,53,%,9.1,km/h,24.8,km/h,10,°,2025-12-10,iso8601
a564f038f5d9a89c41047d3ee5b510ff,2025-12-10-20-32,10.825,106.603,3,wmo code,Trời nhiều mây,28.7,°C,23.4,°C,32.7,°C,26.6,°C,2025-12-10T06:01,iso8601,2025-12-10T17:31,iso8601,7.0,0.3,mm,60,%,9.1,km/h,24.8,km/h,10,°,2025-12-10,iso8601
5c004ea2ebb15c29edb255aed69fafd1,2025-12-10-20-30,10.8316,106.7254,3,wmo code,Trời nhiều mây,28.8,°C,23.5,°C,32.9,°C,26.7,°C,2025-12-10T06:00,iso8601,2025-12-10T17:30,iso8601,7.45,0.3,mm,53,%,9.1,km/h,24.8,km/h,10,°,2025-12-10,iso8601
0e7aa5395cf7b6db6f509f2524b92fdf,2025-12-10-20-34,10.7571,106.7177,80,wmo code,Mưa rào nhẹ,28.4,°C,23.6,°C,32.5,°C,26.9,°C,2025-12-10T06:00,iso8601,2025-12-10T17:31,iso8601,7.45,1.0,mm,53,%,8.4,km/h,23.4,km/h,11,°,2025-12-10,iso8601
f8ee7133cfe997e68f6ffe6ccfe071fa,2025-12-10-20-14,10.8838,106.8005,3,wmo code,Trời nhiều mây,28.7,°C,23.4,°C,32.7,°C,26.5,°C,2025-12-10T06:00,iso8601,2025-12-10T17:30,iso8601,7.45,0.3,mm,40,%,9.1,km/h,24.8,km/h,10,°,2025-12-10,iso8601
59511979ee7eb2dd5299ab6a5484d985,2025-12-10-20-10,10.8424,106.6157,3,wmo code,Trời nhiều mây,28.7,°C,23.4,°C,32.7,°C,26.5,°C,2025-12-10T06:01,iso8601,2025-12-10T17:31,iso8601,7.0,0.3,mm,60,%,9.1,km/h,24.8,km/h,10,°,2025-12-10,iso8601
8d32a165786a4dfa079281c6402de396,2025-12-10-20-25,10.8147,106.6787,3,wmo code,Trời nhiều mây,28.6,°C,23.3,°C,32.6,°C,26.5,°C,2025-12-10T06:01,iso8601,2025-12-10T17:31,iso8601,7.0,0.3,mm,53,%,9.1,km/h,24.8,km/h,10,°,2025-12-10,iso8601
6b584a04b44c9d951cfa8ccf3c5c490c,2025-12-10-20-26,10.8709,106.7329,3,wmo code,Trời nhiều mây,28.8,°C,23.5,°C,32.9,°C,26.7,°C,2025-12-10T06:00,iso8601,2025-12-10T17:30,iso8601,7.45,0.3,mm,53,%,9.1,km/h,24.8,km/h,10,°,2025-12-10,iso8601
fd03722edd131ebfd8869f3e8d7af38f,2025-12-10-20-31,10.7586,106.6925,80,wmo code,Mưa rào nhẹ,28.4,°C,23.6,°C,32.5,°C,26.9,°C,2025-12-10T06:00,iso8601,2025-12-10T17:31,iso8601,7.35,1.0,mm,53,%,8.4,km/h,23.4,km/h,11,°,2025-12-10,iso8601
47d57b8fa5d938cb21fb54105483948a,2025-12-10-20-32,10.8761,106.7543,3,wmo code,Trời nhiều mây,28.6,°C,23.3,°C,32.6,°C,26.4,°C,2025-12-10T06:00,iso8601,2025-12-10T17:30,iso8601,7.45,0.3,mm,40,%,9.1,km/h,24.8,km/h,10,°,2025-12-10,iso8601
ab34c4d8577b63e1d9dc8d9134f3b10f,2025-12-10-20-34,10.8671,106.7575,3,wmo code,Trời nhiều mây,28.6,°C,23.3,°C,32.6,°C,26.5,°C,2025-12-10T06:00,iso8601,2025-12-10T17:30,iso8601,7.45,0.3,mm,53,%,9.1,km/h,24.8,km/h,10,°,2025-12-10,iso8601
24448e059d6d78bd72ea442a2f0350d4,2025-12-10-20-27,10.8741,106.7475,3,wmo code,Trời nhiều mây,28.7,°C,23.4,°C,32.7,°C,26.5,°C,2025-12-10T06:00,iso8601,2025-12-10T17:30,iso8601,7.45,0.3,mm,53,%,9.1,km/h,24.8,km/h,10,°,2025-12-10,iso8601
5a7e5839041549c6fb45086cda5cf4ee,2025-12-10-20-30,10.7781,106.6852,3,wmo code,Trời nhiều mây,28.8,°C,23.2,°C,32.4,°C,26.4,°C,2025-12-10T06:01,iso8601,2025-12-10T17:31,iso8601,7.0,0.5,mm,53,%,10.0,km/h,28.4,km/h,16,°,2025-12-10,iso8601
3b9f69a47969448ec90e6ff7dc849316,2025-12-10-20-27,10.8433,106.6149,3,wmo code,Trời nhiều mây,28.7,°C,23.4,°C,32.7,°C,26.5,°C,2025-12-10T06:01,iso8601,2025-12-10T17:31,iso8601,7.0,0.3,mm,60,%,9.1,km/h,24.8,km/h,10,°,2025-12-10,iso8601
230d72783739bbc4f3373fe7746b7652,2025-12-10-20-25,10.7543,106.6343,3,wmo code,Trời nhiều mây,28.8,°C,23.2,°C,32.5,°C,26.4,°C,2025-12-10T06:01,iso8601,2025-12-10T17:31,iso8601,7.35,0.5,mm,53,%,10.0,km/h,28.4,km/h,16,°,2025-12-10,iso8601
4be0bd6ff2e3ba57c460743447aaf5e4,2025-12-10-20-14,10.716,106.5857,3,wmo code,Trời nhiều mây,28.9,°C,23.3,°C,32.5,°C,26.5,°C,2025-12-10T06:01,iso8601,2025-12-10T17:31,iso8601,7.35,0.5,mm,60,%,10.0,km/h,28.4,km/h,16,°,2025-12-10,iso8601
5f662f25fd725bdeb66d40dda83905f0,2025-12-10-20-30,10.7655,106.7706,80,wmo code,Mưa rào nhẹ,28.5,°C,23.7,°C,32.5,°C,26.9,°C,2025-12-10T06:00,iso8601,2025-12-10T17:31,iso8601,7.45,1.0,mm,53,%,8.4,km/h,23.4,km/h,11,°,2025-12-10,iso8601
fd3679f127d3799d313a5db2a703ef9b,2025-12-10-20-10,10.7618,106.6562,3,wmo code,Trời nhiều mây,28.8,°C,23.2,°C,32.4,°C,26.4,°C,2025-12-10T06:01,iso8601,2025-12-10T17:31,iso8601,7.35,0.5,mm,53,%,10.0,km/h,28.4,km/h,16,°,2025-12-10,iso8601
63a550addce33e07b50e3eeba744163b,2025-12-10-20-31,10.7927,106.6967,80,wmo code,Mưa rào nhẹ,28.4,°C,23.6,°C,32.5,°C,26.9,°C,2025-12-10T06:00,iso8601,2025-12-10T17:31,iso8601,7.0,1.0,mm,53,%,8.4,km/h,23.4,km/h,11,°,2025-12-10,iso8601
4ad810afdb555ee60885a988876ec408,2025-12-10-20-26,10.803,106.6984,80,wmo code,Mưa rào nhẹ,28.4,°C,23.6,°C,32.4,°C,26.8,°C,2025-12-10T06:00,iso8601,2025-12-10T17:31,iso8601,7.0,1.0,mm,53,%,8.4,km/h,23.4,km/h,11,°,2025-12-10,iso8601
2cfd46861fadbb0b9d44d4cf99a2ab51,2025-12-10-20-32,10.7342,106.7271,80,wmo code,Mưa rào nhẹ,28.4,°C,23.6,°C,32.5,°C,26.9,°C,2025-12-10T06:00,iso8601,2025-12-10T17:31,iso8601,7.45,1.0,mm,53,%,8.4,km/h,23.4,km/h,11,°,2025-12-10,iso8601
2b065232c5b3ce59f240ba6117083449,2025-12-10-20-25,10.8701,106.7634,3,wmo code,Trời nhiều mây,28.6,°C,23.3,°C,32.6,°C,26.4,°C,2025-12-10T06:00,iso8601,2025-12-10T17:30,iso8601,7.45,0.3,mm,53,%,9.1,km/h,24.8,km/h,10,°,2025-12-10,iso8601
14557395d37b997eb6a47f8ecad8c78f,2025-12-10-20-34,10.8542,106.6655,3,wmo code,Trời nhiều mây,28.7,°C,23.4,°C,32.7,°C,26.6,°C,2025-12-10T06:01,iso8601,2025-12-10T17:31,iso8601,7.0,0.3,mm,53,%,9.1,km/h,24.8,km/h,10,°,2025-12-10,iso8601
a9b66452f50c1ce9f45f754a07a783c0,2025-12-10-20-14,10.7709,106.673,3,wmo code,Trời nhiều mây,28.8,°C,23.2,°C,32.4,°C,26.4,°C,2025-12-10T06:01,iso8601,2025-12-10T17:31,iso8601,7.35,0.5,mm,53,%,10.0,km/h,28.4,km/h,16,°,2025-12-10,iso8601
b3153071a495f769721580a41acd5142,2025-12-10-20-10,10.717,106.5995,3,wmo code,Trời nhiều mây,28.9,°C,23.3,°C,32.5,°C,26.5,°C,2025-12-10T06:01,iso8601,2025-12-10T17:31,iso8601,7.35,0.5,mm,60,%,10.0,km/h,28.4,km/h,16,°,2025-12-10,iso8601
7b83e57eef6b9b0d27df3954c0c6a10c,2025-12-10-20-26,10.7554,106.6634,3,wmo code,Trời nhiều mây,28.8,°C,23.2,°C,32.5,°C,26.4,°C,2025-12-10T06:01,iso8601,2025-12-10T17:31,iso8601,7.35,0.5,mm,53,%,10.0,km/h,28.4,km/h,16,°,2025-12-10,iso8601
4c9a41946bb244d0a1f0b542558b7816,2025-12-10-20-30,10.7967,106.7886,80,wmo code,Mưa rào nhẹ,28.4,°C,23.6,°C,32.5,°C,26.9,°C,2025-12-10T06:00,iso8601,2025-12-10T17:31,iso8601,7.45,1.0,mm,53,%,8.4,km/h,23.4,km/h,11,°,2025-12-10,iso8601
52bfc8ecc2d72dbf0ce1c61199818d79,2025-12-10-20-27,10.6891,106.6237,3,wmo code,Trời nhiều mây,28.9,°C,23.2,°C,32.5,°C,26.5,°C,2025-12-10T06:01,iso8601,2025-12-10T17:31,iso8601,7.35,0.5,mm,60,%,10.0,km/h,28.4,km/h,16,°,2025-12-10,iso8601
491e02e3f3e1182208ca7614ab5e7887,2025-12-10-20-31,10.8428,106.615,3,wmo code,Trời nhiều mây,28.7,°C,23.4,°C,32.7,°C,26.6,°C,2025-12-10T06:01,iso8601,2025-12-10T17:31,iso8601,7.0,0.3,mm,60,%,9.1,km/h,24.8,km/h,10,°,2025-12-10,iso8601
fa678391a551977b9049b5334e5c9bb2,2025-12-10-20-32,10.7828,106.7199,80,wmo code,Mưa rào nhẹ,28.4,°C,23.6,°C,32.5,°C,26.9,°C,2025-12-10T06:00,iso8601,2025-12-10T17:31,iso8601,7.45,1.0,mm,53,%,8.4,km/h,23.4,km/h,11,°,2025-12-10,iso8601
0cdc96395c88caf86aeaf7d006bb2c0c,2025-12-10-20-27,10.7433,106.6614,3,wmo code,Trời nhiều mây,28.8,°C,23.2,°C,32.5,°C,26.4,°C,2025-12-10T06:01,iso8601,2025-12-10T17:31,iso8601,7.35,0.5,mm,53,%,10.0,km/h,28.4,km/h,16,°,2025-12-10,iso8601
0011fbb6aaa8e16f8ec56fe7e1f253e0,2025-12-10-20-25,10.7045,106.8476,80,wmo code,Mưa rào nhẹ,28.3,°C,24.0,°C,32.5,°C,27.4,°C,2025-12-10T06:00,iso8601,2025-12-10T17:30,iso8601,7.45,0.8,mm,53,%,7.6,km/h,28.8,km/h,5,°,2025-12-10,iso8601
830199574c787d46b1819e2099fed534,2025-12-10-20-26,10.772,106.6798,3,wmo code,Trời nhiều mây,28.8,°C,23.2,°C,32.4,°C,26.4,°C,2025-12-10T06:01,iso8601,2025-12-10T17:31,iso8601,7.35,0.5,mm,53,%,10.0,km/h,28.4,km/h,16,°,2025-12-10,iso8601
f67cc9b9141adb8a2e9c62d647c26b37,2025-12-10-20-31,10.8308,106.6778,3,wmo code,Trời nhiều mây,28.7,°C,23.4,°C,32.7,°C,26.5,°C,2025-12-10T06:01,iso8601,2025-12-10T17:31,iso8601,7.0,0.3,mm,53,%,9.1,km/h,24.8,km/h,10,°,2025-12-10,iso8601
2750d3a201062d7deb2e154049891644,2025-12-10-20-30,10.8031,106.7498,80,wmo code,Mưa rào nhẹ,28.4,°C,23.6,°C,32.5,°C,26.9,°C,2025-12-10T06:00,iso8601,2025-12-10T17:31,iso8601,7.45,1.0,mm,53,%,8.4,km/h,23.4,km/h,11,°,2025-12-10,iso8601
8fcc2f58e9291525349e290250a6f329,2025-12-10-20-34,10.8182,106.6985,3,wmo code,Trời nhiều mây,28.8,°C,23.5,°C,32.9,°C,26.7,°C,2025-12-10T06:00,iso8601,2025-12-10T17:30,iso8601,7.0,0.3,mm,53,%,9.1,km/h,24.8,km/h,10,°,2025-12-10,iso8601
afa8f615248c0900131651a2c05e12f2,2025-12-10-20-14,10.7936,106.6753,3,wmo code,Trời nhiều mây,28.8,°C,23.2,°C,32.4,°C,26.4,°C,2025-12-10T06:01,iso8601,2025-12-10T17:31,iso8601,7.0,0.5,mm,53,%,10.0,km/h,28.4,km/h,16,°,2025-12-10,iso8601
8c39031fcfb5e60e3c246f21fe38154a,2025-12-10-20-10,10.7931,106.6974,80,wmo code,Mưa rào nhẹ,28.4,°C,23.6,°C,32.5,°C,26.9,°C,2025-12-10T06:00,iso8601,2025-12-10T17:31,iso8601,7.0,1.0,mm,53,%,8.4,km/h,23.4,km/h,11,°,2025-12-10,iso8601
554c8c4dc064a89fa434b01dc3086741,2025-12-10-20-34,10.8621,106.6512,3,wmo code,Trời nhiều mây,28.7,°C,23.4,°C,32.7,°C,26.6,°C,2025-12-10T06:01,iso8601,2025-12-10T17:31,iso8601,7.0,0.3,mm,53,%,9.1,km/h,24.8,km/h,10,°,2025-12-10,iso8601
6c2131839fa7dc52268cedddcb93f7cb,2025-12-10-20-14,10.7508,106.6893,80,wmo code,Mưa rào nhẹ,28.4,°C,23.6,°C,32.5,°C,26.9,°C,2025-12-10T06:00,iso8601,2025-12-10T17:31,iso8601,7.35,1.0,mm,53,%,8.4,km/h,23.4,km/h,11,°,2025-12-10,iso8601
9bce5e8ee12dbc9b81fc6e256bd0b118,2025-12-10-20-32,10.7598,106.6687,3,wmo code,Trời nhiều mây,28.8,°C,23.2,°C,32.4,°C,26.3,°C,2025-12-10T06:01,iso8601,2025-12-10T17:31,iso8601,7.35,0.5,mm,53,%,10.0,km/h,28.4,km/h,16,°,2025-12-10,iso8601
ba4903aed055bfbb3e0fa9242f88926c,2025-12-10-20-35,10.8012,106.7099,80,wmo code,Mưa rào nhẹ,28.4,°C,23.6,°C,32.5,°C,26.9,°C,2025-12-10T06:00,iso8601,2025-12-10T17:31,iso8601,7.45,1.0,mm,53,%,8.4,km/h,23.4,km/h,11,°,2025-12-10,iso8601
cbaa5b6003c6cd929fa336eb0f8c8b5d,2025-12-10-20-11,10.7644,106.6616,3,wmo code,Trời nhiều mây,28.8,°C,23.2,°C,32.5,°C,26.4,°C,2025-12-10T06:01,iso8601,2025-12-10T17:31,iso8601,7.35,0.5,mm,53,%,10.0,km/h,28.4,km/h,16,°,2025-12-10,iso8601
6ab60321f847c51e9299df7419d6dc51,2025-12-10-20-26,10.7945,106.6525,3,wmo code,Trời nhiều mây,28.8,°C,23.2,°C,32.4,°C,26.4,°C,2025-12-10T06:01,iso8601,2025-12-10T17:31,iso8601,7.0,0.5,mm,53,%,10.0,km/h,28.4,km/h,16,°,2025-12-10,iso8601
9150048419d1d6f8304dcb8a866e0322,2025-12-10-20-25,10.7681,106.6798,3,wmo code,Trời nhiều mây,28.8,°C,23.2,°C,32.4,°C,26.4,°C,2025-12-10T06:01,iso8601,2025-12-10T17:31,iso8601,7.35,0.5,mm,53,%,10.0,km/h,28.4,km/h,16,°,2025-12-10,iso8601
1170d5855840fd58018af34a95589f02,2025-12-10-20-27,10.7768,106.7226,80,wmo code,Mưa rào nhẹ,28.4,°C,23.6,°C,32.5,°C,26.9,°C,2025-12-10T06:00,iso8601,2025-12-10T17:31,iso8601,7.45,1.0,mm,53,%,8.4,km/h,23.4,km/h,11,°,2025-12-10,iso8601
d8fd416a649dbd26f73250e13f1b7328,2025-12-10-20-32,10.7729,106.6239,3,wmo code,Trời nhiều mây,28.8,°C,23.2,°C,32.5,°C,26.4,°C,2025-12-10T06:01,iso8601,2025-12-10T17:31,iso8601,7.35,0.5,mm,60,%,10.0,km/h,28.4,km/h,16,°,2025-12-10,iso8601
7314504505522c43b155196888038a82,2025-12-10-20-30,10.8311,106.7636,3,wmo code,Trời nhiều mây,28.8,°C,23.5,°C,32.8,°C,26.7,°C,2025-12-10T06:00,iso8601,2025-12-10T17:30,iso8601,7.45,0.3,mm,53,%,9.1,km/h,24.8,km/h,10,°,2025-12-10,iso8601
043c55268d1b36486b49db01a7cfe9de,2025-12-10-20-14,10.8077,106.6211,3,wmo code,Trời nhiều mây,28.8,°C,23.2,°C,32.5,°C,26.4,°C,2025-12-10T06:01,iso8601,2025-12-10T17:31,iso8601,7.0,0.5,mm,60,%,10.0,km/h,28.4,km/h,16,°,2025-12-10,iso8601
b886bd4f4dc50467f457ac903cb1c28d,2025-12-10-20-11,10.7779,106.656,3,wmo code,Trời nhiều mây,28.8,°C,23.2,°C,32.4,°C,26.4,°C,2025-12-10T06:01,iso8601,2025-12-10T17:31,iso8601,7.0,0.5,mm,53,%,10.0,km/h,28.4,km/h,16,°,2025-12-10,iso8601
420037df86171068f7144183b30a00af,2025-12-10-20-25,10.7908,106.6642,3,wmo code,Trời nhiều mây,28.8,°C,23.2,°C,32.4,°C,26.4,°C,2025-12-10T06:01,iso8601,2025-12-10T17:31,iso8601,7.0,0.5,mm,53,%,10.0,km/h,28.4,km/h,16,°,2025-12-10,iso8601
cb8f17d21348ad140c8a6868fb442f2f,2025-12-10-20-31,10.8181,106.6867,3,wmo code,Trời nhiều mây,28.7,°C,23.4,°C,32.7,°C,26.5,°C,2025-12-10T06:01,iso8601,2025-12-10T17:31,iso8601,7.0,0.3,mm,53,%,9.1,km/h,24.8,km/h,10,°,2025-12-10,iso8601
db9d31bddc50b8824845e7a0e7e568fa,2025-12-10-20-27,10.7535,106.6316,3,wmo code,Trời nhiều mây,28.8,°C,23.2,°C,32.5,°C,26.4,°C,2025-12-10T06:01,iso8601,2025-12-10T17:31,iso8601,7.35,0.5,mm,53,%,10.0,km/h,28.4,km/h,16,°,2025-12-10,iso8601
713f24a96774378b930e47fb262fcac2,2025-12-10-20-31,10.8656,106.6001,3,wmo code,Trời nhiều mây,28.7,°C,23.4,°C,32.7,°C,26.6,°C,2025-12-10T06:01,iso8601,2025-12-10T17:31,iso8601,7.0,0.3,mm,60,%,9.1,km/h,24.8,km/h,10,°,2025-12-10,iso8601
45afa7299dcd2a6ec8ea88afb77511a8,2025-12-10-20-32,10.8453,106.7716,3,wmo code,Trời nhiều mây,28.7,°C,23.4,°C,32.7,°C,26.5,°C,2025-12-10T06:00,iso8601,2025-12-10T17:30,iso8601,7.45,0.3,mm,53,%,9.1,km/h,24.8,km/h,10,°,2025-12-10,iso8601
c2af0eda5cc2fc1fc69511c3a16cffb6,2025-12-10-20-14,10.7827,106.6495,3,wmo code,Trời nhiều mây,28.8,°C,23.2,°C,32.4,°C,26.4,°C,2025-12-10T06:01,iso8601,2025-12-10T17:31,iso8601,7.0,0.5,mm,53,%,10.0,km/h,28.4,km/h,16,°,2025-12-10,iso8601
aedfcc521095d7d7ff4a56ad4969f6c6,2025-12-10-20-30,10.8312,106.6227,3,wmo code,Trời nhiều mây,28.7,°C,23.4,°C,32.7,°C,26.6,°C,2025-12-10T06:01,iso8601,2025-12-10T17:31,iso8601,7.0,0.3,mm,60,%,9.1,km/h,24.8,km/h,10,°,2025-12-10,iso8601
9e0cf64a0c081b39123a6df04e7d0521,2025-12-10-20-26,10.766,106.664,3,wmo code,Trời nhiều mây,28.8,°C,23.2,°C,32.4,°C,26.4,°C,2025-12-10T06:01,iso8601,2025-12-10T17:31,iso8601,7.35,0.5,mm,53,%,10.0,km/h,28.4,km/h,16,°,2025-12-10,iso8601
43ccf1a8e1425f3a0fedfc6934db009d,2025-12-10-20-31,10.7451,106.7442,80,wmo code,Mưa rào nhẹ,28.5,°C,23.7,°C,32.6,°C,26.9,°C,2025-12-10T06:00,iso8601,2025-12-10T17:31,iso8601,7.45,1.0,mm,53,%,8.4,km/h,23.4,km/h,11,°,2025-12-10,iso8601
eab4b6dd4bf708bfef88efdc1d3585f2,2025-12-10-20-32,10.8608,106.7151,3,wmo code,Trời nhiều mây,28.8,°C,23.5,°C,32.9,°C,26.7,°C,2025-12-10T06:00,iso8601,2025-12-10T17:30,iso8601,7.45,0.3,mm,53,%,9.1,km/h,24.8,km/h,10,°,2025-12-10,iso8601
57ea3c7bfa4eaa6b92261fdedaec2005,2025-12-10-20-35,10.731,106.7203,80,wmo code,Mưa rào nhẹ,28.4,°C,23.6,°C,32.5,°C,26.9,°C,2025-12-10T06:00,iso8601,2025-12-10T17:31,iso8601,7.45,1.0,mm,53,%,8.4,km/h,23.4,km/h,11,°,2025-12-10,iso8601
a82b6cd023afa4cde99737b56ad45749,2025-12-10-20-31,10.7565,106.6665,3,wmo code,Trời nhiều mây,28.8,°C,23.2,°C,32.4,°C,26.4,°C,2025-12-10T06:01,iso8601,2025-12-10T17:31,iso8601,7.35,0.5,mm,53,%,10.0,km/h,28.4,km/h,16,°,2025-12-10,iso8601
5c0ee164d2f247a7660b2fa34ac8345b,2025-12-10-20-25,10.7807,106.6589,3,wmo code,Trời nhiều mây,28.8,°C,23.2,°C,32.5,°C,26.4,°C,2025-12-10T06:01,iso8601,2025-12-10T17:31,iso8601,7.0,0.5,mm,53,%,10.0,km/h,28.4,km/h,16,°,2025-12-10,iso8601
be434f6fcfd08bb95fd01faf85fc2b72,2025-12-10-20-16,10.832,106.6745,3,wmo code,Trời nhiều mây,28.7,°C,23.4,°C,32.6,°C,26.5,°C,2025-12-10T06:01,iso8601,2025-12-10T17:31,iso8601,7.0,0.3,mm,53,%,9.1,km/h,24.8,km/h,10,°,2025-12-10,iso8601
04edd61439bdc3ac6e47a41f3a4f9295,2025-12-10-20-12,10.7932,106.6536,3,wmo code,Trời nhiều mây,28.8,°C,23.2,°C,32.5,°C,26.4,°C,2025-12-10T06:01,iso8601,2025-12-10T17:31,iso8601,7.0,0.5,mm,53,%,10.0,km/h,28.4,km/h,16,°,2025-12-10,iso8601
46fc423d727b252cc98937db8a8b6798,2025-12-10-20-26,10.7677,106.6589,3,wmo code,Trời nhiều mây,28.8,°C,23.2,°C,32.5,°C,26.4,°C,2025-12-10T06:01,iso8601,2025-12-10T17:31,iso8601,7.35,0.5,mm,53,%,10.0,km/h,28.4,km/h,16,°,2025-12-10,iso8601
3b8503c98906d29b3dc213c8b61b3094,2025-12-10-20-27,10.7614,106.6685,3,wmo code,Trời nhiều mây,28.8,°C,23.2,°C,32.4,°C,26.4,°C,2025-12-10T06:01,iso8601,2025-12-10T17:31,iso8601,7.35,0.5,mm,53,%,10.0,km/h,28.4,km/h,16,°,2025-12-10,iso8601
d46b643247d74c11a53fe9372275429f,2025-12-10-20-31,10.7998,106.7319,80,wmo code,Mưa rào nhẹ,28.4,°C,23.6,°C,32.5,°C,26.9,°C,2025-12-10T06:00,iso8601,2025-12-10T17:31,iso8601,7.45,1.0,mm,53,%,8.4,km/h,23.4,km/h,11,°,2025-12-10,iso8601
3ed64f82c279a4e8b3411ef3631d05e4,2025-12-10-20-31,10.8014,106.6191,3,wmo code,Trời nhiều mây,28.8,°C,23.2,°C,32.5,°C,26.4,°C,2025-12-10T06:01,iso8601,2025-12-10T17:31,iso8601,7.0,0.5,mm,60,%,10.0,km/h,28.4,km/h,16,°,2025-12-10,iso8601
1ef01f1af018ff06b9ba19eb43edf177,2025-12-10-20-32,10.7663,106.6749,3,wmo code,Trời nhiều mây,28.8,°C,23.2,°C,32.4,°C,26.4,°C,2025-12-10T06:01,iso8601,2025-12-10T17:31,iso8601,7.35,0.5,mm,53,%,10.0,km/h,28.4,km/h,16,°,2025-12-10,iso8601
f4cf8e23c594e3f2d7e6d6c087a69c32,2025-12-10-20-35,10.7921,106.6993,80,wmo code,Mưa rào nhẹ,28.4,°C,23.6,°C,32.5,°C,26.9,°C,2025-12-10T06:00,iso8601,2025-12-10T17:31,iso8601,7.45,1.0,mm,53,%,8.4,km/h,23.4,km/h,11,°,2025-12-10,iso8601
386fb3ebdd2948a9397bedfa8e2a39f9,2025-12-10-20-25,10.8207,106.694,3,wmo code,Trời nhiều mây,28.7,°C,23.4,°C,32.8,°C,26.6,°C,2025-12-10T06:00,iso8601,2025-12-10T17:30,iso8601,7.0,0.3,mm,53,%,9.1,km/h,24.8,km/h,10,°,2025-12-10,iso8601
cd9fcc3350c935d00f9ed0823e96e5d8,2025-12-10-20-12,10.8271,106.7182,3,wmo code,Trời nhiều mây,28.8,°C,23.5,°C,32.9,°C,26.7,°C,2025-12-10T06:00,iso8601,2025-12-10T17:30,iso8601,7.45,0.3,mm,53,%,9.1,km/h,24.8,km/h,10,°,2025-12-10,iso8601
f3bd3e0952b04e44f2390f3158e257d0,2025-12-10-20-16,10.8001,106.6654,3,wmo code,Trời nhiều mây,28.8,°C,23.2,°C,32.4,°C,26.4,°C,2025-12-10T06:01,iso8601,2025-12-10T17:31,iso8601,7.0,0.5,mm,53,%,10.0,km/h,28.4,km/h,16,°,2025-12-10,iso8601
012dc1c1d5e5cfb05bab3a2b4b76190c,2025-12-10-20-26,10.7503,106.6602,3,wmo code,Trời nhiều mây,28.8,°C,23.2,°C,32.4,°C,26.4,°C,2025-12-10T06:01,iso8601,2025-12-10T17:31,iso8601,7.35,0.5,mm,53,%,10.0,km/h,28.4,km/h,16,°,2025-12-10,iso8601
3443520d405677475207a11044f1eb6d,2025-12-10-20-27,10.7599,106.6687,3,wmo code,Trời nhiều mây,28.8,°C,23.2,°C,32.4,°C,26.3,°C,2025-12-10T06:01,iso8601,2025-12-10T17:31,iso8601,7.35,0.5,mm,53,%,10.0,km/h,28.4,km/h,16,°,2025-12-10,iso8601
2c2cf7de99d1512a422bc3afcdf54213,2025-12-10-20-31,10.7546,106.6365,3,wmo code,Trời nhiều mây,28.8,°C,23.2,°C,32.5,°C,26.4,°C,2025-12-10T06:01,iso8601,2025-12-10T17:31,iso8601,7.35,0.5,mm,53,%,10.0,km/h,28.4,km/h,16,°,2025-12-10,iso8601
7c3f006884ec418918d5f7736a3a07ff,2025-12-10-20-32,10.7669,106.6739,3,wmo code,Trời nhiều mây,28.8,°C,23.2,°C,32.4,°C,26.4,°C,2025-12-10T06:01,iso8601,2025-12-10T17:31,iso8601,7.35,0.5,mm,53,%,10.0,km/h,28.4,km/h,16,°,2025-12-10,iso8601
f0b3593fdf6f1bfa47bd6d17ec2d759e,2025-12-10-20-31,10.8083,106.6345,3,wmo code,Trời nhiều mây,28.8,°C,23.2,°C,32.5,°C,26.4,°C,2025-12-10T06:01,iso8601,2025-12-10T17:31,iso8601,7.0,0.5,mm,53,%,10.0,km/h,28.4,km/h,16,°,2025-12-10,iso8601
eed11b04b9aca3ebf2eb6d2d785f30b5,2025-12-10-20-12,10.7513,106.6477,3,wmo code,Trời nhiều mây,28.8,°C,23.2,°C,32.5,°C,26.4,°C,2025-12-10T06:01,iso8601,2025-12-10T17:31,iso8601,7.35,0.5,mm,53,%,10.0,km/h,28.4,km/h,16,°,2025-12-10,iso8601
4adadefb2f494e815b54b8b48c9e86cf,2025-12-10-20-35,10.8053,106.6589,3,wmo code,Trời nhiều mây,28.8,°C,23.2,°C,32.5,°C,26.4,°C,2025-12-10T06:01,iso8601,2025-12-10T17:31,iso8601,7.0,0.5,mm,53,%,10.0,km/h,28.4,km/h,16,°,2025-12-10,iso8601
94aadac0163a4195d344b2ff0cf5d166,2025-12-10-20-16,10.8002,106.6678,3,wmo code,Trời nhiều mây,28.8,°C,23.2,°C,32.4,°C,26.4,°C,2025-12-10T06:01,iso8601,2025-12-10T17:31,iso8601,7.0,0.5,mm,53,%,10.0,km/h,28.4,km/h,16,°,2025-12-10,iso8601
2e7b0341cc7b2135881d31cacb53f4b1,2025-12-10-20-35,10.7333,106.82,80,wmo code,Mưa rào nhẹ,28.4,°C,24.1,°C,32.6,°C,27.5,°C,2025-12-10T06:00,iso8601,2025-12-10T17:30,iso8601,7.45,0.8,mm,53,%,7.6,km/h,28.8,km/h,5,°,2025-12-10,iso8601
05679f6366bc9176fb5f49648782371b,2025-12-10-20-27,10.8113,106.696,80,wmo code,Mưa rào nhẹ,28.4,°C,23.6,°C,32.4,°C,26.8,°C,2025-12-10T06:00,iso8601,2025-12-10T17:31,iso8601,7.0,1.0,mm,53,%,8.4,km/h,23.4,km/h,11,°,2025-12-10,iso8601
d0669f7c3f0eecbc66b9e383dc464dd0,2025-12-10-20-25,10.7894,106.6517,3,wmo code,Trời nhiều mây,28.8,°C,23.2,°C,32.4,°C,26.4,°C,2025-12-10T06:01,iso8601,2025-12-10T17:31,iso8601,7.0,0.5,mm,53,%,10.0,km/h,28.4,km/h,16,°,2025-12-10,iso8601
1546bffddbe259fb943c0c70473a4f91,2025-12-10-20-31,10.6855,106.5541,80,wmo code,Mưa rào nhẹ,28.6,°C,23.2,°C,32.2,°C,26.3,°C,2025-12-10T06:01,iso8601,2025-12-10T17:32,iso8601,7.25,0.8,mm,60,%,10.4,km/h,30.2,km/h,17,°,2025-12-10,iso8601
247208f281ba2ead7ba54a16f3686e67,2025-12-10-20-32,10.7537,106.6869,3,wmo code,Trời nhiều mây,28.8,°C,23.2,°C,32.5,°C,26.4,°C,2025-12-10T06:01,iso8601,2025-12-10T17:31,iso8601,7.35,0.5,mm,53,%,10.0,km/h,28.4,km/h,16,°,2025-12-10,iso8601
9e205e5e69a296f06e99f9c9ff8f78fe,2025-12-10-20-25,10.7047,106.8354,80,wmo code,Mưa rào nhẹ,28.4,°C,24.0,°C,32.5,°C,27.4,°C,2025-12-10T06:00,iso8601,2025-12-10T17:30,iso8601,7.45,0.8,mm,53,%,7.6,km/h,28.8,km/h,5,°,2025-12-10,iso8601
9a4098e379a9b102af2e32a4d82c34cb,2025-12-10-20-31,10.7761,106.6384,3,wmo code,Trời nhiều mây,28.8,°C,23.2,°C,32.5,°C,26.4,°C,2025-12-10T06:01,iso8601,2025-12-10T17:31,iso8601,7.35,0.5,mm,53,%,10.0,km/h,28.4,km/h,16,°,2025-12-10,iso8601
8606fcfa7637f55b9401a94f1745d159,2025-12-10-20-35,10.8398,106.7395,3,wmo code,Trời nhiều mây,28.8,°C,23.5,°C,32.9,°C,26.8,°C,2025-12-10T06:00,iso8601,2025-12-10T17:30,iso8601,7.45,0.3,mm,53,%,9.1,km/h,24.8,km/h,10,°,2025-12-10,iso8601
bbef349bd93b88cb702e4838b30e02b5,2025-12-10-20-13,10.7337,106.7116,80,wmo code,Mưa rào nhẹ,28.4,°C,23.6,°C,32.5,°C,26.9,°C,2025-12-10T06:00,iso8601,2025-12-10T17:31,iso8601,7.45,1.0,mm,53,%,8.4,km/h,23.4,km/h,11,°,2025-12-10,iso8601
44e91f11a43e9dfdbe7c1eb4c0c12b82,2025-12-10-20-16,10.7572,106.6619,3,wmo code,Trời nhiều mây,28.8,°C,23.2,°C,32.5,°C,26.4,°C,2025-12-10T06:01,iso8601,2025-12-10T17:31,iso8601,7.35,0.5,mm,53,%,10.0,km/h,28.4,km/h,16,°,2025-12-10,iso8601
f661d7fe234a818fcb8118593f40f036,2025-12-10-20-26,10.7495,106.5938,3,wmo code,Trời nhiều mây,28.9,°C,23.2,°C,32.5,°C,26.5,°C,2025-12-10T06:01,iso8601,2025-12-10T17:31,iso8601,7.35,0.5,mm,60,%,10.0,km/h,28.4,km/h,16,°,2025-12-10,iso8601
fe89e81c704908a30c246e67aed9365a,2025-12-10-20-26,10.6818,106.5407,80,wmo code,Mưa rào nhẹ,28.6,°C,23.2,°C,32.1,°C,26.3,°C,2025-12-10T06:01,iso8601,2025-12-10T17:32,iso8601,7.25,0.8,mm,60,%,10.4,km/h,30.2,km/h,17,°,2025-12-10,iso8601
370350f3368ff088a2066af8a3feae97,2025-12-10-20-27,10.7965,106.6524,3,wmo code,Trời nhiều mây,28.8,°C,23.2,°C,32.4,°C,26.4,°C,2025-12-10T06:01,iso8601,2025-12-10T17:31,iso8601,7.0,0.5,mm,53,%,10.0,km/h,28.4,km/h,16,°,2025-12-10,iso8601
9d4dfa0bc2b0894f70651b92575ada16,2025-12-10-20-32,10.8704,106.5967,3,wmo code,Trời nhiều mây,28.7,°C,23.4,°C,32.7,°C,26.5,°C,2025-12-10T06:01,iso8601,2025-12-10T17:31,iso8601,7.0,0.3,mm,60,%,9.1,km/h,24.8,km/h,10,°,2025-12-10,iso8601
2f289be8da0abc2734fe794b028f9cc7,2025-12-10-20-31,10.8235,106.7061,3,wmo code,Trời nhiều mây,28.8,°C,23.5,°C,32.9,°C,26.7,°C,2025-12-10T06:00,iso8601,2025-12-10T17:30,iso8601,7.45,0.3,mm,53,%,9.1,km/h,24.8,km/h,10,°,2025-12-10,iso8601
61c36bba58e63f03d429f5069ede8f46,2025-12-10-20-35,10.8615,106.6652,3,wmo code,Trời nhiều mây,28.7,°C,23.4,°C,32.8,°C,26.6,°C,2025-12-10T06:01,iso8601,2025-12-10T17:31,iso8601,7.0,0.3,mm,53,%,9.1,km/h,24.8,km/h,10,°,2025-12-10,iso8601
ae789259d7efa21cdf48bf04b0f30669,2025-12-10-20-27,10.7456,106.6237,3,wmo code,Trời nhiều mây,28.8,°C,23.2,°C,32.5,°C,26.4,°C,2025-12-10T06:01,iso8601,2025-12-10T17:31,iso8601,7.35,0.5,mm,60,%,10.0,km/h,28.4,km/h,16,°,2025-12-10,iso8601
a3e6271e60e93a92876b893df4668fb0,2025-12-10-20-28,10.7575,106.6571,3,wmo code,Trời nhiều mây,28.8,°C,23.2,°C,32.4,°C,26.4,°C,2025-12-10T06:01,iso8601,2025-12-10T17:31,iso8601,7.35,0.5,mm,53,%,10.0,km/h,28.4,km/h,16,°,2025-12-10,iso8601
8e91f098c9fc9b9ce3b48432b280fa2e,2025-12-10-20-35,10.8006,106.6611,3,wmo code,Trời nhiều mây,28.8,°C,23.2,°C,32.4,°C,26.4,°C,2025-12-10T06:01,iso8601,2025-12-10T17:31,iso8601,7.0,0.5,mm,53,%,10.0,km/h,28.4,km/h,16,°,2025-12-10,iso8601
fb32fb1c46998abfe7d3427292b49d6a,2025-12-10-20-31,10.8196,106.6903,3,wmo code,Trời nhiều mây,28.7,°C,23.4,°C,32.8,°C,26.6,°C,2025-12-10T06:00,iso8601,2025-12-10T17:30,iso8601,7.0,0.3,mm,53,%,9.1,km/h,24.8,km/h,10,°,2025-12-10,iso8601
a4c90c784cfbf59a11a71a9a246039ef,2025-12-10-20-35,10.8745,106.6291,3,wmo code,Trời nhiều mây,28.7,°C,23.4,°C,32.7,°C,26.6,°C,2025-12-10T06:01,iso8601,2025-12-10T17:31,iso8601,7.0,0.3,mm,53,%,9.1,km/h,24.8,km/h,10,°,2025-12-10,iso8601
2aead65d0da69f72d727b87193dba214,2025-12-10-20-24,10.8547,106.7063,3,wmo code,Trời nhiều mây,28.8,°C,23.5,°C,32.9,°C,26.7,°C,2025-12-10T06:00,iso8601,2025-12-10T17:30,iso8601,7.45,0.3,mm,53,%,9.1,km/h,24.8,km/h,10,°,2025-12-10,iso8601
d4271d4f245b6f89e896ad10f79ee294,2025-12-10-20-24,10.7904,106.657,3,wmo code,Trời nhiều mây,28.8,°C,23.2,°C,32.4,°C,26.4,°C,2025-12-10T06:01,iso8601,2025-12-10T17:31,iso8601,7.0,0.5,mm,53,%,10.0,km/h,28.4,km/h,16,°,2025-12-10,iso8601
06070fea94d2723df987abeeb511b66c,2025-12-10-19-59,10.7814,106.6433,3,wmo code,Trời nhiều mây,28.8,°C,23.2,°C,32.4,°C,26.4,°C,2025-12-10T06:01,iso8601,2025-12-10T17:31,iso8601,7.0,0.5,mm,53,%,10.0,km/h,28.4,km/h,16,°,2025-12-10,iso8601
aef549c188f0d96af305bf3dd1f54ee4,2025-12-10-20-27,10.797,106.6459,3,wmo code,Trời nhiều mây,28.8,°C,23.2,°C,32.4,°C,26.4,°C,2025-12-10T06:01,iso8601,2025-12-10T17:31,iso8601,7.0,0.5,mm,53,%,10.0,km/h,28.4,km/h,16,°,2025-12-10,iso8601
19c8635315668853c94cc17a523ee97f,2025-12-10-20-24,10.8878,106.7288,3,wmo code,Trời nhiều mây,28.8,°C,23.5,°C,32.8,°C,26.7,°C,2025-12-10T06:00,iso8601,2025-12-10T17:30,iso8601,7.45,0.3,mm,40,%,9.1,km/h,24.8,km/h,10,°,2025-12-10,iso8601
2bce33fda4082d0b8462f80a91918a80,2025-12-10-20-35,10.8375,106.6544,3,wmo code,Trời nhiều mây,28.7,°C,23.4,°C,32.7,°C,26.5,°C,2025-12-10T06:01,iso8601,2025-12-10T17:31,iso8601,7.0,0.3,mm,53,%,9.1,km/h,24.8,km/h,10,°,2025-12-10,iso8601
a416cd413de34fbc6b7c43d9e6e71c86,2025-12-10-20-26,10.7817,106.6793,3,wmo code,Trời nhiều mây,28.8,°C,23.2,°C,32.5,°C,26.4,°C,2025-12-10T06:01,iso8601,2025-12-10T17:31,iso8601,7.0,0.5,mm,53,%,10.0,km/h,28.4,km/h,16,°,2025-12-10,iso8601
16af3b86bfbe294ba072106469d09d52,2025-12-10-20-28,10.7632,106.6796,3,wmo code,Trời nhiều mây,28.8,°C,23.2,°C,32.4,°C,26.3,°C,2025-12-10T06:01,iso8601,2025-12-10T17:31,iso8601,7.35,0.5,mm,53,%,10.0,km/h,28.4,km/h,16,°,2025-12-10,iso8601
76ad16bdde3e94469382285b76b17a4b,2025-12-10-20-33,10.7887,106.6529,3,wmo code,Trời nhiều mây,28.8,°C,23.2,°C,32.4,°C,26.4,°C,2025-12-10T06:01,iso8601,2025-12-10T17:31,iso8601,7.0,0.5,mm,53,%,10.0,km/h,28.4,km/h,16,°,2025-12-10,iso8601
ed2a2eeb60f28bf68dfbdaf48dbb553a,2025-12-10-20-25,10.7284,106.7086,80,wmo code,Mưa rào nhẹ,28.4,°C,23.6,°C,32.5,°C,26.9,°C,2025-12-10T06:00,iso8601,2025-12-10T17:31,iso8601,7.45,1.0,mm,53,%,8.4,km/h,23.4,km/h,11,°,2025-12-10,iso8601
45643833053c624086021bbba2dde705,2025-12-10-20-33,10.8707,106.807,3,wmo code,Trời nhiều mây,28.6,°C,23.3,°C,32.6,°C,26.5,°C,2025-12-10T06:00,iso8601,2025-12-10T17:30,iso8601,7.45,0.3,mm,53,%,9.1,km/h,24.8,km/h,10,°,2025-12-10,iso8601
7109a723afaddcb0fa03a82dd564180f,2025-12-10-20-34,10.7747,106.6996,80,wmo code,Mưa rào nhẹ,28.4,°C,23.6,°C,32.5,°C,26.8,°C,2025-12-10T06:00,iso8601,2025-12-10T17:31,iso8601,7.45,1.0,mm,53,%,8.4,km/h,23.4,km/h,11,°,2025-12-10,iso8601
595ab3675628fa88dda774c1528560cd,2025-12-10-20-34,10.7985,106.6431,3,wmo code,Trời nhiều mây,28.8,°C,23.2,°C,32.4,°C,26.4,°C,2025-12-10T06:01,iso8601,2025-12-10T17:31,iso8601,7.0,0.5,mm,53,%,10.0,km/h,28.4,km/h,16,°,2025-12-10,iso8601
001a769ff6f9c3b6d437bcf693969aa4,2025-12-10-20-27,10.6795,106.5694,80,wmo code,Mưa rào nhẹ,28.6,°C,23.1,°C,32.4,°C,26.4,°C,2025-12-10T06:00,iso8601,2025-12-10T17:31,iso8601,7.25,0.5,mm,60,%,10.0,km/h,22.3,km/h,16,°,2025-12-10,iso8601
7fafdc57528daa49e98ef4e9841cfc29,2025-12-10-20-11,10.8839,106.802,3,wmo code,Trời nhiều mây,28.7,°C,23.4,°C,32.7,°C,26.6,°C,2025-12-10T06:00,iso8601,2025-12-10T17:30,iso8601,7.45,0.3,mm,40,%,9.1,km/h,24.8,km/h,10,°,2025-12-10,iso8601
ee3a62132d60650c698f951d336fd4f7,2025-12-10-20-30,10.7672,106.6426,3,wmo code,Trời nhiều mây,28.8,°C,23.2,°C,32.5,°C,26.4,°C,2025-12-10T06:01,iso8601,2025-12-10T17:31,iso8601,7.35,0.5,mm,53,%,10.0,km/h,28.4,km/h,16,°,2025-12-10,iso8601
89408989c4a2c46351ba3ed6474d1b4a,2025-12-10-20-31,10.7936,106.6724,3,wmo code,Trời nhiều mây,28.8,°C,23.2,°C,32.4,°C,26.4,°C,2025-12-10T06:01,iso8601,2025-12-10T17:31,iso8601,7.0,0.5,mm,53,%,10.0,km/h,28.4,km/h,16,°,2025-12-10,iso8601
f0b893d556fe9601f4799f4ef12eeefe,2025-12-10-20-32,10.8499,106.7748,3,wmo code,Trời nhiều mây,28.6,°C,23.3,°C,32.6,°C,26.5,°C,2025-12-10T06:00,iso8601,2025-12-10T17:30,iso8601,7.45,0.3,mm,53,%,9.1,km/h,24.8,km/h,10,°,2025-12-10,iso8601
8500fe7e063f1c328db9844bfe8c6383,2025-12-10-20-34,10.7231,106.8257,80,wmo code,Mưa rào nhẹ,28.3,°C,24.0,°C,32.4,°C,27.4,°C,2025-12-10T06:00,iso8601,2025-12-10T17:30,iso8601,7.45,0.8,mm,53,%,7.6,km/h,28.8,km/h,5,°,2025-12-10,iso8601
b48fb5ab1f77f849ae0eacbf7a2892c6,2025-12-10-20-25,10.7461,106.6689,3,wmo code,Trời nhiều mây,28.8,°C,23.2,°C,32.5,°C,26.4,°C,2025-12-10T06:01,iso8601,2025-12-10T17:31,iso8601,7.35,0.5,mm,53,%,10.0,km/h,28.4,km/h,16,°,2025-12-10,iso8601
1fb9c9a180180aeee163ef5ba2f67729,2025-12-10-20-26,10.7582,106.6703,3,wmo code,Trời nhiều mây,28.8,°C,23.2,°C,32.4,°C,26.4,°C,2025-12-10T06:01,iso8601,2025-12-10T17:31,iso8601,7.35,0.5,mm,53,%,10.0,km/h,28.4,km/h,16,°,2025-12-10,iso8601
e380c78f707437fc909242b77223c5c3,2025-12-10-20-27,10.7796,106.5997,3,wmo code,Trời nhiều mây,28.8,°C,23.2,°C,32.5,°C,26.4,°C,2025-12-10T06:01,iso8601,2025-12-10T17:31,iso8601,7.0,0.5,mm,60,%,10.0,km/h,28.4,km/h,16,°,2025-12-10,iso8601
d69cf294f830fb191a1cc40998045761,2025-12-10-20-30,10.8428,106.6753,3,wmo code,Trời nhiều mây,28.7,°C,23.4,°C,32.7,°C,26.5,°C,2025-12-10T06:01,iso8601,2025-12-10T17:31,iso8601,7.0,0.3,mm,53,%,9.1,km/h,24.8,km/h,10,°,2025-12-10,iso8601
36cd672ab32773a4dcac78b0d3d15c0c,2025-12-10-20-11,10.7822,106.6288,3,wmo code,Trời nhiều mây,28.8,°C,23.2,°C,32.4,°C,26.4,°C,2025-12-10T06:01,iso8601,2025-12-10T17:31,iso8601,7.0,0.5,mm,53,%,10.0,km/h,28.4,km/h,16,°,2025-12-10,iso8601
ae62dda591b44e3574eade56c8fa2357,2025-12-10-20-31,10.7565,106.7024,80,wmo code,Mưa rào nhẹ,28.4,°C,23.6,°C,32.5,°C,26.8,°C,2025-12-10T06:00,iso8601,2025-12-10T17:31,iso8601,7.45,1.0,mm,53,%,8.4,km/h,23.4,km/h,11,°,2025-12-10,iso8601
0239f300f8d0fef3e5e31b4a2bc3b676,2025-12-10-20-15,10.8045,106.7521,80,wmo code,Mưa rào nhẹ,28.4,°C,23.6,°C,32.5,°C,26.9,°C,2025-12-10T06:00,iso8601,2025-12-10T17:31,iso8601,7.45,1.0,mm,53,%,8.4,km/h,23.4,km/h,11,°,2025-12-10,iso8601
83eff32d809455af93e472143bd22c95,2025-12-10-20-34,10.7647,106.6615,3,wmo code,Trời nhiều mây,28.8,°C,23.2,°C,32.5,°C,26.4,°C,2025-12-10T06:01,iso8601,2025-12-10T17:31,iso8601,7.35,0.5,mm,53,%,10.0,km/h,28.4,km/h,16,°,2025-12-10,iso8601
e2b4b00d3773011513d292061d5b72f2,2025-12-10-20-11,10.7817,106.6249,3,wmo code,Trời nhiều mây,28.8,°C,23.2,°C,32.5,°C,26.4,°C,2025-12-10T06:01,iso8601,2025-12-10T17:31,iso8601,7.0,0.5,mm,60,%,10.0,km/h,28.4,km/h,16,°,2025-12-10,iso8601
f09e9c5468720a5fd76e0bf91db34785,2025-12-10-20-32,10.7533,106.6628,3,wmo code,Trời nhiều mây,28.8,°C,23.2,°C,32.4,°C,26.4,°C,2025-12-10T06:01,iso8601,2025-12-10T17:31,iso8601,7.35,0.5,mm,53,%,10.0,km/h,28.4,km/h,16,°,2025-12-10,iso8601
655086087f9d305bbff5202c84368b40,2025-12-10-20-25,10.6765,106.746,95,wmo code,"Dông, có sấm sét",28.1,°C,23.3,°C,32.2,°C,26.6,°C,2025-12-10T06:00,iso8601,2025-12-10T17:31,iso8601,7.45,2.1,mm,53,%,8.7,km/h,27.0,km/h,10,°,2025-12-10,iso8601
5bdefc18782ae7a451aba738f7cf464c,2025-12-10-20-15,10.8458,106.6379,3,wmo code,Trời nhiều mây,28.7,°C,23.4,°C,32.7,°C,26.6,°C,2025-12-10T06:01,iso8601,2025-12-10T17:31,iso8601,7.0,0.3,mm,53,%,9.1,km/h,24.8,km/h,10,°,2025-12-10,iso8601
e46d360f9cb75d169efce5ca305ca559,2025-12-10-20-27,10.8416,106.7466,3,wmo code,Trời nhiều mây,28.8,°C,23.5,°C,32.9,°C,26.7,°C,2025-12-10T06:00,iso8601,2025-12-10T17:30,iso8601,7.45,0.3,mm,53,%,9.1,km/h,24.8,km/h,10,°,2025-12-10,iso8601
f1284f78967f73484fddadf068a2efbb,2025-12-10-20-30,10.7509,106.6565,3,wmo code,Trời nhiều mây,28.8,°C,23.2,°C,32.4,°C,26.4,°C,2025-12-10T06:01,iso8601,2025-12-10T17:31,iso8601,7.35,0.5,mm,53,%,10.0,km/h,28.4,km/h,16,°,2025-12-10,iso8601
7f8b583c5b4428827747d1af9e579b87,2025-12-10-20-26,10.829,106.7223,3,wmo code,Trời nhiều mây,28.8,°C,23.5,°C,32.9,°C,26.7,°C,2025-12-10T06:00,iso8601,2025-12-10T17:30,iso8601,7.45,0.3,mm,53,%,9.1,km/h,24.8,km/h,10,°,2025-12-10,iso8601
d8e73a0a5d9a67a181e31ed261d77952,2025-12-10-20-35,10.8692,106.5939,3,wmo code,Trời nhiều mây,28.7,°C,23.4,°C,32.7,°C,26.6,°C,2025-12-10T06:01,iso8601,2025-12-10T17:31,iso8601,7.0,0.3,mm,60,%,9.1,km/h,24.8,km/h,10,°,2025-12-10,iso8601
4d8509b103f3eae0d50bec454bd6d193,2025-12-10-20-32,10.7736,106.6212,3,wmo code,Trời nhiều mây,28.8,°C,23.2,°C,32.5,°C,26.4,°C,2025-12-10T06:01,iso8601,2025-12-10T17:31,iso8601,7.35,0.5,mm,60,%,10.0,km/h,28.4,km/h,16,°,2025-12-10,iso8601
58d65b1e2a23e9594357ae9e05c9b19d,2025-12-10-20-31,10.7484,106.6691,3,wmo code,Trời nhiều mây,28.8,°C,23.2,°C,32.5,°C,26.5,°C,2025-12-10T06:01,iso8601,2025-12-10T17:31,iso8601,7.35,0.5,mm,53,%,10.0,km/h,28.4,km/h,16,°,2025-12-10,iso8601
905aca3e6f949415084ac2a36c5c2447,2025-12-10-20-34,10.7358,106.6338,3,wmo code,Trời nhiều mây,28.8,°C,23.2,°C,32.5,°C,26.4,°C,2025-12-10T06:01,iso8601,2025-12-10T17:31,iso8601,7.35,0.5,mm,53,%,10.0,km/h,28.4,km/h,16,°,2025-12-10,iso8601
e91d050d81a15c1854aafa980d24fda9,2025-12-10-20-11,10.758,106.6493,3,wmo code,Trời nhiều mây,28.8,°C,23.2,°C,32.5,°C,26.4,°C,2025-12-10T06:01,iso8601,2025-12-10T17:31,iso8601,7.35,0.5,mm,53,%,10.0,km/h,28.4,km/h,16,°,2025-12-10,iso8601
a333685ffb8d0df90a7394f1e42a388a,2025-12-10-20-25,10.7852,106.6568,3,wmo code,Trời nhiều mây,28.8,°C,23.2,°C,32.4,°C,26.4,°C,2025-12-10T06:01,iso8601,2025-12-10T17:31,iso8601,7.0,0.5,mm,53,%,10.0,km/h,28.4,km/h,16,°,2025-12-10,iso8601
502578d2a4f5ec4fc519e0107f31f6c1,2025-12-10-20-15,10.8024,106.6423,3,wmo code,Trời nhiều mây,28.8,°C,23.2,°C,32.4,°C,26.4,°C,2025-12-10T06:01,iso8601,2025-12-10T17:31,iso8601,7.0,0.5,mm,53,%,10.0,km/h,28.4,km/h,16,°,2025-12-10,iso8601
a354da459413cc117dd993c476b53db2,2025-12-10-20-26,10.7932,106.7533,80,wmo code,Mưa rào nhẹ,28.4,°C,23.6,°C,32.5,°C,26.9,°C,2025-12-10T06:00,iso8601,2025-12-10T17:31,iso8601,7.45,1.0,mm,53,%,8.4,km/h,23.4,km/h,11,°,2025-12-10,iso8601
0853e1a6c840ee0fb0057511fad0dab5,2025-12-10-20-27,10.7829,106.6602,3,wmo code,Trời nhiều mây,28.8,°C,23.2,°C,32.4,°C,26.4,°C,2025-12-10T06:01,iso8601,2025-12-10T17:31,iso8601,7.0,0.5,mm,53,%,10.0,km/h,28.4,km/h,16,°,2025-12-10,iso8601
b735a8d0930fb7584bff1435f4a8e3c6,2025-12-10-20-30,10.7433,106.7405,80,wmo code,Mưa rào nhẹ,28.5,°C,23.7,°C,32.5,°C,26.9,°C,2025-12-10T06:00,iso8601,2025-12-10T17:31,iso8601,7.45,1.0,mm,53,%,8.4,km/h,23.4,km/h,11,°,2025-12-10,iso8601
34b694fa39d720c50e59d25c063bdac1,2025-12-10-20-32,10.8548,106.7344,3,wmo code,Trời nhiều mây,28.8,°C,23.5,°C,32.9,°C,26.7,°C,2025-12-10T06:00,iso8601,2025-12-10T17:30,iso8601,7.45,0.3,mm,53,%,9.1,km/h,24.8,km/h,10,°,2025-12-10,iso8601
bcbced11f42b439c245dea1d61eb96f7,2025-12-10-20-31,10.8691,106.7361,3,wmo code,Trời nhiều mây,28.8,°C,23.5,°C,32.8,°C,26.7,°C,2025-12-10T06:00,iso8601,2025-12-10T17:30,iso8601,7.45,0.3,mm,53,%,9.1,km/h,24.8,km/h,10,°,2025-12-10,iso8601
115016d4642e2c221204dff826979d47,2025-12-10-20-34,10.8045,106.6776,3,wmo code,Trời nhiều mây,28.8,°C,23.2,°C,32.4,°C,26.3,°C,2025-12-10T06:01,iso8601,2025-12-10T17:31,iso8601,7.0,0.5,mm,53,%,10.0,km/h,28.4,km/h,16,°,2025-12-10,iso8601
bcc920cc86be8735dfd10dea8cc8b01a,2025-12-10-20-11,10.8188,106.7582,3,wmo code,Trời nhiều mây,28.8,°C,23.5,°C,32.9,°C,26.7,°C,2025-12-10T06:00,iso8601,2025-12-10T17:30,iso8601,7.45,0.3,mm,53,%,9.1,km/h,24.8,km/h,10,°,2025-12-10,iso8601
9a8a0ab0d467f2a0b7a5ddaddc02581d,2025-12-10-20-25,10.814,106.6747,3,wmo code,Trời nhiều mây,28.6,°C,23.3,°C,32.6,°C,26.5,°C,2025-12-10T06:01,iso8601,2025-12-10T17:31,iso8601,7.0,0.3,mm,53,%,9.1,km/h,24.8,km/h,10,°,2025-12-10,iso8601
cec90236b5428cc561e75a4e2a5ae632,2025-12-10-20-26,10.8381,106.69,3,wmo code,Trời nhiều mây,28.8,°C,23.5,°C,32.9,°C,26.7,°C,2025-12-10T06:00,iso8601,2025-12-10T17:30,iso8601,7.0,0.3,mm,53,%,9.1,km/h,24.8,km/h,10,°,2025-12-10,iso8601
6a45776a0cbbd487c673a10dbb3910df,2025-12-10-20-27,10.7736,106.6216,3,wmo code,Trời nhiều mây,28.8,°C,23.2,°C,32.5,°C,26.4,°C,2025-12-10T06:01,iso8601,2025-12-10T17:31,iso8601,7.35,0.5,mm,60,%,10.0,km/h,28.4,km/h,16,°,2025-12-10,iso8601
56d749878949f252ab47fce853218434,2025-12-10-20-15,10.7677,106.6668,3,wmo code,Trời nhiều mây,28.8,°C,23.2,°C,32.5,°C,26.4,°C,2025-12-10T06:01,iso8601,2025-12-10T17:31,iso8601,7.35,0.5,mm,53,%,10.0,km/h,28.4,km/h,16,°,2025-12-10,iso8601
3832b5ff644d3e99f0d5ee7d62f4d159,2025-12-10-20-31,10.7395,106.7068,80,wmo code,Mưa rào nhẹ,28.4,°C,23.6,°C,32.5,°C,26.9,°C,2025-12-10T06:00,iso8601,2025-12-10T17:31,iso8601,7.45,1.0,mm,53,%,8.4,km/h,23.4,km/h,11,°,2025-12-10,iso8601
e83406fd0f1dc9a20354bbdb7bf8535c,2025-12-10-20-30,10.8005,106.7294,80,wmo code,Mưa rào nhẹ,28.4,°C,23.6,°C,32.5,°C,26.9,°C,2025-12-10T06:00,iso8601,2025-12-10T17:31,iso8601,7.45,1.0,mm,53,%,8.4,km/h,23.4,km/h,11,°,2025-12-10,iso8601
7f60e428910a74eb695753b31efbdc48,2025-12-10-20-32,10.7391,106.6047,3,wmo code,Trời nhiều mây,28.9,°C,23.2,°C,32.5,°C,26.5,°C,2025-12-10T06:01,iso8601,2025-12-10T17:31,iso8601,7.35,0.5,mm,60,%,10.0,km/h,28.4,km/h,16,°,2025-12-10,iso8601
c887cc41c12d77baa78fbd1b92c9577e,2025-12-10-20-34,10.8144,106.6786,3,wmo code,Trời nhiều mây,28.6,°C,23.3,°C,32.6,°C,26.5,°C,2025-12-10T06:01,iso8601,2025-12-10T17:31,iso8601,7.0,0.3,mm,53,%,9.1,km/h,24.8,km/h,10,°,2025-12-10,iso8601
aecdc48bd5b765a23d6774bcb21df781,2025-12-10-20-11,10.7778,106.6988,80,wmo code,Mưa rào nhẹ,28.3,°C,23.5,°C,32.4,°C,26.8,°C,2025-12-10T06:00,iso8601,2025-12-10T17:31,iso8601,7.0,1.0,mm,53,%,8.4,km/h,23.4,km/h,11,°,2025-12-10,iso8601
40077c6e55abef8381d592f810bc7d01,2025-12-10-20-25,10.7496,106.5942,3,wmo code,Trời nhiều mây,28.9,°C,23.2,°C,32.5,°C,26.5,°C,2025-12-10T06:01,iso8601,2025-12-10T17:31,iso8601,7.35,0.5,mm,60,%,10.0,km/h,28.4,km/h,16,°,2025-12-10,iso8601
cfee41269e100ac72dee07e16c1b7ab4,2025-12-10-20-26,10.7912,106.7305,80,wmo code,Mưa rào nhẹ,28.4,°C,23.6,°C,32.5,°C,26.9,°C,2025-12-10T06:00,iso8601,2025-12-10T17:31,iso8601,7.45,1.0,mm,53,%,8.4,km/h,23.4,km/h,11,°,2025-12-10,iso8601
9f797eb0474a9398b1fb1540834a545b,2025-12-10-20-15,10.8385,106.6468,3,wmo code,Trời nhiều mây,28.7,°C,23.4,°C,32.7,°C,26.5,°C,2025-12-10T06:01,iso8601,2025-12-10T17:31,iso8601,7.0,0.3,mm,53,%,9.1,km/h,24.8,km/h,10,°,2025-12-10,iso8601
51e315913bf3e64b6750e535df7ea2f3,2025-12-10-20-30,10.863,106.6803,3,wmo code,Trời nhiều mây,28.7,°C,23.4,°C,32.8,°C,26.6,°C,2025-12-10T06:01,iso8601,2025-12-10T17:31,iso8601,7.0,0.3,mm,53,%,9.1,km/h,24.8,km/h,10,°,2025-12-10,iso8601
88c98c9b78471686e9082725625f649e,2025-12-10-20-31,10.7299,106.6022,3,wmo code,Trời nhiều mây,28.9,°C,23.3,°C,32.5,°C,26.5,°C,2025-12-10T06:01,iso8601,2025-12-10T17:31,iso8601,7.35,0.5,mm,60,%,10.0,km/h,28.4,km/h,16,°,2025-12-10,iso8601
859cc58eabb3db34a6b9b682885efa1e,2025-12-10-20-32,10.8683,106.7061,3,wmo code,Trời nhiều mây,28.8,°C,23.5,°C,32.9,°C,26.7,°C,2025-12-10T06:00,iso8601,2025-12-10T17:30,iso8601,7.45,0.3,mm,53,%,9.1,km/h,24.8,km/h,10,°,2025-12-10,iso8601
92e19a071fbcba571548cd78247e6b2a,2025-12-10-20-34,10.814,106.757,3,wmo code,Trời nhiều mây,28.8,°C,23.5,°C,32.9,°C,26.7,°C,2025-12-10T06:00,iso8601,2025-12-10T17:30,iso8601,7.45,0.3,mm,53,%,9.1,km/h,24.8,km/h,10,°,2025-12-10,iso8601
bc2c8ffeea00c0a13227c19cf5fbad4c,2025-12-10-20-11,10.882,106.81,3,wmo code,Trời nhiều mây,28.8,°C,23.5,°C,32.8,°C,26.7,°C,2025-12-10T06:00,iso8601,2025-12-10T17:30,iso8601,7.45,0.3,mm,40,%,9.1,km/h,24.8,km/h,10,°,2025-12-10,iso8601
f521b9189379948467851f9a32299097,2025-12-10-20-27,10.8576,106.786,3,wmo code,Trời nhiều mây,28.8,°C,23.5,°C,32.8,°C,26.7,°C,2025-12-10T06:00,iso8601,2025-12-10T17:30,iso8601,7.45,0.3,mm,53,%,9.1,km/h,24.8,km/h,10,°,2025-12-10,iso8601
92f1cb670876b54073fe61492ce5ff52,2025-12-10-20-15,10.8558,106.7839,3,wmo code,Trời nhiều mây,28.8,°C,23.5,°C,32.8,°C,26.7,°C,2025-12-10T06:00,iso8601,2025-12-10T17:30,iso8601,7.45,0.3,mm,53,%,9.1,km/h,24.8,km/h,10,°,2025-12-10,iso8601
3eda83f2c7043f8944fe188f2437d03d,2025-12-10-20-25,10.7965,106.7825,80,wmo code,Mưa rào nhẹ,28.4,°C,23.6,°C,32.5,°C,26.9,°C,2025-12-10T06:00,iso8601,2025-12-10T17:31,iso8601,7.45,1.0,mm,53,%,8.4,km/h,23.4,km/h,11,°,2025-12-10,iso8601
23e19b9b24c80c1d54994897c9cb32ba,2025-12-10-20-26,10.8755,106.8052,3,wmo code,Trời nhiều mây,28.7,°C,23.4,°C,32.6,°C,26.5,°C,2025-12-10T06:00,iso8601,2025-12-10T17:30,iso8601,7.45,0.3,mm,40,%,9.1,km/h,24.8,km/h,10,°,2025-12-10,iso8601
7c3b51cee3a5d01b4520791f4e9bf61e,2025-12-10-20-27,10.8033,106.679,3,wmo code,Trời nhiều mây,28.8,°C,23.2,°C,32.4,°C,26.4,°C,2025-12-10T06:01,iso8601,2025-12-10T17:31,iso8601,7.0,0.5,mm,53,%,10.0,km/h,28.4,km/h,16,°,2025-12-10,iso8601
affae36eff23201dda569057e2294a40,2025-12-10-20-30,10.8428,106.6753,3,wmo code,Trời nhiều mây,28.7,°C,23.4,°C,32.7,°C,26.5,°C,2025-12-10T06:01,iso8601,2025-12-10T17:31,iso8601,7.0,0.3,mm,53,%,9.1,km/h,24.8,km/h,10,°,2025-12-10,iso8601
608546c09584d04780051ef25b4d4be4,2025-12-10-20-32,10.8739,106.8076,3,wmo code,Trời nhiều mây,28.6,°C,23.3,°C,32.6,°C,26.4,°C,2025-12-10T06:00,iso8601,2025-12-10T17:30,iso8601,7.45,0.3,mm,53,%,9.1,km/h,24.8,km/h,10,°,2025-12-10,iso8601
2d1e2e76955d8d94f92ac490ffbb3d5c,2025-12-10-20-34,10.7923,106.643,3,wmo code,Trời nhiều mây,28.8,°C,23.2,°C,32.4,°C,26.4,°C,2025-12-10T06:01,iso8601,2025-12-10T17:31,iso8601,7.0,0.5,mm,53,%,10.0,km/h,28.4,km/h,16,°,2025-12-10,iso8601
0227b4a3e4d032515da44a51acb1821b,2025-12-10-20-31,10.7564,106.6762,3,wmo code,Trời nhiều mây,28.8,°C,23.2,°C,32.4,°C,26.4,°C,2025-12-10T06:01,iso8601,2025-12-10T17:31,iso8601,7.35,0.5,mm,53,%,10.0,km/h,28.4,km/h,16,°,2025-12-10,iso8601
71d8ab4cb8c71743cfeafd484b7783ec,2025-12-10-20-11,10.7443,106.6957,80,wmo code,Mưa rào nhẹ,28.4,°C,23.6,°C,32.5,°C,26.9,°C,2025-12-10T06:00,iso8601,2025-12-10T17:31,iso8601,7.35,1.0,mm,53,%,8.4,km/h,23.4,km/h,11,°,2025-12-10,iso8601
2d4332f8966c899dd8dbea95386d3b56,2025-12-10-20-31,10.7648,106.6552,3,wmo code,Trời nhiều mây,28.8,°C,23.2,°C,32.4,°C,26.4,°C,2025-12-10T06:01,iso8601,2025-12-10T17:31,iso8601,7.35,0.5,mm,53,%,10.0,km/h,28.4,km/h,16,°,2025-12-10,iso8601
4ff07a09ef09e659f1c634d7433f9bf1,2025-12-10-20-25,10.7557,106.6537,3,wmo code,Trời nhiều mây,28.8,°C,23.2,°C,32.4,°C,26.4,°C,2025-12-10T06:01,iso8601,2025-12-10T17:31,iso8601,7.35,0.5,mm,53,%,10.0,km/h,28.4,km/h,16,°,2025-12-10,iso8601
c6bdbee9943288bb1b2bcb5ad94530c5,2025-12-10-20-30,10.7495,106.5406,80,wmo code,Mưa rào nhẹ,29.0,°C,23.4,°C,32.4,°C,26.5,°C,2025-12-10T06:01,iso8601,2025-12-10T17:32,iso8601,7.25,0.7,mm,60,%,11.7,km/h,25.9,km/h,16,°,2025-12-10,iso8601
d3c7e159184f07572d71181f2e57dc01,2025-12-10-20-27,10.7947,106.6932,80,wmo code,Mưa rào nhẹ,28.4,°C,23.6,°C,32.5,°C,26.9,°C,2025-12-10T06:00,iso8601,2025-12-10T17:31,iso8601,7.0,1.0,mm,53,%,8.4,km/h,23.4,km/h,11,°,2025-12-10,iso8601
d9e1d8b94cec807a05fc468dc86b9c78,2025-12-10-20-26,10.761,106.7005,80,wmo code,Mưa rào nhẹ,28.4,°C,23.6,°C,32.5,°C,26.9,°C,2025-12-10T06:00,iso8601,2025-12-10T17:31,iso8601,7.45,1.0,mm,53,%,8.4,km/h,23.4,km/h,11,°,2025-12-10,iso8601
87328aa0d1502a69d45f20b00705382d,2025-12-10-20-32,10.7536,106.6538,3,wmo code,Trời nhiều mây,28.8,°C,23.2,°C,32.4,°C,26.4,°C,2025-12-10T06:01,iso8601,2025-12-10T17:31,iso8601,7.35,0.5,mm,53,%,10.0,km/h,28.4,km/h,16,°,2025-12-10,iso8601
7b4a911bbd47627a4c3c6b8770466a8e,2025-12-10-20-11,10.8009,106.7151,80,wmo code,Mưa rào nhẹ,28.4,°C,23.6,°C,32.5,°C,26.8,°C,2025-12-10T06:00,iso8601,2025-12-10T17:31,iso8601,7.45,1.0,mm,53,%,8.4,km/h,23.4,km/h,11,°,2025-12-10,iso8601
0cce889e4b92cd3c8337237e70ad81e9,2025-12-10-20-35,10.7701,106.6941,80,wmo code,Mưa rào nhẹ,28.4,°C,23.6,°C,32.4,°C,26.8,°C,2025-12-10T06:00,iso8601,2025-12-10T17:31,iso8601,7.35,1.0,mm,53,%,8.4,km/h,23.4,km/h,11,°,2025-12-10,iso8601
2cf525980f9ddf323e7108cf8319b212,2025-12-10-20-34,10.781,106.6332,3,wmo code,Trời nhiều mây,28.8,°C,23.2,°C,32.5,°C,26.4,°C,2025-12-10T06:01,iso8601,2025-12-10T17:31,iso8601,7.0,0.5,mm,53,%,10.0,km/h,28.4,km/h,16,°,2025-12-10,iso8601
176e65c0c1d48b75b07ce408c37d051b,2025-12-10-20-15,10.7924,106.7031,80,wmo code,Mưa rào nhẹ,28.4,°C,23.6,°C,32.5,°C,26.9,°C,2025-12-10T06:00,iso8601,2025-12-10T17:31,iso8601,7.45,1.0,mm,53,%,8.4,km/h,23.4,km/h,11,°,2025-12-10,iso8601
3c5f99e1ae9591bff23b250b92c22484,2025-12-10-20-26,10.8826,106.616,3,wmo code,Trời nhiều mây,28.7,°C,23.4,°C,32.7,°C,26.6,°C,2025-12-10T06:01,iso8601,2025-12-10T17:31,iso8601,7.0,0.3,mm,43,%,9.1,km/h,24.8,km/h,10,°,2025-12-10,iso8601
5755aa7a27fe77e69dbb596e540c2d08,2025-12-10-20-30,10.7798,106.6679,3,wmo code,Trời nhiều mây,28.8,°C,23.2,°C,32.5,°C,26.4,°C,2025-12-10T06:01,iso8601,2025-12-10T17:31,iso8601,7.0,0.5,mm,53,%,10.0,km/h,28.4,km/h,16,°,2025-12-10,iso8601
ddaa6a2c778e550acc1ad4b09032b1ee,2025-12-10-20-15,10.7766,106.6839,3,wmo code,Trời nhiều mây,28.8,°C,23.2,°C,32.5,°C,26.4,°C,2025-12-10T06:01,iso8601,2025-12-10T17:31,iso8601,7.35,0.5,mm,53,%,10.0,km/h,28.4,km/h,16,°,2025-12-10,iso8601
710295922d5db990b56d770e790aca74,2025-12-10-20-27,10.7779,106.6559,3,wmo code,Trời nhiều mây,28.8,°C,23.2,°C,32.4,°C,26.4,°C,2025-12-10T06:01,iso8601,2025-12-10T17:31,iso8601,7.0,0.5,mm,53,%,10.0,km/h,28.4,km/h,16,°,2025-12-10,iso8601
9639ccbb53d7c7aa83a76252d96f6a30,2025-12-10-20-25,10.7508,106.659,3,wmo code,Trời nhiều mây,28.8,°C,23.2,°C,32.4,°C,26.4,°C,2025-12-10T06:01,iso8601,2025-12-10T17:31,iso8601,7.35,0.5,mm,53,%,10.0,km/h,28.4,km/h,16,°,2025-12-10,iso8601
f1b98271d1e05b7d6be4385423534b68,2025-12-10-20-32,10.8125,106.6644,3,wmo code,Trời nhiều mây,28.7,°C,23.4,°C,32.7,°C,26.5,°C,2025-12-10T06:01,iso8601,2025-12-10T17:31,iso8601,7.0,0.3,mm,53,%,9.1,km/h,24.8,km/h,10,°,2025-12-10,iso8601
f633bf06989ace67548c52bce7130e95,2025-12-10-20-31,10.827,106.6886,3,wmo code,Trời nhiều mây,28.8,°C,23.5,°C,32.8,°C,26.7,°C,2025-12-10T06:00,iso8601,2025-12-10T17:30,iso8601,7.0,0.3,mm,53,%,9.1,km/h,24.8,km/h,10,°,2025-12-10,iso8601
a35f53889128359c0adc816c29f43bee,2025-12-10-20-25,10.7452,106.7026,80,wmo code,Mưa rào nhẹ,28.4,°C,23.6,°C,32.5,°C,26.9,°C,2025-12-10T06:00,iso8601,2025-12-10T17:31,iso8601,7.45,1.0,mm,53,%,8.4,km/h,23.4,km/h,11,°,2025-12-10,iso8601
abfcf67d913fad9e43c3bf2068eb5422,2025-12-10-20-34,10.767,106.6764,3,wmo code,Trời nhiều mây,28.8,°C,23.2,°C,32.5,°C,26.4,°C,2025-12-10T06:01,iso8601,2025-12-10T17:31,iso8601,7.35,0.5,mm,53,%,10.0,km/h,28.4,km/h,16,°,2025-12-10,iso8601
7d3e7728e0ffb113b4066d8f20fe2905,2025-12-10-20-26,10.747,106.6604,3,wmo code,Trời nhiều mây,28.8,°C,23.2,°C,32.5,°C,26.4,°C,2025-12-10T06:01,iso8601,2025-12-10T17:31,iso8601,7.35,0.5,mm,53,%,10.0,km/h,28.4,km/h,16,°,2025-12-10,iso8601
dc93c8af5cdfc8db446940a3fa18c38c,2025-12-10-20-27,10.7483,106.6604,3,wmo code,Trời nhiều mây,28.8,°C,23.2,°C,32.5,°C,26.5,°C,2025-12-10T06:01,iso8601,2025-12-10T17:31,iso8601,7.35,0.5,mm,53,%,10.0,km/h,28.4,km/h,16,°,2025-12-10,iso8601
78740639d5410ec885bd93d91e8f95e8,2025-12-10-20-11,10.8787,106.762,3,wmo code,Trời nhiều mây,28.7,°C,23.4,°C,32.7,°C,26.5,°C,2025-12-10T06:00,iso8601,2025-12-10T17:30,iso8601,7.45,0.3,mm,40,%,9.1,km/h,24.8,km/h,10,°,2025-12-10,iso8601
5ed1d84c0052c947a404073cd8ce65e0,2025-12-10-20-30,10.7723,106.6496,3,wmo code,Trời nhiều mây,28.8,°C,23.2,°C,32.5,°C,26.4,°C,2025-12-10T06:01,iso8601,2025-12-10T17:31,iso8601,7.35,0.5,mm,53,%,10.0,km/h,28.4,km/h,16,°,2025-12-10,iso8601
86eb4d8d56efd88ec1eae6d1a69b2f73,2025-12-10-20-31,10.7842,106.6518,3,wmo code,Trời nhiều mây,28.8,°C,23.2,°C,32.4,°C,26.4,°C,2025-12-10T06:01,iso8601,2025-12-10T17:31,iso8601,7.0,0.5,mm,53,%,10.0,km/h,28.4,km/h,16,°,2025-12-10,iso8601
ef6c0c2ac69dc2cecbcb7b9f18c1d4e9,2025-12-10-20-12,10.8214,106.6064,3,wmo code,Trời nhiều mây,28.7,°C,23.4,°C,32.7,°C,26.6,°C,2025-12-10T06:01,iso8601,2025-12-10T17:31,iso8601,7.0,0.3,mm,60,%,9.1,km/h,24.8,km/h,10,°,2025-12-10,iso8601
d925d332c329172d9673b1ef681cb8ac,2025-12-10-20-32,10.7209,106.6572,3,wmo code,Trời nhiều mây,28.8,°C,23.2,°C,32.5,°C,26.5,°C,2025-12-10T06:01,iso8601,2025-12-10T17:31,iso8601,7.35,0.5,mm,53,%,10.0,km/h,28.4,km/h,16,°,2025-12-10,iso8601
438d803e98b5e9edb01239ed9f38a441,2025-12-10-20-34,10.833,106.7645,3,wmo code,Trời nhiều mây,28.8,°C,23.5,°C,32.8,°C,26.7,°C,2025-12-10T06:00,iso8601,2025-12-10T17:30,iso8601,7.45,0.3,mm,53,%,9.1,km/h,24.8,km/h,10,°,2025-12-10,iso8601
44b0a456b8ab0fb802669e4db97cfdd5,2025-12-10-20-25,10.7776,106.6812,3,wmo code,Trời nhiều mây,28.8,°C,23.2,°C,32.5,°C,26.4,°C,2025-12-10T06:01,iso8601,2025-12-10T17:31,iso8601,7.35,0.5,mm,53,%,10.0,km/h,28.4,km/h,16,°,2025-12-10,iso8601
e8d90eb9032231c4be24225137eedb98,2025-12-10-20-15,10.846,106.7288,3,wmo code,Trời nhiều mây,28.8,°C,23.5,°C,32.9,°C,26.7,°C,2025-12-10T06:00,iso8601,2025-12-10T17:30,iso8601,7.45,0.3,mm,53,%,9.1,km/h,24.8,km/h,10,°,2025-12-10,iso8601
1184d7a8983d26d2dfdf9a31af40a31d,2025-12-10-20-26,10.7898,106.6839,3,wmo code,Trời nhiều mây,28.8,°C,23.2,°C,32.4,°C,26.4,°C,2025-12-10T06:01,iso8601,2025-12-10T17:31,iso8601,7.0,0.5,mm,53,%,10.0,km/h,28.4,km/h,16,°,2025-12-10,iso8601
05c137fe6c30f85f4f01fbd41b8e0694,2025-12-10-20-27,10.8746,106.6085,3,wmo code,Trời nhiều mây,28.7,°C,23.4,°C,32.7,°C,26.6,°C,2025-12-10T06:01,iso8601,2025-12-10T17:31,iso8601,7.0,0.3,mm,60,%,9.1,km/h,24.8,km/h,10,°,2025-12-10,iso8601
7d37add08c105b05319c0a817946b108,2025-12-10-20-31,10.7677,106.674,3,wmo code,Trời nhiều mây,28.8,°C,23.2,°C,32.4,°C,26.4,°C,2025-12-10T06:01,iso8601,2025-12-10T17:31,iso8601,7.35,0.5,mm,53,%,10.0,km/h,28.4,km/h,16,°,2025-12-10,iso8601
3e121d99cb433ec1d4c82ffd2797d0c0,2025-12-10-20-34,10.7832,106.6254,3,wmo code,Trời nhiều mây,28.8,°C,23.2,°C,32.5,°C,26.4,°C,2025-12-10T06:01,iso8601,2025-12-10T17:31,iso8601,7.0,0.5,mm,53,%,10.0,km/h,28.4,km/h,16,°,2025-12-10,iso8601
e5e232dd1ecdfa053e24715dba274d25,2025-12-10-20-31,10.7795,106.6786,3,wmo code,Trời nhiều mây,28.8,°C,23.2,°C,32.4,°C,26.4,°C,2025-12-10T06:01,iso8601,2025-12-10T17:31,iso8601,7.0,0.5,mm,53,%,10.0,km/h,28.4,km/h,16,°,2025-12-10,iso8601
b23cf7a2151170ab26baf9f070c25912,2025-12-10-20-15,10.7739,106.6646,3,wmo code,Trời nhiều mây,28.8,°C,23.2,°C,32.4,°C,26.4,°C,2025-12-10T06:01,iso8601,2025-12-10T17:31,iso8601,7.35,0.5,mm,53,%,10.0,km/h,28.4,km/h,16,°,2025-12-10,iso8601
cd895fd509f55daf8729076c41d8fa39,2025-12-10-20-32,10.7524,106.7242,80,wmo code,Mưa rào nhẹ,28.4,°C,23.6,°C,32.5,°C,26.9,°C,2025-12-10T06:00,iso8601,2025-12-10T17:31,iso8601,7.45,1.0,mm,53,%,8.4,km/h,23.4,km/h,11,°,2025-12-10,iso8601
bdce1bfc0b89165c9a039761cedcc781,2025-12-10-20-12,10.7597,106.6588,3,wmo code,Trời nhiều mây,28.8,°C,23.2,°C,32.4,°C,26.4,°C,2025-12-10T06:01,iso8601,2025-12-10T17:31,iso8601,7.35,0.5,mm,53,%,10.0,km/h,28.4,km/h,16,°,2025-12-10,iso8601
af4f9bffc8e9c8f8229437465291e32e,2025-12-10-20-25,10.8671,106.7579,3,wmo code,Trời nhiều mây,28.6,°C,23.3,°C,32.6,°C,26.5,°C,2025-12-10T06:00,iso8601,2025-12-10T17:30,iso8601,7.45,0.3,mm,53,%,9.1,km/h,24.8,km/h,10,°,2025-12-10,iso8601
b27d420fb851a52c8488abd8cc1361e9,2025-12-10-20-27,10.7876,106.6783,3,wmo code,Trời nhiều mây,28.8,°C,23.2,°C,32.4,°C,26.4,°C,2025-12-10T06:01,iso8601,2025-12-10T17:31,iso8601,7.0,0.5,mm,53,%,10.0,km/h,28.4,km/h,16,°,2025-12-10,iso8601
8fd77284e48fb199ce2e9b333fed3361,2025-12-10-20-26,10.866,106.7817,3,wmo code,Trời nhiều mây,28.8,°C,23.5,°C,32.8,°C,26.7,°C,2025-12-10T06:00,iso8601,2025-12-10T17:30,iso8601,7.45,0.3,mm,53,%,9.1,km/h,24.8,km/h,10,°,2025-12-10,iso8601
8b7b56809af4395a2a2a9a0c41c89784,2025-12-10-20-31,10.8194,106.6018,3,wmo code,Trời nhiều mây,28.7,°C,23.4,°C,32.7,°C,26.6,°C,2025-12-10T06:01,iso8601,2025-12-10T17:31,iso8601,7.0,0.3,mm,60,%,9.1,km/h,24.8,km/h,10,°,2025-12-10,iso8601
2ee54e5ee76e59ff3f929020cdb1aca7,2025-12-10-20-32,10.7665,106.643,3,wmo code,Trời nhiều mây,28.8,°C,23.2,°C,32.5,°C,26.4,°C,2025-12-10T06:01,iso8601,2025-12-10T17:31,iso8601,7.35,0.5,mm,53,%,10.0,km/h,28.4,km/h,16,°,2025-12-10,iso8601
009679450cd5669cc80d7892fd165528,2025-12-10-20-34,10.77,106.6705,3,wmo code,Trời nhiều mây,28.8,°C,23.2,°C,32.4,°C,26.4,°C,2025-12-10T06:01,iso8601,2025-12-10T17:31,iso8601,7.35,0.5,mm,53,%,10.0,km/h,28.4,km/h,16,°,2025-12-10,iso8601
3c39db0c557be235aff028b5bb55ca41,2025-12-10-20-15,10.7711,106.6735,3,wmo code,Trời nhiều mây,28.8,°C,23.2,°C,32.4,°C,26.4,°C,2025-12-10T06:01,iso8601,2025-12-10T17:31,iso8601,7.35,0.5,mm,53,%,10.0,km/h,28.4,km/h,16,°,2025-12-10,iso8601
5691ba95d95c1aa1bbdbfc3f0d552ef6,2025-12-10-20-26,10.7805,106.6792,3,wmo code,Trời nhiều mây,28.8,°C,23.2,°C,32.4,°C,26.4,°C,2025-12-10T06:01,iso8601,2025-12-10T17:31,iso8601,7.0,0.5,mm,53,%,10.0,km/h,28.4,km/h,16,°,2025-12-10,iso8601
c694e7862fc1ac6adb6b4007bc39a2dc,2025-12-10-20-25,10.7887,106.7035,80,wmo code,Mưa rào nhẹ,28.4,°C,23.6,°C,32.4,°C,26.8,°C,2025-12-10T06:00,iso8601,2025-12-10T17:31,iso8601,7.45,1.0,mm,53,%,8.4,km/h,23.4,km/h,11,°,2025-12-10,iso8601
3d02b982334a09910b9e3f9b126003ec,2025-12-10-20-31,10.8707,106.6364,3,wmo code,Trời nhiều mây,28.7,°C,23.4,°C,32.7,°C,26.5,°C,2025-12-10T06:01,iso8601,2025-12-10T17:31,iso8601,7.0,0.3,mm,53,%,9.1,km/h,24.8,km/h,10,°,2025-12-10,iso8601
f2f81afbd87997f065cf79da637f73d2,2025-12-10-20-27,10.767,106.6423,3,wmo code,Trời nhiều mây,28.8,°C,23.2,°C,32.5,°C,26.4,°C,2025-12-10T06:01,iso8601,2025-12-10T17:31,iso8601,7.35,0.5,mm,53,%,10.0,km/h,28.4,km/h,16,°,2025-12-10,iso8601
713803d72db3be4d1ed05f4689594598,2025-12-10-20-15,10.8754,106.7588,3,wmo code,Trời nhiều mây,28.6,°C,23.3,°C,32.6,°C,26.4,°C,2025-12-10T06:00,iso8601,2025-12-10T17:30,iso8601,7.45,0.3,mm,40,%,9.1,km/h,24.8,km/h,10,°,2025-12-10,iso8601
1171672493fa5b8fbd4b784a3056fee0,2025-12-10-20-31,10.839,106.7683,3,wmo code,Trời nhiều mây,28.8,°C,23.5,°C,32.8,°C,26.7,°C,2025-12-10T06:00,iso8601,2025-12-10T17:30,iso8601,7.45,0.3,mm,53,%,9.1,km/h,24.8,km/h,10,°,2025-12-10,iso8601
52df55a8e22750e0d0d9e4e3f96047fc,2025-12-10-20-32,10.7483,106.588,3,wmo code,Trời nhiều mây,28.9,°C,23.3,°C,32.5,°C,26.5,°C,2025-12-10T06:01,iso8601,2025-12-10T17:31,iso8601,7.35,0.5,mm,60,%,10.0,km/h,28.4,km/h,16,°,2025-12-10,iso8601
8da38d271aa21402dd0b42416c8a052d,2025-12-10-20-34,10.7673,106.6997,80,wmo code,Mưa rào nhẹ,28.4,°C,23.6,°C,32.4,°C,26.8,°C,2025-12-10T06:00,iso8601,2025-12-10T17:31,iso8601,7.45,1.0,mm,53,%,8.4,km/h,23.4,km/h,11,°,2025-12-10,iso8601
bc8b674fa2656d9856cee71aa75df426,2025-12-10-20-12,10.7639,106.6269,3,wmo code,Trời nhiều mây,28.8,°C,23.2,°C,32.5,°C,26.4,°C,2025-12-10T06:01,iso8601,2025-12-10T17:31,iso8601,7.35,0.5,mm,53,%,10.0,km/h,28.4,km/h,16,°,2025-12-10,iso8601
f506c2954e91ae6562d11c8524b84e60,2025-12-10-20-12,10.7267,106.7232,80,wmo code,Mưa rào nhẹ,28.4,°C,23.6,°C,32.5,°C,26.9,°C,2025-12-10T06:00,iso8601,2025-12-10T17:31,iso8601,7.45,1.0,mm,53,%,8.4,km/h,23.4,km/h,11,°,2025-12-10,iso8601
2bce33fda4082d0b8462f80a91918a80,2025-12-10-20-31,10.8431,106.642,3,wmo code,Trời nhiều mây,28.7,°C,23.4,°C,32.7,°C,26.6,°C,2025-12-10T06:01,iso8601,2025-12-10T17:31,iso8601,7.0,0.3,mm,53,%,9.1,km/h,24.8,km/h,10,°,2025-12-10,iso8601
e4ee678074d501ededfc633aa04e35b4,2025-12-10-20-16,10.8392,106.6996,3,wmo code,Trời nhiều mây,28.8,°C,23.5,°C,32.9,°C,26.7,°C,2025-12-10T06:00,iso8601,2025-12-10T17:30,iso8601,7.45,0.3,mm,53,%,9.1,km/h,24.8,km/h,10,°,2025-12-10,iso8601
33659cfa335ae26ebb27ec2d943d073d,2025-12-10-20-25,10.7985,106.6707,3,wmo code,Trời nhiều mây,28.8,°C,23.2,°C,32.4,°C,26.4,°C,2025-12-10T06:01,iso8601,2025-12-10T17:31,iso8601,7.0,0.5,mm,53,%,10.0,km/h,28.4,km/h,16,°,2025-12-10,iso8601
c8211d047c9c3e383930be241bcf7320,2025-12-10-20-27,10.8857,106.6283,3,wmo code,Trời nhiều mây,28.7,°C,23.4,°C,32.7,°C,26.6,°C,2025-12-10T06:01,iso8601,2025-12-10T17:31,iso8601,7.0,0.3,mm,40,%,9.1,km/h,24.8,km/h,10,°,2025-12-10,iso8601
b27f4ea2c0973e77fb34bb8981236aee,2025-12-10-20-26,10.8654,106.7239,3,wmo code,Trời nhiều mây,28.8,°C,23.5,°C,32.9,°C,26.7,°C,2025-12-10T06:00,iso8601,2025-12-10T17:30,iso8601,7.45,0.3,mm,53,%,9.1,km/h,24.8,km/h,10,°,2025-12-10,iso8601
62835832e483076673d3f22b2e00fb89,2025-12-10-20-31,10.7884,106.6173,3,wmo code,Trời nhiều mây,28.8,°C,23.2,°C,32.5,°C,26.4,°C,2025-12-10T06:01,iso8601,2025-12-10T17:31,iso8601,7.0,0.5,mm,60,%,10.0,km/h,28.4,km/h,16,°,2025-12-10,iso8601
2a2bdd55372e1f53cafe4e2e4e7f1833,2025-12-10-20-31,10.74,106.6962,80,wmo code,Mưa rào nhẹ,28.4,°C,23.6,°C,32.5,°C,26.9,°C,2025-12-10T06:00,iso8601,2025-12-10T17:31,iso8601,7.35,1.0,mm,53,%,8.4,km/h,23.4,km/h,11,°,2025-12-10,iso8601
a4d23f755ffadbb80a311a3f1f5a0741,2025-12-10-20-32,10.8528,106.6262,3,wmo code,Trời nhiều mây,28.7,°C,23.4,°C,32.7,°C,26.5,°C,2025-12-10T06:01,iso8601,2025-12-10T17:31,iso8601,7.0,0.3,mm,53,%,9.1,km/h,24.8,km/h,10,°,2025-12-10,iso8601
d71075b573bf8cbe8cefc364bdaff47e,2025-12-10-20-35,10.8123,106.6769,3,wmo code,Trời nhiều mây,28.8,°C,23.2,°C,32.4,°C,26.3,°C,2025-12-10T06:01,iso8601,2025-12-10T17:31,iso8601,7.0,0.5,mm,53,%,10.0,km/h,28.4,km/h,16,°,2025-12-10,iso8601
3b0c65fbbda8e0cd59cdefaf2c9c1cac,2025-12-10-20-35,10.8154,106.666,3,wmo code,Trời nhiều mây,28.7,°C,23.4,°C,32.7,°C,26.5,°C,2025-12-10T06:01,iso8601,2025-12-10T17:31,iso8601,7.0,0.3,mm,53,%,9.1,km/h,24.8,km/h,10,°,2025-12-10,iso8601
cb34d856f0147d4c3d17b72014bb9ab8,2025-12-10-20-16,10.7274,106.7086,80,wmo code,Mưa rào nhẹ,28.4,°C,23.6,°C,32.5,°C,26.9,°C,2025-12-10T06:00,iso8601,2025-12-10T17:31,iso8601,7.45,1.0,mm,53,%,8.4,km/h,23.4,km/h,11,°,2025-12-10,iso8601
c15265178536469ed1ba284720b67dff,2025-12-10-20-25,10.7414,106.6185,3,wmo code,Trời nhiều mây,28.8,°C,23.2,°C,32.5,°C,26.4,°C,2025-12-10T06:01,iso8601,2025-12-10T17:31,iso8601,7.35,0.5,mm,60,%,10.0,km/h,28.4,km/h,16,°,2025-12-10,iso8601
2750d3a201062d7deb2e154049891644,2025-12-10-20-12,10.8085,106.7555,80,wmo code,Mưa rào nhẹ,28.4,°C,23.6,°C,32.5,°C,26.9,°C,2025-12-10T06:00,iso8601,2025-12-10T17:31,iso8601,7.45,1.0,mm,53,%,8.4,km/h,23.4,km/h,11,°,2025-12-10,iso8601
c7c102c8e6c34a986cf645c6de46fb6a,2025-12-10-20-26,10.7807,106.6832,3,wmo code,Trời nhiều mây,28.8,°C,23.2,°C,32.4,°C,26.4,°C,2025-12-10T06:01,iso8601,2025-12-10T17:31,iso8601,7.0,0.5,mm,53,%,10.0,km/h,28.4,km/h,16,°,2025-12-10,iso8601
849475e29344d63175677faaf9f43a7f,2025-12-10-20-31,10.7559,106.6939,80,wmo code,Mưa rào nhẹ,28.4,°C,23.6,°C,32.5,°C,26.9,°C,2025-12-10T06:00,iso8601,2025-12-10T17:31,iso8601,7.35,1.0,mm,53,%,8.4,km/h,23.4,km/h,11,°,2025-12-10,iso8601
b6fb62baf6936c2ab4c2ff0a26544458,2025-12-10-20-31,10.7712,106.6992,80,wmo code,Mưa rào nhẹ,28.4,°C,23.6,°C,32.5,°C,26.9,°C,2025-12-10T06:00,iso8601,2025-12-10T17:31,iso8601,7.45,1.0,mm,53,%,8.4,km/h,23.4,km/h,11,°,2025-12-10,iso8601
ebc31b6ef32a57d11f594403a5d7a7e5,2025-12-10-20-35,10.8347,106.714,3,wmo code,Trời nhiều mây,28.8,°C,23.5,°C,32.9,°C,26.7,°C,2025-12-10T06:00,iso8601,2025-12-10T17:30,iso8601,7.45,0.3,mm,53,%,9.1,km/h,24.8,km/h,10,°,2025-12-10,iso8601
ce4327b3f6072e0dbf5eb07c335a2423,2025-12-10-20-32,10.7959,106.6927,80,wmo code,Mưa rào nhẹ,28.4,°C,23.6,°C,32.4,°C,26.8,°C,2025-12-10T06:00,iso8601,2025-12-10T17:31,iso8601,7.0,1.0,mm,53,%,8.4,km/h,23.4,km/h,11,°,2025-12-10,iso8601
d1e5a78b3acce6585c46e25516d7c517,2025-12-10-20-12,10.755,106.71,80,wmo code,Mưa rào nhẹ,28.4,°C,23.6,°C,32.5,°C,26.9,°C,2025-12-10T06:00,iso8601,2025-12-10T17:31,iso8601,7.45,1.0,mm,53,%,8.4,km/h,23.4,km/h,11,°,2025-12-10,iso8601
4f59a582beebb746b7d50caf04dd2313,2025-12-10-20-16,10.8119,106.8597,80,wmo code,Mưa rào nhẹ,28.4,°C,24.1,°C,32.6,°C,27.5,°C,2025-12-10T06:00,iso8601,2025-12-10T17:30,iso8601,7.45,0.8,mm,53,%,7.6,km/h,28.8,km/h,5,°,2025-12-10,iso8601
c801fe90087f87f5259cf31d5c9b79fd,2025-12-10-20-25,10.7778,106.6849,3,wmo code,Trời nhiều mây,28.8,°C,23.2,°C,32.5,°C,26.4,°C,2025-12-10T06:01,iso8601,2025-12-10T17:31,iso8601,7.0,0.5,mm,53,%,10.0,km/h,28.4,km/h,16,°,2025-12-10,iso8601
a25cddb3055d03469e0df03c4b4e7b74,2025-12-10-20-27,10.8375,106.7327,3,wmo code,Trời nhiều mây,28.8,°C,23.5,°C,32.9,°C,26.7,°C,2025-12-10T06:00,iso8601,2025-12-10T17:30,iso8601,7.45,0.3,mm,53,%,9.1,km/h,24.8,km/h,10,°,2025-12-10,iso8601
9b8f748464a27e77deaba78654baa271,2025-12-10-20-26,10.769,106.6941,80,wmo code,Mưa rào nhẹ,28.4,°C,23.6,°C,32.5,°C,26.9,°C,2025-12-10T06:00,iso8601,2025-12-10T17:31,iso8601,7.35,1.0,mm,53,%,8.4,km/h,23.4,km/h,11,°,2025-12-10,iso8601
899dff6a96181346a2b25681752045b3,2025-12-10-20-27,10.7227,106.6009,3,wmo code,Trời nhiều mây,28.8,°C,23.2,°C,32.5,°C,26.5,°C,2025-12-10T06:01,iso8601,2025-12-10T17:31,iso8601,7.35,0.5,mm,60,%,10.0,km/h,28.4,km/h,16,°,2025-12-10,iso8601
