segmentId,lat_start,lon_start,lat_end,lon_end,roadType,surface,oneway,laneCount,speedLimit,bridgeTunnel,lengthKm,curvatureIndex,bearing
683eb6ab2f5b246fe5f26810dcd622e6,10.76834,106.7031455,10.7684374,106.7033248,trunk,concrete,yes,2.0,60.0,yes,0.022374998105866812,0.00027669999999879735,61.05909966725682
d28f9805e77813f319c677cb444dfce1,10.7595294,106.6669516,10.756343,106.6510842,secondary,asphalt,,4.0,,,1.7709368076552727,0.01905380000000534,258.448976289405
bbeb07f9a089bedd155baaa9b579d55a,10.7617534,106.6421148,10.7832411,106.6506569,service,,,,,,2.5538415011121325,0.03002979999999944,21.331273244599743
4869ffae04cd771f60b7dfcaead0a72a,10.7935904,106.7005728,10.7937716,106.70102,primary,asphalt,yes,5.0,,yes,0.05285478144716451,0.0006283999999965317,67.58451735194075
55e4432faa8ad1368e806091630dc2d3,10.7752936,106.6864011,10.7756788,106.6867311,primary,asphalt,yes,2.0,,,0.05583978711779597,0.000715200000005467,40.083664493116714
7f362eb9d004c8522086c73ce9e6285d,10.75857,106.6924841,10.759772,106.6919236,service,,,,,,0.14640969266804124,0.0017625000000052182,335.3871226945296
c92e18b7d4f20ac4be939fb7fe5c58a2,10.7875007,106.7093873,10.7876817,106.7096016,primary,asphalt,yes,3.0,70.0,yes,0.030824173298449088,0.00039529999999565746,49.31087218336796
df680cf0fabe4b8dc0795d65b5d20a3b,10.8033698,106.7048266,10.8139316,106.6656805,primary,asphalt,yes,3.0,,,4.43746787089511,0.04970790000001024,285.3627530997404
c9b2939c8ba6b984ae95e6e041175d8b,10.8428497,106.8286983,10.8424012,106.8281916,secondary,asphalt,,2.0,,,0.07437004807710357,0.0009552000000034866,227.97397866245242
2136c3192726c0e694b394f0c65857a9,10.8388107,106.6491032,10.8408842,106.6452271,residential,asphalt,no,2.0,,,0.48191507046970744,0.005949599999999222,298.57588232245274
ec6c6355699743d70c5381c665642fa9,10.8029724,106.7101437,10.8033698,106.7048266,primary,asphalt,yes,3.0,,,0.583134153695524,0.005714499999999845,274.35166508503977
c1c7bebd046c78de85af63031345758b,10.7453991,106.6239247,10.745339,106.6240715,secondary,asphalt,,2.0,,,0.017378773626570063,0.00020689999999667918,112.62183552665715
2ba21a7b022c1186a6bd163eb67f0767,10.7932441,106.7532978,10.7938273,106.7522965,,,,,,,0.12709388394010968,0.0015844999999981013,300.6651843495291
503a52eeed0790acd339d51c90ef176b,10.7703883,106.6581461,10.7736176,106.6614007,,,,,,,0.5042814860044006,0.006483900000004539,44.713954430404215
b034913b0db8ea0e0f47db34dc47e2ed,10.7659563,106.6640385,10.7659563,106.6640385,,,,,,,0.0,0.0,0.0
b76c7c2e672a8e28c050abfd7e3b5e44,10.7520876,106.6082145,10.7519761,106.6081604,,,,,,,0.013679410672882546,0.00016559999999898878,205.48637173229667
2114a8daa83733939564f0044b3965ee,10.756343,106.6510842,10.7601722,106.6704457,service,concrete,,,,,2.159619431252239,0.02319070000000245,78.6159816384772
c38aa5c0d5fc31670bb16d46e24ef81f,10.8738915,106.8076326,10.8749777,106.8056563,,,,,,,0.2472337104516236,0.0030625000000110703,299.2343021457507
9db60285c5aba8e4758548a35df9479c,10.7713876,106.6930624,10.7715326,106.6933233,tertiary,asphalt,yes,2.0,,,0.03273353865378729,0.0004059000000005142,60.50154990538459
d4865f31b7f781ff958977d335e6317f,10.8143614,106.6938401,10.8085648,106.6882022,tertiary,,,,,,0.8895143753408157,0.011434499999996461,223.69264667130736
8432706ddfa3bd4f7e8e92b706615767,10.7844433,106.7192073,10.7874118,106.7177091,,,,,,,0.36696661392853597,0.004466700000000046,333.62871053311835
473d44262db17e4c46a10c198b2f3462,10.769328,106.7748346,10.7655125,106.770577,primary,asphalt,yes,3.0,,yes,0.6284614846812162,0.008073100000002498,227.62860516545538
3b3b6c71bc56224573802ca93475fbc5,10.8347246,106.7139796,10.8350834,106.7139479,,,,,,,0.039839217579248326,0.0003905000000088421,355.0405829680141
b781236dca5bfa835b4da640e17c1220,10.7832411,106.6506569,10.7795043,106.6499053,,,,,,,0.42143350200138363,0.004488400000001391,191.17685272177695
c473be2a906444d0369597a00f2d02e2,10.75373,106.65443,10.7554182,106.6634172,,,,,,,1.000572466500804,0.010675399999993118,79.17466588883764
55ccfe3b8cc62092c0f683d3150576dd,10.7690082,106.6524868,10.7690082,106.6524868,,,,,,,0.0,0.0,0.0
a0b44161ed410c184c983724dfa07252,10.7369895,106.6402431,10.7369774,106.6403352,,,,,,,0.010162721130846285,0.00010419999998845242,97.61640140965187
89717ea83c8ba2f96612daa0c91e34a8,10.7923857,106.7519936,10.7926848,106.7536837,,,,,,,0.1877724808453984,0.0019891999999899213,79.78707289539034
4895366b846a0574cf37efaf368c4c53,10.86564,106.6000503,10.8704157,106.5966668,,,,,,,0.6449114314223607,0.008159200000012135,325.1710784253314
5caee121e4cd59a926bb14cc35e5c139,10.7680299,106.6953474,10.7644448,106.692428,,,,,,,0.5091298245678124,0.0065044999999965825,218.65941103427605
d06fa18a44cc11b5cb35531f08763637,10.7780742,106.685171,10.7903743,106.697507,,,,,,,1.9160608930945036,0.024636100000003935,44.57187686309544
151fb1f7b0cbc485411022d1d1bd8c1a,10.7669237,106.6422282,10.7670183,106.641639,,,,,,,0.06528630974796205,0.0006838000000080058,279.28206681175664
0e03bfffb12c2edc7f7870fe6ef80b49,10.782412,106.6956364,10.7746152,106.6884994,,,,,,,1.1632108299897814,0.01493380000000144,221.9633688116475
990d433207a3530a05835650f75c799f,10.8762972,106.8030852,10.8674881,106.7842783,,,,,,,2.2754349742301425,0.02761600000000186,244.50259290581238
251af238762e645b058f1c0965984991,10.7704106,106.7062443,10.7705573,106.7062775,,,,,,,0.016628244963297064,0.0001799000000044515,12.53443831707034
02d3d016002b2a44786e74cf4b327981,10.7633776,106.7037719,10.763364,106.7038326,,,,,,,0.006807291102803345,7.429999999253312e-05,102.84742296007937
336ba788afdca70fe6b18cfe53af2eb1,10.7526979,106.6694499,10.7519097,106.658894,,,,,,,1.1578680735408355,0.011344099999998747,265.65465841597836
4db57af35ab40b4ec03aff974b516941,10.7894105,106.6516978,10.7897093,106.6518377,,,,,,,0.03642081263056388,0.00043870000000723053,24.699055633744365
5cdef391d8fb95d0951bf979aa488f31,10.7897093,106.6518377,10.7896403,106.6520158,,,,,,,0.020919755645606514,0.00024709999999927845,111.52402695283996
c255557e22b12f85a98e7481f1fd1056,10.7554182,106.6634172,10.7550108,106.6603376,,,,,,,0.33983766030919593,0.003486999999990914,262.3312344650785
0c9f8d5f24dd32e45b72fc7ec206e4b8,10.8600761,106.6505875,10.860121,106.650645,,,,,,,0.008012039649691905,0.00010239999999583915,51.51143870382958
1ae046bfdf08ffb64da81e5019c918fb,10.713383,106.7312623,10.7135062,106.7312577,,,,,,,0.013636766776931252,0.00012779999999601444,357.89894178307213
5d6a4c6ae8caa9bc9a8da728cbba7185,10.7601722,106.6704457,10.760806,106.6731253,,,,,,,0.30134911126536656,0.0033133999999943597,76.46277839722211
7f2cbe430a19ed2a77f2af4e04d160a9,10.778088,106.6555539,10.7756928,106.6532873,tertiary,asphalt,,2.0,,,0.3628301317796972,0.004661799999999161,222.911329087395
a33a91a07d282e1d4e44e6b6d0b2ce78,10.782654,106.6494573,10.7821504,106.6497547,,,,,,,0.06450539086950668,0.0008010000000080453,149.881018016032
7268a0cbcb38ce6c6da00a0c00cd19d3,10.7790801,106.6498852,10.767159,106.6426234,,,,,,,1.5393432270070178,0.01918289999999523,210.89777690196092
0fae0c7df67bdb838bb2be8328a4e1e8,10.8506971,106.6787535,10.8308983,106.6775689,,,,,,,2.1938431370426437,0.020983400000002206,183.3631800913753
f810e06159d35b586ee04201b7242940,10.8592096,106.8363216,10.8837836,106.8346037,,,,,,,2.7247047036497385,0.026291900000002144,356.0728217750798
81a5e0eb6f1467a22899326493593d87,10.8641797,106.7663628,10.8642639,106.766054,,,,,,,0.035024395595052736,0.0003929999999989775,285.5170628963582
e1e8bcaf010e272bd11aa7bff715e32e,10.7550108,106.6603376,10.7534697,106.6530134,tertiary,asphalt,yes,2.0,50.0,,0.8190355394235358,0.008865300000000076,257.9120637733799
3937f11dc84ad1ce10ea288ce2be6df2,10.7805493,106.6792239,10.7820636,106.6789157,tertiary,asphalt,no,2.0,,,0.17085932103738538,0.0018224999999922886,348.6937433762716
fac957084391cace31c4faf7369f8463,10.767159,106.6426234,10.7742613,106.6477025,residential,asphalt,,,,,0.9621676908981622,0.012181399999988685,35.088945628055626
17a34cc08b8137f99e4c9a633d439d45,10.8009799,106.643124,10.8007478,106.6429183,residential,,,,,,0.03413449489493328,0.0004377999999949367,221.04139566119386
5335032587457987d37f6d5c045121ea,10.7768151,106.7226291,10.779091,106.7220698,secondary,asphalt,yes,4.0,60.0,yes,0.25906946081155247,0.0028352000000051447,346.42775350354265
81448f178d7478899d40d7f666c9c07f,10.7664078,106.6422822,10.7632226,106.6421549,,,,,,,0.35259960183398553,0.003312500000001606,182.24844830662113
6b9b4c53f7e5de1bd9884245d778b637,10.7994405,106.7334642,10.7997398,106.7334573,,,,,,,0.03311515026437432,0.0003062000000024767,358.702732110185
24bcd5a6416dd81774d84a1a5a1c5985,10.7781305,106.6563416,10.7807392,106.6588525,,,,,,,0.3983423747729099,0.005119599999989788,43.395924985332215
9328c5fb55c4ecf762fe15fe27d707ad,10.7843732,106.6784372,10.7843732,106.6784372,,,,,,,0.0,0.0,0.0
0b0ec95b4abd2e3ed20cdb07ebfe8131,10.7808937,106.6698201,10.7793615,106.6704423,,,,,,,0.18263234273803447,0.0021544000000091046,158.25208028180623
9021a4a85c19e236f08c076f4987523e,10.780807,106.658922,10.7833862,106.6613755,secondary,asphalt,yes,2.0,,,0.39165599671360135,0.005032700000002777,43.059626313848526
7ef6093d1d8829717d68a4a4645fb139,10.7951766,106.6345051,10.7954885,106.6345715,,,,,,,0.035256208189782846,0.00037830000000838027,11.811536848299227
f1fd64a7dfae6ff80fb0d9c7047f65f9,10.8153763,106.6636437,10.8152546,106.6633414,,,,,,,0.03569382234821974,0.00042400000000242244,247.71324116733155
f2ed158caaa8bc806bc80362253c3d4a,10.7629749,106.6424096,10.7630776,106.6422594,,,,,,,0.019973146399524015,0.0002528999999942272,304.8378934710495
3c3ed16bd41cbc2fa6b55ad55d1b482b,10.8541753,106.665484,10.8523298,106.6602254,,,,,,,0.6101445353024589,0.0071041000000047205,250.33661357697443
a1ce468faeedd0e2cb75792eb7ca4eaf,10.7534697,106.6530134,10.753623,106.6478806,tertiary,asphalt,yes,2.0,,,0.5616680322433182,0.005286100000011729,271.7417691426313
80b9f9780e91d4b545f4ab8e23dccd7f,10.8557659,106.7838587,10.8069194,106.7548299,,,,,,,6.266524386997125,0.07787529999999165,210.27478417014785
a72d5c9fdbb2c2c8738ff59730e86e56,10.7336193,106.7236203,10.7336036,106.7238132,,,,,,,0.021171616754438464,0.0002086000000023347,94.73547709547097
3b32a8384684a8b32a3fdc6a1159980f,10.7646953,106.6921459,10.7639667,106.6902673,residential,asphalt,,,,,0.220709472169753,0.0026071999999981443,248.45662255873688
892274ec059bb3dd487f244c0efbbafa,10.7827317,106.6868337,10.7815324,106.6881451,,,,,,,0.1953680062232221,0.002510700000005528,132.9520058875794
d07348a9eb7fb672de897006d0e5e29f,10.7390636,106.6046711,10.7388319,106.6048642,,,,,,,0.033211066137948865,0.00042479999999045504,140.6890459488684
a78bdbaa656d8b153912a0e0b02ce4dd,10.7550068,106.7100356,10.7550302,106.710014,,,,,,,0.0035044415844618444,4.4999999996520046e-05,317.79630523537844
28b2aa2b72f7edc620e831df97deef80,10.8112469,106.6954833,10.8252639,106.706678,tertiary,asphalt,yes,,,,1.9754947828399587,0.02521169999998918,38.1116298765117
75a810cbc1ea984e4662510fb782e29f,10.8251122,106.6808633,10.8262602,106.6801335,residential,asphalt,,,,,0.14997921953606758,0.001877800000002594,328.0193892798449
aeee2d7f09528efe86060fb50acc64d9,10.7883735,106.6565352,10.7877277,106.6560806,residential,,,,,,0.08703231437897387,0.001100399999998558,214.66359104999614
2ad25a83d6dd400488700c89115ef83e,10.8084947,106.7555087,10.8458797,106.7715847,trunk,asphalt,yes,3.0,80.0,,4.493424994448686,0.05346100000001108,22.89559867648694
ee8122d2f6228fd7938255eef15a82d5,10.7984865,106.6430538,10.8284986,106.6246086,service,,,,,,3.884496402164811,0.04845730000000259,328.8832370552286
3948a335f3dfa8bbc306ec0c49826dae,10.7537495,106.7224037,10.7537495,106.7224037,,,,,,,0.0,0.0,0.0
24d73b3766a0ca90c916a53454732c00,10.7831843,106.6254206,10.7821283,106.6288258,,,,,,,0.390304543255373,0.004461200000003274,107.51994982740638
28992fd4da55fca65aaa8bf2b434d852,10.7635026,106.6905496,10.7666744,106.688366,,,,,,,0.42441589271334823,0.005355399999993793,325.9286856901901
e3967beaa4c6aace8b481c0202471149,10.7742613,106.6477025,10.769814,106.6444321,,,,,,,0.6082218521207906,0.0077176999999899465,215.84500265200313
9ef9e395731d70ba43db7f8bfb23ec92,10.8857251,106.6282581,10.8856777,106.6282883,,,,,,,0.006196097766201387,7.759999999734646e-05,147.96717421391486
3f04289b4f60962ba8dcc4d56933583a,10.8226293,106.7033547,10.8230448,106.7031447,,,,,,,0.05137757629073389,0.0006255000000106037,333.5990648605276
8e71d47b4241e436fa00b5a5dd3d69c4,10.7646858,106.6615305,10.7646858,106.6615305,,,,,,,0.0,0.0,0.0
e591ef2cd98925dfe4e886be674ad5b1,10.8617623,106.6586551,10.8620129,106.6541628,,,,,,,0.49196119392772947,0.004742900000008987,273.25144416975843
9bc21ad8844fc2719d80df63802d8dda,10.728864,106.6980017,10.728815,106.6963878,,,,,,,0.17662161664524317,0.0016629000000083494,268.2301926400942
80d79dac60809fa17816893bd9733d57,10.7837858,106.6617536,10.7855566,106.6633132,,,,,,,0.2597301974011401,0.003330400000006506,40.865421003904544
baea415c7b8b7cbbbcef0e8b16f86612,10.7789044,106.670628,10.7785872,106.6707568,,,,,,,0.037808655081285274,0.000446000000012603,158.25348259786267
cb78c4955b31d6c85d136f6aebe10938,10.769814,106.6444321,10.7666571,106.6423879,,,,,,,0.41463712952522014,0.005201100000000736,212.4619169721183
2cab3f820491437a1361f6c9aae32191,10.8073797,106.6348128,10.8009238,106.6600301,,,,,,,2.848698484079189,0.03167319999999485,104.60569992706422
a66eb54d3663042852760af961e21281,10.753623,106.6478806,10.7533034,106.6507117,,,,,,,0.3116696972769958,0.0031507000000079444,96.5546646874219
c96d79a6202a6daba16af63648f21a7d,10.7963537,106.7058178,10.7960538,106.7063387,,,,,,,0.06592146659703552,0.0008207999999978455,120.37488655270647
9ee40a84d58d50eaa8b4953c716689e8,10.7924028,106.7031476,10.7851071,106.6963948,,,,,,,1.0939187359892024,0.01404850000000124,222.27854757021868
223161c5bab81cb3edab1dc352e9c32b,10.7505935,106.6591297,10.7505909,106.6591695,,,,,,,0.004362749880427022,4.2400000010545114e-05,93.80420456070686
976a0010c46a94e0a64826380ff68000,10.7732727,106.7014834,10.7778266,106.6988251,,,,,,,0.5816035242582889,0.007212200000006774,330.1682036034698
6be6468ae9b09cad825efc911573017e,10.7736176,106.6614007,10.7768372,106.664107,,,,,,,0.46307307388564733,0.005925899999999373,39.54791979742873
426e890639ddcf1e6c1cf8633904da98,10.8736394,106.7774485,10.7447939,106.5384069,,,,,,,29.77361530011458,0.3678871000000079,241.2668958882888
13c69786212a09e84f5423532460824d,10.7821462,106.6568445,10.7827199,106.6600419,,,,,,,0.35540113014845864,0.0037710999999909234,79.64862600931144
d78225eeac2007ffe901cc4f59317f0e,10.8055309,106.7528475,10.8031584,106.7489288,,,,,,,0.5025141252435477,0.006291200000001496,238.35249311383447
a5e4563c9d70659a14e8573f5c9da585,10.8009238,106.6600301,10.8016842,106.6509196,,,,,,,0.9998691932956165,0.009870900000006344,274.8575839414826
b17d2b2e52f2a84e399c29d1bd60828b,10.7246478,106.7159815,10.7255698,106.715968,,,,,,,0.10199563758598301,0.0009354999999953151,359.17578356541986
284b2bfd38f5d138a084d89b49f6d300,10.7581824,106.7888166,10.7581122,106.7889037,primary,,,1.0,,yes,0.012290330661075866,0.0001573000000032465,129.36508349504982
154bf5d5eaf2b27b9c7ae8d5f03f154a,10.7680707,106.679824,10.7676816,106.6802989,residential,asphalt,,,,,0.06745556338272736,0.0008640000000017523,129.82858918761417
56f8e0ad79df8895683a9feb100311e3,10.8003961,106.7165178,10.8006159,106.716054,,,,,,,0.05624737547428485,0.0006836000000056686,295.7553828850519
85b42b6150df36f34e9d5fda30436b63,10.7851071,106.6963948,10.7704394,106.6824793,secondary,asphalt,yes,2.0,60.0,,2.2245332718377124,0.02858319999999459,222.98495225939197
a0e02a69aa7d0159020476b386d91d14,10.7765701,106.656462,10.7765446,106.6563765,,,,,,,0.009767198685867094,0.00011100000001285082,253.11172047619726
0e953b79161835a0453fcb875a0f0b04,10.7482848,106.6604156,10.7482848,106.6604156,,,,,,,0.0,0.0,0.0
52788014c29a96c068e05b118e09cd33,10.8134061,106.6652599,10.8140069,106.6747486,,,,,,,1.0397685107789985,0.010089500000006524,86.31080601779144
96d7daf04b99a2699c9f412fb0b6daef,10.7801784,106.7010865,10.8802415,106.7933053,tertiary,asphalt,yes,2.0,60.0,,14.97320165330798,0.19228189999999756,42.14245983303175
98619554916c26e823cd7c04cb29a6a6,10.8674881,106.7842783,10.8738915,106.8076326,trunk,asphalt,yes,2.0,,,2.6498590242602025,0.029757700000008214,74.39832394352874
f2a05b23bf38e56398ba39446e76ef8d,10.7711526,106.6529443,10.7705227,106.6571756,secondary,asphalt,,2.0,,,0.4679976179460747,0.004861200000000565,98.61644700831215
c9472c1c9fcf514ea01d4cf24f6866f1,10.757428,106.6739837,10.7526071,106.6683833,primary,asphalt,,2.0,,,0.8121465806444373,0.010421299999991973,228.77552167085256
ad7e9d6a853c7137ca449c8145416192,10.8081046,106.6740205,10.8054457,106.6781072,secondary,asphalt,,2.0,50.0,,0.535007024056402,0.006745600000002128,123.51890630717048
b90c85032364242daf8fc75cf925bf3d,10.7610783,106.6746115,10.760649,106.6740819,primary,asphalt,yes,3.0,60.0,,0.07490141925312788,0.0009588999999916581,230.47327511459054
ca7b6509c398f0899d0a716252f1921f,10.8016842,106.6509196,10.8041993,106.6376734,residential,,,,,,1.4750705116402005,0.015761299999997647,280.9415326337296
3f98140d120860d5c2f4256ff7bd9bb0,10.7433547,106.6207621,10.7433184,106.6207225,residential,asphalt,,,,,0.005906267840592143,7.58999999934673e-05,226.98451630124305
b1ef53a6a011125d5066fcbb0afb77bb,10.8114752,106.5789943,10.8112677,106.578982,residential,,,,,,0.022991650622353227,0.000219800000008874,183.33228236968174
b64e8439cb1abbd1876741cb4edf3702,10.7964689,106.6523793,10.800764,106.6598663,residential,asphalt,,,,,0.9466395018730215,0.01178209999999602,59.71367562077472
b3fb460d789e3b5c5942e706cfd086c4,10.7655125,106.770577,10.7588708,106.7634266,trunk,asphalt,yes,2.0,90.0,,1.073012379838619,0.013792099999999863,226.60567050961222
8247073514224f37c9a70b93b8ceb8ce,10.7778266,106.6988251,10.7743326,106.7010371,,,,,,,0.4559561787218035,0.005705999999999989,148.12144156856561
424e09b8aeeda816e02c9570c01260f0,10.8704157,106.5966668,10.8774435,106.5916776,,,,,,,0.9496650731147533,0.012016999999996614,325.11716708780875
7e009c5b12f4f095ca8c6c5b22948e59,10.7665422,106.6430415,10.7665527,106.6429996,,,,,,,0.0047276003073343014,5.2399999999508395e-05,284.31024076161697
7ffb8de4d21db8300d38d7c0638332df,10.7852199,106.6568031,10.7851391,106.6568613,,,,,,,0.01097242686552452,0.00013899999999722468,144.7177823037572
24bc515237f1ce7e4fc73c5a7b188cdd,10.7894924,106.7121753,10.7892164,106.7138262,,,,,,,0.18311263175031287,0.0019269000000008418,99.65847925970849
fb432336adb12ff83fc48e2a7c342619,10.8140069,106.6747486,10.8142573,106.6758031,,,,,,,0.11859502935902903,0.001304899999993836,76.40930239970527
e5999d3b03c0cddbd0770f0946d33b63,10.8839415,106.8020366,10.8805839,106.7847868,,,,,,,1.9221545049490445,0.02060739999998873,258.79033874161473
877632cd68ebfefc059abe30556d2afc,10.7705044,106.6572944,10.7711526,106.6529443,,,,,,,0.48114748318161255,0.0049982999999969024,278.6253039602761
2c3fb211897a896f81608244b8eee94e,10.7803604,106.6918856,10.767872,106.6800536,,,,,,,1.8928328220422044,0.024320400000011233,222.94658373545178
1a0b266f87ce09c5062731a337cb5305,10.7590354,106.6755174,10.7632459,106.6746392,,,,,,,0.47553777671108327,0.005088700000001722,348.4201328125097
c79e0d00e85497fce363bc5941b9790e,10.8207556,106.6832697,10.8251544,106.6808708,,,,,,,0.5527760157046366,0.006797700000003459,331.82438190044013
08cb94a91fd6487c533a0375a3f8ef27,10.8671944,106.7747087,10.8675871,106.7749133,,,,,,,0.04885986308273111,0.0005972999999883655,27.097205285380426
46d9520db20a1789cbbea66ac6514000,10.8033297,106.6789788,10.8034825,106.6796467,primary,asphalt,yes,2.0,,,0.07497113037032939,0.0008207000000091114,76.8892058985233
a2498450702d8a7e6d27143f1da64881,10.7779568,106.6710033,10.7785872,106.6707568,,,,,,,0.07476060940099667,0.0008768999999890781,338.98707890808095
5c01ad3bfa6737988382a3e0f4a78aa2,10.7879176,106.6465073,10.7879756,106.6464872,,,,,,,0.006781718795479882,7.80999999996368e-05,341.20004166204126
ba343cde091a3d0f7d564ca4fd91fa0e,10.8684531,106.7160636,10.8684713,106.7161334,,,,,,,0.007892698400592538,8.800000000519503e-05,75.1306008744508
b3ebcfeb1e08c551265377c850cb3108,10.7494447,106.673072,10.7507824,106.6681836,,,,,,,0.5547824487741712,0.006226099999999235,285.56489638150265
2ec1a0cbb02e71768d9998adcdfd6689,10.8488982,106.8011838,10.8492092,106.8008695,,,,,,,0.04862581213510812,0.0006252999999993847,315.2143185145206
bfd5dde4e6e9682910b78f775f4e0bde,10.8000814,106.7343734,10.8019073,106.7457465,trunk,asphalt,yes,2.0,60.0,,1.2600562646348807,0.013199000000000183,80.7165266595672
2035a6dcb6248e0c12cdfd736e57d4b1,10.7447602,106.6688752,10.7448407,106.6689569,,,,,,,0.012615316379267659,0.00016219999999478318,44.91716056797543
46b5c765abad4b505d4bbc6b9f9e6015,10.7793052,106.7347388,10.7833905,106.7417533,,,,,,,0.8903552740056114,0.011099799999996662,59.33678059699207
a13e491ea4ace28ec87c8559ebfa8d1e,10.7651757,106.69714,10.7679022,106.6954254,,,,,,,0.35513661424440335,0.0044410999999993095,328.2926104301754
72202e462c3b5bb8a1f64bb4f05e7ff9,10.8125831,106.6647613,10.8140262,106.6643593,primary,asphalt,yes,4.0,60.0,,0.1655689554201987,0.00184509999999527,344.6972863123739
33d1f55d393cd3bc1f6358305ce73631,10.8000753,106.6653921,10.7970292,106.6645994,,,,,,,0.3479126036824221,0.003838800000004028,194.33930714191354
597088e58c647a2a32027144b8ebe5cf,10.8442903,106.6401134,10.8231377,106.6297806,,,,,,,2.598289755641854,0.03148540000000111,205.63182450716695
f033baa25ec7dde1a4f83209f0895d9a,10.8155285,106.6245997,10.8155179,106.62442,,,,,,,0.01968603277746857,0.0001903000000034183,266.56330518627846
f6417027e7dcbdc0015eb0f3ef8a00b0,10.7969579,106.6458983,10.7889094,106.6428981,,,,,,,0.9488090414662368,0.011048700000003464,200.111547844639
7133685e912dcb7d11c5d51907f86197,10.7693434,106.6376979,10.7719922,106.6410076,residential,asphalt,,,,,0.46570154371584943,0.005958499999987765,50.831151946145326
983f4ea511f148ac73c83dd5645059eb,10.8069194,106.7548299,10.8045382,106.7521024,,,,,,,0.397924268966521,0.005108700000006294,228.3697680439091
a801d306024628d085270d6ca7575629,10.7833905,106.7417533,10.7733243,106.7224129,trunk,asphalt,yes,3.0,,,2.390391317157587,0.02940660000000328,242.08616275406519
a4aaa61dd69c77077b26f7570484f21b,10.7987681,106.6196106,10.7951375,106.6203627,,,,,,,0.4099289273299881,0.004382700000000739,168.49793200003683
7d74d107a31a71e5eb67acdb9f87aefb,10.7815324,106.6881451,10.7799599,106.689846,,,,,,,0.2546752288420123,0.0032734000000029795,133.26245667038938
ab559b77301a86b75690237c09b9a9ae,10.8145897,106.6790274,10.8177209,106.6814029,primary,asphalt,yes,2.0,,,0.4329453985465218,0.005506699999997977,36.6924035116682
c4d3ace2264239dd70e215254e8e7785,10.7956505,106.6755726,10.7949615,106.6778016,residential,asphalt,,,50.0,,0.25540443916331956,0.0029180000000010864,107.46733794003649
478d3178daa939ab0168895cf73c7e4f,10.8824106,106.7698521,10.8418186,106.6623835,,,,,,,12.579046586262796,0.14806059999999022,248.97333809475822
325c64aa7d9d56dc63ddde0d1bd3fd66,10.8291371,106.8033886,10.8294096,106.8037053,primary,asphalt,yes,2.0,60.0,,0.04591150305248974,0.0005891999999985131,48.780419303638155
f2b624b1bcf910d2a4cacbb72aa0dd11,10.8552658,106.6556187,10.8551425,106.655734,,,,,,,0.018572796398155747,0.00023859999999054082,137.43609360451558
6e95c554ff6549f736b8a9a6b1a50339,10.8458797,106.7715847,10.8584028,106.7887514,residential,asphalt,,,,,2.33283362572205,0.029689799999990996,53.39403764748357
307fcb795f0e73788471158c87dd38f9,10.7584116,106.6937223,10.7573004,106.6918919,,,,,,,0.23492180643664154,0.0029416000000033193,238.28655828150204
6d69fa95b04cd80c740e7e041b9546ad,10.8207283,106.6940372,10.8204546,106.6941876,secondary,asphalt,yes,2.0,,,0.03445378601503133,0.0004241000000106965,151.64263231830228
cf35fb413f4a889395045b26a3fd2bfc,10.8620634,106.6494828,10.8725843,106.7668518,trunk,,yes,,80.0,yes,12.885334077654894,0.127889899999996,84.77363512562988
c9f950c0f9ee91488cee746c88815836,10.8270992,106.7153558,10.8504341,106.7545053,,,,,,,4.998814160997063,0.06248440000000777,58.743912978961305
af6745fa3d0a86f9aceaf15b6cab8276,10.8423388,106.6149893,10.8445156,106.6172944,trunk,asphalt,yes,2.0,60.0,yes,0.3485776153567733,0.004481900000000039,46.12397491309548
565fd52b4ddd01312882c9f662f5f0b6,10.801925,106.7438952,10.8017112,106.7439955,,,,,,,0.026069051780489544,0.00031410000000064997,155.25890596373847
1086b1a6c4d861d6db5c522601a03206,10.8052601,106.6589142,10.8026411,106.6635788,,,,,,,0.5866369432581906,0.007283599999997392,119.75162491303502
57d284843b2ae6c289190b71a46fc02c,10.83081,106.6778193,10.8308562,106.6777619,,,,,,,0.008093949282118105,0.00010360000000275704,309.3338003871257
046182cf9cf44501e4f2227340d684e2,10.7384659,106.6149043,10.7379148,106.6147828,,,,,,,0.06239063745246039,0.0006726000000050192,192.22189583284307
5ddf183feb88bdeb797bc7e1894db9c2,10.8073924,106.6216983,10.8012197,106.6186403,,,,,,,0.7602821277901594,0.009230700000008696,205.94900822950157
aa98678d94deca29f3ca212902269405,10.8504341,106.7545053,10.8319797,106.725621,,,,,,,3.7606181402747656,0.047338700000000955,236.957992955182
a9e28439afe405cfca4cdf0cd912253e,10.7575894,106.674106,10.757428,106.6739837,,,,,,,0.022308353564879674,0.000283700000000664,216.66504383381275
602277ab7aeb3d3a7f37723c702e42ce,10.7691266,106.6405885,10.7684973,106.6414568,,,,,,,0.11774643320693165,0.0014975999999933265,126.41766602834042
59dc431025f20fb7a50a8a86fd573859,10.7452866,106.6230902,10.7452699,106.6230775,,,,,,,0.002311268032251683,2.9399999998958037e-05,216.76505062217998
2bc5aac8398244559ca390ca46ca094c,10.7719889,106.7062982,10.7719977,106.7061791,,,,,,,0.013062367720404375,0.00012790000000606483,274.30129062650417
0e3552cf9930112013bf4fcc4a6a1edd,10.7784791,106.7322207,10.8012401,106.7529968,,,,,,,3.391366828942598,0.043537100000005324,41.87923681669963
72f4649fd6e5cc62c6ea18bb60c8dee4,10.8177209,106.6814029,10.819754,106.683148,,,,,,,0.29494408086961693,0.0037782000000081695,40.13367616938069
ede6fe4d9a6df2292e8f6401e97d99fd,10.7283976,106.7085848,10.7285196,106.7085817,,,,,,,0.013499017001176398,0.00012510000000176547,358.5698690566208
b68801818ee73b886d639542d5f19970,10.8274348,106.6249037,10.8389566,106.6008101,,,,,,,2.9266675465194285,0.0356153999999993,295.9631137548984
add6aef833a2d53c35e87e4831ae95d0,10.7768372,106.664107,10.7797849,106.6679193,,,,,,,0.5292964057174593,0.006759999999992772,51.7935867020941
812d7288783683078f78cca0610b2f86,10.8575649,106.7860239,10.8378557,106.7676582,,,,,,,2.9640497895177034,0.03807490000000335,222.46594267848184
ef015717e3061d47aef76972d54f17a3,10.8670888,106.7575192,10.8663263,106.7546708,,,,,,,0.32265258314333073,0.003610900000003525,254.7528990300312
827d5617b5f14105d80ea56819235c8f,10.7828795,106.6602062,10.7819,106.656532,,,,,,,0.4161861727863303,0.004653700000005756,254.8171031045013
18a563204a3c41de336c3185eb70bcf6,10.8629278,106.7549076,10.8629278,106.7549076,,,,,,,0.0,0.0,0.0
27372df75d4c4efe6faac773f0157202,10.7790549,106.6503541,10.7799875,106.6539968,,,,,,,0.4115335665498428,0.004575300000000837,75.39229726988015
bcc1aa38858539634fe199d3044a220e,10.8319797,106.725621,10.8413672,106.7463168,,,,,,,2.489888515524737,0.03008329999999937,65.20913497519808
c4f71ed96d5e69648f2a478b08d720c6,10.8653758,106.7238705,10.8648149,106.7227673,,,,,,,0.13564171714891415,0.0016641000000028328,242.62902038163895
ee143bf81ef6c5543aabb011eb71b925,10.7948062,106.7522864,10.7882091,106.7505717,primary,asphalt,yes,3.0,60.0,,0.7534365231207635,0.008311800000008418,194.3229587558566
e4ca921b8b8c8df121bc8a854843c602,10.7673072,106.6997404,10.7699124,106.6976851,,,,,,,0.3654762935269281,0.004660499999996404,322.22346787339814
e7a68327d37b65f56ec12e9bbecd5f9b,10.7440266,106.688839,10.7415004,106.6884045,,,,,,,0.2834430853903039,0.0029606999999973738,189.59144487369818
a601faf941180d6f514547433f9fc9c1,10.7872262,106.6346835,10.7874845,106.634782,,,,,,,0.030534735700569363,0.0003568000000075955,20.53597660942978
2730dd4606067d1c010abefbd8ac6613,10.8625105,106.7609449,10.8650568,106.7590353,service,,,,,,0.3506045278503562,0.00445590000000351,323.628150646264
bd15cdf2443ffff13238370d8062b5fb,10.8502828,106.6308139,10.850249,106.6309142,primary,asphalt,yes,2.0,,yes,0.011586806563927588,0.00013410000000035893,108.9382756159419
577b52e868d2968834d551409c07a7d1,10.781667,106.679297,10.7781284,106.6843698,,,,,,,0.678977547745854,0.008611399999994163,125.3778794149083
47fc648230b7de5f2c29d628b85a65ee,10.8260009,106.7145095,10.8374007,106.7326691,,,,,,,2.3522746202834806,0.029559399999989466,57.413879840142556
ddf8f4271bf8a3071dda6e9927384ecd,10.8073545,106.6403983,10.8072353,106.6404336,,,,,,,0.013738605052528897,0.00015449999999361808,163.78089590768184
18d4ab9c8b751f7b1c0c597bfcf7e39e,10.8774435,106.5916776,10.8450745,106.6138112,,,,,,,4.32160936877422,0.05450260000000284,146.1149395764013
7dde19970535d45dccf4118ebf4524a0,10.8703305,106.6368278,10.8704226,106.6368738,tertiary,,,,,,0.011361369768856521,0.00013809999999736533,26.127716735209788
1870df5844f4af28e65edfac6b53652d,10.7801804,106.654269,10.7803895,106.6547735,residential,asphalt,,2.0,,,0.05982768098082533,0.0007136000000045328,67.12429913756432
1e771776d9f79982c59070aa473a54c1,10.8009968,106.6575383,10.7934217,106.6591633,,,,,,,0.8565447939649607,0.009200100000004596,168.10051648028104
47a22e4be6958e75f3ac2fb7065ae8b5,10.8112469,106.6954833,10.831922,106.6746596,,,,,,,3.2272941510128983,0.041498800000008274,315.31082278617873
dbe81dfc238e97e622a8c985e761244b,10.8125836,106.5775667,10.812224,106.577018,,,,,,,0.07199039439278702,0.000908300000009632,236.288338983796
acecc1c6c4cbae602231c03964097861,10.750916,106.6564736,10.7504187,106.6633972,,,,,,,0.75928730964239,0.007420900000006725,94.18080953957565
9ca873568b4875c93ca453b323da5964,10.7729223,106.678801,10.7716819,106.6802249,secondary,asphalt,,2.0,50.0,,0.20755181910972287,0.002664299999990405,131.56504300233155
73634f8ad2586c29ac0a7f925ebc3bd9,10.7924125,106.6418466,10.7926149,106.6419251,tertiary,asphalt,,2.0,,,0.023977703094726497,0.0002809000000016937,20.856109069755917
6daf8eed36019e33af985c928b7c5e9c,10.7451997,106.7025956,10.7452314,106.702546,tertiary_link,asphalt,yes,1.0,,,0.006459763015185448,8.12999999961761e-05,303.0447766628079
74f33677519e04cb67b57aabbd4d6955,10.7778272,106.6849154,10.7759864,106.6869946,primary,asphalt,yes,3.0,60.0,,0.30523829221989646,0.00392000000001147,132.0261162413836
6321223ab14d0156239d917774864c37,10.8552391,106.6071961,10.8551791,106.6071458,secondary,,,2.0,,,0.008619484090295856,0.00011029999999756512,219.465737578441
03100ca47d97e076a6e22ce11f36379f,10.7813924,106.6433121,10.7770894,106.6398819,secondary,asphalt,no,2.0,,,0.6060417451784054,0.007733199999996998,218.06477600527737
7d16b64cf23c20a73d8aa937a1e7c0f2,10.8020955,106.6450548,10.8017925,106.6479549,residential,,,,,,0.3189205524736799,0.0032031000000056764,96.07109966639831
d760f5009004513c3cb4a660655a54fa,10.7568077,106.7614378,10.7917842,106.7927383,trunk,asphalt,yes,2.0,,,5.165971761704874,0.06627700000000125,41.31658154427362
ded27266ba38b64bd1a7da8b8c741dbe,10.8416342,106.7466044,10.8487665,106.7531191,,,,,,,1.0629413433485582,0.013647000000011289,41.89446878502554
c8e96e25275c8d5ae036e37d00c103d5,10.7544547,106.6400826,10.7538631,106.6457375,,,,,,,0.6219687125309522,0.006246499999996047,96.0778497772402
bb828b4850f478b95505dad5f027d1f8,10.7882923,106.7502508,10.7924075,106.7519,,,,,,,0.4896261757362384,0.005764400000002112,21.488030167139243
a95a7d82612394c5269490fe1fa6e9ba,10.8319624,106.6745438,10.8269605,106.6885765,,,,,,,1.631173656648981,0.019034600000001234,109.94497931801544
1552da34392627070cba42efae9a574d,10.7679102,106.6744532,10.7679102,106.6744532,primary,asphalt,yes,2.0,,,0.0,0.0,0.0
4179293f1d7048164c545735666c28f5,10.7720072,106.6798441,10.7725943,106.6791758,,,,,,,0.09777432136619921,0.001255400000001572,311.8049441255227
553cd450e7e5720b1a697acfceed571f,10.7697921,106.6444644,10.7697654,106.6445026,,,,,,,0.005116443455651254,6.489999999104157e-05,125.43127729031892
22be54a3d43cf3d93eed4d521d92093f,10.8269605,106.6885765,10.8112469,106.6954833,service,asphalt,,,,,1.895142864338763,0.022620400000009866,156.64805407407653
dff8c4155934b5a2a66ca3b5dadcc29b,10.8355189,106.7658175,10.8354781,106.7658807,secondary,asphalt,,3.0,,,0.008253863920156175,0.00010400000000032605,123.31644997259832
2ac2e1adf1d64cea008654af13ee1ac2,10.7512719,106.6476989,10.7512316,106.6476921,,,,,,,0.00451932445830058,4.70999999944155e-05,189.412472776646
3c31cabd48a964f50d38036a6dd6a42b,10.8495638,106.7534794,10.8494184,106.7536678,,,,,,,0.026134961656295023,0.0003337999999999397,128.16054679934223
bad0f3a7f77ce80d2e849807598de097,10.7896678,106.712201,10.7888202,106.7098683,,,,,,,0.27179686253344826,0.003180299999996805,249.70105593342532
12dbd4e5ef65cfa22ff8bd5906ff1727,10.7770101,106.6820734,10.776852,106.6821788,,,,,,,0.020945420529061485,0.00026350000000974205,146.7788637003597
0f5a34531588c7e999471a8ff964d7c9,10.8153557,106.6659991,10.8154126,106.6660397,,,,,,,0.007702281212414586,9.750000000607884e-05,35.024994918119035
ffbb6e131573b17eb8f21ded2b137d38,10.8025311,106.74573,10.817913,106.7579707,,,,,,,2.164895408098169,0.027622600000007935,38.01230403572248
f097826dd826acb224abd9f7a06b1d60,10.7154014,106.8475443,10.7829212,106.7056039,,,,,,,17.228288565566665,0.209460199999997,295.84889428415903
bf095285096dab2959e2be92cd65b447,10.8289838,106.7222594,10.8705207,106.7634123,,,,,,,6.430997102570999,0.0826898000000007,44.21341321722309
8bb978353d69f1d9b81ed8ed5594cf9a,10.7859271,106.8534308,10.7963832,106.7909752,,,,,,,6.927609345465881,0.0729116999999917,279.67785663016286
d4424eb6b9c67b35eefb5a24f3526983,10.8265194,106.6800719,10.8280713,106.6792437,,,,,,,0.1940860479770982,0.002380099999999885,332.3379889661367
df13e8f6f6dc44631a5c97b5f1dc619f,10.7893494,106.6892673,10.7831971,106.6863082,,,,,,,0.7535562837651846,0.009111399999998326,205.2899242064433
d2983b2283288b8c176fd694913ebef6,10.8385379,106.6467909,10.8248067,106.6412646,,,,,,,1.6346551177800768,0.01925750000000015,201.5690363609863
5eb2fea83ceb1404214d6cf28b88fe26,10.8045382,106.7521024,10.8454687,106.7714892,,,,,,,4.999222650856935,0.06031730000000657,24.94712311699442
d78ac669225a947bd3afd704dc9ae13c,10.7606879,106.6977387,10.7565916,106.7008416,,,,,,,0.5661120184551081,0.007199200000002293,143.3440634970902
8b2c1b4b1c4af42382fc45509a00486f,10.791062,106.6911349,10.7900598,106.6904811,,,,,,,0.1319156412277197,0.0016559999999952169,212.65301840430175
8e3c23e60cdda42548647afabf50b819,10.7468469,106.7929002,10.7471454,106.7931437,,,,,,,0.042421134063075856,0.0005419999999976,38.70996669463591
75adc2ea07a3807993759044cc0013d4,10.83809,106.6900349,10.852303,106.6820873,,,,,,,1.7963466733411346,0.02216059999999409,331.22556155333785
65b7f75744f85a2a34fe3f25209b4667,10.7779274,106.655911,10.7779274,106.655911,,,,,,,0.0,0.0,0.0
0de3ac6f4eecbff302617fae1571414b,10.801349,106.7109178,10.8014241,106.7109087,,,,,,,0.008366455753506877,8.419999999986771e-05,353.21230774763296
9673c6dad1984a010dc7f8cc3593e21b,10.7470453,106.6603737,10.746165,106.6591277,,,,,,,0.16749815487867772,0.0021262999999951404,234.27971319655458
b6117052dc12b7c5725c90abffef2e6f,10.8786289,106.8017773,10.8788557,106.8000739,,,,,,,0.18791820790741573,0.0019301999999967734,277.72135782596456
8940193a0af8ed5896cb4d7338c10240,10.7598992,106.6687226,10.7599392,106.6687397,,,,,,,0.004803586622484835,5.7100000008247775e-05,22.781611919971226
7d748822a63d0a3026f893f75315fc9b,10.785806,106.6544818,10.7856285,106.6538061,,,,,,,0.07646217998747902,0.0008532000000016637,255.02863924147127
0a794ef42044e6e48f2111261e254bcb,10.8776731,106.678258,10.8774274,106.6801765,,,,,,,0.2115076248758228,0.002164200000002836,97.42994065217266
68447970230c96771908d12a130582eb,10.7860991,106.8473249,10.7866225,106.843937,residential,,,,,,0.37501524640454126,0.0039113000000075004,278.93799658729563
a9d0d3338cba6e38093061730fd0ba94,10.7455465,106.6235109,10.7282004,106.6071858,secondary,asphalt,,2.0,,,2.6210907735394633,0.033671200000002344,222.7599414901867
95a8e65ab822b7c6f3ee68df0a3db978,10.8311999,106.6227295,10.8373896,106.6187325,,,,,,,0.8122751235406859,0.01018670000001265,327.61588535058974
051325cae8e3b65a5f7c81ebeb8301a7,10.7365428,106.7002329,10.7303579,106.7003063,primary,asphalt,yes,1.0,,,0.6841762151428311,0.006258299999991834,179.3319557908004
83a0870d7f1ccf9ddf8034ed69064fd8,10.8296291,106.5950621,10.8295371,106.5949971,secondary,,,,,,0.012412893218883255,0.0001570000000068461,214.7582892888676
bf7b3a75c3e196b4bd52bf16d62522a1,10.8671103,106.7887782,10.8706221,106.7733958,,,,,,,1.726121082198376,0.018894199999992978,283.0885566827288
4527012dea130440b3dfb4e3ae846042,10.8753861,106.7588382,10.8750874,106.7505911,tertiary,,,2.0,,,0.9022874677364008,0.008545800000005599,267.8886002317484
c68184a59ea62a0c29449b292dee5cee,10.7760645,106.6384349,10.7751926,106.6464389,tertiary,asphalt,,2.0,,,0.8806891462487514,0.008875900000013814,96.32683514771037
a0d4644d2b0105d53a43ea7adca7c51a,10.7577151,106.6438018,10.7626846,106.6446172,,,,,,,0.5568790863493209,0.005784899999992987,9.156997346191417
e8759a7c8091a700366afb3157253f7a,10.7237483,106.6010824,10.7238063,106.6010908,,,,,,,0.006481005777501863,6.639999999791257e-05,8.098718386147482
f7196db8d9dfb7d159f0533ba1ef104a,10.7536606,106.686888,10.7531123,106.6869589,,,,,,,0.06114285069988636,0.0006191999999973774,172.7600320171066
a1735a80aafedb7e4e6817d3eec3da36,10.7379148,106.6147828,10.7377688,106.6146944,,,,,,,0.01882296141008359,0.00023439999999652628,210.74746906466493
ba54ab2423d77998ab2eb0c4750174f1,10.8727455,106.766864,10.8739107,106.7634192,,,,,,,0.39807635317266865,0.004609999999996006,289.00570660822603
e7250373c87c2067a3a172fea774254c,10.7666392,106.6652083,10.7692426,106.6699972,residential,,,,,,0.5977157637072338,0.007392299999994023,61.04046238837293
6e67c854936815e5a868d3ff756ec392,10.7711649,106.6460379,10.7705706,106.6472103,secondary,asphalt,yes,2.0,,,0.14409537724118923,0.0017667000000027855,117.29360547904588
6a16a37e23d9ba30eab2aaf74dfedf36,10.7626846,106.6446172,10.7535751,106.6430363,service,,,,,,1.0223573535425674,0.01069039999999255,189.6756929110762
e09f455d903a332657c0c1db91f25d26,10.7507792,106.6892692,10.7507855,106.6893325,secondary,asphalt,,2.0,,yes,0.006958629561237314,6.960000000688638e-05,84.21542682187646
a10def1badd6b510e48a51d1c7b42974,10.7660316,106.682324,10.7657285,106.6818889,,,,,,,0.058212357730743805,0.0007381999999900302,234.65948721488456
68d33a0ebf8c13f8c8f8ade0968a429f,10.7534511,106.6316452,10.7563978,106.6332036,tertiary,asphalt,,2.0,,,0.36782216067394474,0.004505100000008255,27.455024173029244
438cfff3265fdfaa7066d3a2e5a3f132,10.8389857,106.768291,10.8488622,106.7742039,trunk,asphalt,yes,3.0,,,1.2694569475026742,0.0157893999999974,30.454684018968294
7d378501e7e90a99520c24036a7f28fd,10.7657285,106.6818889,10.7897016,106.7045845,tertiary,asphalt,,2.0,50.0,,3.6322129510262524,0.04666869999999257,42.92104714750593
46368c6d5e76f0d5a3a1171396628776,10.7651637,106.681627,10.765182,106.6815426,,,,,,,0.009450426012742326,0.00010270000000467405,282.44616292204614
a288ff9999b6c92f19b97abec035ff71,10.7797849,106.6679193,10.7825973,106.6716762,,,,,,,0.515364166699561,0.006569300000000666,52.69054327082466
462739a3bbbcea237190e5d1c9ca38af,10.7866225,106.843937,10.7883612,106.8358795,,,,,,,0.9019522713396656,0.00979619999999315,282.39005384390634
c74d02c082b9a0b321abf1042ac73b46,10.8630927,106.6107839,10.8632256,106.6104704,,,,,,,0.037296697724702996,0.0004464000000048429,293.3478937320838
e953bd5473119012c73d06e77317015e,10.7282004,106.6071858,10.7265851,106.6050773,,,,,,,0.2917527681549944,0.0037237999999923943,232.05608299928554
8acf5046ce42e45a6af7f6a6286345c2,10.7841856,106.6517538,10.7836106,106.6540868,residential,,yes,,,,0.26295954437431135,0.0029080000000085704,104.08425736260398
2556d230831655e63366564107c34a64,10.8428093,106.6150302,10.8429984,106.6152871,,,,,,,0.03502301348807182,0.00044599999999661577,53.14971880079287
bd2854cbd290a88ea966c59f16261cac,10.7324712,106.7000037,10.7330629,106.6999333,,,,,,,0.06590105887128886,0.0006620999999977784,353.33251422723845
f19507c5d2ba4f92043b380fbd1143bd,10.8015575,106.6832089,10.799015,106.6869344,,,,,,,0.49506134082903774,0.006268000000000384,124.78989414005923
4126133ba8c074ad87e634a301da4515,10.8466302,106.6128986,10.843027,106.6149651,,,,,,,0.4581597152941971,0.005669700000012767,150.60832534104406
88bf4e4ffb2a462a1122084c83fdb632,10.8410074,106.7045433,10.8412473,106.7050813,,,,,,,0.06453603155752201,0.00077790000000455,65.58124547664409
46f1245f3c3dd17569d1b9bd9202ae74,10.7495136,106.5406398,10.749453,106.540609,,,,,,,0.007502092088550643,9.13999999898607e-05,206.53443067301538
d8f557cc25300d076a19d1974fe68dfe,10.7993219,106.6784691,10.8014439,106.6758626,,,,,,,0.36925122131366395,0.004728499999998803,309.652180485992
46c0c2790a8a1719fe306472a400ab07,10.7537647,106.6538338,10.7566007,106.6695824,,,,,,,1.7508622385367874,0.018584599999995177,79.61155247035936
4dd9e991f88ee9492b950463486d683f,10.8838911,106.7070109,10.8701485,106.7005955,,,,,,,1.6741412464404588,0.020157999999993237,204.62917379651446
9bd344d304f609e0f83ef64cbd30be96,10.7484337,106.6691251,10.740971,106.6689249,,,,,,,0.8257611380765872,0.007662900000008577,181.50978050481908
fdc1aacfa4168fffae9856f1fa30e9d5,10.7909507,106.5554753,10.7910811,106.5554064,,,,,,,0.016273580943196007,0.00019930000000201176,332.56930405189604
1022732a3b7b3ea15987ac955dbd8cfe,10.7883612,106.8358795,10.790253,106.8268185,,,,,,,1.012804584076017,0.010952800000001872,282.00005966441097
b1d429ba02f2f17bb9fc130ff42dce60,10.7692426,106.6699972,10.7681372,106.667887,,,,,,,0.2611846164244171,0.003215600000004315,241.93245382963585
3c1a18ca1847fb4da1829a5e44082b35,10.8691182,106.73608,10.8665765,106.7267906,,,,,,,1.0538594686068292,0.011831100000000205,254.43251272174092
4e4d51c13964ca8477f3f37e461b8f5b,10.7321249,106.6096162,10.731368,106.6109526,,,,,,,0.1684600624100633,0.0020933000000002977,119.96137499725154
bca979ab21df9bc4aa00f1861bbf7b5f,10.6929789,106.5802906,10.6903712,106.5689492,secondary,,yes,,,,1.273831320764586,0.013949099999992498,256.8313730894756
2e5f90633d0e18651201b04a87753d8a,10.7912282,106.730462,10.7916195,106.7303648,residential,asphalt,,,,,0.04456920253123891,0.0004884999999976714,346.2872407482637
b73c5af1fc3f5d436c8d3ce2f74888f0,10.7976427,106.7237951,10.7976579,106.7205235,primary,asphalt,yes,3.0,,yes,0.3577907718298373,0.00328680000000503,270.2713012027617
5972fadbb63edb8d262a63569e30a0a8,10.7701435,106.6940986,10.7693254,106.6945589,primary,asphalt,yes,2.0,,,0.10355379594200578,0.001278400000000346,151.06900194707288
d53894a3c30841cdfcff9e5b90ac1604,10.7987712,106.7178735,10.7986979,106.7178674,tertiary,asphalt,,,,,0.008135349740064633,7.939999999173608e-05,184.6733068292354
7d4ee8fc8122b64750b9b7d79b5f6363,10.8013276,106.7110941,10.8012791,106.7111262,,,,,,,0.006411224835687243,8.059999999865397e-05,146.97091108885047
2dc02b467e80d7a8efe21aa1c2497710,10.8001795,106.6677637,10.8046866,106.6644615,,,,,,,0.6155975946869522,0.0078092999999928026,324.25839052382463
156a8e49115c10f7bb7a54ac821090dd,10.7834104,106.5989412,10.7764236,106.6008637,,,,,,,0.8009233031071288,0.008909300000006226,164.87390944289905
84e10381736bc492d738c9e73bfc7d39,10.8263467,106.6799853,10.8259802,106.6799069,,,,,,,0.04143641585430899,0.00044489999999264285,191.8657162438378
591d0a01e414af7672d612d9f4505e91,10.8599601,106.7899405,10.8599391,106.7903213,tertiary,asphalt,,,,,0.04170097071699053,0.0004018000000023392,93.21390268829293
6d2d1b61addd09ddfb77f518d2d923e4,10.810356,106.620154,10.813438,106.6228898,,,,,,,0.45357102856720344,0.005817799999995543,41.085330265259586
61b7f245c86730a0a4985c1a15d36464,10.7942586,106.6839488,10.7991177,106.6803031,residential,asphalt,yes,,,,0.6692140926114495,0.00850479999999365,323.61007014246354
0f6826408edc1a970fd5b5beeb53cef6,10.790253,106.8268185,10.7918961,106.8178943,,,,,,,0.9927628581369672,0.010567299999996393,280.61671619630533
f6f39fea4413436fd43bcad285aec443,10.7756896,106.7060815,10.7914566,106.6874653,,,,,,,2.680842697454365,0.03438319999999706,310.76885525429253
840403b22d593caadceaacb7417b35e1,10.708894,106.5725739,10.7087587,106.5725888,,,,,,,0.015054387547963179,0.00015020000001086942,173.82418224669982
3997ef62f386300a60d0e9d5b967f9fc,10.750597,106.6592038,10.7506107,106.6592357,,,,,,,0.0038040428287110933,4.559999999464992e-05,66.38795500902938
dd34d9aed9a90910945ef18899bf4d99,10.6903712,106.5689492,10.6854735,106.5540502,,,,,,,1.7176357272766192,0.01979669999999878,251.5047361486898
a16b76a1dcfa55e04abc74aab147430d,10.7545372,106.6583269,10.7541599,106.6583935,,,,,,,0.04236523348019005,0.00044389999999694396,170.1617731092274
2b736ebe3b734240296cf6abec8ed110,10.8433563,106.7054307,10.8435122,106.7057848,,,,,,,0.042385603850894134,0.0005100000000091143,65.85446120988655
805f5d35548399f61eb6b0e1854395e4,10.8187919,106.7581999,10.8418294,106.7695847,,,,,,,2.8360983774527666,0.034422300000001016,25.89008443560408
0748cf26fd699aed178994db597a5e40,10.8740594,106.730453,10.8738081,106.7302504,,,,,,,0.03554369807584932,0.00045389999999478903,218.36980444836806
fc34c483d19ff32f63e505ec914a6a99,10.8701199,106.7633832,10.8641108,106.7571974,,,,,,,0.9482808331765754,0.012194900000011444,225.31242914840269
b266157d5a84fe0b79278c84e33d9c84,10.7443078,106.6957432,10.8671265,106.7881544,,,,,,,16.932006160275396,0.21522990000000064,36.458644909193424
9bc8b47931faf6c49b50d772aecfc296,10.7707145,106.6991208,10.7676642,106.7010097,,,,,,,0.3956275035271278,0.004939199999997257,148.6858239065915
34f4b4b129c789dfd02a048fdaf17cf2,10.7463121,106.6599822,10.7463656,106.6600922,,,,,,,0.013408365748070673,0.00016349999999221154,63.66248172296093
004763554d7d5c0057ff52156fdd59fb,10.7884223,106.6172503,10.7881979,106.6166971,secondary,asphalt,,2.0,,,0.06539445755281785,0.0007775999999992678,247.56244125276237
9392f6dc4134c200638b70592002a461,10.7957644,106.7806947,10.7957648,106.7808587,,,,,,,0.017935439280755125,0.00016439999999917632,89.85772121765473
e3cf0604e32e3d72312e14ab0d2cbcdc,10.8471993,106.6123545,10.8472751,106.6124805,,,,,,,0.016128028934367017,0.00020180000000813436,58.51119574151926
bf83f9f462532d2945b4c37701d3a4f2,10.80264,106.6353988,10.8028848,106.636066,residential,,,,,,0.07782720342924344,0.0009119999999942507,69.51796882254501
df5bae83af8b0b13b9e5884a04161c2b,10.7916908,106.6871714,10.7821327,106.6989225,secondary,asphalt,yes,3.0,60.0,,1.664158749157409,0.021309199999997475,129.623999703079
9ac96f90cf069f440eb6b1450f965664,10.7918961,106.8178943,10.792934,106.8117098,motorway,asphalt,yes,2.0,120.0,viaduct,0.6860318053816734,0.007222400000003404,279.6956547140675
41c997c76aa8713daea851d5bdce243f,10.6854735,106.5540502,10.6963436,106.5939709,secondary,,yes,2.0,,,4.529807727959195,0.05079079999999614,74.50812846682936
2aa21b5dd9ff3a464145cef7f08889ab,10.7991177,106.6803031,10.7991862,106.6802718,primary,asphalt,yes,2.0,,,0.008314322594070708,9.980000000275879e-05,335.8274564685073
3b6ed8c81c828bffe5d77f08c8efd383,10.7954312,106.6557557,10.7955147,106.655546,,,,,,,0.024723302236606914,0.0002931999999997714,292.0657813945093
68db76c9373f49056681526e191e0583,10.8324177,106.7672026,10.8188716,106.7582527,residential,concrete,,1.0,,,1.7896831949523482,0.022496000000005623,212.98203729951203
67ec94671f0bc057046b4e0895dfaffc,10.8280378,106.6792404,10.8260016,106.6798526,,,,,,,0.23496944318132734,0.0026484000000071006,163.547755378984
d2a7891f1a18334f965a82d8a2bd3092,10.8310841,106.7636119,10.8167282,106.757767,,,,,,,1.7117583918834094,0.020200799999999575,201.7969806045108
4bfe3b807cfd49a98be08f9ab6839b9e,10.8706221,106.7733958,10.8666505,106.7915871,,,,,,,2.036897089046421,0.022162899999997876,102.53199203326938
3919265f755ff3372913fdf9da3d8e0d,10.7414323,106.61846,10.7413924,106.6184129,,,,,,,0.006783835068822589,8.700000000239072e-05,229.23072339706363
d6f2de11e1b66fca0d929e943b0562a7,10.8139646,106.6791508,10.8193249,106.6899702,,,,,,,1.3234048911932057,0.01617970000000213,63.23279759205292
cb9cbff3208865a5372fc55c4def94bc,10.792934,106.8117098,10.794041,106.8052263,,,,,,,0.719549886470718,0.007590500000000944,279.86102662296645
9cb58614530ecf30d2a77539d89a7f89,10.792788,106.6936394,10.7932473,106.6935778,,,,,,,0.05124935944879215,0.0005208999999961605,352.49481791291254
b5d6580b77efbb493215914dbc04c6ce,10.7388523,106.6893329,10.738675,106.6895522,,,,,,,0.03098423537162111,0.00039659999999663853,129.45070100061974
5305422bf3587c88ba64be374edacae7,10.7514819,106.6504956,10.7716614,106.6527803,,,,,,,2.246059077922712,0.022464200000003487,6.346574003300702
e445fd08483474eda40056b41e5ba69a,10.7565017,106.6664916,10.7615444,106.670086,,,,,,,0.6824116574573804,0.008637099999997844,35.001780382784204
b1a8ab0e95f9f33d4bfb70a469a110c2,10.79358,106.6724314,10.7938991,106.6717593,,,,,,,0.08153840536257588,0.0009911999999889787,295.7960172918847
fa8865918d72524c27a93e1bac31bb51,10.7618189,106.6702758,10.7563976,106.666426,residential,concrete,,,,,0.7327360450100446,0.009271099999997645,214.9015826346088
f3b60e98f390a61c50f74f4fec3f59d6,10.7716614,106.6527803,10.753478,106.6507502,tertiary,asphalt,no,,,,2.0235395313436224,0.020213499999998774,186.2594782197154
d66f17f759f1d6d1db664cfda6f47395,10.7758374,106.6990601,10.7898473,106.683905,secondary,asphalt,yes,3.0,,,2.269073307565568,0.029165000000000774,313.2618855008798
3737027b071d0e01cef8fd71a2070662,10.7723432,106.6271541,10.7732289,106.6274402,tertiary,asphalt,,2.0,,,0.10284571169954365,0.0011717999999962814,17.605687466702534
b55a9d855df44549de2f27f3bde96461,10.7751926,106.6464389,10.7752249,106.6474762,service,asphalt,,,,,0.11350525596629256,0.0010695999999921213,88.18438286028868
a1ab0b0c6c91e0c536be7ab904e34260,10.8422045,106.7634239,10.8421583,106.7634728,residential,asphalt,,2.0,50.0,,0.007396342930218657,9.509999999579577e-05,133.8891545402505
8b8bc187c7118af31b23cd8d4d653e22,10.8629755,106.6803378,10.8591758,106.6799122,,,,,,,0.42286715564356775,0.004225299999999876,186.27747574245836
849a908798055c3fd782e19fadfdf437,10.7821327,106.6989225,10.78789,106.6919402,,,,,,,0.9943245874577551,0.012739599999990858,310.0101808943964
8246bbb5da347664c578a639441747f5,10.7693744,106.6355574,10.7786413,106.6399809,,,,,,,1.1334762459172913,0.013690400000001546,25.122855017068275
aca185381368ac8e9b28deced654d749,10.7926663,106.6967184,10.7926985,106.6961576,,,,,,,0.061434227487725084,0.0005929999999878532,273.3452944856376
828f2106f0b594eab9910bbf76537fb5,10.8025532,106.6965436,10.8032397,106.6845465,,,,,,,1.3141928048713798,0.01268360000000257,273.33509688712854
19676bcecea8e9f36969cba27840c18f,10.8488622,106.7742039,10.855961,106.7849851,,,,,,,1.416412679913675,0.01787999999999812,56.15978555379763
d2f39440d6751237110f89f1b093040d,10.8146011,106.6790072,10.8157766,106.6800056,,,,,,,0.1697853454524619,0.0021738999999989517,39.83660573412618
d6b5e622678ebc5e78f1dcd7d2cecbf3,10.794041,106.8052263,10.7950193,106.7995037,,,,,,,0.6351247028278337,0.006700899999998455,279.8730282192795
890624c828cd754e92bc06c9002bad30,10.8708511,106.7329016,10.8717994,106.73325,,,,,,,0.11159743629093292,0.0012966999999939333,19.839448531631717
8a0f6e4d25b5b98d1f0aaeefadf11851,10.8013922,106.6190596,10.8013405,106.6190675,,,,,,,0.005783598096610238,5.9600000000159525e-05,171.46377765698412
e49af69186c939853016a671ecf58ccd,10.7661735,106.6449394,10.7696411,106.6468344,,,,,,,0.43597759058425783,0.005362600000003326,28.229615747167202
eab9e1433bbc8831b9fd856f90a90ee9,10.7915641,106.6955574,10.7825478,106.6866724,residential,asphalt,yes,,,,1.3924335589031938,0.017901299999993014,224.0699957727841
33ba0ed7fb374f3086bc1b361f1c388e,10.8415361,106.7438406,10.8415361,106.7438406,primary,asphalt,yes,2.0,50.0,,0.0,0.0,0.0
2b5ee9e723703adcaa67f517e0ca6010,10.78789,106.6919402,10.7922848,106.6864092,,,,,,,0.7760226695143255,0.009925800000003093,308.96912553920254
9841fbbc8ca4236b14eacf17963bb4d2,10.7565017,106.6664916,10.7585909,106.6679699,primary,asphalt,yes,1.0,50.0,,0.28204180629084896,0.0035675000000026102,34.805192369587076
d952450cb42434baebb30d80ef397a45,10.7544346,106.6508617,10.758499,106.6513356,service,,,,,,0.4525535089983097,0.004538300000003659,6.5346520454002075
38f34f7fa55db2326afaeaddef84c781,10.8683289,106.706146,10.868702,106.7062328,residential,asphalt,,,,,0.042347125645602154,0.000459899999992075,12.869596722019935
6c0f14f9fe27951a837baca8d2f576cc,10.8724231,106.7673863,10.867122,106.8026394,residential,asphalt,yes,,,,3.898754216828233,0.04055420000000609,98.70217968979551
efdb2a2181fba6e1dd00f78a1f8edeab,10.7950193,106.7995037,10.785892,106.8557067,tertiary,,,,,,6.228949529830073,0.06533029999999584,99.38207994409163
a2afc3fe97abcdd4b18b9f787087a7a7,10.7898473,106.683905,10.781312,106.6931176,,,,,,,1.3807604668970235,0.01774789999999804,133.3231021635297
6b8b46c67f5bc5204ca171a1369e6f16,10.7558779,106.6939259,10.7533608,106.6952956,,,,,,,0.31617077986985614,0.0038867999999983027,151.8709113834649
7906492f70e367cd01a02d7f3ab1d0ce,10.8039468,106.6857885,10.8037891,106.687792,,,,,,,0.21979439137543985,0.0021612000000015286,94.58128459970601
999ffa5b28acf5141200365605a1da92,10.8449041,106.6140548,10.877854,106.5914673,,,,,,,4.402639030114611,0.05553739999999863,326.0524984185484
788ec28a08095f8787f03d49f46d6d9d,10.8884699,106.5839509,10.8885006,106.5840148,residential,,,,,,0.007767701343575548,9.460000000061086e-05,63.92997625354889
7fc7a519653ab28c9947a383fe2fbeb7,10.8159526,106.7573234,10.8100275,106.756146,,,,,,,0.6679228582442687,0.00710250000000201,191.04457073321336
d62b42aacb35296e43f0c1b2ae67b58a,10.737327,106.614443,10.7461636,106.6242766,,,,,,,1.4533888686533276,0.018670200000006076,47.55180183962045
30907f6d8b2dd5de7d80831d2ddc491e,10.7712522,106.6938843,10.7711253,106.6963858,,,,,,,0.27395135051149405,0.002628400000007858,92.95585895320403
14cb6a5e8cd49e8f6d1765c1be3fc341,10.819436,106.6017747,10.8133227,106.6004668,,,,,,,0.6911728689849779,0.007421199999999573,191.86771456885066
e34da604e2a2f949b739b104b9b4e159,10.7908008,106.6641842,10.7907633,106.6642609,,,,,,,0.009357775106846137,0.00011420000000761377,116.4603875994872
c984b28f4f4bcea5e4f0c48cfb1968df,10.7699913,106.647032,10.7702268,106.6471393,,,,,,,0.028570842748651418,0.00034280000001096766,24.11329896323275
40e585d120b0b8c3c369b009363f1613,10.7643679,106.6616043,10.7607717,106.6623333,,,,,,,0.40569885290493607,0.0043252000000073565,168.7369386456079
8bb1eac7fac97a3961b8a621595d264d,10.7588735,106.6513792,10.7591706,106.6513758,,,,,,,0.032865220727117894,0.0003004999999962621,359.3558633211331
55f77a38aa2bcdafd73823b9ab97edff,10.7836425,106.6543665,10.7857783,106.6579632,,,,,,,0.4588493095447494,0.005732500000004137,58.84673303167415
6870762c3e8fc1977311aa69ee6dd3d6,10.7598159,106.6687226,10.7669024,106.6738588,,,,,,,0.9643732859071531,0.012222700000009468,35.451728996106795
eb6b5040ef28b1ef2715f2182883efec,10.7639371,106.6269195,10.7639255,106.6269466,,,,,,,0.00322983201003434,3.869999999750462e-05,113.5432649307113
5f46557a9aaaaa288cfa3914656153d5,10.8037891,106.687792,10.7993486,106.6803694,,,,,,,0.9487732718433867,0.011863099999997573,238.65797466883043
d20175f7e6b6729eb64b52ced882343f,10.7916195,106.7303648,10.7992203,106.7334587,,,,,,,0.9062801570350457,0.010694699999996615,21.793482829640936
134242b46b0cbfc17eaeec324532705d,10.7605205,106.6623843,10.7556227,106.6633772,tertiary,asphalt,,2.0,,,0.5525377059524778,0.0058907000000001375,168.73622533959463
3f9d85474d03d9fc0cfc5d597ab0bde0,10.7796339,106.5996935,10.7796381,106.5996261,,,,,,,0.007386023658790151,7.160000000538957e-05,273.6296383576367
268218d65f07888bcc40abe3f76e45d3,10.7653269,106.6464629,10.7632537,106.6503161,,,,,,,0.47979042568314373,0.005926399999994558,118.70843005344028
3f3b9040cedad333c6c8a82a9d858f7d,10.7958364,106.6927968,10.7973608,106.6925024,,,,,,,0.1716650863040787,0.0018188000000005644,349.25828985081375
b98dd233b517860d827d43ca13353564,10.7862476,106.8630211,10.7859557,106.8547623,,,,,,,0.903805492239025,0.008550699999991807,267.9401718759318
3164f654b5b965f061c6617298b3dfb5,10.8012395,106.7098827,10.8010524,106.7094146,,,,,,,0.05521668570348235,0.0006551999999917513,247.85814774414786
81a2a0a8a0a697d057262c6c7caa4ca1,10.7414548,106.7099956,10.7498061,106.6287236,tertiary,asphalt,,2.0,,,8.937414384343285,0.08962329999999952,275.9785150520256
64c58543e27a04e82e6437b09dc5052b,10.7817224,106.6249308,10.7821668,106.6241211,,,,,,,0.10128309742572823,0.00125410000000592,299.1925414944162
fa2157d7194f7aa0f1c8c294fe2413fb,10.7669024,106.6738588,10.7671362,106.6740191,tertiary,asphalt,,2.0,50.0,,0.03124409812734309,0.0003940999999905159,33.962545986797295
a24d4ef3cf6ec0c430466cb1a93df199,10.7944927,106.6525329,10.7937384,106.6517611,primary,asphalt,yes,3.0,,,0.11868398198861381,0.0015260999999942015,225.14569949813168
f0aa143d2142ed7d1f8a3d8a33c37f0b,10.7406127,106.699903,10.7394635,106.7068498,,,,,,,0.7704155467523657,0.008095999999994774,99.55706156224232
37c4f2bce109a04dbfe55f66d6fd9d4d,10.757374,106.6831763,10.7545595,106.6841957,,,,,,,0.33068434759430265,0.0038339000000053858,160.4127013855583
2ca0e2facd44ba7b435807ff4e7d8e89,10.7807024,106.6863035,10.782002,106.6876354,tertiary,asphalt,yes,3.0,60.0,,0.20465472153261333,0.0026315000000121103,45.192975153199654
77f69778beebffb99eabbf1b573e9d5c,10.8499117,106.7747696,10.8478386,106.7730798,trunk,asphalt,yes,2.0,60.0,yes,0.29448861636568285,0.0037628999999945734,218.67880807051006
f39f828f31187c53c42b8b240e6e4f42,10.8453128,106.7715728,10.8329768,106.7645442,trunk,asphalt,yes,2.0,60.0,,1.5660814117432464,0.019364599999997623,209.23195657131785
dab3fcd98e9c3c0207cc0f686ff98c70,10.8628859,106.7448654,10.8658949,106.7473789,residential,,,,,,0.43163156595974217,0.005522500000006758,39.363675215942976
4c5ab98d3f877b164d5968af8a471d72,10.8218467,106.6992827,10.8173044,106.6849075,,,,,,,1.6503213756098223,0.01891750000000414,252.16833988794264
e9e4ce69a95ab2752df500584d2c6b36,10.8641108,106.7571974,10.8575701,106.7518877,,,,,,,0.9276222445320459,0.011850399999998373,218.56420130644545
6892075cb3c60fbea0eaf1e8f55777bb,10.8021815,106.6453771,10.8022319,106.644295,,,,,,,0.11846945303646862,0.001132500000005976,272.71482299062734
ab8900728e2f291901129b9b5fe9bb78,10.7997419,106.6413422,10.8000771,106.6415662,,,,,,,0.04443915061229378,0.0005592000000014252,33.28172563664839
e7bedaa34ffa1b93732414b36776faac,10.7556227,106.6633772,10.7555118,106.6633989,primary,asphalt,yes,3.0,60.0,,0.0124944825311056,0.00013260000000414607,169.11852788414467
385331bad4a217c341e702bca3180cda,10.7546298,106.636522,10.7543494,106.6365345,,,,,,,0.03104599037453554,0.0002928999999962656,177.49226544147325
69ffcc93f47c4e6bd7f8ede34cfd6560,10.7775778,106.6815724,10.7775778,106.6815724,,,,,,,0.0,0.0,0.0
c891d347531ebbd3e65d1af44047be62,10.7504649,106.6533788,10.7504649,106.6533788,secondary,asphalt,yes,3.0,50.0,,0.0,0.0,0.0
7a9d22ed087e871fc58f24164f5c3b33,10.764817,106.7500323,10.7644644,106.749763,residential,asphalt,no,4.0,30.0,,0.048874534225061446,0.0006219000000005082,216.88146969883226
d4a272f15a107201b6bc4e6f2ac9af17,10.7394635,106.7068498,10.7399476,106.7035805,residential,asphalt,,,,,0.36159052156982807,0.003753400000000795,278.57109973356046
b925f6de27fb9016a2b08eddd553764a,10.7631981,106.6504197,10.7622847,106.65559,,,,,,,0.5744511913421295,0.006083700000003134,100.19384543122959
9a44f1c95b7cb09dbe17ff8bde067a63,10.8873863,106.7382056,10.8874344,106.7383228,primary,asphalt,yes,4.0,,,0.013874064121443874,0.0001653000000061411,67.31836653710212
2644ac10c2a81a1cef04ff7535d45e98,10.8374629,106.7327377,10.8450502,106.7284891,,,,,,,0.9592580001251935,0.011835899999995902,331.19101880378616
004beea7427ba9dd9519a9d73a382799,10.6764523,106.7460372,10.6764671,106.7461005,,,,,,,0.0071161976897594036,7.809999999430772e-05,76.61667287896432
d99df9f34f1507f1daf5e412e220d0f5,10.775411,106.6582765,10.7755941,106.6584192,residential,,,,,,0.02556899369540976,0.0003257999999970451,37.43813862853432
481d8dcdba89b0ad555adf9718862f5a,10.7622847,106.65559,10.7623992,106.6545324,residential,concrete,,,,,0.11636541328466078,0.0011721000000104453,276.28885688160733
efba58c03c28e491c4051759719301e9,10.8163711,106.6833531,10.8384481,106.7354087,,,,,,,6.1940180997631105,0.07413259999998978,66.64085078772109
c4b05133e8019e889f87c1ad9243d420,10.7917928,106.8178476,10.786298,106.8450235,,,,,,,3.0335910277465636,0.032670700000002384,101.62834126933421
8b4881c475408b4d6e9117c2ef98c9ac,10.7465385,106.6289013,10.7460179,106.6288456,,,,,,,0.05790646338251226,0.000576299999989871,186.00064711043208
43909457be9ccc11e91662097e78fffb,10.7696068,106.6355415,10.7667998,106.6421803,,,,,,,0.7896990592269767,0.009445800000005278,113.28623935943767
7f3666f1a254b25ec94af235d565cfe1,10.8094109,106.7557929,10.8097169,106.7560287,,,,,,,0.04255119690458044,0.0005417999999988155,37.122599089111645
5552e9dbcc4ff76ab9d2b9273e675d46,10.8666505,106.7915871,10.8752124,106.748644,,,,,,,4.789740279187989,0.051505000000002354,281.48032258361167
335c81c807e5f1758c8ba5afcf2d7bab,10.8502095,106.6314235,10.8509611,106.627222,,,,,,,0.466863380584251,0.004953099999992716,280.3233660647545
da033d104f0010b025a15554412c1461,10.7998472,106.680033,10.8194173,106.6787757,,,,,,,2.1690763467757836,0.02082739999999106,356.3892004109875
f3675be31f37eb8b608404893db59e2b,10.7886678,106.7034865,10.7918707,106.700004,,,,,,,0.520164530867115,0.006685399999989627,313.11509103284845
67c4f930ed88fbab7124b0bf7d50c744,10.7492439,106.6845345,10.7486955,106.6848291,,,,,,,0.06868751745090086,0.0008430000000032578,152.17607700904387
bac84e54e503b1b1612f05e32673a797,10.838735,106.7363075,10.8200201,106.6917234,,,,,,,5.296568428334731,0.06329899999999355,246.86342172214827
9076d373cf919acd76bd8a9b3b4c596a,10.870711,106.6364066,10.8741821,106.6306399,,,,,,,0.7382048936759622,0.009237799999995744,301.5056608292545
44e59d3a8df43ea72f5c003d64760198,10.8391657,106.6996423,10.8340778,106.6938042,,,,,,,0.8510363626818898,0.010925999999992442,228.41717804221875
628e5e1b8b479f42f23f7f842be4a3ca,10.8130678,106.6650669,10.8144166,106.6652668,,,,,,,0.1507882944554907,0.0015486999999971829,8.282577251723922
ac2420fb7e5a251d58d7ee032f20b16f,10.7857663,106.7035568,10.7803753,106.6984806,service,,,,,,0.8147409336301014,0.010467200000006116,222.7686838309276
8262751cd600c54ab72189e698e46b4d,10.7937455,106.6690254,10.794193,106.6693074,,,,,,,0.05832080654520645,0.0007294999999984952,31.758227714519137
76857ff4ba926a25ef637c2ab52e0dd9,10.7656858,106.664104,10.7613478,106.6650929,,,,,,,0.4918782647494179,0.005326900000010681,167.37671625908206
dd7266a2d1c71894facccbde9e30cddc,10.8876775,106.6024445,10.8527736,106.6262305,,,,,,,4.655054258530311,0.05868990000000096,146.2056015086905
b64a117f6bbf7b6369a36c44fe15f7d0,10.8101615,106.6648834,10.8122766,106.6650353,,,,,,,0.23454726948974933,0.0022670000000069024,4.035073162065942
f3f4cef7e8ab0ed3f3ff1592198bf3f1,10.7519423,106.6544294,10.7516397,106.6544546,tertiary,asphalt,,2.0,,,0.03358477040389345,0.0003277999999955483,175.3226886434685
b646353767558bbab943d4dfc4183f58,10.7919424,106.6999228,10.7886038,106.7035492,residential,asphalt,,,40.0,,0.5419108906804024,0.006965000000000998,133.14315325137852
107fc080d931ba5c44a77c14a5a046e1,10.7613478,106.6650929,10.756629,106.6661917,residential,asphalt,,2.0,,,0.5356178046849397,0.005817599999993206,167.1144940513077
6c1b6c2474d9a4f041f6b67af074f9a4,10.8649833,106.728414,10.8648292,106.7285029,residential,,,,,,0.01962221402714941,0.00024299999999399802,150.46597252083745
ef0cb5cf3d9a7e3a5b034a5bccb3bb1a,10.855961,106.7849851,10.8578137,106.788085,,,,,,,0.3960810528853401,0.0049525999999939785,58.67680473268331
433ddc474435d11431f4dc613f610240,10.7383637,106.6150634,10.73825,106.6149888,,,,,,,0.014991924050483031,0.00018829999999070424,212.80676707724223
2cd3c6e1f3d565cec3815f7486b43aa1,10.7780404,106.6712231,10.7800043,106.676489,,,,,,,0.6155291106173068,0.0072297999999975104,69.21048042769115
5247aa2091ddf16d6bd6d1af288aa8e8,10.7823096,106.6864116,10.7785015,106.6826659,primary_link,asphalt,yes,,,,0.5875808478286936,0.007553799999994837,224.01711344117632
23daa00840e63ea29a4c043e5b3305d5,10.7964727,106.7824691,10.7949371,106.7599681,,,,,,,2.4666125222355793,0.024036600000005848,266.0278416436462
8c7d8a334024ca9cbbb30d04371b843b,10.8753473,106.7511683,10.8754506,106.7515008,trunk,asphalt,yes,2.0,,yes,0.03810675004887089,0.0004357999999999862,72.44475611265193
8c6d671ce837d9aa0b30ad078eb83d5d,10.8192058,106.6787669,10.8132332,106.6786725,,,,,,,0.660730175328525,0.0060669999999944935,180.88943798273002
d5bdc83b5ebdf66d8f619a14027b0104,10.867202,106.6414169,10.8676811,106.6416344,,,,,,,0.05808607729983862,0.0006966000000048211,24.028946027000245
b05239f3e76eba111b5096aca2b1f76c,10.8708535,106.7757156,10.8728261,106.7669177,,,,,,,0.9863510033055459,0.010770500000003125,282.8616181622988
b59aa9304e08d1a7c9523abaaded9647,10.8196001,106.6902882,10.837129,106.7326464,,,,,,,5.021333219966742,0.059887099999993865,67.14899576652829
4a249b45a9a82358fdc3882171f241c9,10.8798576,106.5900475,10.8851888,106.5863138,,,,,,,0.7172064299713334,0.009064899999998488,325.481946144111
714fae3c0502c4c8ba10b585ea286a67,10.7669732,106.6423452,10.7669707,106.6423817,,,,,,,0.004001662495136778,3.9000000008115876e-05,93.98823737037054
ba2ed50655bf40d715ea610999cf3095,10.7949371,106.7599681,10.7962415,106.775074,motorway,asphalt,yes,2.0,60.0,,1.6583027102272943,0.016410300000009315,84.97484719181557
7b854236e2bc39ed520e66b8189f758c,10.7045223,106.7321155,10.7045223,106.7321155,residential,,,,,,0.0,0.0,0.0
7f9a013fef39cb8b1cf8967d2444dc7a,10.7890182,106.716779,10.7891973,106.7150911,,,,,,,0.18565635589770177,0.0018670000000078346,276.1652086162488
fbaf504e05ebc40e7b3db017392ec61a,10.7597892,106.6590053,10.7603765,106.6617195,,,,,,,0.30389038404935403,0.00330149999999918,77.57849649943392
23ed25462443de69192cd5213bc11949,10.7085686,106.8191301,10.7065115,106.8236348,tertiary,,,,,,0.5427832252486371,0.006561799999998286,114.92615601168109
6f70b9b6c03a6aca23f41ba0093d98a5,10.6887747,106.5896523,10.6894658,106.5930448,,,,,,,0.37893199889357404,0.00408360000000485,78.28752833694199
e11cd31123bb1c760500da345bd347f3,10.8195165,106.5507126,10.8195126,106.5508201,,,,,,,0.011763414459228011,0.00011139999999976169,92.11528583731206
79f0b378026b3608e463555daf35c4ee,10.7959469,106.6927346,10.7956893,106.6961219,,,,,,,0.37153642715630697,0.003644900000001172,94.4266350762673
c158cdb3433712d120805e3cd7de8c66,10.7515592,106.6190633,10.7516045,106.6193735,,,,,,,0.034297078095729926,0.000355499999999509,81.54519114990478
1afb773877b44797cb29ee2811202a0a,10.7356907,106.6934274,10.7357575,106.6934288,residential,asphalt,yes,2.0,,,0.007390522822057757,6.820000000296034e-05,1.1796249573374098
814c9f7b299a6de4ddc445b91f43218f,10.7682878,106.7773201,10.7636062,106.7826284,primary,asphalt,yes,3.0,,,0.7779731530778027,0.009989899999995444,131.91513517755294
18e81e8b6e1c7e9276c4ec4d7388121e,10.746712,106.6604334,10.746844,106.6604618,residential,asphalt,,,,,0.014927691453082129,0.00016039999998973542,11.93537141877323
015801646cfc08591e56d45a3e2c34cd,10.7598239,106.6940131,10.763051,106.6908753,tertiary,asphalt,,2.0,50.0,,0.4951796481750454,0.006364900000004781,316.312060231861
7195144404359ae8dd35621c4088f884,10.7279406,106.7122757,10.7283925,106.712277,,,,,,,0.049986109472134256,0.0004531999999937142,0.16194374588656046
78d3a5ec4246e7cb0723bee153fc0854,10.8132332,106.6786725,10.8135747,106.6787698,,,,,,,0.03924444508915874,0.0004387999999924119,15.634813057843303
f3f9a6cf9438fa20842038e403501b82,10.8113215,106.6960454,10.811203,106.7048425,tertiary,asphalt,yes,,,,0.9621093042319984,0.008915599999994583,90.78486637398589
0cbcb61b8173dcd98be4fec19754bd7f,10.7311497,106.712272,10.7302354,106.7122946,residential,asphalt,,2.0,,,0.10116347459584876,0.0009369000000081229,178.60877927637137
9255874577affee34c63b5b3a2bf3aeb,10.7982738,106.7308494,10.7981949,106.7318819,,,,,,,0.11325222142891364,0.0011114000000080893,94.44820976286087
b2a41ee4c28c0e9cb401af5fee9bcc18,10.818071,106.6867094,10.823167,106.7030896,,,,,,,1.877826257203002,0.02147620000000039,72.42343665514949
a4bb28113c378fcbb56919cedeb894a7,10.8428373,106.6753185,10.8395688,106.6754115,,,,,,,0.3616834334868191,0.0033614999999915796,178.39924354521168
26831c6e8b54a57f3092241fcf78de67,10.756629,106.6661917,10.7533937,106.6666573,,,,,,,0.3614714055679125,0.0037008999999983416,171.95255929005225
c0a62a9281a6aa72ffeae1278dd95190,10.7596225,106.6985617,10.7597771,106.6987767,,,,,,,0.029076143222976258,0.0003695999999973054,53.79816104186557
697e4f069fbced959cf83c5ab2ae203d,10.765331,106.6752404,10.761133,106.676833,,,,,,,0.4959494274785562,0.005790599999995649,159.559579435317
c2659966c1fcb524e378ec079956d7ed,10.8620872,106.7959178,10.8622393,106.7945633,,,,,,,0.14905092644484502,0.0015066000000061308,276.52305407659696
14e13d8b7ba31267fdd21e94ec97a3c9,10.7348064,106.7180368,10.7232098,106.7253596,,,,,,,1.5122907540840438,0.018919400000012132,148.1829366161635
224384bac7ee4ae366b65860b7fb2fb5,10.7636062,106.7826284,10.7581359,106.7889248,,,,,,,0.9167286555715581,0.011766700000011454,131.48732784676707
937214f11b46991849ac9b9998b262c5,10.752477,106.6667664,10.7517792,106.6668579,,,,,,,0.0778318344354698,0.0007892999999974393,172.65933394795297
36a5d0f50b5d5de40c6a78d580e0b611,10.8233047,106.7053644,10.8408851,106.7435101,,,,,,,4.602219740876687,0.05572610000000111,64.8587660365717
560628f270d26374ba30b1fdc068c2b0,10.7807392,106.6588525,10.7782236,106.6617292,,,,,,,0.42001520160260036,0.005392300000000461,131.674635604439
17c37b5e901e1a1952191afcbbd47746,10.8329768,106.7645442,10.8385833,106.7675662,,,,,,,0.7027005773813275,0.008628500000000372,27.896754000800797
f6e72220d947918a23c99fb2ac113889,10.8575701,106.7518877,10.849516,106.7489666,,,,,,,0.94641704649127,0.01097519999999541,199.60602327904277
26001b044165deb21168da48ed671ce9,10.8691692,106.5938542,10.8689519,106.5939939,residential,,,,,,0.028478894818293327,0.00035700000000460363,147.733433764835
957b4ec23e74ec7fa0f0e463b11b6b35,10.8578972,106.7878255,10.8579871,106.7879739,,,,,,,0.01903074543593568,0.00023830000000124585,58.33211310913066
6ba465fe348892a2bba49417190d0573,10.8618381,106.7958668,10.8607361,106.795148,trunk,asphalt,yes,3.0,,yes,0.14503611734307764,0.001820800000000844,212.64304341456517
0f9decd1197f618968f574a18a3600d2,10.7673207,106.6534073,10.753578,106.6497631,secondary,asphalt,yes,3.0,,,1.5715080034298723,0.017386899999998207,194.60196632092848
571af5a9880c43d43472c4b9b115f975,10.8342567,106.7813494,10.827184,106.7687697,,,,,,,1.5824913078040608,0.01965240000000179,240.21314831363662
212a5ed7516b924ac2f0848ee7cd61cf,10.7849204,106.6510434,10.7854926,106.6533302,,,,,,,0.2579825296898232,0.0028589999999919513,75.70940137036206
fa0e81ad116b3bf4df5214b8fa6306f0,10.7950667,106.672673,10.7997004,106.6729603,,,,,,,0.5135107545034335,0.004920999999997733,3.4852437534838145
7461da8fbf5e2d574ea30008f6e51cc6,10.7564549,106.7023549,10.757461,106.7015563,,,,,,,0.14147291206145204,0.0018047000000098734,322.05261433175525
27347d7cc49eaaddbf68a6fc9d6905ef,10.760492,106.6770991,10.7663147,106.6749228,,,,,,,0.6866439210241753,0.00799900000000342,339.8376935119911
0140aa8d0fd9f414242bf827b3528c46,10.746712,106.6605461,10.7467638,106.6605397,residential,asphalt,,,,,0.005772352552956471,5.8200000003338914e-05,353.0790036984518
dd7fa616451c446196afdfd80fbb0601,10.7519402,106.6590317,10.7520192,106.6589344,,,,,,,0.013770336917370993,0.00017629999999257961,309.5713831129765
6e670b082ba81777f486cd7565dea813,10.76937,106.71738,10.7786804,106.7229301,tertiary,asphalt,,4.0,50.0,,1.195433629218303,0.014860499999993948,30.35314783503162
723026b6a94113063bd2379549a55a12,10.797138,106.6470466,10.8031077,106.6923844,,,,,,,5.001943577340994,0.051307499999998285,82.36099560608864
5ab14a534862e1ab5a714bacef2636cb,10.7592538,106.6655719,10.7584107,106.6615004,,,,,,,0.4549821689008774,0.004914600000008207,258.09787555058955
493a36e53e74cd26baafec8f41da654d,10.7918618,106.7139268,10.7924353,106.7127835,,,,,,,0.14020702574122038,0.0017167999999951888,297.05123728298133
a4a30c05c141f4f1c22c402c4a373011,10.7590308,106.6690295,10.7614123,106.6684746,,,,,,,0.2703260641592207,0.0029363999999976187,347.1067512150298
60b672599d92675d98b4d6e0739db3a5,10.7620243,106.6570028,10.7575292,106.657093,secondary,asphalt,yes,2.0,,,0.4973143022088606,0.004585300000002235,178.87063751430264
ebaf11987e0f2f0cd421ce0af1986047,10.7310052,106.7203264,10.7318083,106.7200097,,,,,,,0.09534891375716746,0.001119799999999671,338.8211646507593
d331a1098d5e1d3e43f1d90eab027277,10.8045481,106.677625,10.8054457,106.6781072,,,,,,,0.11242134121412418,0.0013797999999933808,27.819942016969208
e7d2ca5c699c5a352b44e472f0063543,10.8496569,106.5879562,10.8777391,106.5913288,tertiary,asphalt,,,,,3.128087858772376,0.03145480000000589,6.72636077942235
76a46a425f8a912414cf059245430ac5,10.8513034,106.7200233,10.8180299,106.7132132,,,,,,,3.75507756895751,0.040083599999995556,191.3668584216218
51b266689a80c3fb58be76b68b4957e9,10.7575292,106.657093,10.758013,106.6571078,tertiary,asphalt,yes,2.0,,,0.05353903340654597,0.0004986000000020141,1.7214201343633704
2e5ce6c32280dd8c90358b8fbf59f17f,10.8339258,106.6206709,10.83315,106.6211617,service,,,,,,0.10121419087870909,0.0012666000000081112,148.1447052203863
fd93ffe064cabb7156a1ebd86f053fcb,10.8527736,106.6262305,10.8661857,106.6159466,residential,,yes,,30.0,,1.8615321358457129,0.023696000000004602,323.0200582676662
3cb4c66ca669d900997a9bea97cb945b,10.7087139,106.7318964,10.7130973,106.7314656,residential,,,,,,0.4871443067250075,0.004814199999989555,354.48422796174646
216fe2e5f7f800dc722535077c961237,10.8253843,106.6005932,10.8252537,106.600561,,,,,,,0.014869046747147376,0.0001628000000071239,193.61306380701774
7362d76bb26cedc454b9304e0add560b,10.7663147,106.6749228,10.7654291,106.6752055,,,,,,,0.10272280622617744,0.001168299999999789,162.58855180550177
e33e16e4b284ff6d3d506b897b6ae15f,10.7529881,106.6587484,10.7537895,106.6584782,,,,,,,0.09344195474812239,0.0010715999999888481,341.6731292735028
0469368d5e3f7c0580d177f0e8acb207,10.8621176,106.6511715,10.8620995,106.6499973,,,,,,,0.12840033458105857,0.0011923000000084727,269.10087184671386
cc043e00b40475116bd55dcba6007cb9,10.8123044,106.6768879,10.80837,106.6736261,,,,,,,0.5627002095361479,0.007196199999990327,219.15739074969207
9fb913a2c9c264be820c55a80daeebcb,10.7584006,106.6614527,10.7595294,106.6669516,,,,,,,0.6142680725154358,0.006627700000006342,78.19731086621476
225abcab01cc63fe9461ebc125ce6ece,10.7614123,106.6684746,10.7666599,106.6674092,,,,,,,0.5920337639124053,0.0063130000000022335,348.72025959141246
4e4d3f7b3cbe288701e221a9e6cd2365,10.7336611,106.7115662,10.7320511,106.7122498,tertiary,asphalt,,4.0,50.0,,0.19314813889852409,0.0022936000000033374,157.35557836377086
2f739fc35b5bc08d72ee2d79586edc7e,10.7169989,106.59955,10.7687081,106.7032148,trunk_link,asphalt,yes,,60.0,yes,12.699899044036826,0.15537400000000368,63.07299162311301
fd9d72e43a1f9d3142662a10ffd80ea5,10.7932441,106.7532978,10.7926709,106.7524658,,,,,,,0.11090177833092214,0.0014052000000042142,234.95621758363342
5b9981834e401f3b88c02464a9a93ca7,10.7667749,106.6882291,10.7667953,106.6882753,,,,,,,0.005533963814851491,6.660000000024979e-05,65.79745790283448
6d68b1b8506a615f92d9242fa37a3c97,10.8636069,106.7454594,10.8635251,106.7455177,tertiary,asphalt,,2.0,,,0.011068091773216817,0.00014009999999231582,145.0102347515657
0415d51f7ff117e2348fdc051be1e8c0,10.8119329,106.8596808,10.8119103,106.8596881,residential,,,,,,0.0026242319753065264,2.9899999994142945e-05,162.39707434555953
3d295fc06d9f2ae3bd5c76cea94eab7f,10.8745351,106.629111,10.8750882,106.6270618,,,,,,,0.23224917179916812,0.002602299999988844,285.3682390176224
e6c17af0a6c771dec67af5b5c115ab40,10.8122766,106.6650353,10.8134346,106.6646772,,,,,,,0.13394272023345877,0.0015160999999999092,343.10389751329967
5786dd51982a8ac241cac8fb36872488,10.7267486,106.7231704,10.7270427,106.7236852,,,,,,,0.06503356784079589,0.0008089000000044422,59.824076627063505
6196412e3fe6708c33b7537ce4efd5cf,10.7697703,106.6710427,10.769677,106.6710665,,,,,,,0.010643416700871284,0.00011709999999354181,165.9315134651057
ccb8e3fac01db4ec33b6f3c076fed177,10.7357728,106.6894218,10.7357633,106.6896458,primary,asphalt,yes,2.0,,,0.024524480324150066,0.00023349999998778515,92.47168958185568
00752462350ec58ce14ccd1a780b0972,10.8413507,106.7438935,10.8408414,106.7442274,,,,,,,0.0671320009381412,0.000843200000000266,147.22228608573516
fc788715d97b4175561a474645ff6656,10.7690424,106.6941176,10.7667354,106.6883701,footway,asphalt,,,,,0.6784377501250242,0.008054499999998299,247.77628717213372
9b1e3781cf303894df92bef9a2bedaf5,10.7722208,106.6838351,10.7720296,106.6840093,residential,asphalt,,,,,0.028465455148277394,0.00036540000000329087,138.1703928418716
dd9d8cdc74f8576ce91cf02bd60238f7,10.7537874,106.6537848,10.7537826,106.6537256,primary,asphalt,yes,3.0,,,0.006496864766268766,6.399999999651129e-05,265.2820499951693
2ed4f83efa0e31f359e0aa4cbe78ef90,10.8397244,106.6652733,10.8348284,106.6644581,residential,asphalt,,2.0,,,0.5488509253742619,0.005711199999991479,189.28765659659754
e0c2df18d9820d8e7d86480bb3bc85de,10.7444411,106.6255188,10.7444479,106.6258206,,,,,,,0.03301963804261507,0.000308600000003878,88.68620724507718
acff0aa9e5e9b9d03efa1118acd19bf7,10.7405245,106.6937024,10.7407629,106.6949897,,,,,,,0.14325541564094826,0.0015256999999877507,79.32510019763674
0b19b205f424b96e4d03c828b30d69f0,10.7821969,106.6288442,10.779782,106.6280309,,,,,,,0.2815399772267653,0.003228200000004122,198.30634058054204
fe6689bf87356beaa49abe1aee6ae6f1,10.7931923,106.659131,10.792888,106.7005738,,,,,,,4.532437522043847,0.04174709999999848,90.42439081955956
64c8643d5e28799cbf41fc964fd7334f,10.8428373,106.6753185,10.8625349,106.6496727,,,,,,,3.5511300984908942,0.04534340000000725,308.02962490017387
ae6e53218c23c10ecec8c155190e7bfa,10.8398287,106.7394746,10.8251409,106.710872,,,,,,,3.524458345423547,0.04329040000000006,242.4008092470402
ed9d2fe7fad24df69028b76553df9f38,10.7633633,106.6725291,10.7696215,106.6710798,,,,,,,0.7101554472370639,0.007707500000003975,347.1830786847614
999240a4ab503b22f19c696109bcbe94,10.7666599,106.6674092,10.7546206,106.6696106,,,,,,,1.3532947815842284,0.01424070000000377,169.8160309267911
06b740b39c2d0310094bdfd63c499503,10.7390302,106.64357,10.7384808,106.6427235,tertiary,asphalt,,2.0,,,0.11075393517688362,0.0013958999999950095,236.55155131600844
76e1db11363c360f32711fb234cae577,10.7529727,106.668592,10.7626244,106.6790625,,,,,,,1.5656641055376213,0.02012219999999587,46.82255884477661
f1bf89aa344b3fa676bdeb7511f27ff2,10.7782417,106.68085,10.7752936,106.6864011,,,,,,,0.6891535218595868,0.008499199999992157,118.39596774389827
07321467c05d00dbf9cbe2366f920f7e,10.8292498,106.7225448,10.8292319,106.7225292,,,,,,,0.002613481057333938,3.3499999997133045e-05,220.56313403960093
2f2e6fe30469f229c442a73a80423bda,10.7546206,106.6696106,10.7522326,106.6695017,primary,asphalt,yes,2.0,60.0,,0.2644121273906576,0.0024969000000023556,182.56527120205757
43847130cbddb8c953130fbb86b19fee,10.8385342,106.680097,10.8404489,106.6787279,,,,,,,0.25936004117600786,0.003283800000005499,324.92019136163464
84db58a472e8ad0e3d27abc40f9e2e27,10.7433356,106.6613572,10.7433941,106.6616795,,,,,,,0.035842447553165055,0.00038080000000739744,79.53281601495803
a3c811d22d6bb419b53b7d4d45355d7d,10.7700912,106.6941287,10.76857,106.6902339,,,,,,,0.4580093060161106,0.005415999999996757,248.31886403983376
db6f0be55a429067f7a544a991a6a4be,10.8011202,106.6193571,10.8012387,106.6193967,tertiary,,yes,,,,0.013804555227064851,0.00015809999999483182,18.172766434692903
aae51155f23bfe36bb290632a4ea7a40,10.8242579,106.7074369,10.8262487,106.7157505,residential,asphalt,,,,,0.9353941415084889,0.01030439999999544,76.29771148287915
05adcd234cded6a774ceec131b4adf22,10.7774435,106.6659013,10.7742735,106.6682193,,,,,,,0.43269189177279643,0.005488000000003268,144.3087410066429
5b8053e0618b2470c3c3f607df9016f8,10.8668839,106.597713,10.8668923,106.5977254,residential,,,,,,0.0016436065710037388,2.0800000003262653e-05,55.402523325150696
5a36fb83067029c63fa99144e1bc20c2,10.6812591,106.5374757,10.681695,106.5402437,secondary,asphalt,,2.0,,,0.3066425172190089,0.003203900000002591,80.895215755621
b141e8f8645b9b5469db2145b62b3813,10.8385833,106.7675662,10.8633078,106.7965925,trunk,asphalt,yes,3.0,,,4.1895681233152064,0.05375079999999777,49.06205020619922
17493a6ef38045c9393e35f6af28c3bb,10.7633139,106.6746238,10.7664111,106.673962,,,,,,,0.3501538054791571,0.0037590000000022883,348.1448605117263
ac421cdad10107e0e806848a54354090,10.7516644,106.6532793,10.7514819,106.6504956,,,,,,,0.3051441414999466,0.0029661999999941457,266.1824762203601
fd753916ddf2cfe62ad699ecd717bc1c,10.7493268,106.6881377,10.7490054,106.6882437,,,,,,,0.03739381675089494,0.0004274000000030753,162.0466284530322
13078e73de48c4f86dc46eafffdae9a8,10.800283,106.6668173,10.7932413,106.6535674,primary_link,asphalt,yes,,60.0,,1.6451102164505405,0.020291600000005516,241.5865022861866
2fb219f172e3eb2885e80d7195c5a0eb,10.7810287,106.6332492,10.7834192,106.6249141,,,,,,,0.9491602843543971,0.010725599999997115,286.2761311327781
fcb5b4443f46270a6d2ec121e709ea93,10.849516,106.7489666,10.8414243,106.7439592,,,,,,,1.049241069342425,0.013099099999996255,211.2907939253303
2dc3ba97a1fff3a7b9b0f79490f5c512,10.7535742,106.6537519,10.7510733,106.6533152,,,,,,,0.2807253494519094,0.0029376000000080893,189.73445331227737
29bfbd1d32de15eb7d4f37994e8bb20a,10.7537462,106.6538517,10.7556925,106.6537349,,,,,,,0.21566469823762266,0.0020631000000008726,356.62591755478763
2148ea5975bb64db5cd5ba27a32293f7,10.7740549,106.6683653,10.77004,106.6705481,residential,,,,,,0.5042016031834343,0.006197699999999529,151.89336730732566
cb22b0ad812013907763194e3b1cd3ab,10.8270542,106.7181851,10.8344857,106.7294684,primary,asphalt,yes,3.0,50.0,,1.4825792813113559,0.01871480000000325,56.15418155956229
9aa1f103fd5987fb7140b35d565df4be,10.8752155,106.6035093,10.8756688,106.6030332,,,,,,,0.07227526553916462,0.0009294000000004132,314.11352892917427
f19ab1ac4fa909efe7fb585ee7effd2b,10.7710906,106.6929369,10.7532859,106.6628252,,,,,,,3.837373071666618,0.04791640000000719,238.96012867088194
5283ca464c87c913cbde14928d915ec8,10.8747377,106.7487214,10.8609657,106.6858709,trunk_link,,yes,3.0,,,7.03864763542266,0.07662249999999737,257.42783789716145
c470036a055ff56e953bc6ee85385b57,10.7752936,106.6864011,10.7766471,106.6839026,,,,,,,0.31158474878695164,0.003852000000001965,298.8747474402298
d2c0e6b3ddeaad4124d3ebe85992f0f9,10.7946727,106.693204,10.7958364,106.6927968,,,,,,,0.13620619486250204,0.0015708999999990425,341.0308715432691
36a0f906c476909bda69423a565b6790,10.7722079,106.6990769,10.7732655,106.6999404,tertiary,asphalt,yes,2.0,,,0.15034799000765062,0.0019211000000094458,38.73239185613323
e44f68ab79758ec476c1cee583a20728,10.8398015,106.6791366,10.8610348,106.6499071,,,,,,,3.9662202202893204,0.05046280000001424,306.4915101000587
a708007105e7e170643789ea0155aca6,10.7766471,106.6839026,10.7879441,106.662713,primary,asphalt,yes,2.0,,,2.6328750294436514,0.032486600000000365,298.4915762174919
207b8059d345047dd0abcb2494666604,10.7796593,106.6445172,10.7795043,106.6499053,,,,,,,0.5895348096112603,0.005543100000005907,91.67685729688645
2db8824b46eaea7a3a7625cfe984e53a,10.8081678,106.7557179,10.8085665,106.7559278,,,,,,,0.049717586215041555,0.0006086000000014025,27.34443767802196
6a1a1073ed3793eb040b278447422341,10.769155,106.6519481,10.7694423,106.6515852,,,,,,,0.05084571452372469,0.000650199999999046,308.86438648501513
f1dc8ce4cb322db23c2b9cac6b8baf51,10.7482734,106.5880278,10.7535831,106.5750441,secondary,asphalt,yes,2.0,,yes,1.5367918923923205,0.018293400000006343,292.60110410385505
617f17e487f6cfb426ae624d1b9c6577,10.77004,106.6705481,10.77004,106.6705481,residential,asphalt,,,,,0.0,0.0,0.0
ca1aab5f230e07a45002c7769de3419f,10.7745747,106.7248969,10.7742939,106.7240549,,,,,,,0.09718635104796734,0.0011228000000063076,251.2489413920973
95663aa7774de6fa5a13df7cf9fabdcd,10.7776498,106.6811565,10.7575536,106.6482993,,,,,,,4.225604367695022,0.052953399999996265,238.0973284960429
9fa79388ede773e6f7a8c04435dace94,10.786231,106.651613,10.7874965,106.6560086,,,,,,,0.5006918722741983,0.00566110000000819,73.6647718759533
92c91abfa55714fbf0e683103dc33d7b,10.7932413,106.6535674,10.8002745,106.666894,,,,,,,1.652060334472364,0.020359799999999595,61.75106742314017
1466c020e99f158bc681fbe9cf2462f4,10.7359493,106.6337742,10.7359829,106.633682,,,,,,,0.01074819900328903,0.0001258000000117221,290.3507166114374
2fdb7fcd9c16a45404aec4afb56a832f,10.8180917,106.7127697,10.8029327,106.7093756,primary,asphalt,yes,3.0,,yes,1.7173766861363178,0.01855309999999477,192.40371493694897
4eb9c27994813c95cc7036a32b651fe8,10.7532859,106.6628252,10.7548304,106.6708395,,,,,,,0.8930743042691416,0.009558799999998868,78.90085260323434
4b575c9d2947749b43683af1c947e8ba,10.8643469,106.6941172,10.8519273,106.6913666,,,,,,,1.4063127129549609,0.015170199999998246,192.27138445827487
a46e29b78187b5eed27b3915342fdf33,10.8344857,106.7294684,10.8156051,106.6818266,,,,,,,5.6127189350058035,0.06652240000000731,248.03123060451128
f11bb2da1cbf53716dae3b5f75267ee3,10.7745839,106.6479407,10.7762937,106.6468632,residential,asphalt,,,,,0.22283699869328338,0.0027873000000084858,328.239328257635
d444352236addcae66e48a8fe6970800,10.7447939,106.5384069,10.7446677,106.5386627,tertiary,,,,,yes,0.03126847802600418,0.0003820000000036572,116.66386873854412
6ed98cccd83bcff707db33bcfb65a706,10.8002745,106.666894,10.7999007,106.6717039,primary_link,asphalt,yes,,60.0,,0.5276357995357868,0.005183699999998126,94.52314539048632
866f3f7f8851f576a4bebb964e78b9b6,10.8658854,106.6160443,10.8599399,106.61763,,,,,,,0.6801236507550572,0.007531200000006066,165.32227665211224
d4d5c2c0c8fcc45c68f49037c4a3f9f1,10.745645,106.6236611,10.7456047,106.6236292,,,,,,,0.005660900624505516,7.220000001062488e-05,217.87160033113625
3f0e7982714620a13cf43f36b32f6254,10.8587824,106.6796891,10.8587301,106.6795635,,,,,,,0.014901775812869516,0.00017790000000417194,247.02340490636132
e1b28c522b21bdb9bede69def7995503,10.7575536,106.6482993,10.7618422,106.6562075,primary,asphalt,yes,3.0,,,0.9865028614360991,0.012196799999989238,61.10044429637725
11b51493bbc02b0a4e129b941ac20eaf,10.7775374,106.7646391,10.7776559,106.7647651,,,,,,,0.019018713088799134,0.00024450000000797445,46.247838127447096
dfde80aeff2437be9ee5bed2bb0987f9,10.7292604,106.6884076,10.7288508,106.6880005,,,,,,,0.06352749315595746,0.0008167000000032232,224.3194765238883
cb127ec7273e6b93e9a625a91fdb8dac,10.7827246,106.6724641,10.7822806,106.6732878,,,,,,,0.1026031735686626,0.0012676999999978733,118.7543428369969
cf20fe8cd090f78f175c6e792beb5dd2,10.7620808,106.6568525,10.7621391,106.6567535,secondary,asphalt,yes,2.0,,,0.012602893020183154,0.00015730000000679922,300.93984438922075
d3efcd43b88ef939948917c39e77e618,10.7510631,106.6528193,10.7510631,106.6528193,,,,,,,0.0,0.0,0.0
700eccfa103713265dd1b4f9fad9d5e7,10.7792426,106.6820441,10.788335,106.6850959,,,,,,,1.0596743875210621,0.012144199999994498,18.247907350105038
e2bebe15e14608ff71acb3f5222650d6,10.7548304,106.6708395,10.7562318,106.6758517,,,,,,,0.5697117451821434,0.006413599999996578,74.11331282037702
5797ec3bd0abc810bf220685c5c9d8ec,10.8154234,106.6814749,10.8212703,106.6975926,,,,,,,1.8774464406447864,0.021964599999995116,69.72795591389166
997bf42e62f78e3fd857c39bf75ce24e,10.7794508,106.6785811,10.7840477,106.6803024,,,,,,,0.5422074173756464,0.006318200000000829,20.195270083606715
fadb8911a298e6e22bd0c57fec826309,10.7492889,106.7024382,10.754992,106.7019835,service,,,,,,0.6327940545149221,0.006157800000005764,355.5212770152206
b9375b219a25dd956ee85c399befe75e,10.867114,106.7578623,10.8672756,106.7622334,tertiary,asphalt,,2.0,,,0.4782535763825671,0.004532699999998613,87.84369506742462
5917b369afca6137b107572410bb1323,10.7642694,106.6907611,10.7642807,106.690743,,,,,,,0.0023412327759758903,2.9400000006063465e-05,302.4356160262058
5ac8ab720c4fc706d9b6089f2be91f8f,10.7983099,106.6417176,10.7937318,106.6402984,,,,,,,0.5296494258571615,0.005997300000000649,196.93618756579207
da143e632ea8cae1cdb6d5b5f75a3293,10.7186024,106.6036625,10.7581329,106.6915488,,,,,,,10.560967233632777,0.12741680000000777,65.39311200298056
a857f5c0444fbec2883522c7c06e7ff6,10.7563856,106.6762478,10.7527545,106.6535477,service,concrete,,,,,2.5151449971516326,0.026331199999994226,260.7543983573348
bb6f656605c3291048f7dbf53aa688a1,10.78092,106.6978143,10.7817113,106.6969534,residential,asphalt,no,2.0,50.0,,0.12855434449488853,0.0016522000000058767,313.0966315031309
1e7bf5393b2714a0667bd19921eadc15,10.8804438,106.8104451,10.8780069,106.8088204,residential,asphalt,,2.0,,,0.32281997493360737,0.004061599999992893,213.21392904740117
7b77ceedd65110145e0c81dd1240e0a5,10.7631515,106.6795568,10.7574203,106.674132,primary,asphalt,yes,3.0,50.0,,0.8682944724568921,0.011155999999999722,222.92011069283313
85b26fcd774015119298dd130dfce051,10.7187059,106.5920538,10.7189172,106.5920047,,,,,,,0.023981661475404946,0.00026039999999838415,347.13888071724546
902931c5aa79ec32e541e2f9807637ea,10.802988,106.698423,10.820498,106.6894367,,,,,,,2.171880545644658,0.026496300000005135,333.2481915997161
af8586c95b7fc376ca8d1699b63e00c4,10.7880016,106.6313252,10.844574,106.6935088,,,,,,,9.241173136257652,0.11875599999999764,47.187720090440905
d4a69a8876419e056e0cef39e9a18f7c,10.7999559,106.6710835,10.8002636,106.6676731,,,,,,,0.37451294011468045,0.0037180999999915088,275.2482681988244
bb7bb462bf2e2861bde7157d4bd7f12f,10.788335,106.6850959,10.7885356,106.6851801,,,,,,,0.02402391900634263,0.00028480000000286054,22.407417611106666
e16e7d4785ff687d7aca333d7b211d75,10.7618422,106.6562075,10.755822,106.6453021,,,,,,,1.3660783644781092,0.016925599999998653,240.66868879060385
28144c61b52fa9d047b9a5e5d3563b48,10.7518689,106.6773307,10.758139,106.6757437,tertiary,asphalt,,2.0,50.0,,0.7149460796057276,0.007857100000000727,346.036188673011
2eed5c9eb5492c40932cf6c576d0c5cf,10.8395571,106.7384111,10.8353219,106.7301125,primary,asphalt,yes,2.0,,yes,1.0212190804817276,0.01253379999998927,242.5435457356425
4d0e4737fa4b7ad21a7b507ea56b9379,10.8212703,106.6975926,10.8370873,106.7325701,,,,,,,4.205950890672308,0.050794500000010956,65.27518258535986
40e3273062f6414b9efaf955987df906,10.8226043,106.6066965,10.8232027,106.6059457,,,,,,,0.10546063935928675,0.0013491999999910576,309.05768589352255
c094c30c660f2764bbb41ee44053ec64,10.8633078,106.7965925,10.8010884,106.7392519,trunk,asphalt,yes,3.0,,,9.310246084847295,0.11956000000000344,222.1557193720376
f6090e9ca382b8f0ef4950ae534e8ef3,10.7388679,106.6898242,10.7392345,106.6909482,,,,,,,0.12946070444478852,0.0014905999999896835,71.63524041561567
5a88f851f86dcfb6962aeccc7de0a11f,10.8838307,106.8004621,10.8810953,106.8015806,,,,,,,0.3263502104272695,0.0038538999999904178,158.12222596085064
b47cf17459267ed4fca653478476924a,10.7748291,106.7065305,10.7748385,106.7065815,,,,,,,0.005673935981478311,6.039999999885026e-05,79.37360980501046
cb30743ed3a714fa58ecc35a6110b79a,10.7667954,106.6656006,10.7637713,106.6597513,,,,,,,0.7219289409238135,0.008873400000007692,242.2443312027392
1c1aaebb7257133792a6a51841197df3,10.7677425,106.6740246,10.7669304,106.6770101,,,,,,,0.3386618531463757,0.0037976000000092824,105.47658212160422
90bd1d22cf0977d18ed9c9635aa4fe1a,10.7413597,106.6885411,10.7415302,106.6884693,,,,,,,0.020429379873433226,0.0002423000000000286,337.52338033061193
1c5e99c3da4245f66744c8ed09b969c7,10.8249576,106.6029789,10.8249497,106.6029143,,,,,,,0.007117952190328394,7.250000000169621e-05,262.9028291941196
a2d404997191188fc208f17f3d299ae5,10.7527545,106.6535477,10.7669665,106.6883289,,,,,,,4.1162107319089225,0.04899319999999818,67.41314533142446
3071386beb92b8b9a7228a6fd254e211,10.7712056,106.6966242,10.7807024,106.6863035,,,,,,,1.5419480939402654,0.01981750000000737,313.12857946057784
c57ed56b6621f206ce49bfdd36a5f848,10.8819132,106.6077482,10.8822319,106.6079617,residential,,,,,,0.042280054148949066,0.0005322000000020921,33.339401630294844
2fffd562fefa18813f4bfd1477fbeebb,10.8832727,106.800583,10.8832727,106.800583,tertiary,asphalt,yes,2.0,40.0,,0.0,0.0,0.0
cfa59a8480d032a5128fb72befcece83,10.7556925,106.6537349,10.754424,106.6537781,tertiary,asphalt,,2.0,,,0.14039206782663197,0.0013116999999933654,178.0837233894656
1aced013b4509088d80d55a9efc58b55,10.7452196,106.6957773,10.7452248,106.6957332,,,,,,,0.0048578451645538015,4.929999999703227e-05,276.8438076617149
56c1430eedb570c6b5940761b845d15c,10.8193084,106.6900639,10.8195596,106.6899222,secondary,asphalt,yes,,,,0.031814682710409874,0.00039289999999958525,331.01071767325266
b4eb69833a1858494765606d33134c2c,10.7610014,106.7004904,10.7610792,106.7004391,,,,,,,0.010273282348410141,0.00012910000000943,327.0653464589302
0d797aaf9c1296d4d6d2b7cefe5104e5,10.729784,106.729495,10.729912,106.7298359,tertiary,asphalt,yes,,,yes,0.03988707392549909,0.0004688999999977739,69.08519391561157
32d9c9614a2bd0bca6351e5e30649ee9,10.8124942,106.6643618,10.812469,106.6648739,tertiary,asphalt,yes,2.0,30.0,,0.056070564116175135,0.0005373000000084005,92.86799063516048
20108f43f7c652aa94986809db7c3266,10.7824606,106.6835712,10.7840477,106.6803024,secondary,asphalt,yes,2.0,60.0,,0.3982760369495962,0.004855900000000801,296.301534578113
64b4a818ab3d8089ec3edf1faca0e8b4,10.8414243,106.7439592,10.8529635,106.7511033,primary,asphalt,yes,2.0,50.0,,1.496459127613246,0.01868329999999041,31.301175742073156
48274a8bea1460f7eb904b84ac090552,10.8426751,106.6148154,10.8425774,106.6147804,,,,,,,0.011464581523210615,0.0001326999999964329,199.38412191653416
53b0cdfadcdce6bc7629c5d7a99a8526,10.7712269,106.6986125,10.7718767,106.6986499,,,,,,,0.07199267297516206,0.000687200000010435,3.2361710707621683
d43ccbb8d0b24ed8016bccb8c8a6c981,10.7407342,106.6176488,10.7406865,106.6175944,,,,,,,0.00795271276862648,0.00010209999999588604,228.2519283814525
485a8f24cdbafed21c72e666efccae23,10.7637713,106.6597513,10.7659517,106.6640311,,,,,,,0.5265754138129072,0.006460200000006466,62.58883332691562
10afae0e67345b63e60b467f6c1a7950,10.7559963,106.7606269,10.7550762,106.7597266,,,,,,,0.14161510111647913,0.0018204000000121567,223.86941367263557
ee995a496560fa923b0dfc81ff99c6b7,10.7803932,106.6363843,10.7789563,106.6401733,,,,,,,0.443830112088922,0.005225899999997452,111.10830676981237
e57d0615b32b0e4228dd2129701d5f75,10.7669304,106.6770101,10.7461614,106.7956925,,,,,,,13.182753714366537,0.1394513999999969,100.08887529995297
3ced62246c571ceb58e79c085e047760,10.8339731,106.7284081,10.8252909,106.7114115,,,,,,,2.0920349084155787,0.025678799999997892,242.52345055871547
4045be24e309834042cb0f3360837bac,10.7795043,106.6499053,10.779603,106.6486116,,,,,,,0.1419099096547796,0.0013924000000056225,274.4409829773384
c53d2b5509eb1fee2bf7930708b60b9c,10.6783267,106.753584,10.7525133,106.7282216,,,,,,,8.662302131154227,0.09954900000000677,341.43455141198854
3b8e9991ad4c60cc74b43f6d0e840ae0,10.790616,106.6975675,10.7905389,106.6976523,,,,,,,0.012599198993555803,0.00016189999999660643,132.7862235207628
4c72f46beebeef4a8a65f4c53a7ee364,10.766037,106.6639913,10.7580658,106.6494435,,,,,,,1.8191211386466222,0.02251900000000262,240.8511286794635
1b980e7b36106a2e8aa6538d8b4607b1,10.8599881,106.6986862,10.859221,106.7052214,residential,asphalt,,,,,0.7195722623640338,0.007302300000002759,96.81505145145422
25279f9ad1e7e0308fd6b9e1bd69cad6,10.7829947,106.6962159,10.7826997,106.6955259,,,,,,,0.08221587101736993,0.0009849999999911319,246.48038755953382
8e487f0d16c9331f0b51c83e5a81bfb2,10.7746928,106.6995607,10.7740594,106.6990287,,,,,,,0.09107247278081772,0.0011654000000067555,219.52625186973813
e88c0e363bc77fcc349b3da8a21f330a,10.785862,106.6815175,10.7861078,106.6810825,,,,,,,0.05479522613927914,0.0006807999999960401,299.9084081322434
cd8ed76dedcba53e1ec1a61709eb2ccf,10.8521558,106.6874451,10.8523365,106.7000553,,,,,,,1.3789646233753847,0.012790899999997052,89.16289192991093
bed73be1677c50f2f046617c37e1f7f1,10.7980849,106.6699079,10.7984011,106.6665835,,,,,,,0.3652389257967301,0.0036405999999971073,275.5309891391742
13280c7482e98c96f30d203bf1985a07,10.7461614,106.7956925,10.7443127,106.8027109,primary,,,2.0,,,0.7944437990509825,0.00886709999999269,105.0078700560266
0fe9f07e8d8d0bf0fdf3c173d11a594c,10.8130718,106.6649688,10.8111229,106.6650145,,,,,,,0.21563229729080827,0.0019945999999997355,178.68054400355027
7cdf3303708190b5be5a14f8a041a137,10.8666573,106.7617638,10.8185142,106.6869633,,,,,,,9.75990810371127,0.12294359999999571,236.76945385103906
2841c95463a3d7100909096298093751,10.7697992,106.7748933,10.7698665,106.7748651,,,,,,,0.00805789948091306,9.550000000224657e-05,337.62604497054826
4d6f877e3c314dae8b6517beb92a839a,10.8599399,106.61763,10.8571859,106.6200389,,,,,,,0.40270644649233883,0.005162899999993087,139.33619904449085
d89dc99c3ef56c48c5babbef4c8e1a6e,10.7918339,106.6958731,10.7858782,106.7024674,,,,,,,0.9767776891563642,0.012550000000002726,132.5951432273299
c681d711b794c600c2722679ed3c852b,10.7760618,106.6470365,10.7722809,106.6496421,,,,,,,0.5060788355981531,0.006386499999996076,145.90177491705037
0bc64c9eaf59c89588c946f3cebe9c73,10.7738467,106.7398113,10.773475,106.7397513,residential,asphalt,no,4.0,30.0,,0.04163527605491547,0.0004317000000053639,189.0106668548224
8642ba5de0a0903a6ef41e8590abea1e,10.8005193,106.7293575,10.8025976,106.7464095,,,,,,,1.8789233083371397,0.019130299999993383,82.9253755072587
40955e1bd0c62c4b1d79018f4179f9f3,10.7438421,106.8044591,10.7376092,106.8141974,primary,,,2.0,,,1.2688438761485876,0.015971199999995633,123.08144231402122
c4b1c41289e4bdf48e68c030f3f557e7,10.887776,106.5981184,10.8865251,106.5982675,,,,,,,0.139323818989032,0.0014000000000020663,173.32396032774398
2b0bc45a81fd9a4419a21ac6088ed041,10.8185142,106.6869633,10.8367273,106.7316781,residential,,,,,,5.288359617704673,0.06292789999999471,67.4720147627088
47225ee6c5f0137b2c470d26148d1eee,10.7958652,106.681914,10.7918192,106.6716163,,,,,,,1.2118524376601991,0.014343700000008397,248.2005445839936
8aad2f1a8e71dc7854c9f516e438a7ff,10.7527375,106.6871934,10.7541132,106.6883922,primary,asphalt,yes,2.0,50.0,yes,0.20086974026922277,0.0025744999999979257,40.56699408741434
7836f890b894b53ff41c6eabe17acf97,10.8842932,106.6105297,10.8842093,106.6106839,residential,asphalt,,,,,0.019244295779594824,0.00023809999999713227,118.98932537872889
975c6445c140914c3729d2f1527050a9,10.7709488,106.6730236,10.7709488,106.6730236,primary,asphalt,yes,2.0,,,0.0,0.0,0.0
dc9858e3ddaa4873a502fd67ef9159e6,10.8077236,106.621088,10.809165,106.6156148,secondary,asphalt,yes,,,,0.619407212172693,0.006914599999998217,285.009237737445
7419e0bdbc3520c0478f98b10aecae2d,10.7580658,106.6494435,10.7711007,106.6734728,,,,,,,2.9976867161454885,0.03706419999999433,61.09136239332747
833a579b61d99303441d115baa2cbf21,10.7132819,106.7312394,10.7131905,106.7313098,secondary,,yes,2.0,60.0,,0.012709063116398153,0.00016179999999899053,142.88099958332907
6748b94dc06cd283cad37c2495c4007a,10.7923372,106.7131767,10.792197,106.7134711,tertiary,asphalt,,,,,0.0357367692726037,0.0004346000000019501,115.86397184071336
0a4f36a0f9b133329d806e5877bc2ef4,10.7376092,106.8141974,10.7670409,106.6763647,residential,,,,,,15.423334041155789,0.1672644000000041,282.2752600588648
4d846ee4fbbff8a12f2bf333af862785,10.7833422,106.7653756,10.7836471,106.7652891,residential,,,,,,0.03502763572897597,0.0003913999999944906,344.42739793137235
abaafbbccc7e4bca02d64ddabb55abe0,10.7983381,106.6674578,10.7980849,106.6699079,,,,,,,0.26940568362118833,0.002703300000005626,96.005513920451
52d9a00af191cb634f0a4cadda92d352,10.8826122,106.6159517,10.8839449,106.6112355,,,,,,,0.5362825844929494,0.0060488999999890325,286.0538716868163
c7b27b3ab9ffe0c826328fb41a209b50,10.7791557,106.7000845,10.7792456,106.6999777,,,,,,,0.015340139329405858,0.0001966999999964969,310.5926137223091
d39a5bfbd2eddb7bc701adf4b86d8f32,10.8152248,106.6323883,10.8083021,106.6345381,,,,,,,0.8010192008329566,0.009072499999996708,163.03646537834868
15a514eb0a68f8e4b904abcd7a9445a0,10.7992821,106.7334658,10.8021502,106.7485095,,,,,,,1.6754930508083319,0.01791179999999315,79.0146441185496
5756329cb90619cf28dedb21a748eb39,10.7192661,106.7432344,10.7199382,106.7432765,,,,,,,0.07448530186964056,0.0007141999999866755,3.521901451285828
9be89ebd549278b6409ae170ce055219,10.845755,106.6932002,10.8606545,106.6917699,,,,,,,1.6554916480626714,0.016329800000010053,354.61424276175325
1d45efd1ac8d07414291cc6effe7b05d,10.8589939,106.6798911,10.8717216,106.6768789,,,,,,,1.4458676899254137,0.015739900000001583,346.91578081709594
2478b55968bec83c8f55f45ed0c5ce05,10.7711007,106.6734728,10.7674299,106.6665142,,,,,,,0.8626125382169273,0.010629400000004452,241.76585897791853
03af47e842702948cf19211fa738c9c7,10.7444878,106.6438571,10.7897886,106.6466566,,,,,,,5.020205244633848,0.048100299999994434,3.473903836053239
3508537f418e565a175e03e87e3d418f,10.845997,106.7287514,10.8560454,106.7381233,,,,,,,1.5117897682824366,0.01942030000000372,42.48878961839671
88e0f4ac9d0812764f9df6bef61f3760,10.8367273,106.7316781,10.8316231,106.7254178,,,,,,,0.8873431738469959,0.011364499999993782,230.30367280069
30c96ab6179809be46162316da59da69,10.7502942,106.6630864,10.7500276,106.6634461,,,,,,,0.049168418485377806,0.0006263000000057417,127.03135227186488
0f3c72358a8d7977f249024118b071e0,10.8007157,106.7326817,10.8007639,106.732697,,,,,,,0.0055879488897282985,6.350000000132638e-05,17.31769154291476
06487b1359fa881db560973647db9db1,10.7579629,106.6997338,10.7579884,106.6997668,,,,,,,0.0045807994080243495,5.850000000151567e-05,51.81312816178979
3f28f97b4a027df7214d8d7c8a63bfb9,10.8821993,106.6167264,10.8776763,106.6236125,,,,,,,0.9039450688039765,0.01140909999998918,123.77605992876329
76c40473adc803a8e0f25a37cde0a8e6,10.787646,106.6782642,10.7835849,106.6784817,,,,,,,0.44984050373521794,0.0042786000000063495,176.98837965047778
01da8d323290ffe979f42a39cca9182b,10.7670409,106.6763647,10.7312283,106.8238056,service,,,,,,16.606322907492842,0.1832535000000064,103.87316430555256
88b9a52dbc3089860b8a9dc8bdb4b6d4,10.8706967,106.6769479,10.8846445,106.6812882,,,,,,,1.614148685439929,0.01828809999999592,16.992244076557142
f612e003d2857a3c5f4ca5eb1c745d6a,10.7490204,106.625679,10.7482606,106.6267106,,,,,,,0.14069537347482752,0.0017913999999894514,126.85803012417085
62bba976c817ec4b5fd8813cc92e3ca4,10.8883021,106.7760528,10.8882135,106.7761239,service,concrete,,,,,0.012508845410953864,0.00015969999999931872,141.76059939988886
a06f0832ba4d95eaf2ade3ff9cc75aec,10.729901,106.602171,10.7277176,106.60178,,,,,,,0.2452698096949974,0.0025743999999932043,189.97898061240684
ee8e5c07f31ce67c01399a2cf9d8a766,10.7674299,106.6665142,10.766037,106.6639913,residential,concrete,,,,,0.31603668699506726,0.003915799999987257,240.66441499783247
2f4a55ce9a5fa3e05333bbe689b7dd5c,10.7428358,106.7400366,10.7449386,106.7441554,,,,,,,0.5070181986626177,0.006221599999999938,62.54113897461633
fce84b58cd04a6c31addbc4642da5067,10.8609748,106.7421212,10.8625757,106.743489,,,,,,,0.23178411719792613,0.002968699999998492,39.9994675251275
52cdc0e61ada8b00df6632e3ffec16b7,10.7650945,106.7071763,10.7578081,106.7164541,,,,,,,1.2958840707565094,0.01656420000000658,128.63859905566534
fc787df1ccf2e5af1dd54eefac5aa44a,10.7936226,106.6519615,10.8152248,106.6323883,primary,asphalt,yes,3.0,,,3.2080254789629925,0.041175399999994866,318.3323613977312
08c2e261ac20703a156905c27829383b,10.8316231,106.7254178,10.8402083,106.7418062,,,,,,,2.0281004915966356,0.024973599999997376,61.92440348098262
1d611ede504a7f162525d00a6e78a460,10.829463,106.6235423,10.8417386,106.6160676,,,,,,,1.584864656394446,0.019750300000001886,329.1191403646251
9167a08ea55ac52b08f6b56c411a19d9,10.8010884,106.7392519,10.8020857,106.7438001,,,,,,,0.5094774347869659,0.005545500000001979,77.41582400988426
5b251b151ca19b90f029eb89279e3e07,10.753478,106.6507502,10.7533959,106.6507301,,,,,,,0.009343647896852741,0.00010220000000060736,193.52412468215383
b73228e412e8a5d08877cceaa999f489,10.7589846,106.641575,10.7589257,106.641586,,,,,,,0.006625262834820572,6.989999999973406e-05,169.60332975120218
c5b1ea0842ebdcc893d781ad3211b881,10.7902723,106.6523466,10.8117157,106.6648526,,,,,,,2.73797696799543,0.03394940000000268,29.806257755568765
ca861cbd2d21ed732fbcd70fa43f3976,10.8261485,106.7641935,10.8262034,106.7621148,secondary,asphalt,,2.0,,,0.2273892128899462,0.0021335999999987365,271.5404689633347
c0d508fd4f90961ca798b445541afcfa,10.8529635,106.7511033,10.8667147,106.7620017,,,,,,,1.9322557915437235,0.024649600000001826,37.894312698709484
e1922e21487ff727dc0e188cb2360754,10.8235017,106.7061476,10.8242579,106.7074369,residential,asphalt,yes,,,,0.16393318931491108,0.0020455000000101364,59.15661387051159
63f5d73229b180eb2cca9f2830c43aba,10.8846445,106.6812882,10.8671779,106.679258,residential,,,,,,1.944756151915342,0.01949679999999354,186.5120631233753
152e50fd56acf354e11e42658a922523,10.8402083,106.7418062,10.8380903,106.7343264,residential,,,,,,0.8507816510638108,0.009597799999999879,253.91809705636985
4b5ec51530a6524417a3545083ec7368,10.7510333,106.6646409,10.7548043,106.663899,,,,,,,0.42494131771552623,0.004512899999994602,349.0606241608229
b54dd2244ca0d6fa8192bbda480da3d2,10.8660484,106.7816929,10.8504219,106.7739597,secondary,asphalt,,4.0,,,1.9242331644106478,0.023359699999989658,205.92127537028983
0d5da0860f9d5bea8a1602a26f99f7da,10.7618932,106.6444788,10.7618644,106.6445646,service,,,,,,0.00991028857653502,0.00011459999999274828,108.86394527303611
58351dfec5529975503abf95c95e255c,10.6890588,106.6236614,10.6906363,106.6244123,,,,,,,0.19286154771991143,0.002328399999999675,25.0675647904676
672fc1649ef7344d3c6251f322cbf61a,10.7333357,106.8200297,10.7677321,106.6723696,primary,,,2.0,50.0,,16.592917220482438,0.1820565000000105,283.3525355344907
f9c076f55719738ff94e92d270f806d2,10.7560028,106.6664058,10.7566251,106.6697746,,,,,,,0.37484146818157477,0.0039910999999914765,79.35079638906012
0332af0ea1b502008307d906e9f10a24,10.7711901,106.6991751,10.770794,106.7059931,busway,asphalt,yes,2.0,,,0.7469778700608433,0.007214099999995227,93.3837853170337
15c1706c44aa5be8bf3a5fbb1623642a,10.8252486,106.7108326,10.8239671,106.706066,trunk,asphalt,yes,3.0,80.0,yes,0.540166593475048,0.006048099999995671,254.69238461724655
83a88e9e76240fc746190918713bd147,10.7449386,106.7441554,10.7469406,106.7484952,,,,,,,0.5238006796144834,0.006341799999997733,64.84739377134349
4a7785a5de0c21b06bb0f3cba9dc55c4,10.7469406,106.7484952,10.7490341,106.7527933,trunk,,yes,2.0,,yes,0.5240608266359222,0.0063915999999988315,63.62862427596701
36026cc0a25d09a563b0d5cb202b2133,10.7748455,106.6578456,10.7762132,106.6589017,,,,,,,0.19033845273806216,0.002423800000000753,37.18228033882724
dda2a1e87c59a2e39efa3122675cacb1,10.8415062,106.7687324,10.8496688,106.773359,,,,,,,1.034961089607837,0.012789199999994949,29.103391521649428
95fa1c4788cc4247253785413369152d,10.7229109,106.7191654,10.7230616,106.8257234,,,,,,,11.656213704347802,0.10670870000000576,89.90761611386063
d9cffd3f6c68e5f070a6a5440309d889,10.7665527,106.6429996,10.7666288,106.6427319,,,,,,,0.03046506077184582,0.00034379999999423205,286.1387428786277
f3d7261eaaf6df17a4c3e8a648ceb6fe,10.8332849,106.6212255,10.8136617,106.6326825,,,,,,,2.5062091434423803,0.031080200000006997,150.1662364300903
202c8e0f906ecf86c537b9c763f10b48,10.7566251,106.6697746,10.7566534,106.669461,primary,asphalt,yes,3.0,60.0,,0.03444292987896847,0.00034189999999689746,275.24828410350057
56de9b694c1aff8bd75f52089395ce9f,10.8619111,106.6498425,10.8621838,106.6494524,,,,,,,0.05224124880429115,0.0006628000000041823,305.44346474629566
bf8677168aadc4bd5b2f11fb1c0a247e,10.7677321,106.6723696,10.7676423,106.6741538,primary,asphalt,yes,2.0,,,0.1953945949489752,0.0018740000000025958,92.93268926022364
a7e649cfc3ec7c1f8d243b5d808d8d37,10.8878174,106.7287564,10.8878003,106.728711,secondary,,,2.0,,,0.005311714770039345,6.249999998964029e-05,249.01536786896855
ab81fe73cbed387bc9ec4bbfa179e841,10.7760663,106.6587872,10.7760663,106.6587872,residential,,,,,,0.0,0.0,0.0
3d20873f1d2f93ddad7e88f8a42eecdd,10.8380903,106.7343264,10.8667147,106.7620017,,,,,,,4.379746316195887,0.05629969999999851,43.51508269837552
eff22f84a8f0179407a9f78018220f95,10.7592606,106.6803749,10.7582717,106.6807561,,,,,,,0.11706194918998407,0.001370099999991936,159.2581467728719
743414f8e5ce25a9e94b4e79f127ebc9,10.8009447,106.7151083,10.7984442,106.7051673,,,,,,,1.121787034559456,0.012441499999997774,255.63785832163518
fbac919b03f1532d965ff89fb4481791,10.8521986,106.6264888,10.8521149,106.6265032,,,,,,,0.009391292961227463,9.809999999710328e-05,170.40952956723982
7392ab07ab26eae15f9710c3ad999ab6,10.8547733,106.7343846,10.8550441,106.7349099,secondary,asphalt,,2.0,,,0.06477824761388641,0.0007961000000076268,62.30465567514318
e1d33f79caff2af84791f599dfa7d913,10.6893503,106.7024735,10.7410217,106.7037515,residential,metal,,1.0,,yes,5.717221052037002,0.05294939999999926,1.392006883635247
41cb75109c6a55aa9333d6c61707c6ec,10.8537487,106.7511235,10.8620076,106.6713827,,,,,,,8.766554828880011,0.0879997000000099,276.02765976735236
dd7da9a46b6c881b8f5f286cb5624bd0,10.8757339,106.766068,10.8833914,106.7705975,,,,,,,0.9811691659228091,0.012186999999990178,30.15101204068742
6c7d86b64b915a2afc66db20331e285b,10.8565707,106.7843268,10.8603829,106.7908151,,,,,,,0.8252886472221967,0.010300499999999602,59.1089313814029
2cd8187f367d924cadeaec809ba2d8ae,10.7722809,106.6496421,10.7750261,106.6477936,,,,,,,0.364800411455354,0.004593699999993817,326.51601208532355
9815f9f06eebe667b927a4ec930c67e0,10.8263771,106.6800231,10.8265667,106.6798028,,,,,,,0.03194005353568774,0.0004098999999957442,311.22619785304016
495045d2913962a36051d7cc8c028877,10.7521361,106.6496345,10.753419,106.649744,secondary,asphalt,yes,2.0,,,0.1424098644637614,0.001392399999993188,4.79330221650855
a05ae8026ace289968cc3976d52e5eae,10.7575965,106.6738445,10.7589142,106.6735498,primary,asphalt,,2.0,,,0.14927626834804353,0.0016123999999972938,347.60811261398004
4214ef8575d61c12a17c9fd1dec7a982,10.8866826,106.5896647,10.7757808,106.6565902,primary,asphalt,,2.0,,,14.284323362102823,0.17782729999999702,149.33782396045774
8b2a1c8d0d4ffea24d0680aa2e468bd7,10.7579867,106.6492826,10.7582635,106.6457587,,,,,,,0.3866431808170255,0.003800700000004653,274.57166670811785
9cfc15cf4578558af06cea65e01ac42f,10.7684337,106.652716,10.7623035,106.65706,,,,,,,0.8279663544052426,0.010474200000002654,145.15583585378772
445ff96e573df743a262a2a44a27cd80,10.832788,106.6218498,10.8311999,106.6227295,,,,,,,0.20027890865122436,0.002467799999999798,151.4509562748956
4513a63256ed63570c1a5245c487e8f2,10.7737359,106.621551,10.7842211,106.6392437,,,,,,,2.255977178074464,0.028177899999997535,58.89690841198808
1bae13a305eab76923e04edd54282a4e,10.7504541,106.6597273,10.7502217,106.659871,,,,,,,0.030130830626138583,0.00037609999999510535,148.7222127818028
89ec83181615cc9fc258f9f58a028d65,10.8510377,106.7547163,10.8495638,106.7534794,,,,,,,0.21182835964297686,0.002710799999993796,219.49543509823235
e044e4d3fd4fd529853103c200f7fc93,10.8607907,106.7150626,10.8612059,106.7155477,trunk,asphalt,yes,2.0,50.0,yes,0.07016068695243301,0.000900300000004961,48.92724011378516
b76105d66ef94f428ede4bf83fb03fa1,10.8603829,106.7908151,10.8599603,106.7901143,,,,,,,0.0897577618321539,0.0011234000000044375,238.44921310110797
d3c48d8f4c1891c0085c565273bb3d91,10.8576365,106.6962199,10.8565038,106.6964506,,,,,,,0.1278061052352744,0.001363400000002457,168.68856246342216
ed16bfd9b081017d84169a92b5a30114,10.7470262,106.7483935,10.7450815,106.7441524,,,,,,,0.5113387510560188,0.006185800000002573,244.98092294074922
452a84848718df6aa5932eecba94c3e1,10.8581333,106.6884983,10.8580682,106.688522,,,,,,,0.007653023712051052,8.880000000033306e-05,160.32612168372327
5f1f1877a229601a6298a311b736c8af,10.8214287,106.60636,10.818044,106.6044259,residential,,,,,,0.43000317316820363,0.005318799999999513,209.3041949623047
a1d878c0cc1fcd100a21351281c7e4c1,10.767686,106.6667965,10.7579254,106.6489673,primary,asphalt,yes,2.0,,,2.2289776594227813,0.027589800000008324,240.87279303889085
566d9a5f89ea87bf12c8ae754c55c87d,10.7643811,106.6819889,10.7622438,106.683007,,,,,,,0.26132507574465147,0.0031554000000095783,154.92180190944953
3b00268a65a75b9dfb5804976d604e0d,10.7266492,106.7230082,10.7267196,106.7231231,,,,,,,0.01478541109954796,0.0001852999999982785,58.052183737567134
76a4e39bf85d90c7bf4084e1a7847d5b,10.7757808,106.6565902,10.7677013,106.6588507,,,,,,,0.9272651493247845,0.010340000000004679,164.63140661506247
1e1979182719cd665dbba2a0180c2404,10.7450815,106.7441524,10.7347762,106.7279543,,,,,,,2.1067958973872525,0.026503400000009947,237.07654624288216
0ad2878dcfa11eff6571ba6378e3c6d4,10.7582635,106.6457587,10.7580428,106.648904,,,,,,,0.34488440770695716,0.003365999999999758,94.0850363259728
e6e5998fb8fd27cbeb5203c4dfdefa93,10.758507,106.6987348,10.7557367,106.7008649,tertiary,asphalt,no,2.0,,,0.38494233281890705,0.004900400000002136,142.93261840829632
66180cf6d944a029876b74614ca0f7de,10.7342194,106.7271372,10.7399509,106.7344584,trunk,,yes,2.0,,yes,1.0213886749405292,0.013052699999992257,51.45099928953073
d2dbf6af683c6b56e3bab3fce9639fb2,10.7622438,106.683007,10.765251,106.6818405,primary,asphalt,yes,3.0,60.0,,0.3562641176706433,0.004173699999995506,339.13939266444396
1b0822bb1e560769053213e50ab562f4,10.7842211,106.6392437,10.78599,106.6416689,,,,,,,0.3295959604470879,0.004194100000004752,53.40593495744724
7b9f01af293259b080648c90f705a849,10.877165,106.6248126,10.8825854,106.6163333,,,,,,,1.104045754219961,0.013899700000004955,303.0629835402649
7472b2b8b297cbf6c1a9687823b3b197,10.796707,106.7886419,10.7961184,106.7760321,,,,,,,1.3805673391740458,0.013198400000007382,267.28058270121016
606ad9248b88d03945950465d28ed332,10.7916682,106.6898524,10.7915069,106.6888956,,,,,,,0.1061493094005031,0.0011181000000117791,260.26197439461544
8f0db9841fb1c88f34ffb23c8c966109,10.7677013,106.6588507,10.7592404,106.6612178,,,,,,,0.971035753734684,0.010828000000001836,164.63166859660578
a070f13924a5d4fa455e56474fa9d0b1,10.8547157,106.7063222,10.8547574,106.7068791,,,,,,,0.06106629976203734,0.0005985999999928993,85.63998350174734
97b132b6bfc8d24dea77af0852a39352,10.8215874,106.7136257,10.8233581,106.713869,,,,,,,0.19766194816627428,0.002014000000007954,7.686139667822715
0371a191949ced5da38b42b3c6f371a4,10.7735866,106.6215672,10.7762952,106.6093332,,,,,,,1.371161198285025,0.014942600000006578,282.7018616766393
d77dc1d832a4eafcb411344218bfc114,10.7695756,106.6353005,10.7723027,106.6257843,,,,,,,1.0836294523694114,0.01224329999999263,286.2635847324557
289880b31db2181be1787ea0c3842937,10.8598764,106.6039116,10.8590069,106.6045252,trunk,asphalt,yes,2.0,,,0.11726657267107027,0.001483099999992632,145.27583065522526
a37454d69bbfd27f194b9b424eefe413,10.8770572,106.7319907,10.8772691,106.7319664,secondary,,,,,,0.023589160117491483,0.00023619999999269226,353.57462679958905
a5b455175eb8f8c8ebfc0b07a80a10b8,10.8025366,106.6658741,10.8087826,106.6687556,,,,,,,0.7593605849676858,0.009127500000001731,24.377633972441686
3b89d000cb208e285af1b10ddd51f521,10.7597225,106.6587965,10.7552474,106.6584197,,,,,,,0.49671678174303274,0.004851899999998466,184.72874873445062
e45ac8b8f81831c27a10642495666bc4,10.758935,106.6691456,10.756601,106.6695945,,,,,,,0.26279800479401394,0.0027829000000085813,169.30003515497583
7b8b890a609da3f894b480095d6d76dd,10.8373896,106.6187325,10.7959135,106.647854,,,,,,,5.584755562783457,0.07059760000000281,145.40508600678476
22844cbfdd271b39853899026b302394,10.8020857,106.7438001,10.8006952,106.7363742,,,,,,,0.8265338708828588,0.008816400000000613,259.2080360296418
65841399496f48ab75eec35421a50c87,10.7728903,106.6238934,10.7731687,106.6229767,secondary,asphalt,yes,2.0,,,0.1048824741235468,0.0011951000000038903,287.1789044434228
705780b7242f1dc497d8efbd33479a12,10.7926284,106.697328,10.7930658,106.6974031,tertiary,,,2.0,,,0.04907438998295169,0.0005125000000045787,9.573356725870497
cdfecb889ca152e208512002cd50a54b,10.7400283,106.6961929,10.7400256,106.6961154,,,,,,,0.008482380220686887,8.020000000463767e-05,267.9691574994944
778ade93dd66a26c5f7427e55f4447e7,10.7047068,106.597382,10.7045783,106.5973319,,,,,,,0.01523376856782068,0.000178599999996365,200.96176212321097
48253ecbed15ebda642bc4c20a5fdb26,10.7681682,106.6677962,10.7681682,106.6677962,,,,,,,0.0,0.0,0.0
f6098a84a9c0bb61be94679487cde5cb,10.7546911,106.6313514,10.754722,106.6311219,,,,,,,0.025333631568574464,0.00026040000000193686,277.803665547431
6e862f3c107693414fcb37739f3fcf57,10.8131648,106.6226738,10.8157799,106.6249673,,,,,,,0.38285524729094167,0.004908599999994934,40.742904424493304
491243ec66f1662842c0f1b11fd2ec7b,10.8235017,106.7135696,10.8190196,106.7129039,,,,,,,0.5010963233568995,0.005147799999997815,188.29999508195766
80ebbf3838510715a5cf5328f4061a4b,10.7763027,106.6087456,10.7763962,106.6028052,,,,,,,0.6497786118757239,0.0060339000000002585,270.9184835902165
28900d62ac83d59cbe6d476fc30917dd,10.7592404,106.6612178,10.7571594,106.6618976,,,,,,,0.24189639404471686,0.0027607999999990085,162.20703490729386
de045d4c3a668dcc05d885ca3ffd3e22,10.703606,106.7265583,10.7028333,106.7247561,,,,,,,0.21488197382456947,0.0025749000000008238,246.42635237218383
bd318cdb905c547e27ddecfdb98ab30e,10.7915356,106.67201,10.7962369,106.6656372,residential,,,,,,0.8695759421943776,0.011074099999994758,306.9071710351099
07ea3fcc5e89cd4ae8cc5f401fe132d7,10.8099607,106.7563406,10.815571,106.7575697,trunk,asphalt,yes,3.0,80.0,yes,0.6349631265850332,0.006839400000004048,12.144144888576022
e429deba84703e842e10d3865f8e7555,10.761856,106.66843,10.761856,106.66843,primary,asphalt,yes,2.0,,,0.0,0.0,0.0
eb0989886c58dd3c79188c092ba280bf,10.7552474,106.6584197,10.7552474,106.6584197,,,,,,,0.0,0.0,0.0
aa914e409955d238ad9fc7dbe883a32f,10.8087826,106.6687556,10.8085272,106.6717917,,,,,,,0.33321983296150515,0.0032915000000031114,94.89460692343249
5697dafe20bfee72c68a845e2411fe8d,10.7959135,106.647854,10.8339258,106.6206709,,,,,,,5.149336454023067,0.06519540000000212,324.9178946598881
9f2edd8a83ef480c03dc50ee0d06c835,10.7230616,106.8257234,10.7256271,106.7236416,,,,,,,11.170113201139232,0.10464730000000877,271.47472189489685
50b0d9d8b8b957046aad9690f1049d33,10.7929272,106.6959206,10.7941308,106.6960125,,,,,,,0.13351290146552192,0.0012955000000012262,4.289340825439865
edf3773330693cb270bc1f8749a7f47b,10.8368731,106.7001735,10.830835,106.6929691,,,,,,,1.0328096344086215,0.013242500000005819,229.52581722197507
283f983bf52dc474a29966b01e9caf74,10.7807155,106.6832444,10.7767699,106.6884634,,,,,,,0.718526387943095,0.009164599999996526,127.58084963362126
1a59eae3bdbd8c55e1e06b3a925e9917,10.8143542,106.6786185,10.8140447,106.6785004,primary,asphalt,yes,2.0,,,0.0365898655652493,0.0004275999999947544,200.54633980497596
06614adb4ffcc8af0a9976dae1fa6b37,10.8266931,106.6794606,10.8299958,106.6706701,primary,asphalt,yes,2.0,,,1.0283242213231152,0.012093200000004245,290.933851028774
70eabe87c48499f7361206fc9c1abb31,10.870652,106.8069619,10.7158518,106.7295974,residential,,,,,,19.099233856403504,0.232164700000002,206.15500312528576
5165d0df5eaef3d4b6c3efdc70a5e91d,10.7482816,106.6817654,10.7479796,106.6819277,tertiary,asphalt,,2.0,,,0.03782913150248692,0.0004642999999990849,152.1664224190729
210556fa78366e22d751bc165314cd5b,10.8045394,106.5779904,10.785662,106.5934583,,,,,,,2.6873130324802896,0.034345299999989365,141.1684244167477
366a03c8edcecafca078d718b46fa2d2,10.7571594,106.6618976,10.765485,106.6595662,,,,,,,0.955570884705003,0.010657000000001915,344.61847140215235
8d65fc8c6cf03103721e1152c80d7b8a,10.8463002,106.6441247,10.8425938,106.6571611,,,,,,,1.4832440548445311,0.01674279999999051,106.1435146548447
6d4eb2a8d9749b2777226b37d599309d,10.8828952,106.7701845,10.8746157,106.765511,,,,,,,1.0487243512588478,0.012952999999995995,209.00102131783558
422e0b8d27dc7f8f7c3f744ab2e7726d,10.7815006,106.6357625,10.7820031,106.6361909,,,,,,,0.07269577123130015,0.0009309000000055079,39.94570855464087
ead7bf064ec11a35db5c21029ecd37b9,10.7293691,106.7181438,10.7340089,106.7213386,trunk,asphalt,yes,3.0,80.0,,0.6209033684695267,0.007834599999988257,34.07888513050801
e33aff812a7445733975cbc012f88ce6,10.7973168,106.7040931,10.7938821,106.7008614,,,,,,,0.5188944390615582,0.006666400000002071,222.74580645691745
22fb3b4e42d2240b7b06d63127bb1e02,10.7503613,106.6692116,10.7491553,106.6606556,,,,,,,0.94530401369909,0.009761999999998494,261.83620411890206
9bff8d37b1a04bcd808d16fda8e383ee,10.7657693,106.6544961,10.7626655,106.6522037,,,,,,,0.4251276526140337,0.0053962000000016275,215.96419794020264
e50c8117ca72788776d42858fdf060f3,10.7782236,106.6617292,10.7739209,106.6645769,secondary,asphalt,yes,2.0,,,0.5687843796302735,0.007150400000003998,146.96906115052354
8ba1b6430fe0b2c23d41ec8f519e70a4,10.7930658,106.6974031,10.7940986,106.6976069,,,,,,,0.11639521473796566,0.0012365999999932598,10.969958613552194
85e2e72aec9dee56122ea49035d33045,10.7970292,106.6645994,10.7889674,106.675853,,,,,,,1.5198342433510048,0.019315400000003535,126.10131954585785
2925c7fc647839023a984792b251fab5,10.7904195,106.6569689,10.7883571,106.657746,,,,,,,0.24344504255357938,0.0028395000000074333,159.68874917067615
18bf39968092b7b1d8c6fa72b189fc52,10.8139606,106.7570201,10.8099928,106.7562309,,,,,,,0.4472966368199675,0.004756999999999678,191.05471953384153
14a7c1928bc0f39a2778102797757f46,10.7680397,106.667873,10.7681015,106.6679949,primary,asphalt,,2.0,,yes,0.01498278395209129,0.00018369999999734432,62.70354156543351
262e3d246e41bb82cb336c0ed4ec9f4c,10.763637,106.678648,10.7581844,106.6702787,,,,,,,1.096221656189611,0.013821899999998166,236.4499591702573
6eedab644d3f1524512af699d4775517,10.7922881,106.6429867,10.7929669,106.6410455,tertiary,,yes,,,,0.22518259324643097,0.0026199999999896306,289.5947603575444
e6260086b21971820168175ca03740c2,10.765485,106.6595662,10.7738791,106.6572154,,,,,,,0.963437929052115,0.010744900000002389,344.61752037559535
a12ecaecea2c7ed8fea82f87f8320008,10.7290654,106.7123109,10.7287779,106.6949806,trunk,asphalt,yes,2.0,80.0,,1.8959623662037999,0.017617800000010675,269.0342886087186
16106051cd676079301bd42ce7303415,10.8299958,106.6706701,10.835952,106.6605258,,,,,,,1.2901683967164495,0.01610049999999319,300.87196580818227
feef2d132766f10a7db78d2deb029686,10.7589142,106.6735498,10.7633633,106.6725291,,,,,,,0.5046319804709956,0.005469799999998415,347.2988439732827
1d471a709590cdc8add41166b6d969e7,10.7925479,106.6855754,10.7939608,106.7006919,,,,,,,1.6605567930359535,0.0165293999999907,84.56321586559437
d7c180605c4c2de24f4c16b3ef006c08,10.7933726,106.755623,10.7935165,106.7559349,,,,,,,0.03764135070477706,0.0004558000000010054,64.84170055323654
9dfd6e2c9819418f234634feea011645,10.821591,106.6983165,10.8218467,106.6992827,trunk,asphalt,yes,4.0,,yes,0.10937682616011876,0.0012218999999937807,74.92042438806118
4c15f58b50efd5c60c36d42cf7709eef,10.8182453,106.6985355,10.8184238,106.6989116,,,,,,,0.04562190819534834,0.0005545999999974072,64.21033863276011
d3d2b3a194453ebf38c2613d4ead0ada,10.7892124,106.6753896,10.800243,106.6609346,residential,,,,,,1.9969366835803317,0.025485599999997888,307.8430564748286
122ab291f5ce6eaacd52fef0f5a1be0e,10.7581844,106.6702787,10.7562461,106.666373,,,,,,,0.4779739095159837,0.005844000000003291,243.19966110750858
9584842369de849d49ca4b98ac061f7e,10.7738791,106.6572154,10.7820115,106.6549226,,,,,,,0.9338474514168769,0.010425199999991364,344.5195857560881
bf4708eaf17fbb86c9ae850f43865c67,10.7942306,106.7570472,10.7939773,106.7555931,,,,,,,0.16147370257868676,0.0017074000000043554,259.9441451406279
d76bf92fe2b2fed981409c0c8ee7065e,10.7739209,106.6645769,10.7697668,106.6661869,,,,,,,0.4920820970934338,0.005764100000000383,159.15603668570122
9af69c04e88b06af05fdf8e7b56b22fa,10.7495269,106.5938427,10.7495472,106.5939152,,,,,,,0.008241741561995258,9.280000000266853e-05,74.09237619809113
cae6c2b517e97832a69998c811c7a823,10.8594106,106.7904411,10.8581937,106.7878367,,,,,,,0.3149742157133478,0.003821299999996697,244.55670026430846
8c6f66089f90e8df23b328057138c6ef,10.835952,106.6605258,10.8395934,106.6466938,,,,,,,1.5652004396667702,0.01747340000000719,285.00615478009945
c014b7cf72faf2e88fe299f1bfdc24b1,10.7542847,106.6342541,10.7560579,106.6326357,,,,,,,0.26420615812373743,0.0033916000000129287,318.1186102717437
dff7ead2e14322ddbcaa60815dbbf5dc,10.7273833,106.7086074,10.7274088,106.7097716,,,,,,,0.12737928433668833,0.0011896999999905233,88.72280559873803
eff85277cd6de590d617251506af570d,10.7820115,106.6549226,10.7887464,106.6529164,primary,asphalt,yes,2.0,,,0.7766073095837294,0.00874110000001238,343.6897024382773
ecffe5358d359a5d770d2a145e1d18cc,10.7765916,106.7657368,10.7769125,106.7659642,tertiary,,,,,,0.04334155012552782,0.0005483000000001681,34.843066318995284
209c7eefc748b3d5bf7764aa1b53423d,10.844692,106.6397062,10.8350079,106.6634568,primary,asphalt,yes,2.0,,,2.8092793820169857,0.03343469999999904,112.54349441566603
744d77f98bd20653cac143f3c6e41a6c,10.7997621,106.7319201,10.7981356,106.7225975,trunk,asphalt,yes,1.0,60.0,yes,1.0352809505980494,0.010949099999990608,259.92937659445084
ae869b2bb762d4d4905fdceab7972f2c,10.7582245,106.6518136,10.7591573,106.6561005,,,,,,,0.4801001781148766,0.0052196999999960525,77.51097396980651
02b49abca5fd49020ceed3075f71947b,10.87865,106.7619572,10.8060161,106.6057636,,,,,,,18.87439886316653,0.2288274999999942,244.678223725755
4dfa8f0f7e937512cd5290ab034361af,10.7159649,106.5856745,10.7117174,106.5985988,,,,,,,1.4898310411982987,0.01717180000000873,108.49260324610435
b1ac0e5ba733f46edbd5384859300381,10.7719941,106.6411857,10.769814,106.6444321,residential,asphalt,,,,,0.42921015865219503,0.005426500000009327,124.35570486620668
11fa7d7807b439a61afa95b393cbb892,10.8083021,106.6345381,10.829463,106.6235423,primary,asphalt,yes,3.0,,,2.6314675766749502,0.03215670000000337,332.96162809259516
c9881e1155fa8c585a08bb59a2b4a587,10.7311956,106.7192028,10.7526944,106.7269803,,,,,,,2.525630148404968,0.02927629999998871,19.565762134358522
646f30dd1792b450edd72a8b03b4d4a1,10.8614957,106.6652403,10.8614424,106.6653095,,,,,,,0.009592023557221021,0.00012250000001401418,128.10641281392958
c2c78c3de8a80ca1a12efb40adac013a,10.8315214,106.7053404,10.8311762,106.7054531,,,,,,,0.040123228997869034,0.00045790000000245357,162.22096602415343
a5ef4b295c455223cd896c8c62b080c1,10.8615207,106.6642282,10.8615229,106.6653693,trunk,,yes,2.0,80.0,yes,0.12476611632533836,0.001143299999998959,89.88741340697936
172cecaee283385cfba17d573f5029c0,10.7711638,106.6930476,10.7529979,106.6588732,,,,,,,4.243674647525991,0.05234029999999734,241.5861858373429
7a96112d362872bb78c362ee62d52ec4,10.7697668,106.6661869,10.7675961,106.6670725,,,,,,,0.2589083615402287,0.0030563000000025653,158.15928619652084
5c266a55ff76ebe9a366905ebd25f1a3,10.8820255,106.8100261,10.8827193,106.8089551,,,,,,,0.14000153019508205,0.0017647999999965691,303.4116884505675
78ca4cebe4c9389bbd2e07e25e744bf4,10.8006952,106.7363742,10.8336803,106.7646754,,,,,,,4.784390367398653,0.06128630000000079,40.11998426460849
e23aa559c9c01e541fc10a4531bda19d,10.8741188,106.7474536,10.7226708,106.6008754,,,,,,,23.18607865681329,0.2980261999999936,223.56623732718407
500ef44f95ea2002a80fc5191d91ee01,10.8345705,106.7008658,10.8592742,106.6514144,,,,,,,6.058435394456935,0.07415510000000936,296.9644883975819
8fd88eb57aaaf7f6b87fcc9e36f89cb5,10.8365053,106.6583227,10.8364665,106.658324,,,,,,,0.004294158623186839,4.009999999432523e-05,178.11520877843338
c652a47a5426f038185a5b56bf824ad4,10.8746132,106.6085312,10.8748532,106.6088444,,,,,,,0.043328500699331175,0.0005531999999934811,52.03519398901307
11b569f189f85a3b166e82e628dc9b6a,10.7684923,106.6512531,10.7661016,106.6476679,,,,,,,0.4729581843642002,0.0059759000000028095,235.8326464681984
0832274e2a8c730976861781a0f24dfc,10.792161,106.6779981,10.794303,106.6778425,tertiary,asphalt,,,50.0,,0.23754382965528306,0.0022975999999985675,355.91846056298914
99fd9f1531cf9107f1311d7bf226b5c4,10.7887464,106.6529164,10.7805208,106.6552592,,,,,,,0.945248520805328,0.010568400000009248,164.36882409822397
cdb39fc0ab22153b59636613d4bd5ba5,10.7983208,106.7250464,10.7988988,106.728642,,,,,,,0.39838240580419954,0.004173599999996114,80.70559491100937
76c3d9afa81ab44c5fac357d6f018919,10.7357509,106.6337889,10.7485677,106.6353149,,,,,,,1.4274952021471248,0.014342799999999656,6.671768810090441
52694cee4dd89dabbcdd5b0f46992e93,10.7461296,106.6682445,10.7462542,106.6689261,,,,,,,0.07581664040547728,0.0008061999999924296,79.4595470906412
93c0a28d47dbb5b8c27b7af5c06cc3de,10.7988988,106.728642,10.7994998,106.7320752,trunk,asphalt,yes,1.0,60.0,yes,0.3812976367062461,0.004034200000003096,79.89499357771018
e1eb5f3ee6d7108aeb9e3d1aa770d97c,10.8877621,106.6998839,10.8886155,106.6944551,,,,,,,0.6009827323819156,0.0062822000000046785,279.0952848260871
5b348c2c7921dda15d108ab38094cd73,10.8350079,106.6634568,10.8430788,106.6419808,,,,,,,2.5122954729373452,0.029546900000006815,290.94070395400917
4998baaef8a2e684b050d87618b61c69,10.7735855,106.6211738,10.773618,106.6212579,secondary,asphalt,,2.0,,,0.009875584621075182,0.0001166000000107914,68.52637753047941
d1279510a820b3270a0ec33263e0af65,10.8136383,106.7753601,10.8131985,106.7686852,,,,,,,0.7315577504720071,0.0071147000000060245,266.16298934353523
6dce28b2cc7516ec3d58778199212d63,10.7671805,106.6998985,10.7645089,106.700715,,,,,,,0.3087125044629598,0.003488100000000216,163.28791880985534
0574be08a5b424e6f48ee176c323e505,10.8761169,106.7542735,10.8783778,106.7609261,,,,,,,0.7691391179002409,0.008913500000010899,70.91018731005647
d862ad18296652124d653243e1048d0b,10.7661016,106.6476679,10.7636884,106.643989,,,,,,,0.4828628922120954,0.006092099999998268,236.26901616135626
50948887e0902ba49ded83ea72ceceab,10.7520028,106.6580656,10.752179,106.6632877,residential,concrete,,,,,0.5715145636010752,0.005398299999997747,88.03250970074384
fb7785d7b78cb32e469d18512016657b,10.7822564,106.6795303,10.7830627,106.6784842,,,,,,,0.14506456564265166,0.0018523999999970897,308.1185714535737
2d039383ef2ba69c930dafb0423c5012,10.7805208,106.6552592,10.7787511,106.6557798,,,,,,,0.20386437094283064,0.002290300000002077,163.88155140313984
fc454ff7dee5ccefdc2e4388580c2d7b,10.7924505,106.707195,10.8011855,106.7113752,,,,,,,1.0688990259291653,0.012915200000009008,25.177165843009163
fe214c5cd67864e9cf5aac8341aff671,10.8853354,106.8049329,10.8852651,106.8048936,,,,,,,0.008884246168922439,0.00010959999999826664,208.76565170475817
0e19c76e5dc384d2aac107de026f777d,10.8384914,106.6799748,10.8386842,106.6659911,,,,,,,1.529218570455867,0.01417649999999604,270.8055746877205
a85f69aa36c0176c71f05f19a0581836,10.7523982,106.7241939,10.7522526,106.7242338,trunk_link,asphalt,yes,2.0,,,0.016686068015040793,0.0001854999999899576,164.93170303525892
519cf2fa18f0754d3ce0dd296a12437d,10.7607311,106.6727534,10.7607915,106.6740891,tertiary,asphalt,,2.0,50.0,,0.14624452656173467,0.001396099999999123,87.36445991997948
f15a9f216994daa30b98e479dac976c3,10.8434511,106.6149314,10.8575697,106.6057733,,,,,,,1.8551748033773687,0.023276700000009143,327.5013573279266
437db8d2c2331a9d2ad4a761d2598913,10.7623556,106.6521869,10.7602645,106.6532907,,,,,,,0.26091408803641164,0.0031948999999951155,152.5898595753423
4ce974482d6d94f2a7a1c4673f124ba0,10.8430788,106.6419808,10.8374889,106.6544376,,,,,,,1.49587328587445,0.018046699999995752,114.55430187155258
b28ad703541fcc3884515fa84eab5e39,10.7540208,106.6340806,10.7539125,106.6340886,,,,,,,0.012011296691449406,0.00011629999999307472,175.84923185212892
fc1bf1d7d646cbdf9a6d540a073b7ebf,10.750294,106.6601636,10.7487665,106.6603921,tertiary,asphalt,yes,2.0,50.0,,0.17079973213844574,0.001755999999991431,171.63930945378638
bbb17764ab17971373fccde4f531d83f,10.8486663,106.7744207,10.8484707,106.774693,secondary,asphalt,yes,3.0,,,0.036805079531443755,0.0004679000000056277,126.18159469455236
466bb4d6c9622c07c83b99a98c53923e,10.7678833,106.6745229,10.78553,106.6927956,,,,,,,2.7935644915964257,0.03591939999999738,45.487153569081386
a2b54e89c92fd7d95dcad528d43948cb,10.851171,106.7550306,10.8497041,106.7710929,,,,,,,1.7637679692183217,0.01752920000000202,95.31103677574401
c7f974468c7b0c362a24ad69e74633ce,10.7957979,106.7028286,10.8012607,106.7127424,,,,,,,1.241202254284702,0.015376599999992635,60.70824203623704
f184921b0410e1b783918f18f42f38a7,10.7552474,106.6584197,10.7546122,106.6583409,,,,,,,0.07078800932676763,0.0007139999999967728,186.94873517239884
1a310ef13193c003a664ccf4ea02d9a9,10.79196,106.7089225,10.7921268,106.708958,residential,asphalt,,,,,0.018854337607456802,0.00020229999999621384,11.808483267237648
9bfc7400431048abd64a4cc61669f2ee,10.7587163,106.6592488,10.766178,106.6543476,service,,,,,,0.9841676821158827,0.012362900000006505,327.16656377786785
53ec71c2a096d37062227519340dc180,10.6817688,106.5406723,10.681336,106.5412694,,,,,,,0.08098851064779689,0.0010299000000077996,126.41308932186536
90cd50de46d705a63124a3609eeacef8,10.7636884,106.643989,10.7628698,106.6422657,,,,,,,0.2091054654449474,0.0025419000000077574,244.19521194234824
c7418d84313427192e90bdaed4c991cf,10.8055396,106.7115254,10.805844,106.7115501,,,,,,,0.033778866018186166,0.00032909999999830575,4.557092583132089
3e043fbda152b49afdae26d83116ffcd,10.7614144,106.6100165,10.76138,106.6100099,tertiary,asphalt,,2.0,,,0.00387295584348513,4.100000000484272e-05,190.67423595107394
c42b778430ae633d72075dec287570ff,10.8374889,106.6544376,10.8393084,106.6472307,residential,asphalt,,2.0,,,0.8133446834561556,0.009026399999999768,284.41655794677564
89d43ae98055780fd75512d6ca049cc4,10.7778843,106.6559639,10.773825,106.6615589,,,,,,,0.7589855881969971,0.009654299999999338,126.44705817141346
f36f4a2c666597467232faed8c6f29ae,10.7497109,106.6494313,10.7507545,106.6545334,,,,,,,0.5698741839981846,0.006145700000001142,78.2387129124213
28942e5886452a596f38e0e353f114de,10.752179,106.6632877,10.7680299,106.6953474,,,,,,,3.9204412923460086,0.04791060000000513,63.282407822489176
d737814296abfca787a167bd13378e48,10.8043176,106.7516401,10.8603257,106.7918394,,,,,,,7.596298149498573,0.09620739999999905,35.17821205230524
383393907c7f620b6bdc6c5167ffc7ea,10.7721656,106.6944832,10.7779424,106.7010583,,,,,,,0.9619956472829647,0.012351900000007632,48.19133604990668
8dd6241c51a348f034b553601993e4c8,10.7404244,106.6548139,10.7508219,106.6874216,secondary,asphalt,yes,1.0,,,3.7474818195628083,0.04300519999999963,72.01572620446262
fc74b3e5da44e5ad408f5a572b301557,10.6817688,106.5406723,10.6828162,106.5444885,,,,,,,0.4332800506309869,0.004863600000001966,74.39450382264346
f78571b43a2b620f8b9e270aca8d5bf5,10.7916133,106.661654,10.7915741,106.6616367,,,,,,,0.004730840628443105,5.6499999995907046e-05,203.43777309040388
e064b86e937a58143c41b4cae49a8ba0,10.7779424,106.7010583,10.7818664,106.7046426,,,,,,,0.5848636141316033,0.007508299999999579,41.90163611186
f4e7e56f71bce92f91b91f405c2f77f4,10.7460556,106.6689199,10.7416454,106.668879,,,,,,,0.48784540727943204,0.004451100000002484,180.52203339897696
4cb0460b000b957b7deac468dda6bfe8,10.7130085,106.8474689,10.7086939,106.8475454,service,,,,,,0.477322659252113,0.0043911000000065314,179.00191034112288
89d31f39685d4f05434325db6b5c6154,10.8023976,106.6423382,10.8029475,106.6424147,,,,,,,0.06139888223049213,0.000626400000005134,7.781314304101386
d18c46c069be2690a1c26b659bf92135,10.8581167,106.7877131,10.8685319,106.804085,,,,,,,2.128751144637229,0.0267870999999964,57.06443983497206
118f28d1afbb58a18d4312a9a2154d42,10.7574828,106.6741653,10.7566055,106.6696815,,,,,,,0.4999291330001055,0.00536110000000356,258.73678882127405
f8083127d46b57057c4d114df2d89bfe,10.8214371,106.6887972,10.8238312,106.6869947,,,,,,,0.3301224933438893,0.004196599999996664,323.51720882065575
c16cb92f79fdb7ccefe737ea18162868,10.7828466,106.7199382,10.7820242,106.7205208,,,,,,,0.11106349714666588,0.0014050000000001006,145.16561495384292
b9a81c90f88cfbec7daa081068904c5c,10.7994476,106.6193962,10.7916934,106.6052666,tertiary,,,,,,1.767330479320397,0.021883800000004783,240.81015520573055
4479ef6fb17e96c8e1b183ce8dd0cc7c,10.8457909,106.6378814,10.8474862,106.6353191,primary,asphalt,yes,2.0,,yes,0.33713633264095944,0.004257599999993644,303.96711341593715
5f470e46b16d35fd7e57688fb84d2ca1,10.7496063,106.5941698,10.7496222,106.594239,,,,,,,0.0077706560406822734,8.50999999979507e-05,76.8366578122401
486d67142ac57b6c944c7420bb882400,10.766178,106.6543476,10.7648499,106.6551501,,,,,,,0.1711286789305921,0.0021306000000063108,149.30605552908366
46bce628224de5af6a3df63414f72ee5,10.7591573,106.6561005,10.7596357,106.6582987,,,,,,,0.24618319005738995,0.002676600000009799,77.508945996612
24bd2043fa798b19656966216bef4872,10.8006191,106.6610875,10.8003982,106.6611458,,,,,,,0.025252586965583596,0.0002792000000066963,165.46629789265057
4865756fcffb0bb40cf5c8cb905f768b,10.7555638,106.6742704,10.7940986,106.6976069,,,,,,,4.968175803640265,0.06187129999999996,30.74701584553543
17e5e7bf0876f708c525a07e846bd25d,10.8261451,106.6265884,10.8264064,106.6266087,,,,,,,0.02898841540518602,0.0002816000000027685,4.363537922283967
d8e0911e523f50605253a8845a0ce64e,10.7879997,106.6710981,10.7880524,106.6711168,,,,,,,0.006177656832998381,7.139999999772328e-05,19.216889062613063
806f9d3075bc83399021708dbb84ed5b,10.6828162,106.5444885,10.6844568,106.550446,,,,,,,0.6765569526527494,0.007598099999993835,74.34435835098407
430d201904c0ab5ccbd706797edadd93,10.8082313,106.6785195,10.8033105,106.684482,primary,asphalt,yes,2.0,,,0.8493751546363333,0.010883300000008589,130.03605979400584
b2f31f21bc4f7f485c650e4b48e05bba,10.7208632,106.6572305,10.7341285,106.7221401,trunk,asphalt,yes,3.0,,,7.250277204321196,0.0781749000000076,78.24392859698759
397dec95844293c02b9a3842a95c8cec,10.8070705,106.7184953,10.8069599,106.7190173,secondary,paved,yes,2.0,50.0,,0.05838108961191778,0.0006326000000029808,102.17232709633834
8bd9a028f935d26c67b06114c95bba97,10.7044998,106.847625,10.7041127,106.8398361,,,,,,,0.8531421655325446,0.008175999999995298,267.10522385447683
cb00b10f8e610d3de5dfb35e8e1a9e09,10.8336803,106.7646754,10.8030754,106.7498148,trunk,asphalt,yes,2.0,60.0,,3.755153012537443,0.045465500000004155,205.49940548247744
12d3a9fc305d289f31982ab0acb41e0f,10.7984947,106.6626344,10.7979599,106.6628737,residential,asphalt,,,,,0.06468620494551222,0.0007741000000027753,156.27286120240217
3f52e2222970fc8d663af2ebe8fbbaff,10.8054703,106.7542574,10.8303445,106.7632003,,,,,,,2.9200484755259835,0.03381709999999494,19.44911510437032
438664020f0ff917cf7a336060db65c2,10.7529032,106.6714119,10.752615,106.6684652,,,,,,,0.323875744704682,0.0032348999999953776,264.3150790038624
902d4bef98c48fcb952b3b1627e874ec,10.7888288,106.5759596,10.7800867,106.5682102,,,,,,,1.2858329372702118,0.016491500000007875,221.04973689741874
f3061ea5737aa9bc1e1bcdd11c8c310b,10.7507545,106.6545334,10.7504376,106.6601575,,,,,,,0.6161529738234562,0.005940999999991092,93.2819891592531
586734e73f37826d5a6fcc21ef599bcd,10.7226708,106.6008754,10.8684975,106.7794278,,,,,,,25.327600544924096,0.3243790999999874,50.24210654666382
af7e27582a90b267b59f1a41f171f0db,10.7507925,106.6590186,10.8515609,106.6439339,,,,,,,11.267738011423397,0.11585310000000426,351.63632315155854
de70e82eede9d2514175a776b5cb4d7a,10.8249297,106.6275189,10.8251111,106.6277019,,,,,,,0.02833846572490931,0.000364400000007592,44.737191279024216
006617d947065eb63086939750bb7b5a,10.7509485,106.6836257,10.7536129,106.6842501,,,,,,,0.3025267648249627,0.003288800000007086,12.965478479106537
201488bb3de8ef29dcf8d3acdf7de5a4,10.7648499,106.6551501,10.7626323,106.6568351,,,,,,,0.3068132214788126,0.0039025999999946492,143.25991199099894
4ae9fecb0abe7efc116d4b8c87b7bf09,10.7592472,106.6339978,10.7696046,106.6317019,,,,,,,1.1728601037822748,0.01265330000000553,347.7148876096315
7c19c62ce1d960408f46de05d1b0a4f1,10.7402847,106.73585,10.7404302,106.7361197,,,,,,,0.03360495309552887,0.00041520000000438984,61.228446802926044
33021843198605197bbf3cbdababa865,10.7047386,106.8353721,10.7048398,106.8345554,,,,,,,0.0900413161610143,0.0009179000000010262,277.187586837696
ba942a7756a2ebb83cbfb1e94cedd694,10.8045573,106.6610854,10.8039431,106.6609131,,,,,,,0.07050324714341503,0.000786500000003798,195.4058107478161
cd7ab5a6fcc03fbc02922284a1bf55ab,10.7935553,106.6753149,10.7940624,106.673077,,,,,,,0.2510885497469216,0.002744999999997333,282.98984317690304
327aebcd208c86d6fa3ca09a306aa27d,10.7512278,106.6919615,10.7504862,106.6880473,,,,,,,0.4359163725745861,0.004655800000012533,259.08493448380375
2f3331479b63f94e0a3b57b8cd48308b,10.8690532,106.7145929,10.8882744,106.7005934,,,,,,,2.619761067515538,0.03322069999999755,324.4271691455765
158f20b2524a45b736f55d2cc98c3101,10.7504376,106.6601575,10.7507744,106.6593065,,,,,,,0.10025950510373453,0.0011877999999967415,291.94163520258286
904b1ac7674fb43dc8df69a3991ff139,10.8548517,106.655946,10.8527915,106.6599389,,,,,,,0.49248464900301503,0.006053099999999034,117.71545210035185
239d321dd5efba36ec16502646082853,10.7052216,106.8287243,10.7054699,106.8257462,primary,,,2.0,60.0,,0.32694389930467577,0.0032264000000079562,274.850327162258
7e1bec0717eeda461bb4af474d07103b,10.8139216,106.7973612,10.8144883,106.7970824,,,,,,,0.06970577477767491,0.0008455000000040513,334.20861201481137
c2422011f8f31f3a187441fb96d5756d,10.7571329,106.717736,10.7530896,106.7022171,tertiary,asphalt,,,,,1.7553393277634817,0.019562200000004637,255.14857199108883
e99d612abcdb1aa47d6366a53ef69b54,10.7921176,106.6992858,10.7921359,106.6992344,residential,concrete,,,,,0.005974634631621063,6.970000000450227e-05,289.9226298490714
8526ec1e6896fab33150b5f523f79b1f,10.7432943,106.7405148,10.7383028,106.7313895,trunk,,yes,2.0,,yes,1.140670957304302,0.014116799999994711,240.8939864217424
96004a8f4a4592e1118f6f3f5c2cca40,10.7780689,106.7323124,10.7793052,106.7347388,,,,,,,0.2985342488290599,0.0036627000000049037,62.58530132067938
00e8ba8b2c06a486cd668f50ae21c0c9,10.8608943,106.6696497,10.8610728,106.6698521,,,,,,,0.02965785811670279,0.0003809000000067897,48.076056316936445
75d394273c3c80c6492b02442d72e789,10.7232019,106.6337729,10.7231437,106.6337903,,,,,,,0.0067131392456606645,7.560000000417233e-05,163.62993386899996
e675577666979c3d50bf6b09e08c3ab4,10.780376,106.6984933,10.7803753,106.6984806,,,,,,,0.0013911258183824564,1.3400000000274304e-05,266.7885969523263
0047dcf3e04c6b517f01c5a5e0da018d,10.78553,106.6927956,10.7780742,106.685171,,,,,,,1.1728183272241064,0.015080399999998662,225.1318240600835
aecb55a49e43c6d086a1d252ae62f2ac,10.7681721,106.666908,10.7764553,106.6636154,primary,asphalt,yes,2.0,,,0.984459040124781,0.011575800000009906,338.6697395641091
b77b07c8c7dd3ef55d13b195965e1274,10.8423995,106.6156611,10.842552,106.6155929,,,,,,,0.0184434433806846,0.00022069999999985157,336.28750852542686
f46949423d1ac9a513549b424ec67f1c,10.8575697,106.6057733,10.86564,106.6000503,,,,,,,1.0901568203683383,0.013793299999989017,325.14567172672884
12e20449c994e7a981e0387157ad97be,10.828493,106.7887386,10.8287562,106.7885591,tertiary,asphalt,,,,,0.035112199356267595,0.00044270000000246057,326.18398155756336
d7a63a0998bac8755c3e66fdd5efc226,10.7580377,106.6496262,10.757963,106.6489515,,,,,,,0.07425695218267099,0.0007494000000036749,263.5701534645715
4c7526af7be96410c67001b3868029c2,10.7289172,106.716972,10.7294379,106.7153476,trunk,asphalt,yes,2.0,80.0,yes,0.18678839186959165,0.0021450999999981235,288.0692030528611
b5a898c28116fe46003edaf2d33bb742,10.8497041,106.7710929,10.8496933,106.7715732,,,,,,,0.05253081254152018,0.0004911000000067389,91.31152474448709
216107df90bdc53379abe347cfc5a014,10.7989146,106.7192459,10.7981813,106.7199137,,,,,,,0.10914599193914987,0.0014011000000024865,138.1856666867543
d9064be04f3a840c40de50b2723036bd,10.7929933,106.6800466,10.7985035,106.6707041,tertiary,asphalt,,2.0,50.0,,1.1897033766482494,0.014852700000004049,300.9825816534716
8c98a783c6f3cd299b4337587f4177c5,10.843311,106.6149367,10.8450745,106.6138112,,,,,,,0.23064413737082515,0.0028890000000014737,327.9196985665052
97ece6881770d3a750145454b0eba53f,10.8515063,106.6622383,10.8472382,106.6693689,,,,,,,0.9114751547457088,0.01139869999999732,121.35975152984719
62402029b57640c8eacaa9d2527e6b4d,10.8143903,106.6785067,10.8029569,106.710341,primary,asphalt,yes,2.0,,,3.703917091720434,0.043267699999999465,110.08146676459216
095698ce800daf4e2c9b311114fb1d62,10.773825,106.6615589,10.7758068,106.6566757,secondary,asphalt,,2.0,,,0.5773121856148804,0.006865000000008337,292.4471512453768
8b3b71d530c2106c0f013c05e3e013c4,10.7910679,106.6825988,10.7921893,106.681367,,,,,,,0.18312349909059147,0.0023531999999999442,312.8233983169923
895d920ea3fcdc04fe052dd601632da7,10.7750334,106.7104127,10.7749435,106.7108802,,,,,,,0.052088311382175075,0.0005573999999999302,101.07559884334273
ac3959002b236173598a02ed9d1aef3e,10.771263,106.6737333,10.770053,106.6752791,,,,,,,0.21563146008762848,0.002755800000000974,128.54781257100592
485c32db0719183f1899d2a6cfcdf4be,10.7202232,106.5386925,10.718012,106.542567,,,,,,,0.48934136587669147,0.0060857000000087424,120.14942098591916
cf520aaac5633410d5bdb32974f33f72,10.7980288,106.720103,10.7979697,106.7201402,,,,,,,0.0076997488063948434,9.630000000981909e-05,148.2716355777331
ebebb1fc48cf78dc0469fe10a0f4373f,10.7063918,106.8237646,10.7065115,106.8236348,,,,,,,0.01941464884782675,0.0002495000000095615,313.18367133191305
b49165f6894453a37abae5d8d390b082,10.8138819,106.6330654,10.8374497,106.6464179,primary,asphalt,yes,3.0,80.0,,2.987965819380135,0.036920299999996686,29.09354755920856
ebdf1cdf50c073567c32d1bc6a09229e,10.8077887,106.6402306,10.8073545,106.6403983,residential,asphalt,,,,,0.0514105871151152,0.000601900000004818,159.22439968102162
a09fc42ddfdfe67e124e95b93c5400b2,10.7225313,106.7257177,10.723735,106.7249535,,,,,,,0.15721168035153582,0.0019679000000056845,328.0445917810511
d8564fdbe1f0635726d2136a1867cd42,10.7698762,106.7752086,10.7698083,106.775235,,,,,,,0.008046529066084657,9.429999999710503e-05,159.09521457525773
8690fe92559f0406db9592ea57aa69d8,10.8472382,106.6693689,10.8428373,106.6753185,,,,,,,0.8125237247949624,0.010350500000008367,126.98460856287824
b2e9a617f68a05da4a997f456d505d95,10.7910523,106.7058445,10.7924505,106.707195,,,,,,,0.21385388265310665,0.0027486999999997153,43.494980726086965
4bd485ef4acb332e89931d5c5cb6fb81,10.7662165,106.6422433,10.761987,106.642118,,,,,,,0.46803843903062015,0.004354800000008652,181.6670762762401
e91854e7cc5de64ceb13e6f074c53a4b,10.8133493,106.6648995,10.8130718,106.6649688,primary,asphalt,yes,4.0,60.0,,0.031616884226789856,0.0003467999999937632,166.21771990750608
ee29c6145d9186ed9f5370641245b4ec,10.7985035,106.6707041,10.7941581,106.6777789,,,,,,,0.9108597819174742,0.011420200000012315,122.01609202290058
efcd20cba52ad7478ed6154ade51663e,10.6795155,106.5693537,10.6797073,106.5693331,,,,,,,0.02133483244827021,0.00021239999999878023,353.97512773364247
3a2fbaa969dcaefe75eac073a7b3c11f,10.8754861,106.8052044,10.8742918,106.805084,,,,,,,0.1327603047084073,0.001314700000000002,185.6539699706705
027be69fc823181c5efad393fa38dc6f,10.8685319,106.804085,10.8752397,106.810076,,,,,,,0.9897384021911239,0.012698799999993682,41.2537179636285
37a0acc3e683bac6166b2e5ba5e87f8f,10.6811514,106.5954928,10.6818,106.5958303,,,,,,,0.08068730489399062,0.0009861000000022102,27.08223153462393
3b3d304f8c880590d58654e66884b93b,10.8050283,106.6643387,10.8026411,106.6635788,primary,asphalt,yes,4.0,60.0,,0.2768240565407462,0.0031471000000049543,197.3635097446789
ce5da5be37b4776e0a8d724e46f51d94,10.8656041,106.7485967,10.8697421,106.7272126,residential,,,,,,2.382434811469547,0.025522099999991,281.14890252621774
83eca6d84fc11ae9a41be4baf1b41735,10.8678819,106.7813371,10.8617623,106.6586551,,,,,,,13.430757046569086,0.1288015999999974,267.1038789766513
a8560f1f3eb4a82adf627829ec660f95,10.8030754,106.7498148,10.8084947,106.7555087,,,,,,,0.8643275284096859,0.011113199999996937,45.902813899461535
0ec8d55dbef473caa515d93c0d8dff3d,10.7558381,106.6663734,10.7558381,106.6663734,,,,,,,0.0,0.0,0.0
9f50f62304133b804810bf3cb06f3141,10.8146655,106.6786944,10.8120867,106.6767178,,,,,,,0.3578957113514189,0.004555399999992105,216.97519754103752
f76d292f9769c86c8ad11bc3f30a7017,10.7557367,106.7008649,10.7558499,106.7009702,,,,,,,0.017012773059136094,0.0002185000000007875,42.42323154421882
