segmentId,input_segment_id,name,lat_start,lon_start,lat_end,lon_end,length_km,bearing_deg,curvature_index,frc,currentSpeed,freeFlowSpeed,jamFactor,congestionIndex,LOS,trafficVolume,occupancy,crossTime_sec,incidentFlag,lane_snap,lane_here,lane_osm,lane_final,speedLimit_snap,speedLimit_osm,speedLimit_final,roadType,surface,oneway,width,ref,bridge,tunnel,cycleway,sidewalk,lit,smoothness,parking,here_length,here_baseTime,here_travelTime,mapbox_text,mapbox_place_name,mapbox_place_type,mapbox_center_lon,mapbox_center_lat,mapbox_category,mapbox_class,mapbox_type,mapbox_region,mapbox_place,mapbox_locality,mapbox_country,mapbox_postcode,timeStamp,dayOfWeek
baf64f563cfe688df4fa44e5ae3f87d7,,Đường Võ Văn Kiệt,10.7502942,106.6630864,10.7500276,106.6634461,0.049168,127.03,0.000626,,0,,,1.0,A,1000.0,,,0,,,,1,,,50,,,,,,,,,,,,,484,,,,,,,,,,,,,,,,2510171934,4
d69cf294f830fb191a1cc40998045761,,Lê Hoàng Phái,10.8428373,106.6753185,10.8395688,106.6754115,0.361683,178.4,0.003361,,0,,,1.0,A,1000.0,,,0,,,,1,,,50,,,,,,,,,,,,,0,,,,,,,,,,,,,,,,2510171939,4
3c45cb822d65c8e4e3364f4e7b3ae167,,Đường Số 354/15 Đướng Lý Thường Kiêt,10.7760663,106.6587872,10.7760663,106.6587872,0.0,0.0,0.0,,0,,,1.0,A,1000.0,,,0,,,,1,,,50,,,,,,,,,,,,,15,,,,,,,,,,,,,,,,2510171952,4
edd04a4ad93a14c44c8817dc0837f268,,Đường Thuận Kiều,10.7552474,106.6584197,10.7546122,106.6583409,0.070788,186.95,0.000714,,0,,,1.0,A,2000.0,,,0,,,2.0,2,,,50,residential,asphalt,,,,,,,,,,,11,,,,,,,,,,,,,,,,2510171952,4
1379ec4a4dc70a809d7df14442eca710,,Hẻm 1129 Lạc Long Quân,10.7897093,106.6518377,10.7896403,106.6520158,0.02092,111.52,0.000247,,0,,,1.0,A,1000.0,,,0,,,,1,,,50,residential,,,,,,,,,,,,5,,,,,,,,,,,,,,,,2510171952,4
06bcedd952eae18f7df052dc12bed073,,Cầu An Lập,10.729901,106.602171,10.7277176,106.60178,0.24527,189.98,0.002574,,0,,,1.0,A,1000.0,,,0,,,,1,,,50,,,,,,,,,,,,,1246,,,,,,,,,,,,,,,,2510171952,4
009679450cd5669cc80d7892fd165528,,Sư Vạn Hạnh,10.77004,106.6705481,10.77004,106.6705481,0.0,0.0,0.0,,0,,,1.0,A,1000.0,,,0,,,,1,,,50,residential,asphalt,,,,,,,,,,,0,,,,,,,,,,,,,,,,2510171952,4
d2c73271770d0b2261ce16c0df6fb76d,,Cầu Bình Lợi,10.8252486,106.7108326,10.8239671,106.706066,0.540167,254.69,0.006048,,0,,,1.0,A,1000.0,,,0,,,,1,,,50,,,,,,,,,,,,,2606,,,,,,,,,,,,,,,,2510171952,4
480e682b47457301d6a5232e37bb2b1c,,Nguyễn Bình,10.6764523,106.7460372,10.6764671,106.7461005,0.007116,76.62,7.8e-05,,0,,,1.0,A,1000.0,,,0,,,,1,,,50,,,,,,,,,,,,,21,,,,,,,,,,,,,,,,2510171952,4
51c378dc170a6f6ecbf82daa1844e6b7,,Số 12,10.867114,106.7578623,10.8672756,106.7622334,0.478254,87.84,0.004533,,0,,,1.0,A,1000.0,,,0,,,,1,,,50,,,,,,,,,,,,,13,,,,,,,,,,,,,,,,2510171952,4
34b694fa39d720c50e59d25c063bdac1,,Cầu Bình Phú,10.8547733,106.7343846,10.8550441,106.7349099,0.064778,62.3,0.000796,,0,,,1.0,A,2000.0,,,0,,,2.0,2,,,50,secondary,asphalt,,,,,,,,,,,14,,,,,,,,,,,,,,,,2510171952,4
444c90dbab5fb43ac25e4e7b3069667e,,Hẻm 504 Kinh Dương Vương,10.7379148,106.6147828,10.7377688,106.6146944,0.018823,210.75,0.000234,,0,,,1.0,A,1000.0,,,0,,,,1,,,50,residential,asphalt,,,,,,,,,,,257,,,,,,,,,,,,,,,,2510171952,4
3ddb589d23f70a8855728e4502f9150f,,Đường Tùng Thiện Vương,10.746712,106.6604334,10.746844,106.6604618,0.014928,11.94,0.00016,,0,,,1.0,A,1000.0,,,0,,,,1,,,50,residential,asphalt,,,,,,,,,,,1421,,,,,,,,,,,,,,,,2510171952,4
5f58685349eaa85e87f8ffa517fc2c3e,,Đường Tạ Uyên,10.7537874,106.6537848,10.7537826,106.6537256,0.006497,265.28,6.4e-05,,0,,,1.0,A,3000.0,,,0,,,3.0,3,,,50,primary,asphalt,yes,,,,,,,,,,11,,,,,,,,,,,,,,,,2510171952,4
ef35aa07cbe1e7e85fde1e038bed95e4,,Nam Kỳ Khởi Nghĩa,10.7758374,106.6990601,10.7898473,106.683905,2.269073,313.26,0.029165,,0,,,1.0,A,3000.0,,,0,,,3.0,3,,,50,secondary,asphalt,yes,,,,,,,,,,471,,,,,,,,,,,,,,,,2510171952,4
1ada0b30113f4c9a227da67235d74761,,Tam Bình,10.8609748,106.7421212,10.8625757,106.743489,0.231784,40.0,0.002969,,0,,,1.0,A,1000.0,,,0,,,,1,,,50,service,,,,,,,,,,,,15,,,,,,,,,,,,,,,,2510171952,4
4c9a41946bb244d0a1f0b542558b7816,,Đường cao tốc Thành phố Hồ Chí Minh – Long Thành – Dầu Giây,10.796707,106.7886419,10.7961184,106.7760321,1.380567,267.28,0.013198,,0,,,1.0,A,1000.0,,,0,,,,1,,,50,,,,,,,,,,,,,10809,,,,,,,,,,,,,,,,2510171952,4
f7bcd82f009170b070b6b2c51ac16e84,,Hẻm 5 Hạnh Thông,10.8265194,106.6800719,10.8280713,106.6792437,0.194086,332.34,0.00238,,0,,,1.0,A,1000.0,,,0,,,,1,,50,50,residential,asphalt,,,,,,,,,,,1709,,,,,,,,,,,,,,,,2510171952,4
565705c0eed96a1a9a86d19728864b8e,,Thoại Ngọc Hầu,10.7842211,106.6392437,10.78599,106.6416689,0.329596,53.41,0.004194,,0,,,1.0,A,1000.0,,,0,,,,1,,,50,residential,asphalt,,,,,,,,,,,15,,,,,,,,,,,,,,,,2510171952,4
36f0793dfa3b722599200d458bd014aa,,Sư Vạn Hạnh,10.7774435,106.6659013,10.7742735,106.6682193,0.432692,144.31,0.005488,,0,,,1.0,A,1000.0,,,0,,,,1,,,50,,,,,,,,,,,,,14,,,,,,,,,,,,,,,,2510171952,4
10c32f2911bb190ca64b7c313ade54d0,,Cầu Bến Cát 1,10.8615207,106.6642282,10.8615229,106.6653693,0.124766,89.89,0.001143,,0,,,1.0,A,1000.0,,,0,,,,1,,,50,,,,,,,,,,,,,3622,,,,,,,,,,,,,,,,2510171952,4
4c6fa1feb7bf68d7cde9f86a84e33c69,,Nguyễn Cư Trinh,10.7646953,106.6921459,10.7639667,106.6902673,0.220709,248.46,0.002607,,0,,,1.0,A,1000.0,,,0,,,,1,,,50,,,,,,,,,,,,,13,,,,,,,,,,,,,,,,2510171952,4
37b229997547e4069c007eb895371e01,,Nguyễn Biểu,10.757374,106.6831763,10.7545595,106.6841957,0.330684,160.41,0.003834,,0,,,1.0,A,1000.0,,,0,,,,1,,,50,,,,,,,,,,,,,16,,,,,,,,,,,,,,,,2510171952,4
4f735e9651a22406b096484436a338f8,,Nguyễn Hữu Trí,10.6929789,106.5802906,10.6903712,106.5689492,1.273831,256.83,0.013949,,0,,,1.0,A,1000.0,,,0,,,,1,,,50,,,,,,,,,,,,,8,,,,,,,,,,,,,,,,2510171952,4
b21b9defc7b6a2819b3490e827421fde,,Cầu Kênh B,10.7447939,106.5384069,10.7446677,106.5386627,0.031268,116.66,0.000382,,0,,,1.0,A,1000.0,,,0,,,,1,,,50,tertiary,,,,,yes,,,,,,,248,,,,,,,,,,,,,,,,2510171952,4
b2c16b0585d24925d45b474129c80584,,Đường số 1A,10.7356907,106.6934274,10.7357575,106.6934288,0.007391,1.18,6.8e-05,,0,,,1.0,A,2000.0,,,0,,,2.0,2,,,50,residential,asphalt,yes,,,,,,,,,,0,,,,,,,,,,,,,,,,2510171952,4
0c8c8deb6ff00aea42cec01b72e76bb8,,Đường số 20,10.8292498,106.7225448,10.8292319,106.7225292,0.002613,220.56,3.3e-05,,0,,,1.0,A,1000.0,,,0,,,,1,,,50,,,,,,,,,,,,,1385,,,,,,,,,,,,,,,,2510171952,4
6afd746a49d0b1813739926e3782a98c,,Thăng Long,10.8045573,106.6610854,10.8039431,106.6609131,0.070503,195.41,0.000787,,0,,,1.0,A,1000.0,,,0,,,,1,,50,50,tertiary,,,,,,,,,,,,11,,,,,,,,,,,,,,,,2510171952,4
7b2ff4d3d8018b40ecdeef62ff619ec6,,Đường số 41,10.7579629,106.6997338,10.7579884,106.6997668,0.004581,51.81,5.9e-05,,0,,,1.0,A,1000.0,,,0,,,,1,,,50,residential,asphalt,no,,,,,,,,,,15,,,,,,,,,,,,,,,,2510171952,4
ffdbfabf1b779668f7d488f81a0759d8,,Trương Công Định,10.7983099,106.6417176,10.7937318,106.6402984,0.529649,196.94,0.005997,,0,,,1.0,A,1000.0,,,0,,,,1,,,50,,,,,,,,,,,,,14,,,,,,,,,,,,,,,,2510171952,4
1672c01722daa83cae69a3a0af7eea45,,Hồng Bàng,10.753623,106.6478806,10.7533034,106.6507117,0.31167,96.55,0.003151,,0,,,1.0,A,1000.0,,,0,,,,1,,,50,,,,,,,,,,,,,30,,,,,,,,,,,,,,,,2510171952,4
e3d39cd84d4c0ef295ee5acb87566b98,,Cầu Rạch Lăng,10.821591,106.6983165,10.8218467,106.6992827,0.109377,74.92,0.001222,,0,,,1.0,A,4000.0,,,0,,,4.0,4,,,50,trunk,asphalt,yes,,,yes,,,,yes,,,14,,,,,,,,,,,,,,,,2510171952,4
eec9f602f390a983b7168d8f462f8628,,Trường Chinh,10.7936226,106.6519615,10.8152248,106.6323883,3.208025,318.33,0.041175,,0,,,1.0,A,3000.0,,,0,,,3.0,3,,,50,primary,asphalt,yes,,,,,,,,,,4,,,,,,,,,,,,,,,,2510171952,4
31edc4737b466279924d2c321b641745,,Nguyễn Nhược Thị,10.7369895,106.6402431,10.7369774,106.6403352,0.010163,97.62,0.000104,,0,,,1.0,A,2000.0,,,0,,,2.0,2,,,50,tertiary,asphalt,,,,,,,,,,,11,,,,,,,,,,,,,,,,2510171952,4
46266de033660191a86522f09301eef6,,Cầu Số 2,10.7916133,106.661654,10.7915741,106.6616367,0.004731,203.44,5.6e-05,,0,,,1.0,A,1000.0,,,0,,,,1,,,50,,,,,,,,,,,,,194,,,,,,,,,,,,,,,,2510171952,4
18838413bcf7c1e42fdcc8d3c5c038bd,,Nguyễn Hữu Thọ,10.7324712,106.7000037,10.7330629,106.6999333,0.065901,353.33,0.000662,,0,,,1.0,A,1000.0,,,0,,,,1,,,50,,,,,,,,,,,,,13,,,,,,,,,,,,,,,,2510171952,4
9150048419d1d6f8304dcb8a866e0322,,Nguyễn Thiện Thuật,10.7680707,106.679824,10.7676816,106.6802989,0.067456,129.83,0.000864,,0,,,1.0,A,1000.0,,,0,,,,1,,,50,residential,asphalt,,,,,,,,,,,16,,,,,,,,,,,,,,,,2510171953,4
eb48c7456ae2c4beb72622f31718e6f6,,Đường số 9A,10.7292604,106.6884076,10.7288508,106.6880005,0.063527,224.32,0.000817,,0,,,1.0,A,1000.0,,,0,,,,1,,,50,,,,,,,,,,,,,1203,,,,,,,,,,,,,,,,2510171953,4
a0f9b336cdde1225f168a0c44bf80a06,,Cầu Trường Đai,10.8600761,106.6505875,10.860121,106.650645,0.008012,51.51,0.000102,,0,,,1.0,A,2000.0,,,0,,,2.0,2,,,50,secondary,asphalt,yes,,,yes,,,,,,,889,,,,,,,,,,,,,,,,2510171953,4
bd9febbafeeb285104a8c8f9a6feff3e,,đường song hành cao tốc Long Thành Dầu Giây,10.7957644,106.7806947,10.7957648,106.7808587,0.017935,89.86,0.000164,,0,,,1.0,A,2000.0,,,0,,,2.0,2,,,50,secondary,asphalt,,,,,,,,,,,13,,,,,,,,,,,,,,,,2510171953,4
6fa98b4986519f38238f69e972acf5c1,,Cầu Thủ Thiêm,10.7844433,106.7192073,10.7874118,106.7177091,0.366967,333.63,0.004467,,0,,,1.0,A,1000.0,,,0,,,,1,,,50,,,,,,,,,,,,,5,,,,,,,,,,,,,,,,2510171953,4
f846a9709ed4ed5e14da7fd0b44297ae,,Lãnh Binh Thăng,10.7653269,106.6464629,10.7632537,106.6503161,0.47979,118.71,0.005926,,0,,,1.0,A,1000.0,,,0,,,,1,,,50,,,,,,,,,,,,,14,,,,,,,,,,,,,,,,2510171953,4
fd613f1221173c7617c7db5cf43d7632,,Cầu Trần Quang Diệu,10.7843732,106.6784372,10.7843732,106.6784372,0.0,0.0,0.0,,0,,,1.0,A,1000.0,,,0,,,,1,,,50,,,,,,,,,,,,,15,,,,,,,,,,,,,,,,2510171953,4
710295922d5db990b56d770e790aca74,,Nguyễn Thị Diệu Hương,10.7779274,106.655911,10.7779274,106.655911,0.0,0.0,0.0,,0,,,1.0,A,1000.0,,,0,,,,1,,,50,tertiary,asphalt,,,,,,,,,,,51,,,,,,,,,,,,,,,,2510171953,4
7ac9e10ab273227210ba16ae4be9d1e9,,Nguyễn Thị Nhỏ,10.7514819,106.6504956,10.7716614,106.6527803,2.246059,6.35,0.022464,,0,,,1.0,A,1000.0,,,0,,,,1,,,50,,,,,,,,,,,,,13,,,,,,,,,,,,,,,,2510171953,4
ad618e33678436ff8f07f7f837cacf90,,Nguyễn Thị Nhỏ,10.7544346,106.6508617,10.758499,106.6513356,0.452554,6.53,0.004538,,0,,,1.0,A,1000.0,,,0,,,,1,,,50,service,,,,,,,,,,,,12,,,,,,,,,,,,,,,,2510171953,4
c9e93cbf8c75b64a0675bd2fc62a5449,,Cầu Văn Thánh,10.8003961,106.7165178,10.8006159,106.716054,0.056247,295.76,0.000684,,0,,,1.0,A,1000.0,,,0,,,,1,,,50,,,,,,,,,,,,,1544,,,,,,,,,,,,,,,,2510171953,4
018c801b805c535de3e65e1877a42922,,Trường Chinh,10.8311999,106.6227295,10.8373896,106.6187325,0.812275,327.62,0.010187,,0,,,1.0,A,1000.0,,,0,,,,1,,,50,,,,,,,,,,,,,0,,,,,,,,,,,,,,,,2510171953,4
1fa4513ca059d14db0f34d5b0ed35743,,Nguyễn Tri Phương,10.7590308,106.6690295,10.7614123,106.6684746,0.270326,347.11,0.002936,,0,,,1.0,A,1000.0,,,0,,,,1,,,50,,,,,,,,,,,,,8,,,,,,,,,,,,,,,,2510171953,4
386ef53d909bc4061a83e53a1f50d4d7,,Cầu vượt Lý Thái Tổ - Nguyễn Tri Phương,10.7692426,106.6699972,10.7681372,106.667887,0.261185,241.93,0.003216,,0,,,1.0,A,1000.0,,,0,,,,1,,,50,residential,asphalt,,,,,,,,,,,12,,,,,,,,,,,,,,,,2510171953,4
8ec1e95e83899eb20731578de84b57c7,,Cầu vượt Ngã tư Gò Dưa,10.8708511,106.7329016,10.8717994,106.73325,0.111597,19.84,0.001297,,0,,,1.0,A,1000.0,,,0,,,,1,,,50,,,,,,,,,,,,,8,,,,,,,,,,,,,,,,2510171953,4
e22607016b6f1d75c70dccf6b0e303f5,,Lê Thánh Tôn,10.7746928,106.6995607,10.7740594,106.6990287,0.091072,219.53,0.001165,,0,,,1.0,A,1000.0,,,0,,,,1,,,50,service,,,,,,,,,,,,612,,,,,,,,,,,,,,,,2510171953,4
856464a1c1df41490a3f12563823be5a,,Cầu vượt Ngã Sáu Gò Vấp,10.8280378,106.6792404,10.8260016,106.6798526,0.234969,163.55,0.002648,,0,,,1.0,A,2000.0,,,0,,,2.0,2,,,50,primary,asphalt,yes,,,,,,,,,,1363,,,,,,,,,,,,,,,,2510171953,4
d2815cdb6defdaf25bcf120055274711,,Lê Thị Hà,10.887776,106.5981184,10.8865251,106.5982675,0.139324,173.32,0.0014,,0,,,1.0,A,1000.0,,,0,,,,1,,,50,,,,,,,,,,,,,10,,,,,,,,,,,,,,,,2510171953,4
d9b3562599d877999d7ee973975bd565,,Liên Xã,10.8884699,106.5839509,10.8885006,106.5840148,0.007768,63.93,9.5e-05,,0,,,1.0,A,1000.0,,,0,,,,1,,,50,,,,,,,,,,,,,0,,,,,,,,,,,,,,,,2510171953,4
5b019332e6114b8ae49c3362815db79b,,Trần Văn Quang,10.7795043,106.6499053,10.779603,106.6486116,0.14191,274.44,0.001392,,0,,,1.0,A,1000.0,,,0,,,,1,,,50,residential,asphalt,,,,,,,,,,,12,,,,,,,,,,,,,,,,2510171953,4
3f5aacc1931c055cc7a2cda0d227e7c2,,Trần Ðình Xu,10.75857,106.6924841,10.759772,106.6919236,0.14641,335.39,0.001763,,0,,,1.0,A,1000.0,,,0,,,,1,,,50,service,,,,,,,,,,,,0,,,,,,,,,,,,,,,,2510171953,4
50663426f5bd36b04957fdf49fe8c92e,,Lê Văn Thịnh,10.7765916,106.7657368,10.7769125,106.7659642,0.043342,34.84,0.000548,,0,,,1.0,A,1000.0,,,0,,,,1,,,50,tertiary,,,,,,,,,,,,15,,,,,,,,,,,,,,,,2510171953,4
c1d462a1c4850c61eadcf64e9a0f8fc1,,Lê Đại Hành,10.766178,106.6543476,10.7648499,106.6551501,0.171129,149.31,0.002131,,0,,,1.0,A,2000.0,,,0,,,2.0,2,,,50,tertiary,asphalt,,,,,,,,,,,123,,,,,,,,,,,,,,,,2510171953,4
56540f655ecaf0cd3e212d5b48709ef6,,Nguyễn Văn Cừ,10.7622438,106.683007,10.765251,106.6818405,0.356264,339.14,0.004174,,0,,,1.0,A,3000.0,,,0,,,3.0,3,,60,60,primary,asphalt,yes,,,,,,,,,,9,,,,,,,,,,,,,,,,2510171953,4
ebc31b6ef32a57d11f594403a5d7a7e5,,Cầu Ông Dầu,10.8347246,106.7139796,10.8350834,106.7139479,0.039839,355.04,0.000391,,0,,,1.0,A,1000.0,,,0,,,,1,,,50,,,,,,,,,,,,,13,,,,,,,,,,,,,,,,2510171953,4
e5053e4123ff036f85da726f1676370c,,D2,10.8291371,106.8033886,10.8294096,106.8037053,0.045912,48.78,0.000589,,0,,,1.0,A,1000.0,,,0,,,,1,,,50,,,,,,,,,,,,,15,,,,,,,,,,,,,,,,2510171953,4
ee81d12c0a53c287abf98910a3b03b57,,Dương Bá Trạc,10.7440266,106.688839,10.7415004,106.6884045,0.283443,189.59,0.002961,,0,,,1.0,A,1000.0,,,0,,,,1,,,50,service,asphalt,,,,,,,,,,,14,,,,,,,,,,,,,,,,2510171953,4
75b9ac0082e9b542bf2515fd064477dd,,Nguyễn Văn Quý,10.7402847,106.73585,10.7404302,106.7361197,0.033605,61.23,0.000415,,0,,,1.0,A,1000.0,,,0,,,,1,,,50,,,,,,,,,,,,,973,,,,,,,,,,,,,,,,2510171953,4
9f49b898d17c44119f3936623504c3af,,Nguyễn Văn Lạc,10.79196,106.7089225,10.7921268,106.708958,0.018854,11.81,0.000202,,0,,,1.0,A,1000.0,,,0,,,,1,,,50,residential,asphalt,,,,,,,,,,,24,,,,,,,,,,,,,,,,2510171953,4
4ff7a3a8dcbb885862c2122ed587bb29,,Tân Liễu,10.6811514,106.5954928,10.6818,106.5958303,0.080687,27.08,0.000986,,0,,,1.0,A,2000.0,,,0,,,2.0,2,,,50,unclassified,,,,,,,,,,,,15,,,,,,,,,,,,,,,,2510171953,4
b8069a7f32571a0668f406ccbc79345e,,Tân Sơn Nhì,10.80264,106.6353988,10.8028848,106.636066,0.077827,69.52,0.000912,,0,,,1.0,A,1000.0,,,0,,,,1,,,50,residential,,,,,,,,,,,,14,,,,,,,,,,,,,,,,2510171953,4
418457226cadd3afae1b65cab44e1785,,Nguyễn Văn Tăng,10.8428497,106.8286983,10.8424012,106.8281916,0.07437,227.97,0.000955,,0,,,1.0,A,2000.0,,,0,,,2.0,2,,,50,secondary,asphalt,,,,,,,,,,,16,,,,,,,,,,,,,,,,2510171953,4
4c92558bd4417d93aa2219f301e1ef14,,Tân Xuân 1,10.8752155,106.6035093,10.8756688,106.6030332,0.072275,314.11,0.000929,,0,,,1.0,A,1000.0,,,0,,,,1,,,50,,,,,,,,,,,,,13,,,,,,,,,,,,,,,,2510171953,4
a850cbc6710f7832257a05bd733ab343,,Nguyễn Văn Đậu,10.8143614,106.6938401,10.8085648,106.6882022,0.889514,223.69,0.011434,,0,,,1.0,A,1000.0,,,0,,,,1,,,50,tertiary,,,,,,,,,,,,14,,,,,,,,,,,,,,,,2510171953,4
230f9cb6f855139dc3de50459e420b4b,,Tân Xuân 2,10.8819132,106.6077482,10.8822319,106.6079617,0.04228,33.34,0.000532,,0,,,1.0,A,1000.0,,,0,,,,1,,,50,,,,,,,,,,,,,15,,,,,,,,,,,,,,,,2510171953,4
420037df86171068f7144183b30a00af,,Hem 3m,10.7908008,106.6641842,10.7907633,106.6642609,0.009358,116.46,0.000114,,0,,,1.0,A,1000.0,,,0,,,,1,,,50,,,,,,,,,,,,,15,,,,,,,,,,,,,,,,2510171953,4
40d06e6195c86f447f9dba3952adacfa,,Lý Thái Tổ,10.7333357,106.8200297,10.7677321,106.6723696,16.592917,283.35,0.182057,,0,,,1.0,A,2000.0,,,0,,,2.0,2,,50,50,primary,,,,ĐT.769B,,,,,,,,3,,,,,,,,,,,,,,,,2510171953,4
7782905963074112e23f8988d4f875bd,,Nguyễn Xiển,10.8592096,106.8363216,10.8837836,106.8346037,2.724705,356.07,0.026292,,0,,,1.0,A,1000.0,,,0,,,,1,,,50,residential,concrete,,,,,,,,,,,16,,,,,,,,,,,,,,,,2510171953,4
c8dd6d1af6d3a7a64ccc3c2ef0ac3ced,,Tây Hòa,10.8261485,106.7641935,10.8262034,106.7621148,0.227389,271.54,0.002134,,0,,,1.0,A,1000.0,,,0,,,,1,,,50,,,,,,,,,,,,,10,,,,,,,,,,,,,,,,2510171953,4
d619daa10f574702b0448f44d5ce36da,,Trần Văn Ðang,10.7822564,106.6795303,10.7830627,106.6784842,0.145065,308.12,0.001852,,0,,,1.0,A,1000.0,,,0,,,,1,,,50,,,,,,,,,,,,,16,,,,,,,,,,,,,,,,2510171953,4
1ce67cf699aa7fd135d62ab8400fa8fe,,Tây Thạnh,10.8131648,106.6226738,10.8157799,106.6249673,0.382855,40.74,0.004909,,0,,,1.0,A,1000.0,,,0,,,,1,,,50,,,,,,,,,,,,,16,,,,,,,,,,,,,,,,2510171953,4
6809c850a7deedba242b8f5915efc051,,Tô Hiến Thành,10.7703883,106.6581461,10.7736176,106.6614007,0.504281,44.71,0.006484,,0,,,1.0,A,1000.0,,,0,,,,1,,,50,,,,,,,,,,,,,11,,,,,,,,,,,,,,,,2510171953,4
72748935effec2442f680715600ec526,,Lũy Bán Bích,10.7592472,106.6339978,10.7696046,106.6317019,1.17286,347.71,0.012653,,0,,,1.0,A,1000.0,,,0,,,,1,,,50,,,,,,,,,,,,,0,,,,,,,,,,,,,,,,2510171953,4
3ff2b88cd61445ae362d9d551f4378d6,,Ngô Chí Quốc,10.8740594,106.730453,10.8738081,106.7302504,0.035544,218.37,0.000454,,0,,,1.0,A,1000.0,,,0,,,,1,,,50,secondary,,,,,,,,,,,,16,,,,,,,,,,,,,,,,2510171953,4
3ba76ee7705c4123683536a4609d38c1,,Tôn Ðức Thắng,10.7704106,106.7062443,10.7705573,106.7062775,0.016628,12.53,0.00018,,0,,,1.0,A,2000.0,,,0,,,2.0,2,,50,50,primary,asphalt,yes,,,yes,,,,,,,7,,,,,,,,,,,,,,,,2510171953,4
9793e9678dd4c80b990793cdd330a5cb,,Hà Huy Giáp,10.8589939,106.6798911,10.8717216,106.6768789,1.445868,346.92,0.01574,,0,,,1.0,A,1000.0,,,0,,,,1,,,50,,,,,,,,,,,,,85,,,,,,,,,,,,,,,,2510171953,4
d937a0aea0c8f0a33bc429902f03b914,,Mai Chí Thọ,10.7793052,106.7347388,10.7833905,106.7417533,0.890355,59.34,0.0111,,0,,,1.0,A,1000.0,,,0,,,,1,,,50,,,,,,,,,,,,,15,,,,,,,,,,,,,,,,2510171954,4
a354da459413cc117dd993c476b53db2,,Nhánh A2,10.7932441,106.7532978,10.7938273,106.7522965,0.127094,300.67,0.001584,,0,,,1.0,A,3000.0,,,0,,,3.0,3,,60,60,motorway_link,asphalt,yes,,CT.29,,,,,,,,960,,,,,,,,,,,,,,,,2510171954,4
18473a097b08708c365e5b3514d74640,,Mai Chí Thọ,10.7882923,106.7502508,10.7924075,106.7519,0.489626,21.49,0.005764,,0,,,1.0,A,1000.0,,,0,,,,1,,,50,service,,,,,,,,,,,,1269,,,,,,,,,,,,,,,,2510171954,4
ff7c5072968d5bc43e1e5191c4841701,,Núi Thành,10.8009799,106.643124,10.8007478,106.6429183,0.034134,221.04,0.000438,,0,,,1.0,A,1000.0,,,0,,,,1,,,50,residential,,,,,,,,,,,,17,,,,,,,,,,,,,,,,2510171954,4
ab4140bae34e4fa081cbfa58de1e6e37,,Hương lộ 8,10.6817688,106.5406723,10.6828162,106.5444885,0.43328,74.39,0.004864,,0,,,1.0,A,1000.0,,,0,,,,1,,,50,,,,,,,,,,,,,13,,,,,,,,,,,,,,,,2510171954,4
4a1e1f62c0f4ce9beafe5c16329f13aa,,Minh Phụng,10.7577151,106.6438018,10.7626846,106.6446172,0.556879,9.16,0.005785,,0,,,1.0,A,2000.0,,,0,,,2.0,2,,,50,secondary,asphalt,yes,,,,,,,,,,14,,,,,,,,,,,,,,,,2510171954,4
bc94aeffd098c8bc40f404954c2d385c,,Phan Xích Long,10.8015575,106.6832089,10.799015,106.6869344,0.495061,124.79,0.006268,,0,,,1.0,A,1000.0,,,0,,,,1,,,50,tertiary,,,,,,,,,,,,397,,,,,,,,,,,,,,,,2510171954,4
537b99be13a23a9527027acd66c7cb67,,Vườn Chuối,10.7722208,106.6838351,10.7720296,106.6840093,0.028465,138.17,0.000365,,0,,,1.0,A,1000.0,,,0,,,,1,,,50,,,,,,,,,,,,,0,,,,,,,,,,,,,,,,2510171954,4
9a835c1abba19bd231bc8bc4c4e01b6c,,Tôn Đức Thắng,10.7154014,106.8475443,10.7829212,106.7056039,17.228289,295.85,0.20946,,0,,,1.0,A,1000.0,,,0,,,,1,,,50,,,,,,,,,,,,,26,,,,,,,,,,,,,,,,2510171954,4
6ea17f272e9d92c4348b73e649fb543d,,Vườn Lài,10.845755,106.6932002,10.8606545,106.6917699,1.655492,354.61,0.01633,,0,,,1.0,A,1000.0,,,0,,,,1,,,50,residential,,,,,,,,,,,,8,,,,,,,,,,,,,,,,2510171954,4
2c63fbf4dc77cb37ee333f4e25e765f7,,Xa Lộ Hà Nội,10.8329768,106.7645442,10.8385833,106.7675662,0.702701,27.9,0.008629,,0,,,1.0,A,2000.0,,,0,,,2.0,2,,60,60,trunk,asphalt,yes,,,,,,,yes,,,15,,,,,,,,,,,,,,,,2510171954,4
f96ffc235d76cdb65159ca62c66c920d,,Xa Lộ Hà Nội,10.8187919,106.7581999,10.8418294,106.7695847,2.836098,25.89,0.034422,,0,,,1.0,A,1000.0,,,0,,,,1,,,50,,,,,,,,,,,,,11,,,,,,,,,,,,,,,,2510171954,4
04844fa43c5c3f9a38385469ca969289,,Phường 8,10.7575894,106.674106,10.757428,106.6739837,0.022308,216.67,0.000284,,0,,,1.0,A,1000.0,,,0,,,,1,,,50,,,,,,,,,,,,,93,,,,,,,,,,,,,,,,2510171954,4
d21e230286ed05f3b67dd652c64f0201,,Xa Lộ Hà Nội,10.8010884,106.7392519,10.8020857,106.7438001,0.509477,77.42,0.005546,,0,,,1.0,A,1000.0,,,0,,,,1,,,50,,,,,,,,,,,,,1540,,,,,,,,,,,,,,,,2510171954,4
3db382745fa236a7c2c11d60a79200c7,,Xuân Hồng,10.7944927,106.6525329,10.7937384,106.6517611,0.118684,225.15,0.001526,,0,,,1.0,A,3000.0,,,0,,,3.0,3,,,50,primary,asphalt,yes,,,,,,,,,,1007,,,,,,,,,,,,,,,,2510171954,4
f633bf06989ace67548c52bce7130e95,,Phan Văn Trị,10.8112469,106.6954833,10.831922,106.6746596,3.227294,315.31,0.041499,,0,,,1.0,A,1000.0,,,0,,,,1,,,50,,,,,,,,,,,,,17,,,,,,,,,,,,,,,,2510171954,4
d9f08bb369d8a76c946053c9dc973675,,Võ Chí Công,10.7568077,106.7614378,10.7917842,106.7927383,5.165972,41.32,0.066277,,0,,,1.0,A,1000.0,,,0,,,,1,,,50,,,,,,,,,,,,,3919,,,,,,,,,,,,,,,,2510171954,4
7bc30df6b84e52e3c1f49f4fcee90763,,Phạm Hữu Lầu,10.7045223,106.7321155,10.7045223,106.7321155,0.0,0.0,0.0,,0,,,1.0,A,1000.0,,,0,,,,1,,,50,,,,,,,,,,,,,968,,,,,,,,,,,,,,,,2510171954,4
edf8ceb958fbd909078f7de6a72e40de,,Ðiện Biên Phủ,10.7780742,106.685171,10.7903743,106.697507,1.916061,44.57,0.024636,,0,,,1.0,A,1000.0,,,0,,,,1,,,50,,,,,,,,,,,,,16,,,,,,,,,,,,,,,,2510171954,4
c15265178536469ed1ba284720b67dff,,Phường An Lạc A,10.7414323,106.61846,10.7413924,106.6184129,0.006784,229.23,8.7e-05,,0,,,1.0,A,1000.0,,,0,,,,1,,,50,,,,,,,,,,,,,278,,,,,,,,,,,,,,,,2510171954,4
bb3933dee270e2276ba40eb7efc5f3fb,,Phạm Ngọc Thạch,10.78092,106.6978143,10.7817113,106.6969534,0.128554,313.1,0.001652,,0,,,1.0,A,1000.0,,,0,,,,1,,,50,,,,,,,,,,,,,16,,,,,,,,,,,,,,,,2510171954,4
49ecdc5552ce5a28149992c19a4c4a1d,,Phạm Thế Hiển,10.7404244,106.6548139,10.7508219,106.6874216,3.747482,72.02,0.043005,,0,,,1.0,A,1000.0,,,0,,,1.0,1,,,50,secondary,asphalt,yes,,,,,,,,,,16,,,,,,,,,,,,,,,,2510171954,4
b51d890ee4138f4e7c8443b9ee5e5f42,,Đi ga trong nước,10.8122766,106.6650353,10.8134346,106.6646772,0.133943,343.1,0.001516,,0,,,1.0,A,1000.0,,,0,,,,1,,,50,,,,,,,,,,,,,759,,,,,,,,,,,,,,,,2510171954,4
400735b80522e4d3002a2062d74fbb13,,18,10.6812591,106.5374757,10.681695,106.5402437,0.306643,80.9,0.003204,,0,,,1.0,A,1000.0,,,0,,,,1,,,50,,,,,,,,,,,,,15,,,,,,,,,,,,,,,,2510171954,4
1a19e3c1482ed6ff74d99c361f5ff8e9,,Đường Châu Văn Liêm,10.7545372,106.6583269,10.7541599,106.6583935,0.042365,170.16,0.000444,,0,,,1.0,A,2000.0,,,0,,,2.0,2,,,50,secondary,asphalt,yes,,,,,,,,,,31,,,,,,,,,,,,,,,,2510171954,4
86eb4d8d56efd88ec1eae6d1a69b2f73,,Đông Hồ,10.7841856,106.6517538,10.7836106,106.6540868,0.26296,104.08,0.002908,,0,,,1.0,A,1000.0,,,0,,,,1,,,50,,,,,,,,,,,,,3,,,,,,,,,,,,,,,,2510171955,4
bf49a14c2b009c4a36d6796e6015b9f2,,Đường Lý Thái Tổ,10.7680397,106.667873,10.7681015,106.6679949,0.014983,62.7,0.000184,,0,,,1.0,A,1000.0,,,0,,,,1,,,50,,,,,,,,,,,,,962,,,,,,,,,,,,,,,,2510171955,4
43d35d74a03520d74e9ca1ef0fa9089d,,Phạm Văn Đồng,10.8380903,106.7343264,10.8667147,106.7620017,4.379746,43.52,0.0563,,0,,,1.0,A,1000.0,,,0,,,,1,,,50,,,,,,,,,,,,,15,,,,,,,,,,,,,,,,2510171955,4
cc6a55c3ca041636c18d4f046557dea2,,Bình Lợi,10.8315214,106.7053404,10.8311762,106.7054531,0.040123,162.22,0.000458,,0,,,1.0,A,1000.0,,,0,,,,1,,,50,,,,,,,,,,,,,13,,,,,,,,,,,,,,,,2510171955,4
b55e682daf84d7d0f78c7de5786ed240,,Cao tốc TP. Hồ Chí Minh - Long Thành - Dầu Giây,10.7866225,106.843937,10.7883612,106.8358795,0.901952,282.39,0.009796,,0,,,1.0,A,1000.0,,,0,,,,1,,,50,unclassified,,,,,,,,,,,,16552,,,,,,,,,,,,,,,,2510171955,4
5f0fb26464ee8d3480258c0b366b64a2,,Đường Liên Ấp 6-2,10.8195165,106.5507126,10.8195126,106.5508201,0.011763,92.12,0.000111,,0,,,1.0,A,1000.0,,,0,,,,1,,,50,,,,,,,,,,,,,11,,,,,,,,,,,,,,,,2510171955,4
0e60c50ff9d41a8b1c205ff3e7497061,,Quách Thị Trang,10.7063918,106.8237646,10.7065115,106.8236348,0.019415,313.18,0.00025,,0,,,1.0,A,1000.0,,,0,,,,1,,,50,tertiary,,,,,,,,,,,,0,,,,,,,,,,,,,,,,2510171955,4
899dff6a96181346a2b25681752045b3,,Quốc lộ 1,10.7226708,106.6008754,10.8684975,106.7794278,25.327601,50.24,0.324379,,0,,,1.0,A,3000.0,,,0,,,3.0,3,,60,60,trunk,asphalt,yes,,QL.1,,,,,,,,844,,,,,,,,,,,,,,,,2510171955,4
4500eb560fbde7f2b33f070ca8bfadb4,,Đường Nguyễn Thị Nhỏ,10.753478,106.6507502,10.7533959,106.6507301,0.009344,193.52,0.000102,,0,,,1.0,A,2000.0,,,0,,,2.0,2,,,50,secondary,asphalt,yes,,,,,,,,,,13,,,,,,,,,,,,,,,,2510171955,4
41760c86bd4b594a2d81c88e5a6af88a,,Cao tốc TP. Hồ Chí Minh - Long Thành - Dầu Giây,10.794041,106.8052263,10.7950193,106.7995037,0.635125,279.87,0.006701,,0,,,1.0,A,1000.0,,,0,,,,1,,,50,,,,,,,,,,,,,24400,,,,,,,,,,,,,,,,2510171955,4
bf38e868e866399a9490283a25255d1d,,Quốc lộ 1A,10.8599881,106.6986862,10.859221,106.7052214,0.719572,96.82,0.007302,,0,,,1.0,A,1000.0,,,0,,,,1,,,50,,,,,,,,,,,,,3022,,,,,,,,,,,,,,,,2510171955,4
416ab8efe59b1653f203084e57cf715e,,Cây Bàng,10.7187059,106.5920538,10.7189172,106.5920047,0.023982,347.14,0.00026,,0,,,1.0,A,1000.0,,,0,,,,1,,,50,tertiary,,,,,,,,,,,,3,,,,,,,,,,,,,,,,2510171955,4
8db65086fcbc9345d7d228ea61c76550,,Cao tốc TP. Hồ Chí Minh - Long Thành - Dầu Giây,10.7862476,106.8630211,10.7859557,106.8547623,0.903805,267.94,0.008551,,0,,,1.0,A,1000.0,,,0,,,,1,,,50,,,,,,,,,,,,,17263,,,,,,,,,,,,,,,,2510171955,4
c90813c363486064b31820dffa49a9cc,,Đường Song Hành,10.8055309,106.7528475,10.8031584,106.7489288,0.502514,238.35,0.006291,,0,,,1.0,A,1000.0,,,0,,,,1,,,50,,,,,,,,,,,,,4688,,,,,,,,,,,,,,,,2510171955,4
0e8d633e5e234caada2599cad8aef2d1,,Đường cao tốc Tp. Hồ Chí Minh-Long Thành-Dầu Giây,10.7942306,106.7570472,10.7939773,106.7555931,0.161474,259.94,0.001707,,0,,,1.0,A,2000.0,,,0,,,2.0,2,,,50,motorway,asphalt,yes,,CT.29,,,,,,,,10344,,,,,,,,,,,,,,,,2510171955,4
e21729c0cd2cdefc32af516819160628,,Tam Đảo nối dài,10.7748455,106.6578456,10.7762132,106.6589017,0.190338,37.18,0.002424,,0,,,1.0,A,1000.0,,,0,,,,1,,,50,service,,,,,,,,,,,,13,,,,,,,,,,,,,,,,2510171955,4
a7c3f9d711cf939db279fdcfb5ff8d0d,,Công Trường Dân Chủ,10.7775778,106.6815724,10.7775778,106.6815724,0.0,0.0,0.0,,0,,,1.0,A,2000.0,,,0,,,2.0,2,,,50,primary,asphalt,no,,,,,,both,,,,10,,,,,,,,,,,,,,,,2510171955,4
fe89e81c704908a30c246e67aed9365a,,Hương lộ 8,10.6828162,106.5444885,10.6844568,106.550446,0.676557,74.34,0.007598,,0,,,1.0,A,2000.0,,,0,,,2.0,2,,,50,secondary,asphalt,,,ĐT.830C,,,,,,,,12,,,,,,,,,,,,,,,,2510171955,4
0a18a7c5a064407259fdcbe8fd300c3c,,Minh Phụng,10.7626846,106.6446172,10.7535751,106.6430363,1.022357,189.68,0.01069,,0,,,1.0,A,1000.0,,,0,,,1.0,1,,,50,service,concrete,,,,,,,,,,,13,,,,,,,,,,,,,,,,2510171955,4
899a284c09ee8dbccf54ce3e20b0336c,,Rạch Bùng Binh,10.7794508,106.6785811,10.7840477,106.6803024,0.542207,20.2,0.006318,,0,,,1.0,A,2000.0,,,0,,,2.0,2,,,50,primary,asphalt,no,,,,,,both,,,,14,,,,,,,,,,,,,,,,2510171955,4
fd91ff459d18d4e151ebe8f48a7c84f1,,Đường Số 10,10.7775374,106.7646391,10.7776559,106.7647651,0.019019,46.25,0.000245,,0,,,1.0,A,1000.0,,,0,,,,1,,,50,,,,,,,,,,,,,17,,,,,,,,,,,,,,,,2510171955,4
d14b1528c8e242f49273e387f8d95fc7,,Công Trường Mê Linh,10.7748291,106.7065305,10.7748385,106.7065815,0.005674,79.37,6e-05,,0,,,1.0,A,1000.0,,,0,,,,1,,,50,,,,,,,,,,,,,26,,,,,,,,,,,,,,,,2510171955,4
6aa710567d555652d8eb7c9ced435d3d,,Hải Thượng Lãn Ông,10.7507545,106.6545334,10.7504376,106.6601575,0.616153,93.28,0.005941,,0,,,1.0,A,1000.0,,,0,,,,1,,,50,,,,,,,,,,,,,17,,,,,,,,,,,,,,,,2510171955,4
4f567f2a96a55fa7d1f6b97970a6caab,,Mã Lò,10.7834104,106.5989412,10.7764236,106.6008637,0.800923,164.87,0.008909,,0,,,1.0,A,1000.0,,,0,,,,1,,,50,residential,,,,,,,,,,,,0,,,,,,,,,,,,,,,,2510171955,4
19b2b1ee459d0d7845cb550540215992,,Đường Số 15,10.7738467,106.7398113,10.773475,106.7397513,0.041635,189.01,0.000432,,0,,,1.0,A,1000.0,,,0,,,,1,,,50,,,,,,,,,,,,,16,,,,,,,,,,,,,,,,2510171955,4
ba7f7c3490fb2dcff2bca07b64fdd373,,Công Trường Quách Thị Trang,10.7712269,106.6986125,10.7718767,106.6986499,0.071993,3.24,0.000687,,0,,,1.0,A,1000.0,,,0,,,,1,,,50,,,,,,,,,,,,,897,,,,,,,,,,,,,,,,2510171955,4
1b5b958c37a611a63e7132e95820b427,,Hải Thượng Lãn Ông,10.7504376,106.6601575,10.7507744,106.6593065,0.10026,291.94,0.001188,,0,,,1.0,A,2000.0,,,0,,,2.0,2,,50,50,tertiary,asphalt,yes,,,,,,,,,,332,,,,,,,,,,,,,,,,2510171955,4
52b178c7b399b7c542dfef7654a82b37,,Mạc Cửu,10.750597,106.6592038,10.7506107,106.6592357,0.003804,66.39,4.6e-05,,0,,,1.0,A,3000.0,,,0,,,3.0,3,,50,50,primary,asphalt,yes,,,,,,,,,,6,,,,,,,,,,,,,,,,2510171955,4
3b9f69a47969448ec90e6ff7dc849316,,Hầm chui An Sương - N1,10.843311,106.6149367,10.8450745,106.6138112,0.230644,327.92,0.002889,,0,,,1.0,A,2000.0,,,0,,,2.0,2,,50,50,primary,,yes,,,,yes,,,24/7,,,299,,,,,,,,,,,,,,,,2510171955,4
73ed5536f3de172632a61cbc8cd9ce24,,Sư Van Hạnh,10.7589142,106.6735498,10.7633633,106.6725291,0.504632,347.3,0.00547,,0,,,1.0,A,2000.0,,,0,,,2.0,2,,50,50,tertiary,asphalt,,,,,,,,,,,13,,,,,,,,,,,,,,,,2510171955,4
753deb00a601ebe86e4702c06bdd0ab0,,Cầu 15B,10.7132819,106.7312394,10.7131905,106.7313098,0.012709,142.88,0.000162,,0,,,1.0,A,2000.0,,,0,,,2.0,2,,60,60,secondary,,yes,,,,,,,,,,869,,,,,,,,,,,,,,,,2510171955,4
8d4eb560d7aac810bb215cd1225b48e4,,Hầm sông Sài Gòn,10.76834,106.7031455,10.7684374,106.7033248,0.022375,61.06,0.000277,,0,,,1.0,A,2000.0,,,0,,,2.0,2,,60,60,trunk,concrete,yes,,,,yes,,both,24/7,,,15,,,,,,,,,,,,,,,,2510171955,4
61befe6a24cb50fc81cd2d1620af1bc3,,Đường Thành Thái,10.7681721,106.666908,10.7764553,106.6636154,0.984459,338.67,0.011576,,0,,,1.0,A,2000.0,,,0,,,2.0,2,,,50,primary,asphalt,yes,,,,,,,,,,5,,,,,,,,,,,,,,,,2510171955,4
8e0ec580bda69359e38c2c292499b959,,Hậu Giang,10.7453991,106.6239247,10.745339,106.6240715,0.017379,112.62,0.000207,,0,,,1.0,A,2000.0,,,0,,,2.0,2,,,50,secondary,asphalt,,,,,,,,,,,29,,,,,,,,,,,,,,,,2510171955,4
08ce3c428f6069a6f376e31c21d2123a,,Nghĩa Phát,10.7836425,106.6543665,10.7857783,106.6579632,0.458849,58.85,0.005733,,0,,,1.0,A,1000.0,,,0,,,,1,,,50,residential,asphalt,,,,,,,,,,,22,,,,,,,,,,,,,,,,2510171955,4
71bd2c75bf9049e44b14c5bd0dca7e4f,,Sư Vạn Hạnh,10.7740549,106.6683653,10.77004,106.6705481,0.504202,151.89,0.006198,,0,,,1.0,A,1000.0,,,0,,,,1,,,50,,,,,,,,,,,,,0,,,,,,,,,,,,,,,,2510171955,4
ec9ac5661ff242298083b66306af2d15,,Đường Trần Hưng Ðạo,10.7526979,106.6694499,10.7519097,106.658894,1.157868,265.65,0.011344,,0,,,1.0,A,1000.0,,,0,,,1.0,1,,60,60,primary,asphalt,yes,,,yes,,,,,,,11,,,,,,,,,,,,,,,,2510171955,4
aed05b4a8b12657ed5b95a0b9cc53203,,Cầu Bình Lợi,10.8235017,106.7061476,10.8242579,106.7074369,0.163933,59.16,0.002046,,0,,,1.0,A,1000.0,,,0,,,,1,,,50,,,,,,,,,,,,,2621,,,,,,,,,,,,,,,,2510171955,4
738526ef06112b5a346a6f5dc66f120d,,Hẻm 131 Tô Hiến Thành,10.7808937,106.6698201,10.7793615,106.6704423,0.182632,158.25,0.002154,,0,,,1.0,A,1000.0,,,0,,,,1,,,50,,,,,,,,,,,,,2,,,,,,,,,,,,,,,,2510171955,4
ea77c590d2d33ca7d91466b6e2c60382,,Số 18,10.8226043,106.6066965,10.8232027,106.6059457,0.105461,309.06,0.001349,,0,,,1.0,A,1000.0,,,0,,,,1,,,50,,,,,,,,,,,,,8,,,,,,,,,,,,,,,,2510171955,4
7f3d106ec08adf7614d3eeaba6187d43,,Hẻm 246/64 Hòa Hưng,10.7789044,106.670628,10.7785872,106.6707568,0.037809,158.25,0.000446,,0,,,1.0,A,1000.0,,,0,,,,1,,,50,residential,,,,,,,,,,,,0,,,,,,,,,,,,,,,,2510171955,4
48ed2cb8bdec7fb5383149c4381dac31,,Cầu Bình Phước 2,10.8607907,106.7150626,10.8612059,106.7155477,0.070161,48.93,0.0009,,0,,,1.0,A,2000.0,,,0,,,2.0,2,,50,50,trunk,asphalt,yes,,QL.1,yes,,,,,,,2281,,,,,,,,,,,,,,,,2510171955,4
64991b3007d81e6b8fbb43f1a76dceeb,,Đường Trần Phú,10.757428,106.6739837,10.7526071,106.6683833,0.812147,228.78,0.010421,,0,,,1.0,A,2000.0,,,0,,,2.0,2,,,50,primary,asphalt,,,,,,,,,,,33,,,,,,,,,,,,,,,,2510171955,4
bb259e616f06ef8c507c6b087dadc63e,,Nguyễn Bỉnh Khiêm,10.7919424,106.6999228,10.7886038,106.7035492,0.541911,133.14,0.006965,,0,,,1.0,A,1000.0,,,0,,,,1,,,50,,,,,,,,,,,,,25,,,,,,,,,,,,,,,,2510171955,4
bc8b674fa2656d9856cee71aa75df426,,Đường Tô Hiệu,10.7639371,106.6269195,10.7639255,106.6269466,0.00323,113.54,3.9e-05,,0,,,1.0,A,1000.0,,,0,,,,1,,,50,residential,asphalt,,,,,,,,,,,0,,,,,,,,,,,,,,,,2510171955,4
a0a597c2c92138e7e7e211d637e1413d,,Số 7,10.8249576,106.6029789,10.8249497,106.6029143,0.007118,262.9,7.3e-05,,0,,,1.0,A,1000.0,,,0,,,,1,,,50,,,,,,,,,,,,,36,,,,,,,,,,,,,,,,2510171955,4
f24c8c1555d3fef750e5bdb542f65384,,Cầu Bình Triệu 1,10.8215874,106.7136257,10.8233581,106.713869,0.197662,7.69,0.002014,,0,,,1.0,A,1000.0,,,0,,,,1,,,50,,,,,,,,,,,,,17,,,,,,,,,,,,,,,,2510171955,4
95a40015cfa8df8f369c121ae448eb3f,,Nguyễn Cao,10.7279406,106.7122757,10.7283925,106.712277,0.049986,0.16,0.000453,,0,,,1.0,A,1000.0,,,0,,,,1,,,50,residential,,,,,,,,,,,,11,,,,,,,,,,,,,,,,2510171955,4
f1b98271d1e05b7d6be4385423534b68,,T1 Loop,10.8124942,106.6643618,10.812469,106.6648739,0.056071,92.87,0.000537,,0,,,1.0,A,1000.0,,,0,,,,1,,,50,,,,,,,,,,,,,13,,,,,,,,,,,,,,,,2510171955,4
1fa36dd030c0bc95440c70597984b5d3,,Cầu Bông,10.7929272,106.6959206,10.7941308,106.6960125,0.133513,4.29,0.001296,,0,,,1.0,A,1000.0,,,0,,,,1,,,50,,,,,,,,,,,,,72,,,,,,,,,,,,,,,,2510171955,4
3c5f99e1ae9591bff23b250b92c22484,,THOI TAM THÔN 5,10.8826122,106.6159517,10.8839449,106.6112355,0.536283,286.05,0.006049,,0,,,1.0,A,1000.0,,,0,,,,1,,,50,,,,,,,,,,,,,9,,,,,,,,,,,,,,,,2510171955,4
222b2069e78e15952a8c4886ce1eb4d5,,Cầu Bùi Hữu Nghĩa,10.7930658,106.6974031,10.7940986,106.6976069,0.116395,10.97,0.001237,,0,,,1.0,A,2000.0,,,0,,,2.0,2,,,50,tertiary,,,,,,,,,,,,0,,,,,,,,,,,,,,,,2510171955,4
67e2fc538cc2634d7f82c12196ed3f9c,,Đường Vành đai ĐHQG,10.8804438,106.8104451,10.8780069,106.8088204,0.32282,213.21,0.004062,,0,,,1.0,A,2000.0,,,0,,,2.0,2,,,50,residential,asphalt,,,,,,,,,,,12,,,,,,,,,,,,,,,,2510171955,4
302d4125efbb7c78066753c7a38c4015,,Hẻm 341 Khuông Việt,10.7693434,106.6376979,10.7719922,106.6410076,0.465702,50.83,0.005958,,0,,,1.0,A,1000.0,,,0,,,,1,,,50,residential,asphalt,,,,,,,,,,,12,,,,,,,,,,,,,,,,2510171955,4
f64084f5e90ce4ca4255d29ea3d64081,,Tam Bình,10.845997,106.7287514,10.8560454,106.7381233,1.51179,42.49,0.01942,,0,,,1.0,A,2000.0,,,0,,,2.0,2,,,50,secondary,asphalt,,,,,,,,,,,14,,,,,,,,,,,,,,,,2510171955,4
54ae9072ba7a089aa63f221944f17678,,Cầu Băng Ky,10.8182453,106.6985355,10.8184238,106.6989116,0.045622,64.21,0.000555,,0,,,1.0,A,1000.0,,,0,,,1.0,1,,,50,secondary,asphalt,yes,,,yes,,,,,,,15,,,,,,,,,,,,,,,,2510171955,4
17749bd0352f4a16ca94f60978992bf4,,Hẻm 341 Lạc Long Quân,10.7691266,106.6405885,10.7684973,106.6414568,0.117746,126.42,0.001498,,0,,,1.0,A,1000.0,,,0,,,,1,,,50,,,,,,,,,,,,,14,,,,,,,,,,,,,,,,2510171955,4
31ff27ee9f18e0a23f605cd79eb16bb3,,Nguyễn Chí Thanh,10.7595294,106.6669516,10.756343,106.6510842,1.770937,258.45,0.019054,,0,,,1.0,A,4000.0,,,0,,,4.0,4,,,50,secondary,asphalt,,,,,,,,,,,13,,,,,,,,,,,,,,,,2510171955,4
1ffd381733dc696272b3a0db86e73ed5,,Cầu Hoàng Hoa Thám,10.7946727,106.693204,10.7958364,106.6927968,0.136206,341.03,0.001571,,0,,,1.0,A,1000.0,,,0,,,,1,,,50,service,,,,,,,,,,,,6,,,,,,,,,,,,,,,,2510171955,4
08e4e553fc72136a576a8e051427df26,,Thích Quảng Đức,10.8082313,106.6785195,10.8033105,106.684482,0.849375,130.04,0.010883,,0,,,1.0,A,2000.0,,,0,,,2.0,2,,,50,primary,asphalt,yes,,,,,,,,,,4,,,,,,,,,,,,,,,,2510171955,4
6ed666ef1d3cf472b5247544173b129b,,Đường Pham Ngũ Lão,10.8251122,106.6808633,10.8262602,106.6801335,0.149979,328.02,0.001878,,0,,,1.0,A,1000.0,,,0,,,,1,,,50,residential,asphalt,,,,,,,,,,,2166,,,,,,,,,,,,,,,,2510171955,4
9d4dfa0bc2b0894f70651b92575ada16,,Quốc lộ 22,10.8704157,106.5966668,10.8774435,106.5916776,0.949665,325.12,0.012017,,0,,,1.0,A,1000.0,,,0,,,,1,,,50,,,,,,,,,,,,,13,,,,,,,,,,,,,,,,2510171955,4
45834b013889dc0c5fa17deeab2d9ff3,,Cầu Sài Gòn 2,10.7988988,106.728642,10.7994998,106.7320752,0.381298,79.89,0.004034,,0,,,1.0,A,1000.0,,,0,,,1.0,1,,60,60,trunk,asphalt,yes,,,yes,,,,yes,,,13,,,,,,,,,,,,,,,,2510171955,4
b3f614c6deb5a73ca31654f6aff3780e,,Nguyễn Chí Thanh,10.756343,106.6510842,10.7601722,106.6704457,2.159619,78.62,0.023191,,0,,,1.0,A,1000.0,,,0,,,,1,,,50,,,,,,,,,,,,,11,,,,,,,,,,,,,,,,2510171955,4
0748a04cc0fc3eaa1b3262cdb77d7fbb,,Nguyễn Chí Thanh,10.7601722,106.6704457,10.760806,106.6731253,0.301349,76.46,0.003313,,0,,,1.0,A,1000.0,,,0,,,,1,,,50,residential,asphalt,,,,,,,,,,,13,,,,,,,,,,,,,,,,2510171955,4
2ab7fdd303969ed0e613a14086115516,,Đường dẫn Cầu Thủ Thiêm,10.7828466,106.7199382,10.7820242,106.7205208,0.111063,145.17,0.001405,,0,,,1.0,A,1000.0,,,0,,,,1,,,50,,,,,,,,,,,,,555,,,,,,,,,,,,,,,,2510171955,4
cc7d144f85014ae356f83dbfa6265cbf,,Nguyễn Cơ Thạch,10.7768151,106.7226291,10.779091,106.7220698,0.259069,346.43,0.002835,,0,,,1.0,A,4000.0,,,0,,,4.0,4,,60,60,secondary,asphalt,yes,,,yes,,,,,,,11,,,,,,,,,,,,,,,,2510171955,4
9eda13e00b96dcb2827ef8343db1a2b9,,Thoại Ngọc Hầu,10.7737359,106.621551,10.7842211,106.6392437,2.255977,58.9,0.028178,,0,,,1.0,A,1000.0,,,0,,,,1,,,50,,,,,,,,,,,,,16,,,,,,,,,,,,,,,,2510171955,4
04333fe7c5c67cf08d89fe0bc6d041fa,,Nguyễn Cao Bắc,10.7311497,106.712272,10.7302354,106.7122946,0.101163,178.61,0.000937,,0,,,1.0,A,1000.0,,,0,,,,1,,,50,,,,,,,,,,,,,0,,,,,,,,,,,,,,,,2510171955,4
bcdffcfc244c68b7f1e75048c879ca68,,Đường dẫn Sảnh Đến Quốc tế,10.8153763,106.6636437,10.8152546,106.6633414,0.035694,247.71,0.000424,,0,,,1.0,A,1000.0,,,0,,,,1,,,50,,,,,,,,,,,,,14,,,,,,,,,,,,,,,,2510171955,4
b48fb5ab1f77f849ae0eacbf7a2892c6,,Cầu Chánh Hưng,10.7460556,106.6689199,10.7416454,106.668879,0.487845,180.52,0.004451,,0,,,1.0,A,1000.0,,,0,,,,1,,,50,,,,,,,,,,,,,12,,,,,,,,,,,,,,,,2510171955,4
3646b7ed845d24d736c5c2e0ac6589a4,,Nguyễn Cửu Vân,10.7963537,106.7058178,10.7960538,106.7063387,0.065921,120.37,0.000821,,0,,,1.0,A,1000.0,,,0,,,,1,,,50,,,,,,,,,,,,,0,,,,,,,,,,,,,,,,2510171955,4
be772df75b516422226b7cfb56573d1d,,Nguyễn Chí Thanh,10.7592538,106.6655719,10.7584107,106.6615004,0.454982,258.1,0.004915,,0,,,1.0,A,4000.0,,,0,,,4.0,4,,,50,secondary,asphalt,,,,,,,,,,,13,,,,,,,,,,,,,,,,2510171955,4
555304c560b2afe9670bbcb31285298a,,Đường dẫn ga Quốc nội,10.8125831,106.6647613,10.8140262,106.6643593,0.165569,344.7,0.001845,,0,,,1.0,A,4000.0,,,0,,,4.0,4,,60,60,primary,asphalt,yes,,,,,,,,,,1054,,,,,,,,,,,,,,,,2510171955,4
bdce1bfc0b89165c9a039761cedcc781,,Thuận Kiều,10.7597225,106.6587965,10.7552474,106.6584197,0.496717,184.73,0.004852,,0,,,1.0,A,1000.0,,,0,,,,1,,,50,,,,,,,,,,,,,15,,,,,,,,,,,,,,,,2510171955,4
ef25d9a9d7773bc5b6e83284e06e705a,,Cầu Chợ Cầu 1,10.8457909,106.6378814,10.8474862,106.6353191,0.337136,303.97,0.004258,,0,,,1.0,A,1000.0,,,0,,,,1,,,50,,,,,,,,,,,,,15,,,,,,,,,,,,,,,,2510171955,4
550260e29117fbbd7883acfc1a21b7d8,,Cầu Chữ Y,10.7509485,106.6836257,10.7536129,106.6842501,0.302527,12.97,0.003289,,0,,,1.0,A,1000.0,,,0,,,,1,,,50,,,,,,,,,,,,,14,,,,,,,,,,,,,,,,2510171955,4
48622f51c7f50e1ed00c3e5acf1e7011,,Hẻm 574 Kinh Dương Vương,10.7321249,106.6096162,10.731368,106.6109526,0.16846,119.96,0.002093,,0,,,1.0,A,1000.0,,,0,,,,1,,,50,residential,asphalt,,,,,,,,,,,0,,,,,,,,,,,,,,,,2510171955,4
7426d7c0f84223578a026ff6a4aba075,,Nguyễn Du,10.8839415,106.8020366,10.8805839,106.7847868,1.922155,258.79,0.020607,,0,,,1.0,A,2000.0,,,0,,,2.0,2,,40,40,tertiary,asphalt,yes,,,,,,,,,,675,,,,,,,,,,,,,,,,2510171955,4
0b0f4610cc9e1528061e9acb6362a9e0,,Hẻm 602 Điện Biên Phủ,10.7987712,106.7178735,10.7986979,106.7178674,0.008135,184.67,7.9e-05,,0,,,1.0,A,1000.0,,,0,,,,1,,,50,,,,,,,,,,,,,13,,,,,,,,,,,,,,,,2510171955,4
1488e788120edf799c5d8df1e3c9fd78,,Đường số 10,10.7414548,106.7099956,10.7498061,106.6287236,8.937414,275.98,0.089623,,0,,,1.0,A,1000.0,,,0,,,,1,,,50,,,,,,,,,,,,,12,,,,,,,,,,,,,,,,2510171955,4
4aa8244b36c8d88b97d71a455f1c2392,,Cầu Công Lý,10.7910679,106.6825988,10.7921893,106.681367,0.183123,312.82,0.002353,,0,,,1.0,A,1000.0,,,0,,,,1,,,50,,,,,,,,,,,,,1282,,,,,,,,,,,,,,,,2510171955,4
459be5240c53f114f3d55416973982f9,,Hẻm 68 Trần Quang Khải,10.792788,106.6936394,10.7932473,106.6935778,0.051249,352.49,0.000521,,0,,,1.0,A,1000.0,,,0,,,,1,,,50,,,,,,,,,,,,,9,,,,,,,,,,,,,,,,2510171955,4
bcc5ab397fb38a3f545b029439312938,,Cầu Cả Cấm,10.7225313,106.7257177,10.723735,106.7249535,0.157212,328.04,0.001968,,0,,,1.0,A,1000.0,,,0,,,,1,,,50,,,,,,,,,,,,,1025,,,,,,,,,,,,,,,,2510171955,4
89408989c4a2c46351ba3ed6474d1b4a,,Hẻm 84A Trần Hữu Trang,10.79358,106.6724314,10.7938991,106.6717593,0.081538,295.8,0.000991,,0,,,1.0,A,1000.0,,,0,,,,1,,,50,service,,,,,,,,,,,,15,,,,,,,,,,,,,,,,2510171955,4
78b28ea8ff57391f38e298a231107972,,Nguyễn Huệ,10.7719889,106.7062982,10.7719977,106.7061791,0.013062,274.3,0.000128,,0,,,1.0,A,3000.0,,,0,,,3.0,3,,60,60,primary,asphalt,yes,,,,,,,,,,335,,,,,,,,,,,,,,,,2510171955,4
315ea589cfd10b87f45340a33da31b0b,,Cầu Him Lam,10.7405245,106.6937024,10.7407629,106.6949897,0.143255,79.33,0.001526,,0,,,1.0,A,1000.0,,,0,,,,1,,,50,,,,,,,,,,,,,14,,,,,,,,,,,,,,,,2510171955,4
51d905077b9a55d0a107c12a6f045eb1,,Thành phố Thuận An,10.8877621,106.6998839,10.8886155,106.6944551,0.600983,279.1,0.006282,,0,,,1.0,A,3000.0,,,0,,,3.0,3,,,50,primary,,yes,,,,,,,,,,1514,,,,,,,,,,,,,,,,2510171955,4
a35f53889128359c0adc816c29f43bee,,Đường số 15,10.7451997,106.7025956,10.7452314,106.702546,0.00646,303.04,8.1e-05,,0,,,1.0,A,1000.0,,,0,,,1.0,1,,,50,tertiary_link,asphalt,yes,,,,,,,,,,11,,,,,,,,,,,,,,,,2510171955,4
0cdc96395c88caf86aeaf7d006bb2c0c,,Cầu Hiệp Ân 2,10.7433356,106.6613572,10.7433941,106.6616795,0.035842,79.53,0.000381,,0,,,1.0,A,2000.0,,,0,,,2.0,2,,,50,tertiary,asphalt,,,,,,,,,,,12,,,,,,,,,,,,,,,,2510171955,4
688c357e30b10ba3575a4c7e85dff567,,Đường số 18B,10.7796339,106.5996935,10.7796381,106.5996261,0.007386,273.63,7.2e-05,,0,,,1.0,A,1000.0,,,0,,,,1,,,50,,,,,,,,,,,,,11,,,,,,,,,,,,,,,,2510171955,4
891155b080f1b2e957bcf8c288024008,,Hẻm 995 Hồng Bàng,10.7546298,106.636522,10.7543494,106.6365345,0.031046,177.49,0.000293,,0,,,1.0,A,3000.0,,,0,,,3.0,3,,,50,primary,asphalt,yes,,,yes,,,,,,,1410,,,,,,,,,,,,,,,,2510171955,4
6ba9c3f0ba5b44682018f75d1c8c54fa,,Nguyễn Hữu Cầu,10.791062,106.6911349,10.7900598,106.6904811,0.131916,212.65,0.001656,,0,,,1.0,A,1000.0,,,0,,,,1,,,50,residential,,,,,,,,,,,,640,,,,,,,,,,,,,,,,2510171955,4
a607cc7797f5992f2e24cd76b4ec324a,,Nguyễn Hữu Thọ,10.7365428,106.7002329,10.7303579,106.7003063,0.684176,179.33,0.006258,,0,,,1.0,A,1000.0,,,0,,,,1,,,50,,,,,,,,,,,,,13,,,,,,,,,,,,,,,,2510171955,4
038f1f5aa618da4ea9f19f803614e643,,Đường số 4,10.7388679,106.6898242,10.7392345,106.6909482,0.129461,71.64,0.001491,,0,,,1.0,A,2000.0,,,0,,,2.0,2,,,50,primary,asphalt,yes,,,,,,,,,,13,,,,,,,,,,,,,,,,2510171955,4
f2609aacda44e4aac4485abab0d13392,,Đường số 13,10.8641797,106.7663628,10.8642639,106.766054,0.035024,285.52,0.000393,,0,,,1.0,A,1000.0,,,0,,,,1,,,50,residential,asphalt,,,,,,,,,,,14,,,,,,,,,,,,,,,,2510171955,4
5c51bd0879f76d1245798ec9893915e5,,Thạnh Lộc 29,10.8776731,106.678258,10.8774274,106.6801765,0.211508,97.43,0.002164,,0,,,1.0,A,1000.0,,,0,,,,1,,,50,,,,,,,,,,,,,4,,,,,,,,,,,,,,,,2510171955,4
bd9be7bc6890594c19dea0d8b64f71e6,,Hẻm Số 354,10.775411,106.6582765,10.7755941,106.6584192,0.025569,37.44,0.000326,,0,,,1.0,A,1000.0,,,0,,,,1,,,50,residential,,,,,,,,,,,,16,,,,,,,,,,,,,,,,2510171955,4
a360e1bc033ae559f864a554b47857d0,,Hồ Hảo Hớn,10.7598239,106.6940131,10.763051,106.6908753,0.49518,316.31,0.006365,,0,,,1.0,A,1000.0,,,0,,,,1,,,50,,,,,,,,,,,,,1246,,,,,,,,,,,,,,,,2510171955,4
e7cd71415050cd2dc0bdbf81b87342e0,,Nguyễn Hữu Trí,10.6903712,106.5689492,10.6854735,106.5540502,1.717636,251.5,0.019797,,0,,,1.0,A,3000.0,,,0,,,3.0,3,,60,60,trunk,asphalt,yes,,,yes,,,,,,,14,,,,,,,,,,,,,,,,2510171955,4
f8ba99351b6594850c8514d25d121706,,Nguyễn Hữu Trí,10.6854735,106.5540502,10.6963436,106.5939709,4.529808,74.51,0.050791,,0,,,1.0,A,2000.0,,,0,,,2.0,2,,,50,secondary,,yes,,,,,,,,,,14,,,,,,,,,,,,,,,,2510171955,4
c2794fb970057d4089f07e2ba4f432cc,,Cầu Lê Văn Sỹ,10.785862,106.6815175,10.7861078,106.6810825,0.054795,299.91,0.000681,,0,,,1.0,A,1000.0,,,0,,,,1,,,50,,,,,,,,,,,,,27,,,,,,,,,,,,,,,,2510171955,4
001a769ff6f9c3b6d437bcf693969aa4,,Thị trấn Tân Túc,10.6795155,106.5693537,10.6797073,106.5693331,0.021335,353.98,0.000212,,0,,,1.0,A,1000.0,,,0,,,,1,,,50,residential,,,,,,,,,,,,0,,,,,,,,,,,,,,,,2510171955,4
ae502a367c12e8f4116220716e0c7c11,,Hồ Văn Long,10.8253843,106.6005932,10.8252537,106.600561,0.014869,193.61,0.000163,,0,,,1.0,A,1000.0,,,0,,,,1,,,50,,,,,,,,,,,,,741,,,,,,,,,,,,,,,,2510171955,4
78740639d5410ec885bd93d91e8f95e8,,Đường số 5,10.87865,106.7619572,10.8060161,106.6057636,18.874399,244.68,0.228827,,0,,,1.0,A,1000.0,,,0,,,,1,,,50,secondary,,,,,,,,,,,,21,,,,,,,,,,,,,,,,2510171955,4
0af145baf979acec1b8de72fdfafd6d4,,Nguyễn Hữu Tự,10.7926663,106.6967184,10.7926985,106.6961576,0.061434,273.35,0.000593,,0,,,1.0,A,2000.0,,,0,,,2.0,2,,,50,tertiary,asphalt,,,,,,,,,,,9,,,,,,,,,,,,,,,,2510171955,4
af9aee36267be3637ecc4a448db6612f,,Đường số 54,10.7496063,106.5941698,10.7496222,106.594239,0.007771,76.84,8.5e-05,,0,,,1.0,A,2000.0,,,0,,,2.0,2,,50,50,secondary,asphalt,,,,,,,,,,,1067,,,,,,,,,,,,,,,,2510171955,4
ee133f9569ef33b262dce20ed7e5217f,,Thống Nhất,10.8397244,106.6652733,10.8348284,106.6644581,0.548851,189.29,0.005711,,0,,,1.0,A,2000.0,,,0,,,2.0,2,,,50,residential,asphalt,,,,,,,,,,,25,,,,,,,,,,,,,,,,2510171955,4
ea14fc6b6273dcb810b2b2df002c6e95,,Hồ Xuân Hương,10.7752936,106.6864011,10.7756788,106.6867311,0.05584,40.08,0.000715,,0,,,1.0,A,2000.0,,,0,,,2.0,2,,,50,primary,asphalt,yes,,,,,,,,,,15,,,,,,,,,,,,,,,,2510171955,4
3dd2bf959a14fc2ab7163d4942282df7,,Cầu Phú An,10.7923372,106.7131767,10.792197,106.7134711,0.035737,115.86,0.000435,,0,,,1.0,A,1000.0,,,0,,,,1,,,50,,,,,,,,,,,,,5,,,,,,,,,,,,,,,,2510171955,4
70a2479522518fa70836397db48cbabd,,Trang Tử,10.7516644,106.6532793,10.7514819,106.6504956,0.305144,266.18,0.002966,,0,,,1.0,A,2000.0,,,0,,,2.0,2,,,50,tertiary,asphalt,,,,,,,,,,,13,,,,,,,,,,,,,,,,2510171955,4
deadfcd4f8735a5140eeb5af79b4ea02,,Nguyễn Kim,10.7643679,106.6616043,10.7607717,106.6623333,0.405699,168.74,0.004325,,0,,,1.0,A,1000.0,,,0,,,,1,,,50,,,,,,,,,,,,,0,,,,,,,,,,,,,,,,2510171955,4
c29f9b4d54e14426755e2655b11fdb46,,Cầu Phú Mỹ,10.7428358,106.7400366,10.7449386,106.7441554,0.507018,62.54,0.006222,,0,,,1.0,A,2000.0,,,0,,,2.0,2,,,50,trunk,,yes,,,yes,,,,,,,1925,,,,,,,,,,,,,,,,2510171955,4
e77cd0dfaeb77e9030f6ebb1e2149b6a,,Hồng Bàng,10.75373,106.65443,10.7554182,106.6634172,1.000572,79.17,0.010675,,0,,,1.0,A,1000.0,,,0,,,,1,,,50,,,,,,,,,,,,,150,,,,,,,,,,,,,,,,2510171955,4
7b83e57eef6b9b0d27df3954c0c6a10c,,Hồng Bàng,10.7554182,106.6634172,10.7550108,106.6603376,0.339838,262.33,0.003487,,0,,,1.0,A,1000.0,,,0,,,,1,,,50,,,,,,,,,,,,,11,,,,,,,,,,,,,,,,2510171955,4
e62c4fd68cff6b858de508e76941e900,,Cầu Phú Mỹ,10.7449386,106.7441554,10.7469406,106.7484952,0.523801,64.85,0.006342,,0,,,1.0,A,1000.0,,,0,,,,1,,,50,,,,,,,,,,,,,5856,,,,,,,,,,,,,,,,2510171955,4
ba81ae121da65d6eefde7171c47aedfa,,Nguyễn Kim,10.7605205,106.6623843,10.7556227,106.6633772,0.552538,168.74,0.005891,,0,,,1.0,A,1000.0,,,0,,,,1,,,50,,,,,,,,,,,,,122,,,,,,,,,,,,,,,,2510171955,4
f7c0caf8bd77b349c6509b1ffaa95dff,,Trung Mỹ Tây 2A,10.8471993,106.6123545,10.8472751,106.6124805,0.016128,58.51,0.000202,,0,,,1.0,A,1000.0,,,0,,,,1,,,50,,,,,,,,,,,,,626,,,,,,,,,,,,,,,,2510171955,4
65d7b8d53f7cc3e30332b4876b5172e0,,Cầu Phú Mỹ,10.7469406,106.7484952,10.7490341,106.7527933,0.524061,63.63,0.006392,,0,,,1.0,A,2000.0,,,0,,,2.0,2,,,50,trunk,,yes,,,yes,,,,,,,5857,,,,,,,,,,,,,,,,2510171955,4
84eac5395bc14015e1b7708db7ef3ff7,,Đường số 8,10.8824106,106.7698521,10.8418186,106.6623835,12.579047,248.97,0.148061,,0,,,1.0,A,1000.0,,,0,,,,1,,,50,residential,,,,,,,,,,,,15,,,,,,,,,,,,,,,,2510171955,4
ecdf13761c150a7cff9fccf24046e694,,Đường số 9,10.8629278,106.7549076,10.8629278,106.7549076,0.0,0.0,0.0,,0,,,1.0,A,1000.0,,,0,,,,1,,,50,,,,,,,,,,,,,7,,,,,,,,,,,,,,,,2510171955,4
b23cf7a2151170ab26baf9f070c25912,,Thành Thái,10.7739209,106.6645769,10.7697668,106.6661869,0.492082,159.16,0.005764,,0,,,1.0,A,4000.0,,,0,,,4.0,4,,,50,secondary,asphalt,,,,,,,,,,,29,,,,,,,,,,,,,,,,2510171955,4
43ccf1a8e1425f3a0fedfc6934db009d,,Cầu Phú Mỹ,10.7450815,106.7441524,10.7347762,106.7279543,2.106796,237.08,0.026503,,0,,,1.0,A,1000.0,,,0,,,,1,,,50,,,,,,,,,,,,,5856,,,,,,,,,,,,,,,,2510171955,4
6d970c201d4ecf40bea11ec690022048,,Đường tỉnh 743,10.8873863,106.7382056,10.8874344,106.7383228,0.013874,67.32,0.000165,,0,,,1.0,A,1000.0,,,0,,,,1,,,50,,,,,,,,,,,,,15,,,,,,,,,,,,,,,,2510171955,4
6a00832a711b7b634d2304dea9532ce4,,Nguyễn Kiệm,10.8132332,106.6786725,10.8135747,106.6787698,0.039244,15.63,0.000439,,0,,,1.0,A,1000.0,,,0,,,,1,,,50,,,,,,,,,,,,,2091,,,,,,,,,,,,,,,,2510171955,4
a06236ea6f8ac6b8606e155542948516,,Trương Định,10.7824606,106.6835712,10.7840477,106.6803024,0.398276,296.3,0.004856,,0,,,1.0,A,1000.0,,,0,,,,1,,,50,,,,,,,,,,,,,10,,,,,,,,,,,,,,,,2510171955,4
8f7bb7b891d811251396f8362ce3f0b6,,Cầu Phước Long,10.703606,106.7265583,10.7028333,106.7247561,0.214882,246.43,0.002575,,0,,,1.0,A,1000.0,,,0,,,,1,,,50,residential,,,,,yes,,,,,,,381,,,,,,,,,,,,,,,,2510171955,4
d4bae69d9000469f93a269bf4795864f,,Đường ven hồ trung tâm,10.76937,106.71738,10.7786804,106.7229301,1.195434,30.35,0.01486,,0,,,1.0,A,4000.0,,,0,,,4.0,4,,50,50,tertiary,asphalt,,,,,,,,,,,8,,,,,,,,,,,,,,,,2510171955,4
3be79d9a97f6122a70000c3736d01667,,Cầu Rạch Chiếc 1,10.8099607,106.7563406,10.815571,106.7575697,0.634963,12.14,0.006839,,0,,,1.0,A,3000.0,,,0,,,3.0,3,,80,80,trunk,asphalt,yes,,,yes,,,no,,,,14,,,,,,,,,,,,,,,,2510171955,4
0ee37e521b02bef62f044fe871f320d9,,Hồng Lạc,10.7879176,106.6465073,10.7879756,106.6464872,0.006782,341.2,7.8e-05,,0,,,1.0,A,1000.0,,,0,,,,1,,,50,,,,,,,,,,,,,9,,,,,,,,,,,,,,,,2510171955,4
d0387cf978c41b8e86b4a57ea1fc3f55,,Nguyễn Lương Bằng nối dài,10.7087139,106.7318964,10.7130973,106.7314656,0.487144,354.48,0.004814,,0,,,1.0,A,1000.0,,,0,,,,1,,,50,residential,,,,,,,,,,,,0,,,,,,,,,,,,,,,,2510171955,4
f2d459490aa10bfe84e2ce7c321b0772,,Kha Vạn Cân,10.8270992,106.7153558,10.8504341,106.7545053,4.998814,58.74,0.062484,,0,,,1.0,A,2000.0,,,0,,,2.0,2,,,50,tertiary,asphalt,,,,,,,,,,,13,,,,,,,,,,,,,,,,2510171955,4
5352666e6432a10fceff657a7a02f997,,Đường số 14,10.8671944,106.7747087,10.8675871,106.7749133,0.04886,27.1,0.000597,,0,,,1.0,A,1000.0,,,0,,,,1,,,50,,,,,,,,,,,,,15,,,,,,,,,,,,,,,,2510171955,4
7603f93c81fe0e469b6a27f73e40f682,,Đường Ông Ích Khiêm,10.7665527,106.6429996,10.7666288,106.6427319,0.030465,286.14,0.000344,,0,,,1.0,A,2000.0,,,0,,,2.0,2,,,50,secondary,asphalt,,,,,,,,,,,29,,,,,,,,,,,,,,,,2510171955,4
72548d296167e0108602dcb5321ed5d4,,Kha Vạn Cân,10.8504341,106.7545053,10.8319797,106.725621,3.760618,236.96,0.047339,,0,,,1.0,A,2000.0,,,0,,,2.0,2,,,50,secondary,asphalt,yes,,,,,,,,,,17,,,,,,,,,,,,,,,,2510171955,4
aca6705b1d62342359f176619f7beaba,,Nguyễn Ngọc Lộc,10.7659563,106.6640385,10.7659563,106.6640385,0.0,0.0,0.0,,0,,,1.0,A,1000.0,,,0,,,,1,,,50,,,,,,,,,,,,,14,,,,,,,,,,,,,,,,2510171955,4
aad48e9b8f4d68a89d782d2d3005101f,,Đường đất,10.8368731,106.7001735,10.830835,106.6929691,1.03281,229.53,0.013243,,0,,,1.0,A,1000.0,,,0,,,,1,,,50,,,,,,,,,,,,,15,,,,,,,,,,,,,,,,2510171955,4
32196ce38d97227596a014fe983dc5bf,,Kha Vạn Cân,10.8319797,106.725621,10.8413672,106.7463168,2.489889,65.21,0.030083,,0,,,1.0,A,1000.0,,,0,,,,1,,,50,residential,,,,,,,,,,,,1444,,,,,,,,,,,,,,,,2510171955,4
a3a5b42c729268c13efcf7aa4a7894aa,,Đại Lộ III,10.8136383,106.7753601,10.8131985,106.7686852,0.731558,266.16,0.007115,,0,,,1.0,A,2000.0,,,0,,,2.0,2,,,50,tertiary,asphalt,yes,,,,,,,,,,6,,,,,,,,,,,,,,,,2510171955,4
678b3c050fb3beed94da629f0ce6bd1d,,Trường Chinh,10.8332849,106.6212255,10.8136617,106.6326825,2.506209,150.17,0.03108,,0,,,1.0,A,1000.0,,,0,,,,1,,50,50,primary,,yes,,,,,,,,,,574,,,,,,,,,,,,,,,,2510171955,4
931e092078f2614a71934d3a4ec00d60,,Cầu Sài Gòn 2,10.7983208,106.7250464,10.7988988,106.728642,0.398382,80.71,0.004174,,0,,,1.0,A,1000.0,,,0,,,1.0,1,,60,60,trunk,asphalt,yes,,,yes,,,,yes,,,2771,,,,,,,,,,,,,,,,2510171955,4
f92b3d0350a5ebeec92b2332dd10257e,,Nguyễn Oanh,10.8506971,106.6787535,10.8308983,106.6775689,2.193843,183.36,0.020983,,0,,,1.0,A,1000.0,,,0,,,1.0,1,,,50,primary,asphalt,yes,,,yes,,,,,,,13,,,,,,,,,,,,,,,,2510171955,4
06070fea94d2723df987abeeb511b66c,,Khuông Việt,10.7813924,106.6433121,10.7770894,106.6398819,0.606042,218.06,0.007733,,0,,,1.0,A,2000.0,,,0,,,2.0,2,,,50,secondary,asphalt,no,,,,,,,,,,0,,,,,,,,,,,,,,,,2510171955,4
c1bc92586eafb44a409bf6c1095b5a62,,Hẻm 86 Ông Ích Khiêm,10.7699913,106.647032,10.7702268,106.6471393,0.028571,24.11,0.000343,,0,,,1.0,A,1000.0,,,0,,,,1,,50,50,residential,concrete,,,,,,,,,,,14,,,,,,,,,,,,,,,,2510171955,4
19572d98f7efdf320e9828c856d5b4c9,,Nguyễn Phúc Nguyên,10.7805493,106.6792239,10.7820636,106.6789157,0.170859,348.69,0.001822,,0,,,1.0,A,2000.0,,,0,,,2.0,2,,,50,tertiary,asphalt,no,,,,,,,,,,0,,,,,,,,,,,,,,,,2510171955,4
5f4ad30047f2f96391c68e1f137624c7,,Trường Chinh,10.829463,106.6235423,10.8417386,106.6160676,1.584865,329.12,0.01975,,0,,,1.0,A,1000.0,,,0,,,,1,,50,50,primary,,yes,,,,,,,,,,1045,,,,,,,,,,,,,,,,2510171955,4
bfc437a1fe8725c4ea25584d08ad8bb6,,Cầu vượt Trạm 2,10.8618381,106.7958668,10.8607361,106.795148,0.145036,212.64,0.001821,,0,,,1.0,A,3000.0,,,0,,,3.0,3,,,50,trunk,asphalt,yes,,QL.1,yes,,,,,,,769,,,,,,,,,,,,,,,,2510171955,4
1568b2d755aa981f391099308486ad94,,Đất Thánh,10.7828795,106.6602062,10.7819,106.656532,0.416186,254.82,0.004654,,0,,,1.0,A,2000.0,,,0,,,2.0,2,,,50,residential,asphalt,,,,,,,,,,,16,,,,,,,,,,,,,,,,2510171955,4
8d6f6a6cbefdeba3d4ccf9b818a655ec,,Kinh Dương Vương,10.7282004,106.6071858,10.7265851,106.6050773,0.291753,232.06,0.003724,,0,,,1.0,A,1000.0,,,0,,,,1,,,50,,,,,,,,,,,,,1490,,,,,,,,,,,,,,,,2510171955,4
be5ebda5e8e596bb3f87eaf935c74b04,,Hai Bà Trưng,10.7756896,106.7060815,10.7914566,106.6874653,2.680843,310.77,0.034383,,0,,,1.0,A,2000.0,,,0,,,2.0,2,,,50,primary,asphalt,yes,,,,,,,,,,403,,,,,,,,,,,,,,,,2510171955,4
49659a77c26e913c341cbca256c8cc7b,,Cầu Thanh Lộc,10.8608943,106.6696497,10.8610728,106.6698521,0.029658,48.08,0.000381,,0,,,1.0,A,1000.0,,,0,,,,1,,,50,,,,,,,,,,,,,16,,,,,,,,,,,,,,,,2510171955,4
14be1c20c28108e1d0ee5b51f96f0b19,,Kênh 10,10.708894,106.5725739,10.7087587,106.5725888,0.015054,173.82,0.00015,,0,,,1.0,A,1000.0,,,0,,,,1,,,50,,,,,,,,,,,,,86,,,,,,,,,,,,,,,,2510171955,4
eba4e712a07e83689f520ce10d29a9e5,,Nguyễn Thái Học,10.7651757,106.69714,10.7679022,106.6954254,0.355137,328.29,0.004441,,0,,,1.0,A,1000.0,,,0,,,,1,,,50,,,,,,,,,,,,,466,,,,,,,,,,,,,,,,2510171955,4
ea3dc7f553e0877e391a9fd3277bc05f,,Trường Sa,10.7925479,106.6855754,10.7939608,106.7006919,1.660557,84.56,0.016529,,0,,,1.0,A,2000.0,,,0,,,2.0,2,,,50,primary,asphalt,yes,,,yes,,,,,,no,15,,,,,,,,,,,,,,,,2510171955,4
1fe938e2d17aafebcc703e4d16744c64,,Cầu Thầy Tiêu,10.7289172,106.716972,10.7294379,106.7153476,0.186788,288.07,0.002145,,0,,,1.0,A,1000.0,,,0,,,,1,,,50,,,,,,,,,,,,,2084,,,,,,,,,,,,,,,,2510171955,4
89479dc4a7719faf7acf04a66a8cac89,,Trường Sơn,10.8130718,106.6649688,10.8111229,106.6650145,0.215632,178.68,0.001995,,0,,,1.0,A,4000.0,,,0,,,4.0,4,,60,60,primary,asphalt,yes,,,,,,,,,,1229,,,,,,,,,,,,,,,,2510171955,4
adf40601c9de600d25b9039e2177ac82,,Cầu Thị Nghè,10.7910523,106.7058445,10.7924505,106.707195,0.213854,43.49,0.002749,,0,,,1.0,A,2000.0,,,0,,,2.0,2,,,50,primary,asphalt,yes,,,yes,,,,yes,,,16,,,,,,,,,,,,,,,,2510171955,4
db9d31bddc50b8824845e7a0e7e568fa,,Đặng Nguyên Cẩn,10.7534511,106.6316452,10.7563978,106.6332036,0.367822,27.46,0.004505,,0,,,1.0,A,2000.0,,,0,,,2.0,2,,,50,tertiary,asphalt,,,,,,,,,,,0,,,,,,,,,,,,,,,,2510171955,4
3ea305cbef3167c345c81b93932e4cf8,,Nguyễn Thái Sơn,10.8177209,106.6814029,10.819754,106.683148,0.294944,40.13,0.003778,,0,,,1.0,A,1000.0,,,0,,,1.0,1,,,50,primary,asphalt,yes,,,,,,,,,,14,,,,,,,,,,,,,,,,2510171955,4
6112f9c317f9421f9f022913107f8ced,,Trần Bình Trọng,10.7592606,106.6803749,10.7582717,106.6807561,0.117062,159.26,0.00137,,0,,,1.0,A,1000.0,,,0,,,,1,,,50,,,,,,,,,,,,,5,,,,,,,,,,,,,,,,2510171955,4
1f634d0600e8ef9268741fe5facb3c03,,Đỗ Xuân Hợp,10.8355189,106.7658175,10.8354781,106.7658807,0.008254,123.32,0.000104,,0,,,1.0,A,3000.0,,,0,,,3.0,3,,,50,secondary,asphalt,,,,,,,,,,,3545,,,,,,,,,,,,,,,,2510171955,4
a0616551a649b424c725bc667b4a8e72,,Cầu Thị Nghè 2,10.7875007,106.7093873,10.7876817,106.7096016,0.030824,49.31,0.000395,,0,,,1.0,A,3000.0,,,0,,,3.0,3,,,50,primary,asphalt,yes,,,yes,,,,yes,,,1337,,,,,,,,,,,,,,,,2510171955,4
077abce41d36295c50eedc27a6c8a57e,,Linh Đông,10.8415361,106.7438406,10.8415361,106.7438406,0.0,0.0,0.0,,0,,,1.0,A,2000.0,,,0,,,2.0,2,,50,50,primary,asphalt,yes,,,,,,,,,,16,,,,,,,,,,,,,,,,2510171955,4
f27d392adb5daeb407269666383bc04f,,Nguyễn Thông,10.781667,106.679297,10.7781284,106.6843698,0.678978,125.38,0.008611,,0,,,1.0,A,1000.0,,,0,,,,1,,,50,residential,,,,,,,,,,,,0,,,,,,,,,,,,,,,,2510171955,4
e553cd5c3a7edecf84a2689095a9f748,,Trần Huy Liệu,10.792161,106.6779981,10.794303,106.6778425,0.237544,355.92,0.002298,,0,,,1.0,A,1000.0,,,0,,,,1,,,50,,,,,,,,,,,,,2,,,,,,,,,,,,,,,,2510171955,4
176e65c0c1d48b75b07ce408c37d051b,,Nguyễn Ðình Chiểu,10.7851071,106.6963948,10.7704394,106.6824793,2.224533,222.98,0.028583,,0,,,1.0,A,1000.0,,,0,,,,1,,,50,,,,,,,,,,,,,849,,,,,,,,,,,,,,,,2510171955,4
c801fe90087f87f5259cf31d5c9b79fd,,Nguyễn Thông,10.7778272,106.6849154,10.7759864,106.6869946,0.305238,132.03,0.00392,,0,,,1.0,A,3000.0,,,0,,,3.0,3,,60,60,primary,asphalt,yes,,,,,,,,,,16,,,,,,,,,,,,,,,,2510171955,4
ffa8f888d5cc6bbe632951ae521c8a80,,Ấp Bắc,10.7997419,106.6413422,10.8000771,106.6415662,0.044439,33.28,0.000559,,0,,,1.0,A,1000.0,,,0,,,,1,,,50,residential,,,,,,,,,,,,15,,,,,,,,,,,,,,,,2510171955,4
63fae86ec55193cab7357c63f4f2845a,,Đặng Văn Ngữ,10.7937455,106.6690254,10.794193,106.6693074,0.058321,31.76,0.000729,,0,,,1.0,A,2000.0,,,0,,,2.0,2,,,50,secondary,asphalt,,,,,,,,,,,15,,,,,,,,,,,,,,,,2510171955,4
51174ce5c31c72f6ed8ac6e0e5920cca,,Nguyễn Thái Sơn,10.8145897,106.6790274,10.8177209,106.6814029,0.432945,36.69,0.005507,,0,,,1.0,A,1000.0,,,0,,,,1,,,50,residential,,,,,,,,,,,,626,,,,,,,,,,,,,,,,2510171955,4
7c3b51cee3a5d01b4520791f4e9bf61e,,Nguyễn Đình Chiểu,10.8033297,106.6789788,10.8034825,106.6796467,0.074971,76.89,0.000821,,0,,,1.0,A,1000.0,,,0,,,,1,,,50,,,,,,,,,,,,,949,,,,,,,,,,,,,,,,2510171955,4
268a920a92850452241197e08b870a5f,,Trần Hưng Ðạo,10.752179,106.6632877,10.7680299,106.6953474,3.920441,63.28,0.047911,,0,,,1.0,A,1000.0,,,0,,,,1,,,50,,,,,,,,,,,,,404,,,,,,,,,,,,,,,,2510171955,4
c612fb912413f6a5824321999feef6c6,,Trần Hưng Ðạo,10.7680299,106.6953474,10.7644448,106.692428,0.50913,218.66,0.006504,,0,,,1.0,A,3000.0,,,0,,,3.0,3,,,50,primary,asphalt,yes,,,,,,,,good,,16,,,,,,,,,,,,,,,,2510171955,4
363d1a8264d89a6d6301bf2c3e5dfd61,,Lê Duẩn,10.7857663,106.7035568,10.7803753,106.6984806,0.814741,222.77,0.010467,,0,,,1.0,A,1000.0,,,0,,,,1,,,50,service,,,,,,,,,,,,16,,,,,,,,,,,,,,,,2510171955,4
5f6dd0f6ed3ad6335017a9bc558f764d,,Nguyễn Thị Nghĩa,10.7701435,106.6940986,10.7693254,106.6945589,0.103554,151.07,0.001278,,0,,,1.0,A,2000.0,,,0,,,2.0,2,,,50,primary,asphalt,yes,,,,,,,,good,,1135,,,,,,,,,,,,,,,,2510171955,4
bbc9668a44f87c125ba8ae335da5cf53,,Bờ Bao Tân Thắng,10.8073924,106.6216983,10.8012197,106.6186403,0.760282,205.95,0.009231,,0,,,1.0,A,1000.0,,,0,,,,1,,,50,secondary,asphalt,yes,,,,,,,,,,25,,,,,,,,,,,,,,,,2510171955,4
477515b82122a24851cb9c5e7721ea60,,Cầu Văn Thánh 2,10.7894924,106.7121753,10.7892164,106.7138262,0.183113,99.66,0.001927,,0,,,1.0,A,1000.0,,,0,,,,1,,,50,,,,,,,,,,,,,9,,,,,,,,,,,,,,,,2510171955,4
778e46bf773be645c451e30b2f183933,,Lê Hồng Phong,10.765331,106.6752404,10.761133,106.676833,0.495949,159.56,0.005791,,0,,,1.0,A,1000.0,,,0,,,,1,,,50,,,,,,,,,,,,,12,,,,,,,,,,,,,,,,2510171955,4
8f74804e41a4d09c93121dec7f75639b,,Trần Minh Quyền,10.771263,106.6737333,10.770053,106.6752791,0.215631,128.55,0.002756,,0,,,1.0,A,1000.0,,,0,,,,1,,,50,service,concrete,,,,,,,,,,,14,,,,,,,,,,,,,,,,2510171955,4
697fbe7ce076a6f88372cf8346195822,,Bến Vân Đồn,10.7584116,106.6937223,10.7573004,106.6918919,0.234922,238.29,0.002942,,0,,,1.0,A,3000.0,,,0,,,3.0,3,,60,60,secondary,asphalt,yes,,,,,,,,,,15,,,,,,,,,,,,,,,,2510171955,4
373575dcf77c2630d31bc5f414d50560,,Cầu Vĩnh Bình,10.8684531,106.7160636,10.8684713,106.7161334,0.007893,75.13,8.8e-05,,0,,,1.0,A,3000.0,,,0,,,3.0,3,,,50,trunk,asphalt,yes,,QL.13,yes,,,,yes,,,12,,,,,,,,,,,,,,,,2510171955,4
e50efc6df4e60f7efd231b37a1f22a36,,Trần Hưng Ðạo,10.7520028,106.6580656,10.752179,106.6632877,0.571515,88.03,0.005398,,0,,,1.0,A,1000.0,,,0,,,,1,,,50,,,,,,,,,,,,,515,,,,,,,,,,,,,,,,2510171955,4
ddba054645927d488ac5ce38f7733b99,,Lê Hồng Phong,10.760492,106.6770991,10.7663147,106.6749228,0.686644,339.84,0.007999,,0,,,1.0,A,1000.0,,,0,,,,1,,,50,,,,,,,,,,,,,12,,,,,,,,,,,,,,,,2510171955,4
62835832e483076673d3f22b2e00fb89,,Kênh Nước Đen,10.7884223,106.6172503,10.7881979,106.6166971,0.065394,247.56,0.000778,,0,,,1.0,A,2000.0,,,0,,,2.0,2,,,50,secondary,asphalt,,,ĐH.3,,,,,,,,4,,,,,,,,,,,,,,,,2510171955,4
8f648cb615ed770cc3698809e27eafca,,Bến Hàm Tử,10.7494447,106.673072,10.7507824,106.6681836,0.554782,285.56,0.006226,,0,,,1.0,A,1000.0,,,0,,,,1,,,50,,,,,,,,,,,,,1065,,,,,,,,,,,,,,,,2510171955,4
d274d3a32a4801162874319ff8aafd61,,Trần Nam Trung,10.7085686,106.8191301,10.7065115,106.8236348,0.542783,114.93,0.006562,,0,,,1.0,A,1000.0,,,0,,,,1,,,50,tertiary,,,,,,,,,,,,27,,,,,,,,,,,,,,,,2510171955,4
c4453b9f2d10111b0d1b59fd270efc2d,,Cầu cụt,10.8552658,106.6556187,10.8551425,106.655734,0.018573,137.44,0.000239,,0,,,1.0,A,1000.0,,,0,,,,1,,,50,service,,,,,,,,,,,,0,,,,,,,,,,,,,,,,2510171955,4
9d240270dccd9ed708ab919407c8f804,,Trần Khắc Chân,10.7993219,106.6784691,10.8014439,106.6758626,0.369251,309.65,0.004728,,0,,,1.0,A,3000.0,,,0,,,3.0,3,,,50,primary,asphalt,yes,,,,,,,,,,5,,,,,,,,,,,,,,,,2510171955,4
19e455d9feca8246edf4ce3897d247ac,,Nguyễn Thị Nhỏ,10.7716614,106.6527803,10.753478,106.6507502,2.02354,186.26,0.020213,,0,,,1.0,A,1000.0,,,0,,,,1,,,50,,,,,,,,,,,,,12,,,,,,,,,,,,,,,,2510171955,4
1ef01f1af018ff06b9ba19eb43edf177,,Lê Hồng Phong,10.7663147,106.6749228,10.7654291,106.6752055,0.102723,162.59,0.001168,,0,,,1.0,A,1000.0,,,0,,,,1,,,50,service,concrete,,,,,,,,,,,7,,,,,,,,,,,,,,,,2510171955,4
32828727293ddce09fe8e662a3796bae,,Lê Khôi,10.7821969,106.6288442,10.779782,106.6280309,0.28154,198.31,0.003228,,0,,,1.0,A,1000.0,,,0,,,,1,,,50,,,,,,,,,,,,,15,,,,,,,,,,,,,,,,2510171955,4
99df86c7a8625aa398a1ea291a4256a0,,Bến Cát,10.7852199,106.6568031,10.7851391,106.6568613,0.010972,144.72,0.000139,,0,,,1.0,A,1000.0,,,0,,,,1,,,50,residential,asphalt,,,,,,,,,,,0,,,,,,,,,,,,,,,,2510171955,4
f7939d1b9ed82e65492cb98f57275439,,Trần Nhân Tôn,10.7633139,106.6746238,10.7664111,106.673962,0.350154,348.14,0.003759,,0,,,1.0,A,1000.0,,,0,,,,1,,,50,,,,,,,,,,,,,8,,,,,,,,,,,,,,,,2510171955,4
0cce889e4b92cd3c8337237e70ad81e9,,Lê Lai,10.7700912,106.6941287,10.76857,106.6902339,0.458009,248.32,0.005416,,0,,,1.0,A,1000.0,,,0,,,,1,,,50,,,,,,,,,,,,,1129,,,,,,,,,,,,,,,,2510171955,4
a979f06e9e1616639d2231bc358d4fa5,,Nguyễn Thị Nhỏ,10.7588735,106.6513792,10.7591706,106.6513758,0.032865,359.36,0.0003,,0,,,1.0,A,1000.0,,,0,,,,1,,,50,,,,,,,,,,,,,13,,,,,,,,,,,,,,,,2510171955,4
4b74658979eab14919bb70ba752ee66d,,Trần Não,10.7912282,106.730462,10.7916195,106.7303648,0.044569,346.29,0.000488,,0,,,1.0,A,1000.0,,,0,,,,1,,,50,residential,asphalt,,,,,,,,,,,13,,,,,,,,,,,,,,,,2510171955,4
0b6d77b829081eb6542188990f40a7c4,,Nguyễn Thị Thập,10.7406127,106.699903,10.7394635,106.7068498,0.770416,99.56,0.008096,,0,,,1.0,A,1000.0,,,0,,,,1,,,50,,,,,,,,,,,,,376,,,,,,,,,,,,,,,,2510171955,4
9a3b8820ef8cb5c724e73ac05d3b5ab8,,Cầu vượt Cây Gõ,10.7544547,106.6400826,10.7538631,106.6457375,0.621969,96.08,0.006246,,0,,,1.0,A,1000.0,,,0,,,1.0,1,,,50,primary,asphalt,yes,,,yes,,,,no,,,1295,,,,,,,,,,,,,,,,2510171955,4
7c70770083f1532697fa793c1e9247a0,,Lê Lợi,10.7722079,106.6990769,10.7732655,106.6999404,0.150348,38.73,0.001921,,0,,,1.0,A,2000.0,,,0,,,2.0,2,,,50,tertiary,asphalt,yes,,,,,,,,,,16,,,,,,,,,,,,,,,,2510171955,4
ae185ee676c6ee10a1f28a338e15dbca,,Cầu vượt Cộng Hòa - Hoàng Hoa Thám,10.8020955,106.6450548,10.8017925,106.6479549,0.318921,96.07,0.003203,,0,,,1.0,A,1000.0,,,0,,,,1,,,50,,,,,,,,,,,,,465,,,,,,,,,,,,,,,,2510171955,4
19159488838aabb5e7b22630b92d0b76,,Nguyễn Thị Thập,10.7394635,106.7068498,10.7399476,106.7035805,0.361591,278.57,0.003753,,0,,,1.0,A,1000.0,,,0,,,,1,,,50,,,,,,,,,,,,,13,,,,,,,,,,,,,,,,2510171955,4
22c329dbd6a83db5e3e11239d39db732,,Lê Minh Xuân,10.786231,106.651613,10.7874965,106.6560086,0.500692,73.66,0.005661,,0,,,1.0,A,1000.0,,,0,,,,1,,,50,secondary,,,,,,,,,,,,22,,,,,,,,,,,,,,,,2510171955,4
945f4133aaa997f4ea99a4b9f3d73e0b,,Lê Quang Sung,10.7510631,106.6528193,10.7510631,106.6528193,0.0,0.0,0.0,,0,,,1.0,A,1000.0,,,0,,,1.0,1,,,50,tertiary,asphalt,yes,,,,,,,,,,373,,,,,,,,,,,,,,,,2510171955,4
154a01acf0269ecc8c2f51c23dcb1755,,Nguyễn Thị Đặng,10.867202,106.6414169,10.8676811,106.6416344,0.058086,24.03,0.000697,,0,,,1.0,A,1000.0,,,0,,,,1,,,50,,,,,,,,,,,,,15,,,,,,,,,,,,,,,,2510171955,4
900ad9b82bb6e75e454ac498bc1e67e3,,Cầu vượt Lý Thái Tổ - Nguyễn Tri Phương,10.7666392,106.6652083,10.7692426,106.6699972,0.597716,61.04,0.007392,,0,,,1.0,A,1000.0,,,0,,,,1,,,50,residential,,,,,,,,,,,,705,,,,,,,,,,,,,,,,2510171955,4
7642b13b19d9c6929cf66e4bf469be97,,Lê Qúy Đôn,10.8832727,106.800583,10.8832727,106.800583,0.0,0.0,0.0,,0,,,1.0,A,1000.0,,,0,,,,1,,,50,,,,,,,,,,,,,1035,,,,,,,,,,,,,,,,2510171955,4
1c1d965a61b2f889efcf6b5c4df59502,,Cầu vượt Nguyễn Hữu Cảnh,10.7976427,106.7237951,10.7976579,106.7205235,0.357791,270.27,0.003287,,0,,,1.0,A,1000.0,,,0,,,,1,,,50,,,,,,,,,,,,,1951,,,,,,,,,,,,,,,,2510171955,4
3f02cf00511ed6d52873fdc68a0c1b27,,Nguyễn Thị Định,10.7636062,106.7826284,10.7581359,106.7889248,0.916729,131.49,0.011767,,0,,,1.0,A,1000.0,,,0,,,,1,,,50,,,,,,,,,,,,,16,,,,,,,,,,,,,,,,2510171955,4
b0166dc361a75fc95ddbe6d2e14328f3,,Trần Quý,10.7582245,106.6518136,10.7591573,106.6561005,0.4801,77.51,0.00522,,0,,,1.0,A,1000.0,,,0,,,,1,,,50,,,,,,,,,,,,,15,,,,,,,,,,,,,,,,2510171955,4
51e315913bf3e64b6750e535df7ea2f3,,Cầu vượt Ngã Tư Ga,10.8629755,106.6803378,10.8591758,106.6799122,0.422867,186.28,0.004225,,0,,,1.0,A,1000.0,,,0,,,,1,,,50,,,,,,,,,,,,,1137,,,,,,,,,,,,,,,,2510171955,4
53924faefb7652b3bdaf1cc16ed31414,,Nguyễn Tri Phương,10.7666599,106.6674092,10.7546206,106.6696106,1.353295,169.82,0.014241,,0,,,1.0,A,2000.0,,,0,,,2.0,2,,,50,primary,asphalt,yes,,,,,,,,,,13,,,,,,,,,,,,,,,,2510171955,4
b7e6bbf9dd14cbbb36a22cc440ce1698,,Trần Quốc Hoàn,10.8050283,106.6643387,10.8026411,106.6635788,0.276824,197.36,0.003147,,0,,,1.0,A,1000.0,,,0,,,,1,,,50,,,,,,,,,,,,,98,,,,,,,,,,,,,,,,2510171955,4
bbb7badb4cb5b83e958214bebd1cebc2,,Lê Tuấn Mậu,10.7490204,106.625679,10.7482606,106.6267106,0.140695,126.86,0.001791,,0,,,1.0,A,1000.0,,,0,,,,1,,,50,,,,,,,,,,,,,12,,,,,,,,,,,,,,,,2510171955,4
aa55d5db7a80a888fe5daa8bcf5af867,,Nguyễn Tri Phương,10.7546206,106.6696106,10.7522326,106.6695017,0.264412,182.57,0.002497,,0,,,1.0,A,2000.0,,,0,,,2.0,2,,60,60,primary,asphalt,yes,,,,,,,,,,13,,,,,,,,,,,,,,,,2510171955,4
8b7b56809af4395a2a2a9a0c41c89784,,Cầu vượt Ngã tư Gò Mây,10.819436,106.6017747,10.8133227,106.6004668,0.691173,191.87,0.007421,,0,,,1.0,A,2000.0,,,0,,,2.0,2,,,50,trunk,asphalt,yes,,QL.1,,,,,,,,659,,,,,,,,,,,,,,,,2510171955,4
2b84ee42684591b4fb0667a702b002f5,,Nguyễn Trãi,10.7710906,106.6929369,10.7532859,106.6628252,3.837373,238.96,0.047916,,0,,,1.0,A,1000.0,,,0,,,,1,,,50,service,,,,,,,,,,,,10,,,,,,,,,,,,,,,,2510171955,4
90498184b9db90ea772a2c8b99234878,,Lê Văn Khương,10.8619111,106.6498425,10.8621838,106.6494524,0.052241,305.44,0.000663,,0,,,1.0,A,1000.0,,,0,,,,1,,,50,,,,,,,,,,,,,795,,,,,,,,,,,,,,,,2510171955,4
8f2c1be608e8e397156a1ce1e53da194,,Lê Văn Lương,10.6893503,106.7024735,10.7410217,106.7037515,5.717221,1.39,0.052949,,0,,,1.0,A,1000.0,,,0,,,1.0,1,,,50,residential,metal,,,ĐT.826,yes,,,,,,,2032,,,,,,,,,,,,,,,,2510171955,4
a3bdd2a7c4c008f49e416ee5957c5044,,Cầu vượt Quang Trung,10.8502095,106.6314235,10.8509611,106.627222,0.466863,280.32,0.004953,,0,,,1.0,A,2000.0,,,0,,,2.0,2,,,50,primary,asphalt,yes,,,yes,,,,,,,1030,,,,,,,,,,,,,,,,2510171955,4
042d47f888a4c04594fb225b07cdf24f,,Trần Văn Giàu,10.7482734,106.5880278,10.7535831,106.5750441,1.536792,292.6,0.018293,,0,,,1.0,A,1000.0,,,0,,,,1,,,50,,,,,,,,,,,,,265,,,,,,,,,,,,,,,,2510171955,4
970b4ff86943d2ad35d2f49cddfe64e4,,Trần Văn Kiểu,10.7465385,106.6289013,10.7460179,106.6288456,0.057906,186.0,0.000576,,0,,,1.0,A,1000.0,,,0,,,,1,,,50,service,concrete,,,,,,,,,,,14,,,,,,,,,,,,,,,,2510171955,4
0b0a8e08ffa48b8dd690d2211a56eb23,,Lê Văn Ninh,10.8510377,106.7547163,10.8495638,106.7534794,0.211828,219.5,0.002711,,0,,,1.0,A,2000.0,,,0,,,2.0,2,,,50,secondary,asphalt,yes,,,,,,,,,,310,,,,,,,,,,,,,,,,2510171955,4
0227b4a3e4d032515da44a51acb1821b,,Nguyễn Trãi,10.7527545,106.6535477,10.7669665,106.6883289,4.116211,67.41,0.048993,,0,,,1.0,A,1000.0,,,0,,,,1,,,50,,,,,,,,,,,,,10,,,,,,,,,,,,,,,,2510171955,4
1ba26124e3c27b62dbde76e520784686,,Cầu vượt Thủ Thiêm,10.7890182,106.716779,10.7891973,106.7150911,0.185656,276.17,0.001867,,0,,,1.0,A,1000.0,,,0,,,,1,,,50,,,,,,,,,,,,,3382,,,,,,,,,,,,,,,,2510171955,4
a264b8cb890cb9e83830948e5a9a7670,,Trần Văn Mười,10.8496569,106.5879562,10.8777391,106.5913288,3.128088,6.73,0.031455,,0,,,1.0,A,1000.0,,,0,,,,1,,,50,tertiary,asphalt,,,,,,,,,,,433,,,,,,,,,,,,,,,,2510171955,4
2663bf870792abf3dde0cccf2e32b12a,,Nguyễn Trọng Trí,10.7407342,106.6176488,10.7406865,106.6175944,0.007953,228.25,0.000102,,0,,,1.0,A,1000.0,,,0,,,,1,,,50,service,asphalt,yes,,,,,,,,,,568,,,,,,,,,,,,,,,,2510171955,4
0da7a0c372bed2f60ce19a48bf5305e9,,Nguyễn Trọng Tuyển,10.7980849,106.6699079,10.7984011,106.6665835,0.365239,275.53,0.003641,,0,,,1.0,A,1000.0,,,0,,,,1,,,50,service,,,,,,,,,,,,0,,,,,,,,,,,,,,,,2510171955,4
cbb3cdb1ae52a7a0119f0ed40870900c,,Lê Văn Sỹ,10.7915356,106.67201,10.7962369,106.6656372,0.869576,306.91,0.011074,,0,,,1.0,A,2000.0,,,0,,,2.0,2,,,50,secondary,asphalt,,,,,,,,,,,0,,,,,,,,,,,,,,,,2510171955,4
e36b882b9c85d454a0300fea6df86f4e,,Nguyễn Tuyển,10.7833422,106.7653756,10.7836471,106.7652891,0.035028,344.43,0.000391,,0,,,1.0,A,1000.0,,,0,,,,1,,,50,residential,,,,,,,,,,,,13,,,,,,,,,,,,,,,,2510171955,4
d7d66ec780f7229fc42a104fb9a5fc8d,,Nguyễn Trọng Tuyển,10.7983381,106.6674578,10.7980849,106.6699079,0.269406,96.01,0.002703,,0,,,1.0,A,1000.0,,,0,,,,1,,,50,,,,,,,,,,,,,15,,,,,,,,,,,,,,,,2510171955,4
11cd545a14b3f700ac39c4d5a330f3fa,,Lê Đại Hành,10.7648499,106.6551501,10.7626323,106.6568351,0.306813,143.26,0.003903,,0,,,1.0,A,3000.0,,,0,,,3.0,3,,,50,secondary,asphalt,yes,,,,,,,,,,0,,,,,,,,,,,,,,,,2510171955,4
a179566adbd5698884012c45a0a01aee,,Trần Văn Trà,10.7230616,106.8257234,10.7256271,106.7236416,11.170113,271.47,0.104647,,0,,,1.0,A,2000.0,,,0,,,2.0,2,,50,50,primary,,,,ĐT.769B,,,,,,,,13,,,,,,,,,,,,,,,,2510171955,4
c694e7862fc1ac6adb6b4007bc39a2dc,,Nguyễn Bỉnh Khiêm,10.7886678,106.7034865,10.7918707,106.700004,0.520165,313.12,0.006685,,0,,,1.0,A,1000.0,,,0,,,,1,,,50,,,,,,,,,,,,,306,,,,,,,,,,,,,,,,2510171955,4
db64f28269cb08c2187871f04aa27ad4,,Cầu Ðiện Biên Phủ,10.7935904,106.7005728,10.7937716,106.70102,0.052855,67.58,0.000628,,0,,,1.0,A,1000.0,,,0,,,,1,,,50,tertiary,,no,,,,,,,,,,300,,,,,,,,,,,,,,,,2510171955,4
b7473290659e2e002152261485c82055,,Lê Văn Thọ,10.8365053,106.6583227,10.8364665,106.658324,0.004294,178.12,4e-05,,0,,,1.0,A,1000.0,,,0,,,,1,,,50,,,,,,,,,,,,,38,,,,,,,,,,,,,,,,2510171955,4
a5f843bbb7798d58c803e19aefd88c36,,Nguyễn Văn Bá,10.8415062,106.7687324,10.8496688,106.773359,1.034961,29.1,0.012789,,0,,,1.0,A,2000.0,,,0,,,2.0,2,,,50,secondary,asphalt,,,,,,,,,,,15,,,,,,,,,,,,,,,,2510171955,4
be2d989e54855044a68776ff4b143463,,Nguyễn Thượng Hiền,10.7770101,106.6820734,10.776852,106.6821788,0.020945,146.78,0.000264,,0,,,1.0,A,1000.0,,,0,,,,1,,,50,,,,,,,,,,,,,748,,,,,,,,,,,,,,,,2510171955,4
96aa53044924ad12b8cb081060a5ead3,,Nguyễn Văn Bá (nối dài),10.8565707,106.7843268,10.8603829,106.7908151,0.825289,59.11,0.0103,,0,,,1.0,A,1000.0,,,0,,,,1,,,50,,,,,,,,,,,,,12,,,,,,,,,,,,,,,,2510171955,4
b9346845b0f001277213d25f2c3c0a73,,Lãnh Binh Thăng,10.7622847,106.65559,10.7623992,106.6545324,0.116365,276.29,0.001172,,0,,,1.0,A,1000.0,,,0,,,,1,,,50,,,,,,,,,,,,,116,,,,,,,,,,,,,,,,2510171955,4
9724a40a02e52298459bb51cb91e8b7a,,Trần Hưng Ðạo,10.7529032,106.6714119,10.752615,106.6684652,0.323876,264.32,0.003235,,0,,,1.0,A,2000.0,,,0,,,2.0,2,,50,50,residential,asphalt,,,,,,,,,,,12,,,,,,,,,,,,,,,,2510171955,4
23c3b821848dd456f7eaf4509b567d43,,Nguyễn Văn Bá (nối dài),10.8603829,106.7908151,10.8599603,106.7901143,0.089758,238.45,0.001123,,0,,,1.0,A,1000.0,,,0,,,,1,,,50,,,,,,,,,,,,,2551,,,,,,,,,,,,,,,,2510171955,4
b5a62738d1aa1fb87e965e4b30a49172,,Trần Đại Nghĩa,10.8736394,106.7774485,10.7447939,106.5384069,29.773615,241.27,0.367887,,0,,,1.0,A,3000.0,,,0,,,3.0,3,,40,40,tertiary,asphalt,yes,,,,,,,,,,365,,,,,,,,,,,,,,,,2510171955,4
136a16e68a33440c5e2a4f5c988c22e7,,Cống Quỳnh,10.7635026,106.6905496,10.7666744,106.688366,0.424416,325.93,0.005355,,0,,,1.0,A,2000.0,,,0,,,2.0,2,,50,50,tertiary,asphalt,,,,,,,,,,,817,,,,,,,,,,,,,,,,2510171955,4
5833b78afc4a3468366345421f21beda,,Lê Đại Hành,10.7587163,106.6592488,10.766178,106.6543476,0.984168,327.17,0.012363,,0,,,1.0,A,1000.0,,,0,,,,1,,,50,,,,,,,,,,,,,15,,,,,,,,,,,,,,,,2510171955,4
afa8f615248c0900131651a2c05e12f2,,Trần Hữu Trang,10.7935553,106.6753149,10.7940624,106.673077,0.251089,282.99,0.002745,,0,,,1.0,A,1000.0,,,0,,,,1,,,50,,,,,,,,,,,,,8,,,,,,,,,,,,,,,,2510171955,4
686f25face0f632a5e8e1d1dcfaaa247,,Cộng Hòa,10.8073797,106.6348128,10.8009238,106.6600301,2.848698,104.61,0.031673,,0,,,1.0,A,1000.0,,,0,,,,1,,,50,primary,,yes,,,,,,,,,,0,,,,,,,,,,,,,,,,2510171955,4
03b477d928da55ca9ffa29542cabadf9,,Cộng Hòa,10.8009238,106.6600301,10.8016842,106.6509196,0.999869,274.86,0.009871,,0,,,1.0,A,1000.0,,,0,,,,1,,,50,tertiary,asphalt,,,,,,,,,,,13,,,,,,,,,,,,,,,,2510171955,4
9e87e65f14478d95d9cb204282304d19,,Nguyễn Thị Nhung,10.8433563,106.7054307,10.8435122,106.7057848,0.042386,65.85,0.00051,,0,,,1.0,A,1000.0,,,0,,,,1,,,50,residential,asphalt,,,,,,,,,,,170,,,,,,,,,,,,,,,,2510171955,4
f83d20d4d8ee9d902796d3da27d925da,,Cộng Hòa,10.8016842,106.6509196,10.8041993,106.6376734,1.475071,280.94,0.015761,,0,,,1.0,A,1000.0,,,0,,,,1,,,50,,,,,,,,,,,,,280,,,,,,,,,,,,,,,,2510171955,4
a17c6fe135ad61a9fc0b6afab1e722d1,,Nguyễn Văn Khối,10.8463002,106.6441247,10.8425938,106.6571611,1.483244,106.14,0.016743,,0,,,1.0,A,1000.0,,,0,,,,1,,,50,,,,,,,,,,,,,15,,,,,,,,,,,,,,,,2510171955,4
3d02b982334a09910b9e3f9b126003ec,,Tân Chánh Hiệp 2,10.870711,106.6364066,10.8741821,106.6306399,0.738205,301.51,0.009238,,0,,,1.0,A,1000.0,,,0,,,,1,,,50,,,,,,,,,,,,,3,,,,,,,,,,,,,,,,2510171955,4
75582636d5681a2d84e6e69f21705c17,,D1,10.8488982,106.8011838,10.8492092,106.8008695,0.048626,315.21,0.000625,,0,,,1.0,A,3000.0,,,0,,,3.0,3,,,50,primary,asphalt,yes,,,,,,,,,,1260,,,,,,,,,,,,,,,,2510171955,4
f2fbb2eef056e070163a8bae20780e93,,Lê Đức Thọ,10.8515063,106.6622383,10.8472382,106.6693689,0.911475,121.36,0.011399,,0,,,1.0,A,1000.0,,,0,,,,1,,,50,,,,,,,,,,,,,6,,,,,,,,,,,,,,,,2510171955,4
c826b42694022219b7f6b340639c0d06,,Nguyễn Văn Linh,10.7293691,106.7181438,10.7340089,106.7213386,0.620903,34.08,0.007835,,0,,,1.0,A,3000.0,,,0,,,3.0,3,,80,80,trunk,asphalt,yes,,,,,,,,,,15,,,,,,,,,,,,,,,,2510171955,4
820c45be40784a8caf2d13c653dfbc91,,Tân Chánh Hiệp 2,10.8745351,106.629111,10.8750882,106.6270618,0.232249,285.37,0.002602,,0,,,1.0,A,1000.0,,,0,,,,1,,,50,tertiary,,,,,,,,,,,,7,,,,,,,,,,,,,,,,2510171955,4
0c807e769efb4db2eee959f1506594be,,Thành Thái,10.7697668,106.6661869,10.7675961,106.6670725,0.258908,158.16,0.003056,,0,,,1.0,A,1000.0,,,0,,,,1,,,50,,,,,,,,,,,,,7,,,,,,,,,,,,,,,,2510171955,4
cbfe1ea941e24a51f694bcf52f0dd868,,Nguyễn Văn Linh,10.7290654,106.7123109,10.7287779,106.6949806,1.895962,269.03,0.017618,,0,,,1.0,A,1000.0,,,0,,,,1,,,50,,,,,,,,,,,,,1451,,,,,,,,,,,,,,,,2510171955,4
d2489e0a065608647f6a4b4866e80c03,,Nguyễn Văn Giai,10.7926284,106.697328,10.7930658,106.6974031,0.049074,9.57,0.000513,,0,,,1.0,A,2000.0,,,0,,,2.0,2,,,50,tertiary,,,,,,,,,,,,14,,,,,,,,,,,,,,,,2510171955,4
b27f4ea2c0973e77fb34bb8981236aee,,Cầu vượt Bình Phước,10.8653758,106.7238705,10.8648149,106.7227673,0.135642,242.63,0.001664,,0,,,1.0,A,2000.0,,,0,,,2.0,2,,,50,trunk,asphalt,yes,,QL.1,yes,,,,,,,7613,,,,,,,,,,,,,,,,2510171955,4
d69cf294f830fb191a1cc40998045761,,Lê Đức Thọ,10.8428373,106.6753185,10.8625349,106.6496727,3.55113,308.03,0.045343,,0,,,1.0,A,2000.0,,,0,,,2.0,2,,,50,tertiary,asphalt,,,,,,,,,,,0,,,,,,,,,,,,,,,,2510171955,4
1233bba5ca25d8e284fd778f04ef644a,,Nguyễn Văn Linh,10.7311956,106.7192028,10.7526944,106.7269803,2.52563,19.57,0.029276,,0,,,1.0,A,2000.0,,,0,,,2.0,2,,,50,residential,asphalt,,,,,,,,,,,550,,,,,,,,,,,,,,,,2510171955,4
c764260e90f919a5a15ba1beb0484381,,Nguyễn Thị Tần,10.7492439,106.6845345,10.7486955,106.6848291,0.068688,152.18,0.000843,,0,,,1.0,A,1000.0,,,0,,,1.0,1,,,50,secondary,asphalt,yes,,,yes,,,,,,,5,,,,,,,,,,,,,,,,2510171955,4
930d3617a3ab7b584b0405b337222571,,Lê Đức Thọ,10.8385342,106.680097,10.8404489,106.6787279,0.25936,324.92,0.003284,,0,,,1.0,A,1000.0,,,0,,,,1,,,50,,,,,,,,,,,,,14,,,,,,,,,,,,,,,,2510171955,4
905aca3e6f949415084ac2a36c5c2447,,Nguyễn Văn Luông,10.7357509,106.6337889,10.7485677,106.6353149,1.427495,6.67,0.014343,,0,,,1.0,A,2000.0,,,0,,,2.0,2,,,50,secondary,asphalt,yes,,,,,,,,,,10,,,,,,,,,,,,,,,,2510171955,4
230d72783739bbc4f3373fe7746b7652,,Tân Hoà Đông,10.7542847,106.6342541,10.7560579,106.6326357,0.264206,318.12,0.003392,,0,,,1.0,A,3000.0,,,0,,,3.0,3,,,50,primary,asphalt,yes,,,,,,,,,,735,,,,,,,,,,,,,,,,2510171955,4
498a0fb95fa87cb3899ad58b8109fc9e,,Dương Thị Mười,10.8703305,106.6368278,10.8704226,106.6368738,0.011361,26.13,0.000138,,0,,,1.0,A,1000.0,,,0,,,,1,,,50,tertiary,,,,,,,,,,,,22,,,,,,,,,,,,,,,,2510171955,4
bfa0cc6491ea7a10d4e693c672c4a592,,Trần Phú,10.7529727,106.668592,10.7626244,106.6790625,1.565664,46.82,0.020122,,0,,,1.0,A,3000.0,,,0,,,3.0,3,,,50,primary,asphalt,yes,,,,,,,,,,349,,,,,,,,,,,,,,,,2510171955,4
2599c94869c5b3c7e0bfb6e807ce8110,,Lý Chiêu Hoàng,10.7359493,106.6337742,10.7359829,106.633682,0.010748,290.35,0.000126,,0,,,1.0,A,1000.0,,,0,,,,1,,,50,,,,,,,,,,,,,13,,,,,,,,,,,,,,,,2510171955,4
cec90236b5428cc561e75a4e2a5ae632,,Dường An Phú,10.83809,106.6900349,10.852303,106.6820873,1.796347,331.23,0.022161,,0,,,1.0,A,1000.0,,,0,,,,1,,,50,,,,,,,,,,,,,26,,,,,,,,,,,,,,,,2510171955,4
413e109f5978d8f37bd40bd818e0401a,,Trần Quốc Thảo,10.7815324,106.6881451,10.7799599,106.689846,0.254675,133.26,0.003273,,0,,,1.0,A,2000.0,,,0,,,2.0,2,,,50,secondary,asphalt,,,,,,,,,,,0,,,,,,,,,,,,,,,,2510171955,4
08548f32e9cf934f62b6185f8b6b5ace,,Lý Chính Thắng,10.7792426,106.6820441,10.788335,106.6850959,1.059674,18.25,0.012144,,0,,,1.0,A,1000.0,,,0,,,,1,,,50,service,,,,,,,,,,,,15,,,,,,,,,,,,,,,,2510171955,4
e10b662685d4fcf7bb61628a4071aeee,,Nguyễn Văn Nghi,10.8214371,106.6887972,10.8238312,106.6869947,0.330122,323.52,0.004197,,0,,,1.0,A,1000.0,,,0,,,,1,,,50,,,,,,,,,,,,,2,,,,,,,,,,,,,,,,2510171955,4
cb19f4ec4fb65fd0ede65fb5ba4bb487,,Lý Chính Thắng,10.788335,106.6850959,10.7885356,106.6851801,0.024024,22.41,0.000285,,0,,,1.0,A,3000.0,,,0,,,3.0,3,,60,60,tertiary,asphalt,yes,,,,,,,,,,15,,,,,,,,,,,,,,,,2510171955,4
25257d8d791a2837985f008f621b90cc,,Nguyễn Văn Quá,10.8261451,106.6265884,10.8264064,106.6266087,0.028988,4.36,0.000282,,0,,,1.0,A,2000.0,,,0,,,2.0,2,,,50,residential,asphalt,,,,,,,,,,,13,,,,,,,,,,,,,,,,2510171955,4
5d212d7c449189e142f8a351a928feed,,Nguyễn Trãi,10.7548304,106.6708395,10.7562318,106.6758517,0.569712,74.11,0.006414,,0,,,1.0,A,1000.0,,,0,,,,1,,,50,,,,,,,,,,,,,12,,,,,,,,,,,,,,,,2510171955,4
f09e9c5468720a5fd76e0bf91db34785,,Nguyễn Trãi,10.7532859,106.6628252,10.7548304,106.6708395,0.893074,78.9,0.009559,,0,,,1.0,A,1000.0,,,0,,,,1,,,50,residential,,,,,,,,,,,,0,,,,,,,,,,,,,,,,2510171955,4
f3bd3e0952b04e44f2390f3158e257d0,,Lê Văn Sỹ,10.7970292,106.6645994,10.7889674,106.675853,1.519834,126.1,0.019315,,0,,,1.0,A,1000.0,,,0,,,,1,,,50,residential,,,,,,,,,,,,11,,,,,,,,,,,,,,,,2510171955,4
6a45776a0cbbd487c673a10dbb3910df,,Lê Văn Quới,10.7735866,106.6215672,10.7762952,106.6093332,1.371161,282.7,0.014943,,0,,,1.0,A,1000.0,,,0,,,,1,,,50,,,,,,,,,,,,,27,,,,,,,,,,,,,,,,2510171955,4
7d37add08c105b05319c0a817946b108,,Lý Thái Tổ,10.7677425,106.6740246,10.7669304,106.6770101,0.338662,105.48,0.003798,,0,,,1.0,A,2000.0,,,0,,,2.0,2,,,50,primary,asphalt,yes,,,,,,,,,,203,,,,,,,,,,,,,,,,2510171955,4
f1f6c3a4d7c5ef9e6d1116e1e7fb2619,,Lý Thái Tổ,10.7669304,106.6770101,10.7461614,106.7956925,13.182754,100.09,0.139451,,0,,,1.0,A,1000.0,,,0,,,,1,,,50,service,,,,,,,,,,,,7,,,,,,,,,,,,,,,,2510171955,4
a7e8464abc9a8b7fa8ccfdb1d8c3e6bd,,Lý Thái Tổ,10.7461614,106.7956925,10.7443127,106.8027109,0.794444,105.01,0.008867,,0,,,1.0,A,2000.0,,,0,,,2.0,2,,,50,primary,,,,ĐT.769B,,,,,,,,8,,,,,,,,,,,,,,,,2510171955,4
5c102b63aa90f2eef5df4b938729914d,,Tân Phú,10.7336193,106.7236203,10.7336036,106.7238132,0.021172,94.74,0.000209,,0,,,1.0,A,2000.0,,,0,,,2.0,2,,60,60,primary_link,asphalt,yes,,,,,,,,,,1623,,,,,,,,,,,,,,,,2510171955,4
33659cfa335ae26ebb27ec2d943d073d,,Nguyễn Văn Trỗi,10.7985035,106.6707041,10.7941581,106.6777789,0.91086,122.02,0.01142,,0,,,1.0,A,1000.0,,,0,,,,1,,,50,residential,,,,,,,,,,,,4,,,,,,,,,,,,,,,,2510171955,4
e81c34176304c25be82ac6ec6b99009f,,Lý Thái Tổ,10.7438421,106.8044591,10.7376092,106.8141974,1.268844,123.08,0.015971,,0,,,1.0,A,1000.0,,,0,,,,1,,,50,,,,,,,,,,,,,8,,,,,,,,,,,,,,,,2510171955,4
6d1a4cbf6463ccfce9b2fabea5d09793,,Trần Xuân Soạn,10.7512278,106.6919615,10.7504862,106.6880473,0.435916,259.08,0.004656,,0,,,1.0,A,2000.0,,,0,,,2.0,2,,,50,secondary,asphalt,,,,,,,,,,,12,,,,,,,,,,,,,,,,2510171955,4
47d57b8fa5d938cb21fb54105483948a,,Lê Văn Tách,10.8761169,106.7542735,10.8783778,106.7609261,0.769139,70.91,0.008914,,0,,,1.0,A,1000.0,,,0,,,,1,,,50,,,,,,,,,,,,,2453,,,,,,,,,,,,,,,,2510171955,4
e2b4b00d3773011513d292061d5b72f2,,Hiền Vương,10.7817224,106.6249308,10.7821668,106.6241211,0.101283,299.19,0.001254,,0,,,1.0,A,1000.0,,,0,,,,1,,,50,,,,,,,,,,,,,19,,,,,,,,,,,,,,,,2510171955,4
2e7b0341cc7b2135881d31cacb53f4b1,,Lý Thái Tổ,10.7677321,106.6723696,10.7676423,106.6741538,0.195395,92.93,0.001874,,0,,,1.0,A,1000.0,,,0,,,,1,,,50,,,,,,,,,,,,,10,,,,,,,,,,,,,,,,2510171955,4
76d257dff89a82782840eb9afab70069,,Tây Thạnh,10.810356,106.620154,10.813438,106.6228898,0.453571,41.09,0.005818,,0,,,1.0,A,1000.0,,,0,,,,1,,,50,tertiary,,yes,,,,,,,,,,16,,,,,,,,,,,,,,,,2510171955,4
5d32a1ba4488a059cc3625a11957843c,,Nguyễn Ðình Chiểu,10.7924028,106.7031476,10.7851071,106.6963948,1.093919,222.28,0.014049,,0,,,1.0,A,1000.0,,,0,,,,1,,,50,,,,,,,,,,,,,8,,,,,,,,,,,,,,,,2510171955,4
5d8686b2d447843e68030c5cda6fa2e2,,Lý Thường Kiệt,10.7757808,106.6565902,10.7677013,106.6588507,0.927265,164.63,0.01034,,0,,,1.0,A,1000.0,,,0,,,,1,,,50,residential,,,,,,,,,,,,10,,,,,,,,,,,,,,,,2510171955,4
eb7db68e1472770b808a2181c54828b9,,Tên Lửa,10.7384659,106.6149043,10.7379148,106.6147828,0.062391,192.22,0.000673,,0,,,1.0,A,1000.0,,,0,,,,1,,,50,,,,,,,,,,,,,812,,,,,,,,,,,,,,,,2510171955,4
ab5324396a6dc13b932dac13aac14dac,,Hoà Hưng,10.7780404,106.6712231,10.7800043,106.676489,0.615529,69.21,0.00723,,0,,,1.0,A,1000.0,,,0,,,,1,,,50,service,,,,,,,,,,,,14,,,,,,,,,,,,,,,,2510171955,4
2602b0b1802d1ab2478d50934c97a0b5,,Lý Thường Kiệt,10.7677013,106.6588507,10.7592404,106.6612178,0.971036,164.63,0.010828,,0,,,1.0,A,1000.0,,,0,,,,1,,,50,,,,,,,,,,,,,7,,,,,,,,,,,,,,,,2510171955,4
2455f4a20916171bdbe19dbb45a76fd7,,Tô Hiến Thành,10.7736176,106.6614007,10.7768372,106.664107,0.463073,39.55,0.005926,,0,,,1.0,A,1000.0,,,0,,,,1,,,50,,,,,,,,,,,,,15,,,,,,,,,,,,,,,,2510171955,4
3a1aa87c6bcdaad34a529936ba1386ac,,Hoàng Hoa Thám,10.797138,106.6470466,10.8031077,106.6923844,5.001944,82.36,0.051307,,0,,,1.0,A,1000.0,,,0,,,,1,,,50,,,,,,,,,,,,,11,,,,,,,,,,,,,,,,2510171956,4
84422c631f5384d4e096f96f186a2a7d,,Lý Thường Kiệt,10.765485,106.6595662,10.7738791,106.6572154,0.963438,344.62,0.010745,,0,,,1.0,A,1000.0,,,0,,,,1,,,50,,,,,,,,,,,,,18,,,,,,,,,,,,,,,,2510171956,4
59648d6ae288eb33a93f20c1d4f3eeb7,,Nguyễn Đình Chính,10.7956505,106.6755726,10.7949615,106.6778016,0.255404,107.47,0.002918,,0,,,1.0,A,1000.0,,,0,,,,1,,,50,,,,,,,,,,,,,15,,,,,,,,,,,,,,,,2510171956,4
5656bf2ba7f66aa64aec7a8b486ebab9,,Lý Thường Kiệt,10.7738791,106.6572154,10.7820115,106.6549226,0.933847,344.52,0.010425,,0,,,1.0,A,1000.0,,,0,,,,1,,,50,,,,,,,,,,,,,8,,,,,,,,,,,,,,,,2510171956,4
cfc1d8a13eb70ffc6d5cf19f6e2839df,,Tô Hiến Thành,10.7797849,106.6679193,10.7825973,106.6716762,0.515364,52.69,0.006569,,0,,,1.0,A,1000.0,,,0,,,,1,,,50,,,,,,,,,,,,,13,,,,,,,,,,,,,,,,2510171956,4
d7312f3cc8ef732b0ce454135f4a3d5e,,Hoàng Diệu,10.7596225,106.6985617,10.7597771,106.6987767,0.029076,53.8,0.00037,,0,,,1.0,A,1000.0,,,0,,,,1,,,50,,,,,,,,,,,,,15,,,,,,,,,,,,,,,,2510171956,4
d18072f177d6608c95ab07b28340de09,,Lý Thường Kiệt,10.7820115,106.6549226,10.7887464,106.6529164,0.776607,343.69,0.008741,,0,,,1.0,A,2000.0,,,0,,,2.0,2,,,50,primary,asphalt,yes,,,,,,,,,,7,,,,,,,,,,,,,,,,2510171956,4
c95548f592ae75b176d1b311b379afb2,,Tô Ký,10.8876775,106.6024445,10.8527736,106.6262305,4.655054,146.21,0.05869,,0,,,1.0,A,2000.0,,,0,,,2.0,2,,,50,primary,asphalt,yes,,ĐT.15,,,,,,,,35,,,,,,,,,,,,,,,,2510171956,4
f3bad4165c5bafb5cf3faa190886fe6d,,Nguyễn Đức Thuận,10.8073545,106.6403983,10.8072353,106.6404336,0.013739,163.78,0.000154,,0,,,1.0,A,1000.0,,,0,,,,1,,,50,residential,,,,,,,,,,,,7,,,,,,,,,,,,,,,,2510171956,4
76ad16bdde3e94469382285b76b17a4b,,Lý Thường Kiệt,10.7887464,106.6529164,10.7805208,106.6552592,0.945249,164.37,0.010568,,0,,,1.0,A,1000.0,,,0,,,,1,,,50,residential,,,,,,,,,,,,8,,,,,,,,,,,,,,,,2510171956,4
d8349d793ce057e9513fe728531c4b46,,Hoàng Văn Thụ,10.800283,106.6668173,10.7932413,106.6535674,1.64511,241.59,0.020292,,0,,,1.0,A,1000.0,,,0,,,,1,,,50,,,,,,,,,,,,,14,,,,,,,,,,,,,,,,2510171956,4
fabc03cf85b90641ee6d5b2fa3381963,,Ngã Bảy Lý Thái Tổ,10.7679102,106.6744532,10.7679102,106.6744532,0.0,0.0,0.0,,0,,,1.0,A,1000.0,,,0,,,,1,,,50,,,,,,,,,,,,,188,,,,,,,,,,,,,,,,2510171956,4
0b82b4afd40f0bef656c72b9d0ee6272,,Tô Ký,10.8658854,106.6160443,10.8599399,106.61763,0.680124,165.32,0.007531,,0,,,1.0,A,2000.0,,,0,,,2.0,2,,,50,primary,,,,ĐT.15,,,,,,,,6,,,,,,,,,,,,,,,,2510171956,4
04edd61439bdc3ac6e47a41f3a4f9295,,Hoàng Văn Thụ,10.7932413,106.6535674,10.8002745,106.666894,1.65206,61.75,0.02036,,0,,,1.0,A,1000.0,,,0,,,,1,,,50,,,,,,,,,,,,,16,,,,,,,,,,,,,,,,2510171956,4
f38b112f44d0cd8e293122b52eb6c5dd,,Hoàng Văn Thụ,10.8002745,106.666894,10.7999007,106.6717039,0.527636,94.52,0.005184,,0,,,1.0,A,1000.0,,,0,,,,1,,60,60,primary_link,asphalt,yes,,,,,,,,,,16,,,,,,,,,,,,,,,,2510171956,4
98c9357b3e508c6dca3ff35cc3c350f2,,Lý Tự Trọng,10.7779424,106.7010583,10.7818664,106.7046426,0.584864,41.9,0.007508,,0,,,1.0,A,3000.0,,,0,,,3.0,3,,,50,tertiary,asphalt,yes,,,,,,,,,,681,,,,,,,,,,,,,,,,2510171956,4
264c6430eac425d239acf26cf6d07120,,Tô Ngọc Vân,10.8537487,106.7511235,10.8620076,106.6713827,8.766555,276.03,0.088,,0,,,1.0,A,1000.0,,,0,,,,1,,,50,residential,,,,,,,,,,,,2312,,,,,,,,,,,,,,,,2510171956,4
f5cdb1dc0b32588465f04fff9d92924a,,Hoàng Văn Thụ,10.7999559,106.6710835,10.8002636,106.6676731,0.374513,275.25,0.003718,,0,,,1.0,A,1000.0,,,0,,,,1,,,50,,,,,,,,,,,,,13,,,,,,,,,,,,,,,,2510171956,4
8e91f098c9fc9b9ce3b48432b280fa2e,,Lăng Cha Cả,10.8006191,106.6610875,10.8003982,106.6611458,0.025253,165.47,0.000279,,0,,,1.0,A,1000.0,,,0,,,,1,,,50,,,,,,,,,,,,,812,,,,,,,,,,,,,,,,2510171956,4
c06a1b8efc6200d0966ed39c3cdeef25,,Tôn Thất Hiệp,10.7657693,106.6544961,10.7626655,106.6522037,0.425128,215.96,0.005396,,0,,,1.0,A,2000.0,,,0,,,2.0,2,,,50,tertiary,asphalt,,,,,,,,,,,6,,,,,,,,,,,,,,,,2510171956,4
5cfc596b6c752d76fc5c86c8835bccab,,Huỳnh Mẫn Đạt,10.7518689,106.6773307,10.758139,106.6757437,0.714946,346.04,0.007857,,0,,,1.0,A,2000.0,,,0,,,2.0,2,,50,50,tertiary,asphalt,,,,,,,,,,,16,,,,,,,,,,,,,,,,2510171956,4
ffa3d90b524c18e1e40617da660bcc89,,Cầu Số 7,10.7879997,106.6710981,10.7880524,106.6711168,0.006178,19.22,7.1e-05,,0,,,1.0,A,1000.0,,,0,,,,1,,,50,,,,,,,,,,,,,0,,,,,,,,,,,,,,,,2510171956,4
2016fae29720e80048b5a8d7ea8a84a8,,Tân Vĩnh,10.7564549,106.7023549,10.757461,106.7015563,0.141473,322.05,0.001805,,0,,,1.0,A,2000.0,,,0,,,2.0,2,,,50,tertiary,asphalt,no,,,,,,,,,,16,,,,,,,,,,,,,,,,2510171956,4
ec236910415bc7dd690175f42168ccbf,,Lưu Hữu Phước,10.7232019,106.6337729,10.7231437,106.6337903,0.006713,163.63,7.6e-05,,0,,,1.0,A,2000.0,,,0,,,2.0,2,,,50,tertiary,asphalt,,,,,,,,,,,1,,,,,,,,,,,,,,,,2510171956,4
1df6c841bf4cb79d26287950faef5c2b,,Nguyễn Đức Cảnh,10.7283976,106.7085848,10.7285196,106.7085817,0.013499,358.57,0.000125,,0,,,1.0,A,4000.0,,,0,,,4.0,4,,,50,secondary,asphalt,,,,,,,,,,,24,,,,,,,,,,,,,,,,2510171956,4
46fc423d727b252cc98937db8a8b6798,,Lý Thường Kiệt,10.7592404,106.6612178,10.7571594,106.6618976,0.241896,162.21,0.002761,,0,,,1.0,A,2000.0,,,0,,,2.0,2,,,50,residential,asphalt,,,,,,,,,,,0,,,,,,,,,,,,,,,,2510171956,4
cc6058562b9c182d7aa85fc32dad136f,,Tô Hiệu,10.7723432,106.6271541,10.7732289,106.6274402,0.102846,17.61,0.001172,,0,,,1.0,A,2000.0,,,0,,,2.0,2,,,50,tertiary,asphalt,,,,,,,,,,,11,,,,,,,,,,,,,,,,2510171956,4
945aec7de09c136c6cd74a84b5782d39,,Hoàng Sa,10.7931923,106.659131,10.792888,106.7005738,4.532438,90.42,0.041747,,0,,,1.0,A,1000.0,,,0,,,,1,,,50,tertiary,,,,,,,,,,,,0,,,,,,,,,,,,,,,,2510171956,4
87a568c59b758b2db8be0f3b70a3324d,,Lạc Long Quân,10.7662165,106.6422433,10.761987,106.642118,0.468038,181.67,0.004355,,0,,,1.0,A,2000.0,,,0,,,2.0,2,,,50,secondary,asphalt,,,,,,,,,,,10,,,,,,,,,,,,,,,,2510171956,4
85e4979960e7c7c1b78ee51016b220a5,,Huỳnh Văn Bánh,10.7958652,106.681914,10.7918192,106.6716163,1.211852,248.2,0.014344,,0,,,1.0,A,1000.0,,,0,,,,1,,,50,,,,,,,,,,,,,0,,,,,,,,,,,,,,,,2510171956,4
6ea26a0d225cc1f578e7874119074860,,Tùng Thiện Vương,10.7463121,106.6599822,10.7463656,106.6600922,0.013408,63.66,0.000163,,0,,,1.0,A,1000.0,,,0,,,,1,,,50,,,,,,,,,,,,,15,,,,,,,,,,,,,,,,2510171956,4
cb3ca5162f6044dfe35dae776e26addb,,Hà Huy Giáp,10.8706967,106.6769479,10.8846445,106.6812882,1.614149,16.99,0.018288,,0,,,1.0,A,2000.0,,,0,,,2.0,2,,,50,primary,,,,,,,,,,,,10,,,,,,,,,,,,,,,,2510171956,4
123d955f1fd12028d868417cb9998484,,Ngô Gia Tự,10.7598159,106.6687226,10.7669024,106.6738588,0.964373,35.45,0.012223,,0,,,1.0,A,1000.0,,,0,,,,1,,,50,,,,,,,,,,,,,110,,,,,,,,,,,,,,,,2510171956,4
8c8a5499ecc899d953ab6c1c66a1dab9,,Tú Xương,10.7807024,106.6863035,10.782002,106.6876354,0.204655,45.19,0.002632,,0,,,1.0,A,1000.0,,,0,,,,1,,,50,,,,,,,,,,,,,16,,,,,,,,,,,,,,,,2510171956,4
9bce5e8ee12dbc9b81fc6e256bd0b118,,Ngô Gia Tự,10.7669024,106.6738588,10.7671362,106.6740191,0.031244,33.96,0.000394,,0,,,1.0,A,2000.0,,,0,,,2.0,2,,50,50,tertiary,asphalt,,,,,,,,,,,11,,,,,,,,,,,,,,,,2510171956,4
03a9e6e61eb7dc11d5441a13e7065432,,Tăng Nhơn Phú,10.8342567,106.7813494,10.827184,106.7687697,1.582491,240.21,0.019652,,0,,,1.0,A,1000.0,,,0,,,,1,,,50,,,,,,,,,,,,,15,,,,,,,,,,,,,,,,2510171956,4
af1638d7752e8b881830970c73587a23,,Hoàng Minh Giám,10.8123044,106.6768879,10.80837,106.6736261,0.5627,219.16,0.007196,,0,,,1.0,A,1000.0,,,0,,,,1,,,50,,,,,,,,,,,,,16,,,,,,,,,,,,,,,,2510171956,4
06024a91e4cbfb9e2a00efbe60407906,,Lạc Long Quân,10.767159,106.6426234,10.7742613,106.6477025,0.962168,35.09,0.012181,,0,,,1.0,A,2000.0,,,0,,,2.0,2,,,50,secondary,asphalt,yes,,,,,,,,,,15,,,,,,,,,,,,,,,,2510171956,4
4ff07a09ef09e659f1c634d7433f9bf1,,Tạ Uyên,10.7556925,106.6537349,10.754424,106.6537781,0.140392,178.08,0.001312,,0,,,1.0,A,2000.0,,,0,,,2.0,2,,,50,tertiary,asphalt,,,,,,,,,,,15,,,,,,,,,,,,,,,,2510171956,4
03a32720a21696ddc4450a75c1855641,,Lạc Long Quân,10.769814,106.6444321,10.7666571,106.6423879,0.414637,212.46,0.005201,,0,,,1.0,A,1000.0,,,0,,,,1,,50,50,residential,asphalt,,,,,,,,,,,664,,,,,,,,,,,,,,,,2510171956,4
b0f68ccf4a60e5a333d65ef16200c09e,,Hàn Hải Nguyên,10.7582635,106.6457587,10.7580428,106.648904,0.344884,94.09,0.003366,,0,,,1.0,A,2000.0,,,0,,,2.0,2,,,50,residential,asphalt,,,,,,,,,,,11,,,,,,,,,,,,,,,,2510171956,4
60823706c378f8042fc9c5041b936b84,,Lữ Gia,10.7711526,106.6529443,10.7705227,106.6571756,0.467998,98.62,0.004861,,0,,,1.0,A,1000.0,,,0,,,,1,,,50,,,,,,,,,,,,,11,,,,,,,,,,,,,,,,2510171956,4
463837a37b7889b8a27a02938ccee6d3,,Hòa Bình,10.7695756,106.6353005,10.7723027,106.6257843,1.083629,286.26,0.012243,,0,,,1.0,A,2000.0,,,0,,,2.0,2,,50,50,tertiary,asphalt,yes,,,,,,,,,,12,,,,,,,,,,,,,,,,2510171956,4
d8fd416a649dbd26f73250e13f1b7328,,Hòa Bình,10.7728903,106.6238934,10.7731687,106.6229767,0.104882,287.18,0.001195,,0,,,1.0,A,1000.0,,,0,,,,1,,,50,,,,,,,,,,,,,7,,,,,,,,,,,,,,,,2510171956,4
6dafc06acc66da4a12960ed2fcd60b6d,,Tỉnh lộ 43,10.8770572,106.7319907,10.8772691,106.7319664,0.023589,353.57,0.000236,,0,,,1.0,A,1000.0,,,0,,,,1,,,50,secondary,,,,ĐT.43,,,,,,,,10,,,,,,,,,,,,,,,,2510171956,4
1460ffb54a4898ecb221ae04c69097bb,,Ngô Quyền,10.752477,106.6667664,10.7517792,106.6668579,0.077832,172.66,0.000789,,0,,,1.0,A,2000.0,,,0,,,2.0,2,,50,50,tertiary,asphalt,,,,,,,,,,,466,,,,,,,,,,,,,,,,2510171956,4
cbf7984140cf5a47b500189d41e6a2c4,,Lữ Gia,10.7705044,106.6572944,10.7711526,106.6529443,0.481147,278.63,0.004998,,0,,,1.0,A,2000.0,,,0,,,2.0,2,,,50,secondary,asphalt,,,,,,,,,,,9,,,,,,,,,,,,,,,,2510171956,4
a69ac5661bf7c46f54054a7e97a9c640,,Tống Văn Trân,10.7719941,106.6411857,10.769814,106.6444321,0.42921,124.36,0.005427,,0,,,1.0,A,1000.0,,,0,,,,1,,,50,residential,asphalt,,,,,,,,,,,0,,,,,,,,,,,,,,,,2510171956,4
cdeed7be06733b87b81c81d61e056740,,Hòa Hảo,10.761856,106.66843,10.761856,106.66843,0.0,0.0,0.0,,0,,,1.0,A,1000.0,,,0,,,,1,,,50,,,,,,,,,,,,,13,,,,,,,,,,,,,,,,2510171956,4
bf64507eb413033795fc8727fd6f6d34,,Ngô Tất Tố,10.7918618,106.7139268,10.7924353,106.7127835,0.140207,297.05,0.001717,,0,,,1.0,A,1000.0,,,0,,,,1,,,50,,,,,,,,,,,,,0,,,,,,,,,,,,,,,,2510171956,4
a354da459413cc117dd993c476b53db2,,Nhánh A1,10.7932441,106.7532978,10.7926709,106.7524658,0.110902,234.96,0.001405,,0,,,1.0,A,1000.0,,,0,,,,1,,,50,,,,,,,,,,,,,960,,,,,,,,,,,,,,,,2510171956,4
35bd388c4c5d180e6304bb827612154f,,Ung Văn Khiêm,10.8070705,106.7184953,10.8069599,106.7190173,0.058381,102.17,0.000633,,0,,,1.0,A,2000.0,,,0,,,2.0,2,,50,50,secondary,paved,yes,,,,,,,,,,8,,,,,,,,,,,,,,,,2510171956,4
1fb9c9a180180aeee163ef5ba2f67729,,Hùng Vương,10.7581844,106.6702787,10.7562461,106.666373,0.477974,243.2,0.005844,,0,,,1.0,A,1000.0,,,0,,,,1,,,50,,,,,,,,,,,,,897,,,,,,,,,,,,,,,,2510171956,4
d6b8f09cbdb2633014691a86e7ad5c65,,Vĩnh Hội,10.7557367,106.7008649,10.7558499,106.7009702,0.017013,42.42,0.000219,,0,,,1.0,A,2000.0,,,0,,,2.0,2,,,50,tertiary,asphalt,no,,,,,,,,,,14,,,,,,,,,,,,,,,,2510171956,4
ce594929665cfa4da77b08cbace9a6ae,,Ni Sư Huỳnh Liên,10.782654,106.6494573,10.7821504,106.6497547,0.064505,149.88,0.000801,,0,,,1.0,A,1000.0,,,0,,,,1,,,50,,,,,,,,,,,,,6,,,,,,,,,,,,,,,,2510171956,4
d7a7550d4921fe13dd28d6c466df0475,,Vân Côi,10.7883735,106.6565352,10.7877277,106.6560806,0.087032,214.66,0.0011,,0,,,1.0,A,1000.0,,,0,,,,1,,,50,residential,,,,,,,,,,,,0,,,,,,,,,,,,,,,,2510171956,4
9a1a3b5edeb34ad1ae2d0b1740da455b,,Phó Ðức Chính,10.7707145,106.6991208,10.7676642,106.7010097,0.395628,148.69,0.004939,,0,,,1.0,A,1000.0,,,0,,,,1,,,50,residential,asphalt,,,,,,,,,,,16,,,,,,,,,,,,,,,,2510171956,4
0bd4180d287a829fb83c5c2fd9e73b87,,Hưng Nhơn,10.7159649,106.5856745,10.7117174,106.5985988,1.489831,108.49,0.017172,,0,,,1.0,A,1000.0,,,0,,,,1,,,50,,,,,,,,,,,,,11,,,,,,,,,,,,,,,,2510171956,4
6aa6fd37562921a2408c2a7be27f2fef,,Nhánh B1,10.7923857,106.7519936,10.7926848,106.7536837,0.187772,79.79,0.001989,,0,,,1.0,A,1000.0,,,0,,,,1,,,50,,,,,,,,,,,,,0,,,,,,,,,,,,,,,,2510171956,4
0a443a9e6c28959b2d0b9a264f9217b9,,Hưng Phú,10.7461296,106.6682445,10.7462542,106.6689261,0.075817,79.46,0.000806,,0,,,1.0,A,1000.0,,,0,,,,1,,,50,,,,,,,,,,,,,14,,,,,,,,,,,,,,,,2510171956,4
133a9f961e68422879b2f232c1e2bce5,,Mai xuân Thưởng,10.7512719,106.6476989,10.7512316,106.6476921,0.004519,189.41,4.7e-05,,0,,,1.0,A,1000.0,,,0,,,,1,,,50,,,,,,,,,,,,,12,,,,,,,,,,,,,,,,2510171956,4
c182fc0e10dbac715c00b92ce423a21c,,Tháp Mười,10.7497109,106.6494313,10.7507545,106.6545334,0.569874,78.24,0.006146,,0,,,1.0,A,1000.0,,,0,,,,1,,,50,,,,,,,,,,,,,12,,,,,,,,,,,,,,,,2510171956,4
123b363bd3d1692d5c305eebf7b6ea82,,Vòng xoay Dương Bá Trạc,10.7388523,106.6893329,10.738675,106.6895522,0.030984,129.45,0.000397,,0,,,1.0,A,1000.0,,,0,,,,1,,,50,,,,,,,,,,,,,103,,,,,,,,,,,,,,,,2510171956,4
111232965838e5858be71036527344fe,,Ngã tư An Sương,10.8428093,106.6150302,10.8429984,106.6152871,0.035023,53.15,0.000446,,0,,,1.0,A,1000.0,,,0,,,,1,,,50,,,,,,,,,,,,,189,,,,,,,,,,,,,,,,2510171956,4
a58e07d18315aac3e74d827d93e44442,,Mai Chí Thọ,10.7948062,106.7522864,10.7882091,106.7505717,0.753437,194.32,0.008312,,0,,,1.0,A,3000.0,,,0,,,3.0,3,,60,60,primary,asphalt,yes,,,,,,,,,,13,,,,,,,,,,,,,,,,2510171956,4
4573b15a03dc948f50764e0d55cec537,,Hoàng Sĩ Khải,10.7390302,106.64357,10.7384808,106.6427235,0.110754,236.55,0.001396,,0,,,1.0,A,2000.0,,,0,,,2.0,2,,,50,tertiary,asphalt,,,,,,,,,,,15,,,,,,,,,,,,,,,,2510171956,4
f633bf06989ace67548c52bce7130e95,,Nơ Trang Long,10.8112469,106.6954833,10.8252639,106.706678,1.975495,38.11,0.025212,,0,,,1.0,A,1000.0,,,0,,,,1,,,50,,,,,,,,,,,,,17,,,,,,,,,,,,,,,,2510171956,4
c53e64beb6af8275a56b2b4a30d6f9f4,,cầu vượt,10.8146011,106.6790072,10.8157766,106.6800056,0.169785,39.84,0.002174,,0,,,1.0,A,1000.0,,,0,,,,1,,,50,,,,,,,,,,,,,8,,,,,,,,,,,,,,,,2510171956,4
5a7a6e6e530db33e7a015db8d90117ac,,Âu Cơ,10.7745839,106.6479407,10.7762937,106.6468632,0.222837,328.24,0.002787,,0,,,1.0,A,1000.0,,,0,,,,1,,,50,,,,,,,,,,,,,712,,,,,,,,,,,,,,,,2510171956,4
23b2f235a90abe1a200e390bb787a70d,,Pasteur,10.7732727,106.7014834,10.7778266,106.6988251,0.581604,330.17,0.007212,,0,,,1.0,A,1000.0,,,0,,,,1,,,50,,,,,,,,,,,,,680,,,,,,,,,,,,,,,,2510171956,4
f2f81afbd87997f065cf79da637f73d2,,Vòng xoay Lạc Long Quân,10.7669732,106.6423452,10.7669707,106.6423817,0.004002,93.99,3.9e-05,,0,,,1.0,A,1000.0,,,0,,,,1,,,50,,,,,,,,,,,,,207,,,,,,,,,,,,,,,,2510171956,4
18fcbaee075713c5fc7d919b31f78ea7,,Pasteur,10.7778266,106.6988251,10.7743326,106.7010371,0.455956,148.12,0.005706,,0,,,1.0,A,1000.0,,,0,,,,1,,,50,,,,,,,,,,,,,603,,,,,,,,,,,,,,,,2510171956,4
272dda626d6da8bee948148f3575bac1,,Vòng xoay Mũi Tàu,10.745645,106.6236611,10.7456047,106.6236292,0.005661,217.87,7.2e-05,,0,,,1.0,A,2000.0,,,0,,,2.0,2,,,50,secondary,asphalt,,,,,,,,,,,118,,,,,,,,,,,,,,,,2510171956,4
5d54589ad95a4a6319292c8de7625272,,Pham Ngũ Lão,10.8207556,106.6832697,10.8251544,106.6808708,0.552776,331.82,0.006798,,0,,,1.0,A,2000.0,,,0,,,2.0,2,,,50,primary,asphalt,yes,,,,,,,,,,6,,,,,,,,,,,,,,,,2510171956,4
b450ce12f0106fd3cf9fbefc7c6c31a7,,Vòng xoay Ngã Sáu Gò Vấp,10.8263771,106.6800231,10.8265667,106.6798028,0.03194,311.23,0.00041,,0,,,1.0,A,1000.0,,,0,,,,1,,,50,,,,,,,,,,,,,1013,,,,,,,,,,,,,,,,2510171956,4
b07cddff21e96635b34fd7221a0b4c62,,Hồng Bàng,10.7550108,106.6603376,10.7534697,106.6530134,0.819036,257.91,0.008865,,0,,,1.0,A,1000.0,,,0,,,,1,,,50,,,,,,,,,,,,,734,,,,,,,,,,,,,,,,2510171956,4
4adadefb2f494e815b54b8b48c9e86cf,,Phan Thúc Duyện,10.8052601,106.6589142,10.8026411,106.6635788,0.586637,119.75,0.007284,,0,,,1.0,A,1000.0,,,0,,,,1,,,50,,,,,,,,,,,,,518,,,,,,,,,,,,,,,,2510171956,4
f51fd8888a8024569847fb00b50eb16b,,Vòng xoay Ngã Sáu Nguyễ Thái Sơn,10.8143542,106.6786185,10.8140447,106.6785004,0.03659,200.55,0.000428,,0,,,1.0,A,1000.0,,,0,,,,1,,,50,residential,,,,,,,,,,,,2179,,,,,,,,,,,,,,,,2510171956,4
8606fcfa7637f55b9401a94f1745d159,,Phạm Văn Đồng,10.8398287,106.7394746,10.8251409,106.710872,3.524458,242.4,0.04329,,0,,,1.0,A,1000.0,,,0,,,,1,,,50,,,,,,,,,,,,,2712,,,,,,,,,,,,,,,,2510171956,4
5f662f25fd725bdeb66d40dda83905f0,,Võ Chí Công,10.7655125,106.770577,10.7588708,106.7634266,1.073012,226.61,0.013792,,0,,,1.0,A,2000.0,,,0,,,2.0,2,,90,90,trunk,asphalt,yes,,,,,,,,,,2205,,,,,,,,,,,,,,,,2510171956,4
47755a5540608c72dd864459c6c3a6d7,,Phan Văn Đáng,10.7468469,106.7929002,10.7471454,106.7931437,0.042421,38.71,0.000542,,0,,,1.0,A,2000.0,,,0,,,2.0,2,,,50,primary,,,,ĐT.769B,,,,,,,,14,,,,,,,,,,,,,,,,2510171956,4
c6bdbee9943288bb1b2bcb5ad94530c5,,Võ Hữu Lợi,10.7495136,106.5406398,10.749453,106.540609,0.007502,206.53,9.1e-05,,0,,,1.0,A,1000.0,,,0,,,,1,,,50,,,,,,,,,,,,,14,,,,,,,,,,,,,,,,2510171956,4
d1d0298f9bbffc8d2c987d94ff5eddcd,,Phan Đình Phùng,10.7942586,106.6839488,10.7991177,106.6803031,0.669214,323.61,0.008505,,0,,,1.0,A,1000.0,,,0,,,,1,,,50,,,,,,,,,,,,,0,,,,,,,,,,,,,,,,2510171956,4
eaba44a5e58b2b3e5c467575c9db0f61,,Võ Văn Kiệt,10.7169989,106.59955,10.7687081,106.7032148,12.699899,63.07,0.155374,,0,,,1.0,A,1000.0,,,0,,,,1,,,50,,,,,,,,,,,,,2734,,,,,,,,,,,,,,,,2510171956,4
70c4bc5a0849c2df4cb224daea730d5a,,Vòng xoay An Lạc,10.7237483,106.6010824,10.7238063,106.6010908,0.006481,8.1,6.6e-05,,0,,,1.0,A,1000.0,,,0,,,,1,,,50,,,,,,,,,,,,,193,,,,,,,,,,,,,,,,2510171956,4
4d8509b103f3eae0d50bec454bd6d193,,Hương Lộ 2,10.7735855,106.6211738,10.773618,106.6212579,0.009876,68.53,0.000117,,0,,,1.0,A,1000.0,,,0,,,,1,,,50,,,,,,,,,,,,,60,,,,,,,,,,,,,,,,2510171956,4
9cbf1e164603f71238f32a5f3d55a429,,Vòng xoay Mỹ Thủy,10.7697992,106.7748933,10.7698665,106.7748651,0.008058,337.63,9.6e-05,,0,,,1.0,A,1000.0,,,0,,,,1,,,50,,,,,,,,,,,,,2151,,,,,,,,,,,,,,,,2510171956,4
8eadd9c93eee0f384dceac1a31c39d35,,Võ Văn Ngân,10.8497041,106.7710929,10.8496933,106.7715732,0.052531,91.31,0.000491,,0,,,1.0,A,1000.0,,,0,,,,1,,,50,,,,,,,,,,,,,0,,,,,,,,,,,,,,,,2510171956,4
297a5d1464ab34331df3247aed652926,,Phạm Văn Đồng,10.8163711,106.6833531,10.8384481,106.7354087,6.194018,66.64,0.074133,,0,,,1.0,A,1000.0,,,0,,,,1,,,50,,,,,,,,,,,,,354,,,,,,,,,,,,,,,,2510171956,4
1071730efa20526feed9f75c8a65e075,,Võ Văn Vân,10.8114752,106.5789943,10.8112677,106.578982,0.022992,183.33,0.00022,,0,,,1.0,A,1000.0,,,0,,,,1,,,50,residential,,,,,,,,,,,,13,,,,,,,,,,,,,,,,2510171956,4
45b1b3b95545b4b05224dd0d92480fd6,,Phan Văn Đối,10.8296291,106.5950621,10.8295371,106.5949971,0.012413,214.76,0.000157,,0,,,1.0,A,1000.0,,,0,,,,1,,,50,secondary,,,,,,,,,,,,13,,,,,,,,,,,,,,,,2510171956,4
8e795d3fc416bd5da0d94ed82fc0ed5a,,Vĩnh Lộc,10.8125836,106.5775667,10.812224,106.577018,0.07199,236.29,0.000908,,0,,,1.0,A,1000.0,,,0,,,,1,,,50,,,,,,,,,,,,,12,,,,,,,,,,,,,,,,2510171956,4
c7e8f053575a31e8be6d29c76e300110,,Vĩnh Phú,10.8838911,106.7070109,10.8701485,106.7005955,1.674141,204.63,0.020158,,0,,,1.0,A,1000.0,,,0,,,,1,,,50,residential,asphalt,,,,,,,,,,,36,,,,,,,,,,,,,,,,2510171956,4
cb8f17d21348ad140c8a6868fb442f2f,,Phạm Văn Đồng,10.818071,106.6867094,10.823167,106.7030896,1.877826,72.42,0.021476,,0,,,1.0,A,1000.0,,,0,,,,1,,,50,,,,,,,,,,,,,15,,,,,,,,,,,,,,,,2510171956,4
b0f230622eb457f811a1e34934e66c5a,,Vĩnh Phú 14,10.8683289,106.706146,10.868702,106.7062328,0.042347,12.87,0.00046,,0,,,1.0,A,1000.0,,,0,,,,1,,,50,residential,asphalt,,,,,,,,,,,11,,,,,,,,,,,,,,,,2510171956,4
54b9591a7bccbe1918a73af3b9e8bba7,,Phạm Văn Đồng,10.8233047,106.7053644,10.8408851,106.7435101,4.60222,64.86,0.055726,,0,,,1.0,A,1000.0,,,0,,,,1,,,50,service,,,,,,,,,,,,948,,,,,,,,,,,,,,,,2510171956,4
3569d379d4fd684d7643c11f1ab33a61,,Vũ Huy Tấn,10.7959469,106.6927346,10.7956893,106.6961219,0.371536,94.43,0.003645,,0,,,1.0,A,1000.0,,,0,,,,1,,,50,residential,,,,,,,,,,,,10,,,,,,,,,,,,,,,,2510171956,4
2c9483f432b8e6ee5257e25203c3c2d2,,Phan Đăng Lưu,10.8039468,106.6857885,10.8037891,106.687792,0.219794,94.58,0.002161,,0,,,1.0,A,1000.0,,,0,,,,1,,,50,,,,,,,,,,,,,11,,,,,,,,,,,,,,,,2510171956,4
f4ccbc6cb56968e5336eefd9f1c336a0,,Vườn Lài,10.7880016,106.6313252,10.844574,106.6935088,9.241173,47.19,0.118756,,0,,,1.0,A,1000.0,,,0,,,,1,,,50,tertiary,asphalt,,,,,,,,,,,10,,,,,,,,,,,,,,,,2510171956,4
2c13b08f45398838cbdc9f0c9a8d89e2,,Vạn Kiếp,10.7504541,106.6597273,10.7502217,106.659871,0.030131,148.72,0.000376,,0,,,1.0,A,1000.0,,,0,,,,1,,,50,,,,,,,,,,,,,1333,,,,,,,,,,,,,,,,2510171956,4
30552af3a2fe8d6f783d9772e098f6ee,,Võ Văn Kiệt,10.7186024,106.6036625,10.7581329,106.6915488,10.560967,65.39,0.127417,,0,,,1.0,A,1000.0,,,0,,,,1,,,50,,,,,,,,,,,,,2777,,,,,,,,,,,,,,,,2510171956,4
87328aa0d1502a69d45f20b00705382d,,Phú Hữu,10.7535742,106.6537519,10.7510733,106.6533152,0.280725,189.73,0.002938,,0,,,1.0,A,1000.0,,,0,,,,1,,,50,,,,,,,,,,,,,0,,,,,,,,,,,,,,,,2510171956,4
f2dd968dccdffe416043c7e3d2612396,,Phú Thuận,10.729784,106.729495,10.729912,106.7298359,0.039887,69.09,0.000469,,0,,,1.0,A,1000.0,,,0,,,,1,,,50,,,,,,,,,,,,,125,,,,,,,,,,,,,,,,2510171956,4
a51528395d31c090fff4145cdd95a9a5,,Phú Thọ,10.7589846,106.641575,10.7589257,106.641586,0.006625,169.6,7e-05,,0,,,1.0,A,2000.0,,,0,,,2.0,2,,,50,secondary,asphalt,,,,,,,,,,,14,,,,,,,,,,,,,,,,2510171956,4
7314504505522c43b155196888038a82,,Xa Lộ Hà Nội,10.8310841,106.7636119,10.8167282,106.757767,1.711758,201.8,0.020201,,0,,,1.0,A,1000.0,,,0,,,,1,,,50,,,,,,,,,,,,,15,,,,,,,,,,,,,,,,2510171956,4
d5b497bab56ca0e0253e044357385973,,Xa Lộ Hà Nội,10.8025311,106.74573,10.817913,106.7579707,2.164895,38.01,0.027623,,0,,,1.0,A,1000.0,,,0,,,,1,,,50,,,,,,,,,,,,,762,,,,,,,,,,,,,,,,2510171956,4
a25f900e1dba4811f5b92c475d1c7569,,Phường 3,10.8146655,106.6786944,10.8120867,106.6767178,0.357896,216.98,0.004555,,0,,,1.0,A,1000.0,,,0,,,,1,,,50,,,,,,,,,,,,,2185,,,,,,,,,,,,,,,,2510171956,4
480a0e0e52205bfda6d7d387473038fc,,Phường An Bình,10.8753861,106.7588382,10.8750874,106.7505911,0.902287,267.89,0.008546,,0,,,1.0,A,1000.0,,,0,,,,1,,,50,,,,,,,,,,,,,2454,,,,,,,,,,,,,,,,2510171956,4
b46fd97e3b4d293a43801eae18df099d,,Xa Lộ Hà Nội,10.8020857,106.7438001,10.8006952,106.7363742,0.826534,259.21,0.008816,,0,,,1.0,A,2000.0,,,0,,,2.0,2,,60,60,trunk,asphalt,yes,,,,,,no,,,,4138,,,,,,,,,,,,,,,,2510171956,4
544c407a0eec14b0791ae6bd5c0310bd,,Phường An Phú Đông,10.8391657,106.6996423,10.8340778,106.6938042,0.851036,228.42,0.010926,,0,,,1.0,A,1000.0,,,0,,,,1,,,50,,,,,,,,,,,,,5,,,,,,,,,,,,,,,,2510171956,4
de5324453bfbe514a3a5401164d9b6d7,,Phường An Phú Đông,10.8643469,106.6941172,10.8519273,106.6913666,1.406313,192.27,0.01517,,0,,,1.0,A,1000.0,,,0,,,,1,,,50,,,,,,,,,,,,,15,,,,,,,,,,,,,,,,2510171956,4
4ff1c86146a8f15a787642fe50ee30d5,,Xa Lộ Hà Nội,10.8006952,106.7363742,10.8336803,106.7646754,4.78439,40.12,0.061286,,0,,,1.0,A,1000.0,,,0,,,,1,,,50,residential,asphalt,,,,,,,no,,,,973,,,,,,,,,,,,,,,,2510171956,4
146e2d73d85a20c3f88e069c1a0eb3c8,,Phường An Phú Đông,10.8521558,106.6874451,10.8523365,106.7000553,1.378965,89.16,0.012791,,0,,,1.0,A,1000.0,,,0,,,,1,,,50,residential,unpaved,,,,,,,,,,,0,,,,,,,,,,,,,,,,2510171956,4
77d3bced82cef96b7453fb9575be6339,,Xa Lộ Hà Nội,10.8030754,106.7498148,10.8084947,106.7555087,0.864328,45.9,0.011113,,0,,,1.0,A,1000.0,,,0,,,,1,,,50,,,,,,,,,,,,,14,,,,,,,,,,,,,,,,2510171956,4
2db3c07cc93b9ea59e7913ba397c756b,,Xa Lộ Hà Nội,10.8594106,106.7904411,10.8581937,106.7878367,0.314974,244.56,0.003821,,0,,,1.0,A,1000.0,,,0,,,,1,,,50,,,,,,,,,,,,,15,,,,,,,,,,,,,,,,2510171956,4
5ca5ace82973143bf368482396401d12,,Phường Bình Thắng,10.8853354,106.8049329,10.8852651,106.8048936,0.008884,208.77,0.00011,,0,,,1.0,A,1000.0,,,0,,,,1,,,50,,,,,,,,,,,,,0,,,,,,,,,,,,,,,,2510171956,4
2750d3a201062d7deb2e154049891644,,Xa Lộ Hà Nội,10.8084947,106.7555087,10.8458797,106.7715847,4.493425,22.9,0.053461,,0,,,1.0,A,3000.0,,,0,,,3.0,3,,80,80,trunk,asphalt,yes,,,,,,no,,,,1650,,,,,,,,,,,,,,,,2510171956,4
9a4bdd7e2e9674279af5d086d2f1ef93,,Phường Bến Nghé,10.780376,106.6984933,10.7803753,106.6984806,0.001391,266.79,1.3e-05,,0,,,1.0,A,1000.0,,,0,,,,1,,,50,,,,,,,,,,,,,538,,,,,,,,,,,,,,,,2510171956,4
88f2dd0897210dc36331d0bc9bf31947,,Xa Lộ Hà Nội,10.8581167,106.7877131,10.8685319,106.804085,2.128751,57.06,0.026787,,0,,,1.0,A,1000.0,,,0,,,,1,,,50,,,,,,,,,,,,,718,,,,,,,,,,,,,,,,2510171956,4
8ebff75d9a1d162d3efa2f2d4cabcf25,,Phường Bến Thành,10.7713876,106.6930624,10.7715326,106.6933233,0.032734,60.5,0.000406,,0,,,1.0,A,1000.0,,,0,,,,1,,,50,,,,,,,,,,,,,306,,,,,,,,,,,,,,,,2510171956,4
846241f3681f2e83fdbfd0503d1f4547,,Phạm Văn Đồng,10.8218467,106.6992827,10.8173044,106.6849075,1.650321,252.17,0.018918,,0,,,1.0,A,1000.0,,,0,,,,1,,,50,,,,,,,,,,,,,13,,,,,,,,,,,,,,,,2510171956,4
969830c68d13ebb9e778fa22de3c6db3,,Phường Bình Hưng Hòa B,10.8045394,106.5779904,10.785662,106.5934583,2.687313,141.17,0.034345,,0,,,1.0,A,1000.0,,,0,,,,1,,,50,residential,,,,,,,,,,,,13,,,,,,,,,,,,,,,,2510171956,4
5f213b42de4f362898af7ede80ac28ef,,Phường Cát Lái,10.7581824,106.7888166,10.7581122,106.7889037,0.01229,129.37,0.000157,,0,,,1.0,A,1000.0,,,0,,,,1,,,50,,,,,,,,,,,,,2,,,,,,,,,,,,,,,,2510171956,4
7963462bfce8608c85ce6fc58d6db1bb,,Võ Văn Tần,10.782412,106.6956364,10.7746152,106.6884994,1.163211,221.96,0.014934,,0,,,1.0,A,1000.0,,,0,,,,1,,,50,,,,,,,,,,,,,0,,,,,,,,,,,,,,,,2510171956,4
0239f300f8d0fef3e5e31b4a2bc3b676,,Xa lộ Hà Nội,10.8045382,106.7521024,10.8454687,106.7714892,4.999223,24.95,0.060317,,0,,,1.0,A,1000.0,,,0,,,,1,,,50,,,,,,,,,,,,,1649,,,,,,,,,,,,,,,,2510171956,4
033c171ecff68464c518dc3afc93f707,,Phường Linh Xuân,10.8708535,106.7757156,10.8728261,106.7669177,0.986351,282.86,0.010771,,0,,,1.0,A,1000.0,,,0,,,,1,,,50,,,,,,,,,,,,,458,,,,,,,,,,,,,,,,2510171956,4
69eca4cae67ba3461db78de85af8da4d,,Phường Linh Trung,10.8724231,106.7673863,10.867122,106.8026394,3.898754,98.7,0.040554,,0,,,1.0,A,1000.0,,,0,,,,1,,,50,residential,asphalt,yes,,,,,,,,,,372,,,,,,,,,,,,,,,,2510171956,4
c2fce3720560919f0edc308e66c79f50,,Phó Cơ Điều,10.7575292,106.657093,10.758013,106.6571078,0.053539,1.72,0.000499,,0,,,1.0,A,2000.0,,,0,,,2.0,2,,,50,tertiary,asphalt,yes,,,,,,,,,,0,,,,,,,,,,,,,,,,2510171956,4
f1f8a3020a67de846fb9e86ae878e8ee,,Phường Linh Đông,10.8413507,106.7438935,10.8408414,106.7442274,0.067132,147.22,0.000843,,0,,,1.0,A,2000.0,,,0,,,2.0,2,,50,50,primary,asphalt,yes,,,,,,,,,,1955,,,,,,,,,,,,,,,,2510171956,4
f2c0d4bbdbacabe475e4ee39adfc39cc,,Phường Nguyễn Cư Trinh,10.7642694,106.6907611,10.7642807,106.690743,0.002341,302.44,2.9e-05,,0,,,1.0,A,1000.0,,,0,,,,1,,,50,,,,,,,,,,,,,48,,,,,,,,,,,,,,,,2510171956,4
9466c59bdc04c79d545fe919b56a8142,,Xuân Thới Sơn 21,10.8668839,106.597713,10.8668923,106.5977254,0.001644,55.4,2.1e-05,,0,,,1.0,A,1000.0,,,0,,,,1,,,50,,,,,,,,,,,,,13,,,,,,,,,,,,,,,,2510171956,4
2947ef039af0171030113c413b81cd0b,,Phường Phú Thuận,10.7192661,106.7432344,10.7199382,106.7432765,0.074485,3.52,0.000714,,0,,,1.0,A,1000.0,,,0,,,,1,,,50,tertiary,,,,,yes,,,,,,,11,,,,,,,,,,,,,,,,2510171956,4
e59398367b5e8a7e0db0c709f85a2c9d,,Phường Sơn Kỳ,10.8013922,106.6190596,10.8013405,106.6190675,0.005784,171.46,6e-05,,0,,,1.0,A,1000.0,,,0,,,,1,,,50,,,,,,,,,,,,,103,,,,,,,,,,,,,,,,2510171956,4
4f59a582beebb746b7d50caf04dd2313,,Đường Long Thuận,10.8119329,106.8596808,10.8119103,106.8596881,0.002624,162.4,3e-05,,0,,,1.0,A,1000.0,,,0,,,,1,,,50,,,,,,,,,,,,,13,,,,,,,,,,,,,,,,2510171956,4
2b1fb9e1bc5fa7b343da8b13cf3429fd,,Phường Hiệp Bình Chánh,10.8260009,106.7145095,10.8374007,106.7326691,2.352275,57.41,0.029559,,0,,,1.0,A,3000.0,,,0,,,3.0,3,,,50,trunk,asphalt,yes,,QL.13,,,,,yes,,,871,,,,,,,,,,,,,,,,2510171956,4
1c221f6e40451be98217be4aea879576,,Xã Tân Thới Nhì,10.8598764,106.6039116,10.8590069,106.6045252,0.117267,145.28,0.001483,,0,,,1.0,A,2000.0,,,0,,,2.0,2,,,50,trunk,asphalt,yes,,QL.22,,,,,yes,,,1265,,,,,,,,,,,,,,,,2510171956,4
ecf695bbcf2f116ccdbb9fc7593cf055,,Xã Bà Điểm,10.8426751,106.6148154,10.8425774,106.6147804,0.011465,199.38,0.000133,,0,,,1.0,A,2000.0,,,0,,,2.0,2,,60,60,trunk,asphalt,yes,,QL.1,yes,,,,yes,,,1356,,,,,,,,,,,,,,,,2510171956,4
05c137fe6c30f85f4f01fbd41b8e0694,,Xã Tân Xuân,10.8746132,106.6085312,10.8748532,106.6088444,0.043329,52.04,0.000553,,0,,,1.0,A,1000.0,,,0,,,,1,,,50,residential,,,,,,,,,,,,18,,,,,,,,,,,,,,,,2510171956,4
c3486a5672e29a8d91a857f094df9b58,,Xã Vĩnh Lộc B,10.7888288,106.5759596,10.7800867,106.5682102,1.285833,221.05,0.016492,,0,,,1.0,A,1000.0,,,0,,,,1,,,50,residential,,,,,,,,,,,,12,,,,,,,,,,,,,,,,2510171956,4
d453936536487135042d948c2ef78def,,X2,10.7933726,106.755623,10.7935165,106.7559349,0.037641,64.84,0.000456,,0,,,1.0,A,1000.0,,,0,,,,1,,,50,service,,,,,,,,,,,,14,,,,,,,,,,,,,,,,2510171956,4
45643833053c624086021bbba2dde705,,Phường Tân Phú,10.870652,106.8069619,10.7158518,106.7295974,19.099234,206.16,0.232165,,0,,,1.0,A,1000.0,,,0,,,,1,,,50,residential,,,,,,,,,,,,15,,,,,,,,,,,,,,,,2510171956,4
f926068beb9a7c651b071ac2c93118d9,,Xa Lộ Hà Nội,10.8043176,106.7516401,10.8603257,106.7918394,7.596298,35.18,0.096207,,0,,,1.0,A,1000.0,,,0,,,,1,,,50,,,,,,,,,,,,,1640,,,,,,,,,,,,,,,,2510171956,4
6c2131839fa7dc52268cedddcb93f7cb,,cầu Rạch Ông,10.7507792,106.6892692,10.7507855,106.6893325,0.006959,84.22,7e-05,,0,,,1.0,A,1000.0,,,0,,,,1,,,50,,,,,,,,,,,,,12,,,,,,,,,,,,,,,,2510171956,4
59511979ee7eb2dd5299ab6a5484d985,,Phường Tân Thới Nhất,10.8423995,106.6156611,10.842552,106.6155929,0.018443,336.29,0.000221,,0,,,1.0,A,2000.0,,,0,,,2.0,2,,60,60,trunk,asphalt,yes,,QL.1,yes,,,,yes,,,22,,,,,,,,,,,,,,,,2510171956,4
0f0dcc16edd30788f7360e9790b36781,,Phường Đông Hòa,10.8762972,106.8030852,10.8674881,106.7842783,2.275435,244.5,0.027616,,0,,,1.0,A,1000.0,,,0,,,,1,,,50,,,,,,,,,,,,,5,,,,,,,,,,,,,,,,2510171956,4
230102be62b945b3185f1c627a0c862c,,vòng xoay Thái Bình,10.7667749,106.6882291,10.7667953,106.6882753,0.005534,65.8,6.7e-05,,0,,,1.0,A,2000.0,,,0,,,2.0,2,,50,50,secondary,asphalt,no,,,,,,,,,,60,,,,,,,,,,,,,,,,2510171956,4
966e74ba8bac07af8b625e406f86ea8b,,Phường Đông Hưng Thuận,10.8502828,106.6308139,10.850249,106.6309142,0.011587,108.94,0.000134,,0,,,1.0,A,2000.0,,,0,,,2.0,2,,,50,primary,asphalt,yes,,,yes,,,,,,,2071,,,,,,,,,,,,,,,,2510171956,4
e4f9d9ee24eae3af1cf0ee65e59da33e,,Xa Lộ Hà Nội,10.8054703,106.7542574,10.8303445,106.7632003,2.920048,19.45,0.033817,,0,,,1.0,A,1000.0,,,0,,,,1,,,50,,,,,,,,,,,,,4716,,,,,,,,,,,,,,,,2510171956,4
2af34f0361bde9c96846a777b2d42b51,,Âu Cơ,10.7722809,106.6496421,10.7750261,106.6477936,0.3648,326.52,0.004594,,0,,,1.0,A,1000.0,,,0,,,,1,,,50,,,,,,,,,,,,,5,,,,,,,,,,,,,,,,2510171956,4
9b8f748464a27e77deaba78654baa271,,Phạm Ngũ Lão,10.7690424,106.6941176,10.7667354,106.6883701,0.678438,247.78,0.008054,,0,,,1.0,A,1000.0,,,0,,,,1,,,50,,,,,,,,,,,,,14,,,,,,,,,,,,,,,,2510171956,4
825f23a7733d072ca8abdaf46deff460,,Ðiện Biên Phủ,10.7678833,106.6745229,10.78553,106.6927956,2.793564,45.49,0.035919,,0,,,1.0,A,2000.0,,,0,,,2.0,2,,,50,primary,asphalt,yes,,,,,,,,,,196,,,,,,,,,,,,,,,,2510171956,4
df3dea084f020e6d6702fa2ead3b3286,,Phạm Thiều,10.7266492,106.7230082,10.7267196,106.7231231,0.014785,58.05,0.000185,,0,,,1.0,A,4000.0,,,0,,,4.0,4,,,50,residential,asphalt,no,,,,,,,,,,10,,,,,,,,,,,,,,,,2510171956,4
84b55ced01b46649bc0c300d9222f91f,,Phạm Thái Bường,10.7273833,106.7086074,10.7274088,106.7097716,0.127379,88.72,0.00119,,0,,,1.0,A,1000.0,,,0,,,,1,,,50,residential,,,,,,,,,,,,12,,,,,,,,,,,,,,,,2510171956,4
5308417b3a518055ee7b96e09e4261f4,,Út Tịch,10.8009968,106.6575383,10.7934217,106.6591633,0.856545,168.1,0.0092,,0,,,1.0,A,1000.0,,,0,,,,1,,,50,service,,yes,,,,,,,,,,845,,,,,,,,,,,,,,,,2510171956,4
0e3f9a7458675955792ad89d4d670e37,,Đinh Bộ Lĩnh,10.8180917,106.7127697,10.8029327,106.7093756,1.717377,192.4,0.018553,,0,,,1.0,A,1000.0,,,0,,,,1,,,50,,,,,,,,,,,,,2486,,,,,,,,,,,,,,,,2510171956,4
fd3679f127d3799d313a5db2a703ef9b,,3 Tháng 2,10.7618422,106.6562075,10.755822,106.6453021,1.366078,240.67,0.016926,,0,,,1.0,A,1000.0,,,0,,,1.0,1,,,50,residential,concrete,,,,,,,,,,,15,,,,,,,,,,,,,,,,2510171956,4
b2f3a52da6c54d36d1e5fca0b99b1382,,Phạm Văn Hai,10.8000753,106.6653921,10.7970292,106.6645994,0.347913,194.34,0.003839,,0,,,1.0,A,1000.0,,,0,,,,1,,,50,footway,,,,,,,,,,,,14,,,,,,,,,,,,,,,,2510171956,4
3c0167e8901fdb249e907289256872ee,,3 Tháng 2,10.7575536,106.6482993,10.7618422,106.6562075,0.986503,61.1,0.012197,,0,,,1.0,A,1000.0,,,0,,,,1,,,50,,,,,,,,,,,,,15,,,,,,,,,,,,,,,,2510171956,4
209ade582eaa3ae5786558a7a66cea25,,Cầu vượt Ngã tư Thủ Đức,10.8499117,106.7747696,10.8478386,106.7730798,0.294489,218.68,0.003763,,0,,,1.0,A,1000.0,,,0,,,,1,,,50,,,,,,,,,,,,,3605,,,,,,,,,,,,,,,,2510171956,4
f59492720cc4552001643fc05a7e5c6f,,Phạm Văn Đồng,10.849516,106.7489666,10.8414243,106.7439592,1.049241,211.29,0.013099,,0,,,1.0,A,1000.0,,,0,,,,1,,,50,residential,,,,,,,,,,,,2219,,,,,,,,,,,,,,,,2510171956,4
402234c1d2a84ced442f14543e3612e0,,Đoàn Văn Bơ,10.7633776,106.7037719,10.763364,106.7038326,0.006807,102.85,7.4e-05,,0,,,1.0,A,1000.0,,,0,,,,1,,,50,,,,,,,,,,,,,13,,,,,,,,,,,,,,,,2510171956,4
da7747ba881916d828ba942bf47585ff,,Đào Duy Anh,10.8081046,106.6740205,10.8054457,106.6781072,0.535007,123.52,0.006746,,0,,,1.0,A,2000.0,,,0,,,2.0,2,,50,50,secondary,asphalt,,,,,,,,,,,2,,,,,,,,,,,,,,,,2510171956,4
aba4377b4889f81082fabd3c38f70d04,,Phạm Văn Đồng,10.8529635,106.7511033,10.8667147,106.7620017,1.932256,37.89,0.02465,,0,,,1.0,A,1000.0,,,0,,,,1,,,50,,,,,,,,,,,,,118,,,,,,,,,,,,,,,,2510171956,4
fe84f77da96da5828f4d4bc487679148,,Phường 10,10.7681682,106.6677962,10.7681682,106.6677962,0.0,0.0,0.0,,0,,,1.0,A,1000.0,,,0,,,,1,,,50,,,,,,,,,,,,,75,,,,,,,,,,,,,,,,2510171956,4
db8992c620d36987239bba1962cdfc4d,,Phường 13,10.8345705,106.7008658,10.8592742,106.6514144,6.058435,296.96,0.074155,,0,,,1.0,A,1000.0,,,0,,,,1,,,50,,,,,,,,,,,,,13,,,,,,,,,,,,,,,,2510171956,4
14cd7594142d9c3e798e5b9e2f7c0c75,,Đào Trinh Nhất,10.8625105,106.7609449,10.8650568,106.7590353,0.350605,323.63,0.004456,,0,,,1.0,A,1000.0,,,0,,,,1,,,50,,,,,,,,,,,,,3,,,,,,,,,,,,,,,,2510171956,4
2f289be8da0abc2734fe794b028f9cc7,,Phạm Văn Đồng,10.8242579,106.7074369,10.8262487,106.7157505,0.935394,76.3,0.010304,,0,,,1.0,A,1000.0,,,0,,,,1,,,50,residential,asphalt,,,,,,,,,,,2590,,,,,,,,,,,,,,,,2510171956,4
cd9fcc3350c935d00f9ed0823e96e5d8,,Phạm Văn Đồng,10.8270542,106.7181851,10.8344857,106.7294684,1.482579,56.15,0.018715,,0,,,1.0,A,1000.0,,,0,,,,1,,,50,,,,,,,,,,,,,487,,,,,,,,,,,,,,,,2510171956,4
9b1017f69eb0df6c948c7c8b77e3b590,,Đường số 7,10.7515592,106.6190633,10.7516045,106.6193735,0.034297,81.55,0.000355,,0,,,1.0,A,1000.0,,,0,,,,1,,,50,,,,,,,,,,,,,11,,,,,,,,,,,,,,,,2510171956,4
36d79d615f97d229fd55b5791a8c50b8,,Phường Bình Chiểu,10.8878174,106.7287564,10.8878003,106.728711,0.005312,249.02,6.2e-05,,0,,,1.0,A,1000.0,,,0,,,,1,,,50,,,,,,,,,,,,,10,,,,,,,,,,,,,,,,2510171956,4
80216e1f4967d5adf12e30e7d4ae3165,,Đướng Song Hành Xa Lộ Hà Nội,10.8007157,106.7326817,10.8007639,106.732697,0.005588,17.32,6.4e-05,,0,,,1.0,A,1000.0,,,0,,,,1,,,50,,,,,,,,,,,,,9,,,,,,,,,,,,,,,,2510171956,4
0061b758a42f099e6d194fe2d6e75c78,,Phường Tam Bình,10.8649833,106.728414,10.8648292,106.7285029,0.019622,150.47,0.000243,,0,,,1.0,A,1000.0,,,0,,,,1,,,50,residential,,,,,,,,,,,,4,,,,,,,,,,,,,,,,2510171956,4
edd1cb66ba061a4d7e7df40bdad581a4,,3 Tháng 2,10.7580658,106.6494435,10.7711007,106.6734728,2.997687,61.09,0.037064,,0,,,1.0,A,2000.0,,,0,,,2.0,2,,,50,residential,asphalt,,,,,,,,,,,20,,,,,,,,,,,,,,,,2510171956,4
b6056a4c965d02ed826c40fee5c9a427,,Phạm Văn Đồng,10.8339731,106.7284081,10.8252909,106.7114115,2.092035,242.52,0.025679,,0,,,1.0,A,1000.0,,,0,,,,1,,,50,,,,,,,,,,,,,1649,,,,,,,,,,,,,,,,2510171956,4
3c39db0c557be235aff028b5bb55ca41,,3 Tháng 2,10.7711007,106.6734728,10.7674299,106.6665142,0.862613,241.77,0.010629,,0,,,1.0,A,1000.0,,,0,,,,1,,,50,,,,,,,,,,,,,20,,,,,,,,,,,,,,,,2510171956,4
159f25108169fb3c404f3cfcec9c30d2,,Phạm Văn Đồng,10.8666573,106.7617638,10.8185142,106.6869633,9.759908,236.77,0.122944,,0,,,1.0,A,1000.0,,,0,,,,1,,,50,,,,,,,,,,,,,859,,,,,,,,,,,,,,,,2510171956,4
e36dfdc71f03ab92e089d1ea6e7673de,,Đường An Dương Vương,10.7574828,106.6741653,10.7566055,106.6696815,0.499929,258.74,0.005361,,0,,,1.0,A,2000.0,,,0,,,2.0,2,,,50,primary,asphalt,,,,,,,,,,,15,,,,,,,,,,,,,,,,2510171956,4
db233b3d414187907faf5ed39469d1dc,,Đường B1,10.8077887,106.6402306,10.8073545,106.6403983,0.051411,159.22,0.000602,,0,,,1.0,A,1000.0,,,0,,,,1,,,50,,,,,,,,,,,,,19,,,,,,,,,,,,,,,,2510171956,4
addf1fc31e67c702a38328d1eeee8ed7,,An Dương Vương,10.7560028,106.6664058,10.7566251,106.6697746,0.374841,79.35,0.003991,,0,,,1.0,A,1000.0,,,0,,,,1,,,50,,,,,,,,,,,,,19,,,,,,,,,,,,,,,,2510171956,4
e3ceeae18f4f59cff15ec975feec319b,,Phạm Văn Đồng,10.8367273,106.7316781,10.8316231,106.7254178,0.887343,230.3,0.011364,,0,,,1.0,A,1000.0,,,0,,,,1,,,50,,,,,,,,,,,,,1653,,,,,,,,,,,,,,,,2510171956,4
a4072ff596e6d725ad0d820d46d29199,,Đường Bình Thới,10.7629749,106.6424096,10.7630776,106.6422594,0.019973,304.84,0.000253,,0,,,1.0,A,1000.0,,,0,,,,1,,,50,,,,,,,,,,,,,373,,,,,,,,,,,,,,,,2510171956,4
26ab458d485349580f5ada61278363de,,An Dương Vương,10.7566251,106.6697746,10.7566534,106.669461,0.034443,275.25,0.000342,,0,,,1.0,A,3000.0,,,0,,,3.0,3,,60,60,primary,asphalt,yes,,,,,,,,,,13,,,,,,,,,,,,,,,,2510171956,4
1522e9e000a9027d9582481c644bf9f7,,Phạm Văn Đồng,10.8316231,106.7254178,10.8402083,106.7418062,2.0281,61.92,0.024974,,0,,,1.0,A,1000.0,,,0,,,,1,,,50,,,,,,,,,,,,,1394,,,,,,,,,,,,,,,,2510171956,4
dbfcdececbdb5cc1cb6b4cde2cc7c4a5,,Đường CN2,10.8155285,106.6245997,10.8155179,106.62442,0.019686,266.56,0.00019,,0,,,1.0,A,1000.0,,,0,,,,1,,,50,residential,,,,,,,,,,,,993,,,,,,,,,,,,,,,,2510171956,4
9639ccbb53d7c7aa83a76252d96f6a30,,Phường 14,10.7507925,106.6590186,10.8515609,106.6439339,11.267738,351.64,0.115853,,0,,,1.0,A,3000.0,,,0,,,3.0,3,,50,50,primary,asphalt,yes,,,,,,,,,,70,,,,,,,,,,,,,,,,2510171956,4
6d672ad0d6335ee07b611a1f2f1304d2,,Phường Đông Hòa,10.8674881,106.7842783,10.8738915,106.8076326,2.649859,74.4,0.029758,,0,,,1.0,A,1000.0,,,0,,,,1,,,50,,,,,,,,,,,,,401,,,,,,,,,,,,,,,,2510171956,4
7f8b583c5b4428827747d1af9e579b87,,Phạm Văn Đồng,10.8289838,106.7222594,10.8705207,106.7634123,6.430997,44.21,0.08269,,0,,,1.0,A,1000.0,,,0,,,,1,,,50,,,,,,,,,,,,,638,,,,,,,,,,,,,,,,2510171956,4
943bb5ff6acb233381f4c26d82105def,,Điện Biên Phủ,10.7957979,106.7028286,10.8012607,106.7127424,1.241202,60.71,0.015377,,0,,,1.0,A,3000.0,,,0,,,3.0,3,,,50,trunk,asphalt,yes,,,,,,,,,,16,,,,,,,,,,,,,,,,2510171956,4
64f139ba573a5097543a281c37f2811e,,Đường Cộng Hòa,10.8021815,106.6453771,10.8022319,106.644295,0.118469,272.71,0.001133,,0,,,1.0,A,1000.0,,,0,,,,1,,,50,residential,,,,,,,,,,,,225,,,,,,,,,,,,,,,,2510171956,4
45c905175ebbfb9242c42145d1388648,,Điện Biên Phủ,10.7989146,106.7192459,10.7981813,106.7199137,0.109146,138.19,0.001401,,0,,,1.0,A,1000.0,,,0,,,,1,,,50,residential,,,,,,,,,,,,885,,,,,,,,,,,,,,,,2510171956,4
7050a07783c0e630eefbcd94933019af,,Phạm Đăng Giảng,10.8214287,106.60636,10.818044,106.6044259,0.430003,209.3,0.005319,,0,,,1.0,A,1000.0,,,0,,,,1,,,50,,,,,,,,,,,,,14,,,,,,,,,,,,,,,,2510171956,4
e43d788acc4b6cb765356f6885197d48,,Đường số 8,10.7357728,106.6894218,10.7357633,106.6896458,0.024524,92.47,0.000233,,0,,,1.0,A,2000.0,,,0,,,2.0,2,,,50,primary,asphalt,yes,,,,,,,,,,435,,,,,,,,,,,,,,,,2510171956,4
7872630f267e6a8b1cb8cefd4969f75f,,Phổ Quang,10.8025366,106.6658741,10.8087826,106.6687556,0.759361,24.38,0.009128,,0,,,1.0,A,1000.0,,,0,,,,1,,,50,,,,,,,,,,,,,14,,,,,,,,,,,,,,,,2510171956,4
d4271d4f245b6f89e896ad10f79ee294,,Bành Văn Trân,10.7904195,106.6569689,10.7883571,106.657746,0.243445,159.69,0.00284,,0,,,1.0,A,1000.0,,,0,,,,1,,,50,tertiary,,,,,,,,,,,,15,,,,,,,,,,,,,,,,2510171956,4
40069a147aa064b6f191feef3a66cff6,,Phổ Quang,10.8087826,106.6687556,10.8085272,106.6717917,0.33322,94.89,0.003292,,0,,,1.0,A,2000.0,,,0,,,2.0,2,,50,50,secondary,asphalt,,,,,,,,,,,12,,,,,,,,,,,,,,,,2510171956,4
2aead65d0da69f72d727b87193dba214,,An Phú Đông 3,10.8547157,106.7063222,10.8547574,106.7068791,0.061066,85.64,0.000599,,0,,,1.0,A,2000.0,,,0,,,2.0,2,,,50,residential,asphalt,,,,,,,,,,,13,,,,,,,,,,,,,,,,2510171956,4
71e4041441c7481d02f90f397e354f3c,,Quang Trung,10.8266931,106.6794606,10.8299958,106.6706701,1.028324,290.93,0.012093,,0,,,1.0,A,2000.0,,,0,,,2.0,2,,,50,primary,asphalt,yes,,,,,,,,,,613,,,,,,,,,,,,,,,,2510171956,4
2a2bdd55372e1f53cafe4e2e4e7f1833,,Đường Hoàng Trọng Hậu,10.7400283,106.6961929,10.7400256,106.6961154,0.008482,267.97,8e-05,,0,,,1.0,A,1000.0,,,0,,,,1,,,50,,,,,,,,,,,,,11,,,,,,,,,,,,,,,,2510171956,4
56d965277710f2be9607a53c3c8ec30c,,Bình Thới,10.7684923,106.6512531,10.7661016,106.6476679,0.472958,235.83,0.005976,,0,,,1.0,A,1000.0,,,0,,,,1,,,50,service,,,,,,,,,,,,16,,,,,,,,,,,,,,,,2510171956,4
f1c455e96fc9caeeef3e07f07cda2988,,Bà Huyện Thanh Quan,10.7807155,106.6832444,10.7767699,106.6884634,0.718526,127.58,0.009165,,0,,,1.0,A,1000.0,,,0,,,,1,,,50,,,,,,,,,,,,,4,,,,,,,,,,,,,,,,2510171956,4
72585a7ac66f2d2a5a4b86cfd37ff736,,Phạm Văn Đồng,10.8395571,106.7384111,10.8353219,106.7301125,1.021219,242.54,0.012534,,0,,,1.0,A,1000.0,,,0,,,,1,,,50,,,,,,,,,,,,,2712,,,,,,,,,,,,,,,,2510171956,4
3bfb0cca1ad9b62fdd5a4997832e0d98,,Đường Hòa Bình,10.7669237,106.6422282,10.7670183,106.641639,0.065286,279.28,0.000684,,0,,,1.0,A,1000.0,,,0,,,,1,,,50,,,,,,,,,,,,,213,,,,,,,,,,,,,,,,2510171956,4
cfdfe5236258e46748f0b5bd4c361605,,Quang Trung,10.8350079,106.6634568,10.8430788,106.6419808,2.512295,290.94,0.029547,,0,,,1.0,A,1000.0,,,0,,,,1,,,50,service,,,,,,,,,,,,232,,,,,,,,,,,,,,,,2510171956,4
91c1d62e3d990e9f6f7befb66bcbcb20,,Nguyễn Duy,10.7447602,106.6688752,10.7448407,106.6689569,0.012615,44.92,0.000162,,0,,,1.0,A,1000.0,,,0,,,,1,,,50,,,,,,,,,,,,,15,,,,,,,,,,,,,,,,2510171956,4
99d0f7e3186590f9820064321287413b,,Đường Hùng Vương,10.7610783,106.6746115,10.760649,106.6740819,0.074901,230.47,0.000959,,0,,,1.0,A,1000.0,,,0,,,,1,,,50,,,,,,,,,,,,,10,,,,,,,,,,,,,,,,2510171956,4
035b1873d845ded3f521e9b067468ac8,,Bình Trị Đông,10.7614144,106.6100165,10.76138,106.6100099,0.003873,190.67,4.1e-05,,0,,,1.0,A,2000.0,,,0,,,2.0,2,,,50,tertiary,asphalt,,,,,,,,,,,12,,,,,,,,,,,,,,,,2510171956,4
b11770597d1bb3722013241f37a0ca4f,,Đường Hải Thượng Lãn Ông,10.750916,106.6564736,10.7504187,106.6633972,0.759287,94.18,0.007421,,0,,,1.0,A,2000.0,,,0,,,2.0,2,,50,50,residential,asphalt,,,,,,,,,,,0,,,,,,,,,,,,,,,,2510171956,4
6c09fa4196b2f1d4ec150ea710a00331,,Đường Hồng Bàng,10.7537647,106.6538338,10.7566007,106.6695824,1.750862,79.61,0.018585,,0,,,1.0,A,1000.0,,,0,,,,1,,,50,,,,,,,,,,,,,156,,,,,,,,,,,,,,,,2510171956,4
20da070f88980d7da773e1a6bea9fb42,,Bùi Thị Xuân,10.7984947,106.6626344,10.7979599,106.6628737,0.064686,156.27,0.000774,,0,,,1.0,A,1000.0,,,0,,,,1,,,50,,,,,,,,,,,,,0,,,,,,,,,,,,,,,,2510171956,4
effeb9ef423badbcb38fb35e6244d543,,Quách Thị Trang,10.7130085,106.8474689,10.7086939,106.8475454,0.477323,179.0,0.004391,,0,,,1.0,A,1000.0,,,0,,,,1,,,50,,,,,,,,,,,,,11,,,,,,,,,,,,,,,,2510171956,4
461b1aea00fe2f60761d2f1902cead85,,Đường Kinh Dương Vương,10.737327,106.614443,10.7461636,106.6242766,1.453389,47.55,0.01867,,0,,,1.0,A,1000.0,,,0,,,,1,,,50,,,,,,,,,,,,,807,,,,,,,,,,,,,,,,2510171956,4
f804c0bf2888c95589c44831e208fc2d,,Quách Thị Trang,10.7047386,106.8353721,10.7048398,106.8345554,0.090041,277.19,0.000918,,0,,,1.0,A,2000.0,,,0,,,2.0,2,,60,60,primary,,,,ĐT.769B,,,,,,,,9,,,,,,,,,,,,,,,,2510171956,4
7936734b60a16646413bb163d9e82fb2,,Quách Thị Trang,10.7052216,106.8287243,10.7054699,106.8257462,0.326944,274.85,0.003226,,0,,,1.0,A,1000.0,,,0,,,,1,,,50,,,,,,,,,,,,,0,,,,,,,,,,,,,,,,2510171956,4
a9b66452f50c1ce9f45f754a07a783c0,,Đường Lê Hồng Phong,10.7709488,106.6730236,10.7709488,106.6730236,0.0,0.0,0.0,,0,,,1.0,A,1000.0,,,0,,,,1,,,50,,,,,,,,,,,,,12,,,,,,,,,,,,,,,,2510171956,4
d0669f7c3f0eecbc66b9e383dc464dd0,,Bảy Hiền,10.7894105,106.6516978,10.7897093,106.6518377,0.036421,24.7,0.000439,,0,,,1.0,A,1000.0,,,0,,,,1,,,50,,,,,,,,,,,,,15,,,,,,,,,,,,,,,,2510171956,4
13dc63167c6329f5a700eaf0def20a69,,Đường Lê Đại Hành,10.7684337,106.652716,10.7623035,106.65706,0.827966,145.16,0.010474,,0,,,1.0,A,1000.0,,,0,,,,1,,,50,,,,,,,,,,,,,8,,,,,,,,,,,,,,,,2510171956,4
6bcf7958157a9d3a991fc9aaa3836e34,,Quận 11,10.7673207,106.6534073,10.753578,106.6497631,1.571508,194.6,0.017387,,0,,,1.0,A,1000.0,,,0,,,,1,,,50,,,,,,,,,,,,,0,,,,,,,,,,,,,,,,2510171956,4
c130fe295990556b2f6683348393e9ca,,Bắc Hải,10.7781305,106.6563416,10.7807392,106.6588525,0.398342,43.4,0.00512,,0,,,1.0,A,1000.0,,,0,,,,1,,,50,,,,,,,,,,,,,16,,,,,,,,,,,,,,,,2510171956,4
2a560a0bd3463490f2e2c465fb77b055,,Huỳnh Thiện Lộc,10.7803932,106.6363843,10.7789563,106.6401733,0.44383,111.11,0.005226,,0,,,1.0,A,1000.0,,,0,,,,1,,,50,,,,,,,,,,,,,14,,,,,,,,,,,,,,,,2510171956,4
2c0ec269f75728253ce3e07a5c8fb229,,Bắc Hải,10.780807,106.658922,10.7833862,106.6613755,0.391656,43.06,0.005033,,0,,,1.0,A,2000.0,,,0,,,2.0,2,,,50,secondary,asphalt,yes,,,,,,,,,,16,,,,,,,,,,,,,,,,2510171956,4
b8f135fa2b5d4ab8d9b6072920257679,,Cầu Tân Thuận 2,10.7537495,106.7224037,10.7537495,106.7224037,0.0,0.0,0.0,,0,,,1.0,A,2000.0,,,0,,,2.0,2,,,50,primary,asphalt,yes,,,yes,,,,,,,1500,,,,,,,,,,,,,,,,2510171956,4
745c19b541bdadd331a6485c6e92a834,,Quận Gò Vấp,10.8193084,106.6900639,10.8195596,106.6899222,0.031815,331.01,0.000393,,0,,,1.0,A,1000.0,,,0,,,,1,,,50,secondary,asphalt,yes,,,,,,,,,,25,,,,,,,,,,,,,,,,2510171956,4
81348b71fac7c71d366ee0d44c6e95e7,,Bắc Hải,10.7837858,106.6617536,10.7855566,106.6633132,0.25973,40.87,0.00333,,0,,,1.0,A,1000.0,,,0,,,,1,,,50,,,,,,,,,,,,,16,,,,,,,,,,,,,,,,2510171956,4
b52a8847dc58844ae1c266466e0f4c77,,Quang Trung,10.835952,106.6605258,10.8395934,106.6466938,1.5652,285.01,0.017473,,0,,,1.0,A,1000.0,,,0,,,,1,,,50,,,,,,,,,,,,,14,,,,,,,,,,,,,,,,2510171956,4
830199574c787d46b1819e2099fed534,,Cao Thắng,10.7720072,106.6798441,10.7725943,106.6791758,0.097774,311.8,0.001255,,0,,,1.0,A,1000.0,,,0,,,,1,,,50,,,,,,,,,,,,,0,,,,,,,,,,,,,,,,2510171956,4
3f4a7dc85944903ea2b70fa37791230b,,Ngô Nhân Tịnh,10.7504649,106.6533788,10.7504649,106.6533788,0.0,0.0,0.0,,0,,,1.0,A,1000.0,,,0,,,,1,,,50,,,,,,,,,,,,,15,,,,,,,,,,,,,,,,2510171956,4
bbef349bd93b88cb702e4838b30e02b5,,Đường N - Bắc,10.7336611,106.7115662,10.7320511,106.7122498,0.193148,157.36,0.002294,,0,,,1.0,A,1000.0,,,0,,,,1,,,50,,,,,,,,,,,,,0,,,,,,,,,,,,,,,,2510171956,4
26875e61fd516a3f73cd403ce256de7b,,Bùi Hữu Nghĩa,10.7555638,106.6742704,10.7940986,106.6976069,4.968176,30.75,0.061871,,0,,,1.0,A,1000.0,,,0,,,,1,,,50,,,,,,,,,,,,,13,,,,,,,,,,,,,,,,2510171956,4
75da623bca56eca7dae342ddfcbab9be,,Quốc lộ 1,10.8678819,106.7813371,10.8617623,106.6586551,13.430757,267.1,0.128802,,0,,,1.0,A,1000.0,,,0,,,,1,,,50,,,,,,,,,,,,,1481,,,,,,,,,,,,,,,,2510171956,4
46df3fab6fa51b6145d3294fe13f6ae1,,Cao tốc TP. Hồ Chí Minh - Long Thành - Dầu Giây,10.7883612,106.8358795,10.790253,106.8268185,1.012805,282.0,0.010953,,0,,,1.0,A,2000.0,,,0,,,2.0,2,,120,120,motorway,asphalt,yes,,CT.29,viaduct,,,,,,,32251,,,,,,,,,,,,,,,,2510171956,4
e6c235ab937f2d2476eb461312d549ac,,Quốc lộ 1,10.8617623,106.6586551,10.8620129,106.6541628,0.491961,273.25,0.004743,,0,,,1.0,A,2000.0,,,0,,,2.0,2,,80,80,trunk,,yes,,QL.1,,,,,,,,1360,,,,,,,,,,,,,,,,2510171956,4
22700581d6bd3daf2342f1772c11114c,,Đường Nguyễn Oanh,10.8263467,106.6799853,10.8259802,106.6799069,0.041436,191.87,0.000445,,0,,,1.0,A,1000.0,,,0,,,,1,,,50,,,,,,,,,,,,,1008,,,,,,,,,,,,,,,,2510171956,4
2c60bbdef24cce8102b3c8e25ffb97e4,,Cao tốc TP. Hồ Chí Minh - Long Thành - Dầu Giây,10.790253,106.8268185,10.7918961,106.8178943,0.992763,280.62,0.010567,,0,,,1.0,A,1000.0,,,0,,,,1,,,50,,,,,,,,,,,,,24400,,,,,,,,,,,,,,,,2510171956,4
c7f1805ac503309ccfe6e3892f45e7d9,,Quốc lộ 1,10.8620634,106.6494828,10.8725843,106.7668518,12.885334,84.77,0.12789,,0,,,1.0,A,1000.0,,,0,,,,1,,,50,tertiary,,,,,,,,,,,,130,,,,,,,,,,,,,,,,2510171956,4
2cf525980f9ddf323e7108cf8319b212,,Đường Nguyễn Sơn,10.7810287,106.6332492,10.7834192,106.6249141,0.94916,286.28,0.010726,,0,,,1.0,A,1000.0,,,0,,,,1,,,50,service,,,,,,,,,,,,12,,,,,,,,,,,,,,,,2510171956,4
5dc12115410d75d380e733bc87568957,,Cao tốc TP. Hồ Chí Minh - Long Thành - Dầu Giây,10.7918961,106.8178943,10.792934,106.8117098,0.686032,279.7,0.007222,,0,,,1.0,A,1000.0,,,0,,,,1,,,50,,,,,,,,,,,,,24402,,,,,,,,,,,,,,,,2510171956,4
d9e1d8b94cec807a05fc468dc86b9c78,,Đường Nguyễn Thái Học,10.7610014,106.7004904,10.7610792,106.7004391,0.010273,327.07,0.000129,,0,,,1.0,A,1000.0,,,0,,,,1,,,50,,,,,,,,,,,,,15,,,,,,,,,,,,,,,,2510171956,4
1a18ebf92c26b4fa90079e937e3a53c2,,Đường Nguyễn Tri Phương,10.758935,106.6691456,10.756601,106.6695945,0.262798,169.3,0.002783,,0,,,1.0,A,1000.0,,,0,,,,1,,,50,,,,,,,,,,,,,8,,,,,,,,,,,,,,,,2510171956,4
11dc2d922327b66d741c39753e9aa472,,Quốc lộ 1A,10.8747377,106.7487214,10.8609657,106.6858709,7.038648,257.43,0.076622,,0,,,1.0,A,1000.0,,,0,,,,1,,,50,,,,,,,,,,,,,2448,,,,,,,,,,,,,,,,2510171956,4
d925d332c329172d9673b1ef681cb8ac,,Đường Nguyễn Văn Linh,10.7208632,106.6572305,10.7341285,106.7221401,7.250277,78.24,0.078175,,0,,,1.0,A,3000.0,,,0,,,3.0,3,,,50,trunk,asphalt,yes,,,,,,,,,,1507,,,,,,,,,,,,,,,,2510171956,4
c3c013d289edec4813b34f41d283e138,,Đường Ngô Quyền,10.7558381,106.6663734,10.7558381,106.6663734,0.0,0.0,0.0,,0,,,1.0,A,1000.0,,,0,,,,1,,,50,,,,,,,,,,,,,5,,,,,,,,,,,,,,,,2510171956,4
3eda83f2c7043f8944fe188f2437d03d,,Cao tốc TP. Hồ Chí Minh - Long Thành - Dầu Giây,10.7964727,106.7824691,10.7949371,106.7599681,2.466613,266.03,0.024037,,0,,,1.0,A,1000.0,,,0,,,,1,,,50,residential,,,,,yes,,,,,,,10347,,,,,,,,,,,,,,,,2510171956,4
ed1ed85b3a4498dc0344c576708d092f,,Quốc lộ 1K,10.8757339,106.766068,10.8833914,106.7705975,0.981169,30.15,0.012187,,0,,,1.0,A,1000.0,,,0,,,,1,,,50,,,,,,,,,,,,,0,,,,,,,,,,,,,,,,2510171956,4
6d08264bbd0f9b27969170e3ea60e7e0,,Cao tốc TP. Hồ Chí Minh - Long Thành - Dầu Giây,10.7949371,106.7599681,10.7962415,106.775074,1.658303,84.97,0.01641,,0,,,1.0,A,1000.0,,,0,,,,1,,,50,,,,,,,,,,,,,10344,,,,,,,,,,,,,,,,2510171956,4
6237c4a356ad9dae779897d9c87f4f64,,Cao tốc TP. Hồ Chí Minh - Long Thành - Dầu Giây,10.7950193,106.7995037,10.785892,106.8557067,6.22895,99.38,0.06533,,0,,,1.0,A,1000.0,,,0,,,,1,,,50,,,,,,,,,,,,,24401,,,,,,,,,,,,,,,,2510171956,4
f67cc9b9141adb8a2e9c62d647c26b37,,Đường Phan Văn Trị,10.83081,106.6778193,10.8308562,106.6777619,0.008094,309.33,0.000104,,0,,,1.0,A,1000.0,,,0,,,,1,,,50,,,,,,,,,,,,,919,,,,,,,,,,,,,,,,2510171956,4
2ca7b4653e4e6bc5e83b915fb8ec6a94,,Châu Văn Liêm,10.7519402,106.6590317,10.7520192,106.6589344,0.01377,309.57,0.000176,,0,,,1.0,A,3000.0,,,0,,,3.0,3,,50,50,primary,asphalt,yes,,,,,,,,,,444,,,,,,,,,,,,,,,,2510171956,4
007f9819226a33e189c30b686ee15949,,Quốc lộ 22,10.8575697,106.6057733,10.86564,106.6000503,1.090157,325.15,0.013793,,0,,,1.0,A,1000.0,,,0,,,,1,,,50,,,,,,,,,,,,,1076,,,,,,,,,,,,,,,,2510171956,4
0ab89b0cbb7852e76760887f26a0f538,,Phú Châu,10.8628859,106.7448654,10.8658949,106.7473789,0.431632,39.36,0.005523,,0,,,1.0,A,1000.0,,,0,,,,1,,,50,service,,,,,,,,,,,,11,,,,,,,,,,,,,,,,2510171956,4
b886bd4f4dc50467f457ac903cb1c28d,,Đường Lý Thường Kiệt,10.773825,106.6615589,10.7758068,106.6566757,0.577312,292.45,0.006865,,0,,,1.0,A,2000.0,,,0,,,2.0,2,,,50,secondary,asphalt,,,,,,,,,,,14,,,,,,,,,,,,,,,,2510171956,4
bbf44e86b20088618eb9b2fce9be05d0,,Đường Quang Trung,10.8388107,106.6491032,10.8408842,106.6452271,0.481915,298.58,0.00595,,0,,,1.0,A,1000.0,,,0,,,,1,,,50,,,,,,,,,,,,,11,,,,,,,,,,,,,,,,2510171956,4
440742cf2bd4358e9ac77238e8514ada,,Chợ Lớn,10.7444411,106.6255188,10.7444479,106.6258206,0.03302,88.69,0.000309,,0,,,1.0,A,1000.0,,,0,,,,1,,,50,,,,,,,,,,,,,10,,,,,,,,,,,,,,,,2510171956,4
64bd1cacb24912186159135f5dabb552,,Cách Mạng Tháng Tám,10.7782417,106.68085,10.7752936,106.6864011,0.689154,118.4,0.008499,,0,,,1.0,A,2000.0,,,0,,,2.0,2,,,50,primary,asphalt,no,,,,,,both,,,,4,,,,,,,,,,,,,,,,2510171956,4
6470374b64563b292d6d81869518d2b7,,Quốc lộ 22,10.8774435,106.5916776,10.8450745,106.6138112,4.321609,146.11,0.054503,,0,,,1.0,A,2000.0,,,0,,,2.0,2,,,50,trunk,asphalt,yes,,QL.22,,,,,yes,,,1568,,,,,,,,,,,,,,,,2510171956,4
f955ff1f9d83c21d79dd9cca15d12cef,,Đường Song Hành Xa lộ Hà Nội,10.8575649,106.7860239,10.8378557,106.7676582,2.96405,222.47,0.038075,,0,,,1.0,A,1000.0,,,0,,,,1,,,50,,,,,,,,,,,,,15,,,,,,,,,,,,,,,,2510171956,4
ea14fc6b6273dcb810b2b2df002c6e95,,Cách Mạng Tháng Tám,10.7752936,106.6864011,10.7766471,106.6839026,0.311585,298.87,0.003852,,0,,,1.0,A,1000.0,,,0,,,,1,,,50,,,,,,,,,,,,,15,,,,,,,,,,,,,,,,2510171956,4
9b9a42701084d0694727416cc278fafe,,Quốc lộ 22,10.8466302,106.6128986,10.843027,106.6149651,0.45816,150.61,0.00567,,0,,,1.0,A,1000.0,,,0,,,,1,,,50,,,,,,,,,,,,,384,,,,,,,,,,,,,,,,2510171956,4
f85da89682a6ec3d59f053125b77e962,,Đường Song Hành Xa lộ Hà Nội,10.8389857,106.768291,10.8488622,106.7742039,1.269457,30.45,0.015789,,0,,,1.0,A,1000.0,,,0,,,,1,,,50,,,,,,,,,,,,,15,,,,,,,,,,,,,,,,2510171956,4
ddaa6a2c778e550acc1ad4b09032b1ee,,Cách Mạng Tháng Tám,10.7766471,106.6839026,10.7879441,106.662713,2.632875,298.49,0.032487,,0,,,1.0,A,1000.0,,,0,,,,1,,,50,,,,,,,,,,,,,5,,,,,,,,,,,,,,,,2510171956,4
3fd122b90cd72cb1c43901abd9e51a3b,,Quớc Lộ 22,10.8449041,106.6140548,10.877854,106.5914673,4.402639,326.05,0.055537,,0,,,1.0,A,1000.0,,,0,,,,1,,,50,,,,,,,,,,,,,570,,,,,,,,,,,,,,,,2510171956,4
300ec2a67d379d8fb9f38795d2bb3dc2,,Đường Minh Phụng,10.7618932,106.6444788,10.7618644,106.6445646,0.00991,108.86,0.000115,,0,,,1.0,A,1000.0,,,0,,,,1,,,50,,,,,,,,,,,,,12,,,,,,,,,,,,,,,,2510171956,4
1171672493fa5b8fbd4b784a3056fee0,,Đường Song Hành Xa lộ Hà Nội,10.8488622,106.7742039,10.855961,106.7849851,1.416413,56.16,0.01788,,0,,,1.0,A,1000.0,,,0,,,,1,,,50,,,,,,,,,,,,,7,,,,,,,,,,,,,,,,2510171956,4
e4125b6fed6b067a2590c97f5141fe9d,,Lý Thường Kiệt,10.7805208,106.6552592,10.7787511,106.6557798,0.203864,163.88,0.00229,,0,,,1.0,A,1000.0,,,0,,,,1,,,50,,,,,,,,,,,,,7,,,,,,,,,,,,,,,,2510171956,4
5d8b247037cfbb3cd4864f4597a29aa7,,Đường Lạc Long Quân,10.7664078,106.6422822,10.7632226,106.6421549,0.3526,182.25,0.003313,,0,,,1.0,A,1000.0,,,0,,,,1,,,50,,,,,,,,,,,,,722,,,,,,,,,,,,,,,,2510171956,4
c0298e6264c5625c9b66f21d640bf1c7,,Song Hành,10.7992821,106.7334658,10.8021502,106.7485095,1.675493,79.01,0.017912,,0,,,1.0,A,1000.0,,,0,,,,1,,,50,,,,,,,,,,,,,20,,,,,,,,,,,,,,,,2510171956,4
beb72a2cfa3817e8ac8f13da3f0951b7,,Quốc Lộ 1,10.7047068,106.597382,10.7045783,106.5973319,0.015234,200.96,0.000179,,0,,,1.0,A,3000.0,,,0,,,3.0,3,,60,60,trunk,,yes,,QL.1,,,,,,,,14,,,,,,,,,,,,,,,,2510171956,4
386ac6318097163e888241a001ada6e8,,Sư Van Hạnh,10.7633633,106.6725291,10.7696215,106.6710798,0.710155,347.18,0.007708,,0,,,1.0,A,1000.0,,,0,,,,1,,,50,residential,asphalt,,,,,,,,,,,9,,,,,,,,,,,,,,,,2510171956,4
3b8bf11ecda0300fb74e18907c39268b,,Công Trường Quốc Tế,10.7829947,106.6962159,10.7826997,106.6955259,0.082216,246.48,0.000985,,0,,,1.0,A,1000.0,,,0,,,,1,,,50,secondary,asphalt,yes,,,,,,,,,,773,,,,,,,,,,,,,,,,2510171956,4
148e250a25be8ebb375a477a09e79c50,,Nam Hoà,10.8324177,106.7672026,10.8188716,106.7582527,1.789683,212.98,0.022496,,0,,,1.0,A,1000.0,,,0,,,,1,,,50,,,,,,,,,,,,,10,,,,,,,,,,,,,,,,2510171956,4
d0b2b9f739a02c5eafe8b523b345e902,,Đường Sư Vạn Hạnh,10.7697703,106.6710427,10.769677,106.6710665,0.010643,165.93,0.000117,,0,,,1.0,A,1000.0,,,0,,,,1,,,50,residential,asphalt,,,,,,,,,,,17,,,,,,,,,,,,,,,,2510171956,4
546c0fd92ee9ee660ef6cb75081d69d1,,Đường Thoại Ngọc Hầu,10.7815006,106.6357625,10.7820031,106.6361909,0.072696,39.95,0.000931,,0,,,1.0,A,2000.0,,,0,,,2.0,2,,,50,secondary,asphalt,,,ĐH.2,,,,,,,,676,,,,,,,,,,,,,,,,2510171956,4
2b4070260e2726ad3905ed6b34017434,,Đường Song Hành Xa lộ Hà Nội,10.855961,106.7849851,10.8578137,106.788085,0.396081,58.68,0.004953,,0,,,1.0,A,1000.0,,,0,,,,1,,,50,,,,,,,,,,,,,15,,,,,,,,,,,,,,,,2510171956,4
a4d374f3e70ec93c99bbf72d6db15a75,,Hầm chui Mỹ Thủy,10.7698762,106.7752086,10.7698083,106.775235,0.008047,159.1,9.4e-05,,0,,,1.0,A,2000.0,,,0,,,2.0,2,,60,60,primary,asphalt,yes,,,,,,,,,,1614,,,,,,,,,,,,,,,,2510171956,4
42207b521df1859c147c0601fb423ed8,,Công Xã Paris,10.7791557,106.7000845,10.7792456,106.6999777,0.01534,310.59,0.000197,,0,,,1.0,A,3000.0,,,0,,,3.0,3,,50,50,tertiary,asphalt,yes,,,,,,,,,,745,,,,,,,,,,,,,,,,2510171956,4
a543773a200a307bf28769fa3da07862,,Đường Trần Văn Giàu,10.7520876,106.6082145,10.7519761,106.6081604,0.013679,205.49,0.000166,,0,,,1.0,A,1000.0,,,0,,,,1,,,50,residential,asphalt,,,,,,,,,,,341,,,,,,,,,,,,,,,,2510171956,4
cd895fd509f55daf8729076c41d8fa39,,Phường Tân Thuận Tây,10.7523982,106.7241939,10.7522526,106.7242338,0.016686,164.93,0.000185,,0,,,1.0,A,2000.0,,,0,,,2.0,2,,,50,trunk_link,asphalt,yes,,,,,,,,,,1025,,,,,,,,,,,,,,,,2510171956,4
70a0fb385cfe3f055585918736e16293,,Hẻm 312 Kinh Dương Vương,10.7433547,106.6207621,10.7433184,106.6207225,0.005906,226.98,7.6e-05,,0,,,1.0,A,1000.0,,,0,,,,1,,,50,residential,asphalt,,,,,,,,,,,702,,,,,,,,,,,,,,,,2510171956,4
e842a54217c2ffbbf2e95a3f78ac3cd3,,Cầu Bình Triệu 2,10.8235017,106.7135696,10.8190196,106.7129039,0.501096,188.3,0.005148,,0,,,1.0,A,1000.0,,,0,,,,1,,,50,,,,,,,,,,,,,2484,,,,,,,,,,,,,,,,2510171956,4
7d3e7728e0ffb113b4066d8f20fe2905,,Cao Xuân Dục,10.7470453,106.6603737,10.746165,106.6591277,0.167498,234.28,0.002126,,0,,,1.0,A,1000.0,,,0,,,,1,,,50,,,,,,,,,,,,,152,,,,,,,,,,,,,,,,2510171956,4
a9f9d1ead35edcfb9f3680e4a016a068,,THOI TAM THÔN 5,10.8842932,106.6105297,10.8842093,106.6106839,0.019244,118.99,0.000238,,0,,,1.0,A,1000.0,,,0,,,,1,,,50,,,,,,,,,,,,,5,,,,,,,,,,,,,,,,2510171956,4
524857f06019efbf0d456424d0ab340a,,Hẻm 200C Xóm Chiếu,10.7550068,106.7100356,10.7550302,106.710014,0.003504,317.8,4.5e-05,,0,,,1.0,A,1000.0,,,0,,,,1,,,50,,,,,,,,,,,,,14,,,,,,,,,,,,,,,,2510171956,4
9481dce99f50fb19b75e08e6f96fe43f,,Bình Thới,10.7661016,106.6476679,10.7636884,106.643989,0.482863,236.27,0.006092,,0,,,1.0,A,1000.0,,,0,,,,1,,,50,,,,,,,,,,,,,14,,,,,,,,,,,,,,,,2510171956,4
9e33da8c42099b753cc4afcb7e2f885c,,Nguyễn Chí Thanh,10.7584006,106.6614527,10.7595294,106.6669516,0.614268,78.2,0.006628,,0,,,1.0,A,4000.0,,,0,,,4.0,4,,,50,secondary,asphalt,,,,,,,,,,,5,,,,,,,,,,,,,,,,2510171956,4
80a00f44205387c5f1573ee3f580a879,,Đường Tên Lửa,10.7383637,106.6150634,10.73825,106.6149888,0.014992,212.81,0.000188,,0,,,1.0,A,1000.0,,,0,,,,1,,,50,,,,,,,,,,,,,796,,,,,,,,,,,,,,,,2510171956,4
4a8101f0b136133ba6116fd3d36280fd,,Cầu Bến Cát,10.8614957,106.6652403,10.8614424,106.6653095,0.009592,128.11,0.000123,,0,,,1.0,A,1000.0,,,0,,,,1,,,50,,,,,,,,,,,,,3631,,,,,,,,,,,,,,,,2510171956,4
012dc1c1d5e5cfb05bab3a2b4b76190c,,Cầu Chà Và,10.750294,106.6601636,10.7487665,106.6603921,0.1708,171.64,0.001756,,0,,,1.0,A,1000.0,,,0,,,,1,,,50,,,,,,,,,,,,,16,,,,,,,,,,,,,,,,2510171956,4
6b0fbf6a2e4ef04b02bd48b90ded9f0e,,Hẻm 297 Lý Thường Kiệt,10.7765701,106.656462,10.7765446,106.6563765,0.009767,253.11,0.000111,,0,,,1.0,A,1000.0,,,0,,,,1,,,50,,,,,,,,,,,,,14,,,,,,,,,,,,,,,,2510171956,4
fa5588536cb07e17c55f04f99607236c,,Hẻm 322 Hòa Hưng,10.7779568,106.6710033,10.7785872,106.6707568,0.074761,338.99,0.000877,,0,,,1.0,A,1000.0,,,0,,,,1,,,50,service,,,,,,,,,,,,12,,,,,,,,,,,,,,,,2510171956,4
f2cca9ecbb9945a5cdf82c34e47e6227,,Hẻm 373 Lý Thường Kiệt,10.7801804,106.654269,10.7803895,106.6547735,0.059828,67.12,0.000714,,0,,,1.0,A,1000.0,,,0,,,,1,,,50,residential,,,,,,,,,,,,15,,,,,,,,,,,,,,,,2510171956,4
7d70409c8767e15154aa1619fbcb954b,,Cầu Calmette,10.7671805,106.6998985,10.7645089,106.700715,0.308713,163.29,0.003488,,0,,,1.0,A,2000.0,,,0,,,2.0,2,,,50,secondary,asphalt,,,,,,,,,,,35,,,,,,,,,,,,,,,,2510171956,4
de3f61bf66722bfe12fa74c4e6f9ad41,,Thiên Phước,10.778088,106.6555539,10.7756928,106.6532873,0.36283,222.91,0.004662,,0,,,1.0,A,1000.0,,,0,,,,1,,,50,,,,,,,,,,,,,16,,,,,,,,,,,,,,,,2510171956,4
60618a4bf35b8abac2d56907a609962c,,Hẻm 416 Lạc Long Quân,10.7697921,106.6444644,10.7697654,106.6445026,0.005116,125.43,6.5e-05,,0,,,1.0,A,1000.0,,,0,,,,1,,50,50,residential,asphalt,,,,,,,,,,,11,,,,,,,,,,,,,,,,2510171956,4
ce927ff13f3e18b838b75fbb2e93f71e,,Cao tốc TP. Hồ Chí Minh - Long Thành - Dầu Giây,10.7860991,106.8473249,10.7866225,106.843937,0.375015,278.94,0.003911,,0,,,1.0,A,1000.0,,,0,,,,1,,,50,,,,,,,,,,,,,32249,,,,,,,,,,,,,,,,2510171956,4
78e26005f58a4ac82941adf1b6c9ce0b,,Đường Nguyễn Chí Thanh,10.7607311,106.6727534,10.7607915,106.6740891,0.146245,87.36,0.001396,,0,,,1.0,A,1000.0,,,0,,,,1,,,50,,,,,,,,,,,,,13,,,,,,,,,,,,,,,,2510171956,4
d2a5c936235345a42aaa6cba59014b74,,Cầu Kênh Xáng,10.7413597,106.6885411,10.7415302,106.6884693,0.020429,337.52,0.000242,,0,,,1.0,A,1000.0,,,0,,,,1,,,50,,,,,,,,,,,,,209,,,,,,,,,,,,,,,,2510171956,4
5c0ee164d2f247a7660b2fa34ac8345b,,Thành Thái,10.7782236,106.6617292,10.7739209,106.6645769,0.568784,146.97,0.00715,,0,,,1.0,A,2000.0,,,0,,,2.0,2,,,50,secondary,asphalt,yes,,,,,,,,,,15,,,,,,,,,,,,,,,,2510171956,4
01c24750d9990057198ca3095fd78201,,Nguyễn Du,10.7801784,106.7010865,10.8802415,106.7933053,14.973202,42.14,0.192282,,0,,,1.0,A,1000.0,,,0,,,,1,,,50,,,,,,,,,,,,,630,,,,,,,,,,,,,,,,2510171956,4
3b0c65fbbda8e0cd59cdefaf2c9c1cac,,Đường dẫn sảnh đi Quốc tế,10.8153557,106.6659991,10.8154126,106.6660397,0.007702,35.02,9.8e-05,,0,,,1.0,A,1000.0,,,0,,,,1,,,50,residential,,,,,,,,,,,,14,,,,,,,,,,,,,,,,2510171956,4
ed4fcc8e7c23c831129f37c2607755a0,,Cầu Kênh Tẻ,10.7492889,106.7024382,10.754992,106.7019835,0.632794,355.52,0.006158,,0,,,1.0,A,1000.0,,,0,,,,1,,,50,,,,,,,,,,,,,11,,,,,,,,,,,,,,,,2510171956,4
4421c6cc1cbfda7a06d776c0f7fdd798,,Hồ Chí Minh - Trung Lương,10.6887747,106.5896523,10.6894658,106.5930448,0.378932,78.29,0.004084,,0,,,1.0,A,1000.0,,,0,,,,1,,,50,tertiary,,no,,,,,,,,,,1274,,,,,,,,,,,,,,,,2510171956,4
a4d23f755ffadbb80a311a3f1f5a0741,,Tô Ký,10.8527736,106.6262305,10.8661857,106.6159466,1.861532,323.02,0.023696,,0,,,1.0,A,1000.0,,,0,,,,1,,,50,,,,,,,,,,,,,1745,,,,,,,,,,,,,,,,2510171956,4
634c812a2c45bd0264002a9a2ecbae37,,Thành Thái,10.7807392,106.6588525,10.7782236,106.6617292,0.420015,131.67,0.005392,,0,,,1.0,A,1000.0,,,0,,,,1,,,50,,,,,,,,,,,,,14,,,,,,,,,,,,,,,,2510171956,4
dc93a682340c06217dfae62de3764a65,,Cao tốc TP. Hồ Chí Minh - Long Thành - Dầu Giây,10.7917928,106.8178476,10.786298,106.8450235,3.033591,101.63,0.032671,,0,,,1.0,A,1000.0,,,0,,,,1,,,50,,,,,,,,,,,,,24402,,,,,,,,,,,,,,,,2510171956,4
9105769bba4279532a89697abbb61d88,,Cầu Cá Trê Lớn,10.7780689,106.7323124,10.7793052,106.7347388,0.298534,62.59,0.003663,,0,,,1.0,A,1000.0,,,0,,,,1,,,50,,,,,,,,,,,,,15,,,,,,,,,,,,,,,,2510171956,4
9a8a0ab0d467f2a0b7a5ddaddc02581d,,Hồng Hà,10.8140069,106.6747486,10.8142573,106.6758031,0.118595,76.41,0.001305,,0,,,1.0,A,1000.0,,,0,,,,1,,,50,,,,,,,,,,,,,14,,,,,,,,,,,,,,,,2510171956,4
471593678f06b0746057cf918d6115f7,,Nguyễn Kiệm,10.7998472,106.680033,10.8194173,106.6787757,2.169076,356.39,0.020827,,0,,,1.0,A,2000.0,,,0,,,2.0,2,,,50,primary,asphalt,yes,,,,,,,,,,2,,,,,,,,,,,,,,,,2510171956,4
0cb034fcb9cf583d3cfa7b9e3dcab0b6,,Nguyễn Hậu,10.7872262,106.6346835,10.7874845,106.634782,0.030535,20.54,0.000357,,0,,,1.0,A,1000.0,,,0,,,,1,,,50,,,,,,,,,,,,,10,,,,,,,,,,,,,,,,2510171956,4
309416b616752c1e32c69af3a4c8917d,,Nguyễn Hồng Đào,10.7924125,106.6418466,10.7926149,106.6419251,0.023978,20.86,0.000281,,0,,,1.0,A,1000.0,,,0,,,,1,,,50,,,,,,,,,,,,,21,,,,,,,,,,,,,,,,2510171956,4
416cfd141b2e1f430ec55fda745aa785,,Đại lộ ĐHQG TPHCM,10.8738915,106.8076326,10.8749777,106.8056563,0.247234,299.23,0.003063,,0,,,1.0,A,2000.0,,,0,,,2.0,2,,,50,tertiary,asphalt,,,,,,,,,,,2,,,,,,,,,,,,,,,,2510171956,4
55842aeaeb4e96c02f236781dc0f177b,,Đường số 17,10.8599601,106.7899405,10.8599391,106.7903213,0.041701,93.21,0.000402,,0,,,1.0,A,1000.0,,,0,,,,1,,,50,,,,,,,,,,,,,12,,,,,,,,,,,,,,,,2510171956,4
2e6abadccb4cfeb3a8bb0d5c2f6e958e,,Thánh Gióng,10.8820255,106.8100261,10.8827193,106.8089551,0.140002,303.41,0.001765,,0,,,1.0,A,1000.0,,,0,,,,1,,,50,,,,,,,,,,,,,4,,,,,,,,,,,,,,,,2510171956,4
d3c7e159184f07572d71181f2e57dc01,,Hẻm 92 Vũ Huy Tấn,10.7958364,106.6927968,10.7973608,106.6925024,0.171665,349.26,0.001819,,0,,,1.0,A,1000.0,,,0,,,,1,,,50,,,,,,,,,,,,,30,,,,,,,,,,,,,,,,2510171956,4
22ad63cc1fad145a51f5915af4b63bc3,,Học Lạc,10.7519423,106.6544294,10.7516397,106.6544546,0.033585,175.32,0.000328,,0,,,1.0,A,2000.0,,,0,,,2.0,2,,,50,tertiary,asphalt,,,,,,,,,,,0,,,,,,,,,,,,,,,,2510171956,4
ffc45fc8323e15dc38fe196bf3e46a21,,Cầu Kênh 2,10.7745747,106.7248969,10.7742939,106.7240549,0.097186,251.25,0.001123,,0,,,1.0,A,1000.0,,,0,,,,1,,,50,,,,,,,,,,,,,1171,,,,,,,,,,,,,,,,2510171956,4
2947a56d595711934870681ef813b92f,,Cầu Kỳ Hà 4,10.7559963,106.7606269,10.7550762,106.7597266,0.141615,223.87,0.00182,,0,,,1.0,A,1000.0,,,0,,,,1,,,50,,,,,,,,,,,,,1715,,,,,,,,,,,,,,,,2510171956,4
b63a3f6fac8faca7140a180ce99caa70,,Thế Lữ,10.7202232,106.5386925,10.718012,106.542567,0.489341,120.15,0.006086,,0,,,1.0,A,1000.0,,,0,,,,1,,,50,,,,,,,,,,,,,4,,,,,,,,,,,,,,,,2510171956,4
9547f59c0fe7c6ddc4f7fa89b15f639b,,Hẻm 86 Ông Ích Khiêm,10.7661735,106.6449394,10.7696411,106.6468344,0.435978,28.23,0.005363,,0,,,1.0,A,1000.0,,,0,,,,1,,,50,,,,,,,,,,,,,14,,,,,,,,,,,,,,,,2510171956,4
c31af84fbed52d70cb3d6e5f6e47f91c,,Đường số 48,10.758507,106.6987348,10.7557367,106.7008649,0.384942,142.93,0.0049,,0,,,1.0,A,2000.0,,,0,,,2.0,2,,,50,tertiary,asphalt,no,,,,,,,,,,1,,,,,,,,,,,,,,,,2510171956,4
4606339878bbfe274506708c155c10ca,,Hồ Văn Huê,10.8045481,106.677625,10.8054457,106.6781072,0.112421,27.82,0.00138,,0,,,1.0,A,1000.0,,,0,,,,1,,,50,,,,,,,,,,,,,2190,,,,,,,,,,,,,,,,2510171956,4
51813b2e07a7cf41ad1b62c7dd2b9030,,Cầu Nguyễn Văn Cừ,10.7527375,106.6871934,10.7541132,106.6883922,0.20087,40.57,0.002574,,0,,,1.0,A,2000.0,,,0,,,2.0,2,,50,50,primary,asphalt,yes,,,yes,,,,,,,1866,,,,,,,,,,,,,,,,2510171956,4
849475e29344d63175677faaf9f43a7f,,Nguyễn Khoái,10.7558779,106.6939259,10.7533608,106.6952956,0.316171,151.87,0.003887,,0,,,1.0,A,1000.0,,,0,,,,1,,,50,,,,,,,,,,,,,0,,,,,,,,,,,,,,,,2510171956,4
6166f3e708c26c896b2f2ff43aa433b5,,Nguyễn Kim,10.7556227,106.6633772,10.7555118,106.6633989,0.012494,169.12,0.000133,,0,,,1.0,A,3000.0,,,0,,,3.0,3,,60,60,primary,asphalt,yes,,,,,,,,,,9,,,,,,,,,,,,,,,,2510171956,4
67a2c19f236297ab5c6f7929ee86a873,,Transfer between the Metro and the HSR,10.8081678,106.7557179,10.8085665,106.7559278,0.049718,27.34,0.000609,,0,,,1.0,A,1000.0,,,0,,,,1,,,50,,,,,,,,,,,,,15,,,,,,,,,,,,,,,,2510171956,4
4ea94be526554335f1d9ce80bc93b90c,,Đường số 7,10.7390636,106.6046711,10.7388319,106.6048642,0.033211,140.69,0.000425,,0,,,1.0,A,1000.0,,,0,,,,1,,,50,,,,,,,,,,,,,13,,,,,,,,,,,,,,,,2510171956,4
52f8833263ea5244b4ba18915d2cc4c7,,Cầu Phú Mỹ,10.7470262,106.7483935,10.7450815,106.7441524,0.511339,244.98,0.006186,,0,,,1.0,A,1000.0,,,0,,,,1,,,50,,,,,,,,,,,,,5856,,,,,,,,,,,,,,,,2510171956,4
3283a06ce034f65eda092dffccc06d7b,,Trương Định,10.7712056,106.6966242,10.7807024,106.6863035,1.541948,313.13,0.019818,,0,,,1.0,A,1000.0,,,0,,,,1,,,50,residential,asphalt,,,,,,,,,,,424,,,,,,,,,,,,,,,,2510171956,4
c72d5500b593a0b7e74a0d962fea4aa0,,Trương Quốc Dung,10.7950667,106.672673,10.7997004,106.6729603,0.513511,3.49,0.004921,,0,,,1.0,A,1000.0,,,0,,,,1,,,50,tertiary,,,,,,,,,,,,2,,,,,,,,,,,,,,,,2510171956,4
306975b38913ef4e264aa453d1a4ac7b,,Nguyễn Kiệm,10.8192058,106.6787669,10.8132332,106.6786725,0.66073,180.89,0.006067,,0,,,1.0,A,3000.0,,,0,,,3.0,3,,,50,primary,asphalt,yes,,,,,,,,,,223,,,,,,,,,,,,,,,,2510171956,4
2cfd46861fadbb0b9d44d4cf99a2ab51,,Cầu Phú Mỹ,10.7342194,106.7271372,10.7399509,106.7344584,1.021389,51.45,0.013053,,0,,,1.0,A,1000.0,,,0,,,,1,,,50,,,,,,,,,,,,,8967,,,,,,,,,,,,,,,,2510171956,4
dc3bd1b79cd39a9091861c0bf9cf1372,,Đường Âu Cơ,10.769155,106.6519481,10.7694423,106.6515852,0.050846,308.86,0.00065,,0,,,1.0,A,3000.0,,,0,,,3.0,3,,,50,secondary,asphalt,yes,,,,,,,,,,726,,,,,,,,,,,,,,,,2510171956,4
50be33e5f5a31fd15cdb135f75b8737f,,Nguyễn Lương Bằng,10.7310052,106.7203264,10.7318083,106.7200097,0.095349,338.82,0.00112,,0,,,1.0,A,1000.0,,,0,,,,1,,,50,service,,,,,,,,,,,,8,,,,,,,,,,,,,,,,2510171956,4
201c3bdb22316bec1938d479b7d162fe,,Đường Phú Hòa,10.785806,106.6544818,10.7856285,106.6538061,0.076462,255.03,0.000853,,0,,,1.0,A,1000.0,,,0,,,,1,,,50,,,,,,,,,,,,,13,,,,,,,,,,,,,,,,2510171956,4
a6d09749330c17beec313e6715be3869,,Hồng Hà,10.8134061,106.6652599,10.8140069,106.6747486,1.039769,86.31,0.01009,,0,,,1.0,A,4000.0,,,0,,,4.0,4,,60,60,primary,asphalt,yes,,,,,,,,,,1429,,,,,,,,,,,,,,,,2510171956,4
f0b3593fdf6f1bfa47bd6d17ec2d759e,,Trường Chinh,10.8083021,106.6345381,10.829463,106.6235423,2.631468,332.96,0.032157,,0,,,1.0,A,1000.0,,,0,,,,1,,,50,,,,,,,,,,,,,7,,,,,,,,,,,,,,,,2510171956,4
59eda1ec8cfab93ee1da6d050a38ee3f,,Nguyễn Lương Bằng,10.7348064,106.7180368,10.7232098,106.7253596,1.512291,148.18,0.018919,,0,,,1.0,A,1000.0,,,0,,,,1,,,50,,,,,,,,,,,,,27,,,,,,,,,,,,,,,,2510171956,4
ab78c1a3514ea5c67317dbb2ee112fe9,,Đường Ðiện Biên Phủ,10.790616,106.6975675,10.7905389,106.6976523,0.012599,132.79,0.000162,,0,,,1.0,A,1000.0,,,0,,,,1,,,50,,,,,,,,,,,,,622,,,,,,,,,,,,,,,,2510171956,4
fd6f15ac19a957141598dd378d42dddc,,Trường Chinh,10.8152248,106.6323883,10.8083021,106.6345381,0.801019,163.04,0.009072,,0,,,1.0,A,1000.0,,,0,,,,1,,,50,,,,,,,,,,,,,1591,,,,,,,,,,,,,,,,2510171956,4
37d7d0d6860cb8b4913237e08732d983,,Kinh Dương Vương,10.7455465,106.6235109,10.7282004,106.6071858,2.621091,222.76,0.033671,,0,,,1.0,A,2000.0,,,0,,,2.0,2,,,50,secondary,asphalt,,,,,,,,,,,670,,,,,,,,,,,,,,,,2510171956,4
873b5877bb08b0428264550a58850c85,,Chu Văn An,10.8113215,106.6960454,10.811203,106.7048425,0.962109,90.78,0.008916,,0,,,1.0,A,1000.0,,,0,,,,1,,,50,tertiary,asphalt,yes,,,,,,,,,,13,,,,,,,,,,,,,,,,2510171956,4
c8332568dcc4b34bad9df96b5c67d114,,Châu Văn Liêm,10.7529881,106.6587484,10.7537895,106.6584782,0.093442,341.67,0.001072,,0,,,1.0,A,1000.0,,,0,,,1.0,1,,50,50,primary,asphalt,yes,,,,,,,,,,21,,,,,,,,,,,,,,,,2510171956,4
175ae2ba6f1197c63b44b93c36cd637d,,Trường Chinh,10.832788,106.6218498,10.8311999,106.6227295,0.200279,151.45,0.002468,,0,,,1.0,A,1000.0,,,0,,,,1,,,50,,,,,,,,,,,,,16,,,,,,,,,,,,,,,,2510171956,4
2a8257ef6c5135d11434e257b932e9df,,Khánh Hội,10.7606879,106.6977387,10.7565916,106.7008416,0.566112,143.34,0.007199,,0,,,1.0,A,2000.0,,,0,,,2.0,2,,,50,secondary,asphalt,,,,,,,,,,,15,,,,,,,,,,,,,,,,2510171956,4
e68b1cd12d006d76c4294299e1d4eee1,,Cầu Sơn,10.8055396,106.7115254,10.805844,106.7115501,0.033779,4.56,0.000329,,0,,,1.0,A,3000.0,,,0,,,3.0,3,,,50,primary,asphalt,yes,,,yes,,,,,,,15,,,,,,,,,,,,,,,,2510171956,4
6c7caac2b32332d6c200755c8743e122,,Đất Thánh,10.7821462,106.6568445,10.7827199,106.6600419,0.355401,79.65,0.003771,,0,,,1.0,A,1000.0,,,0,,,,1,,,50,service,,,,,,,,,,,,16,,,,,,,,,,,,,,,,2510171956,4
3e121d99cb433ec1d4c82ffd2797d0c0,,Nguyễn Sơn,10.7831843,106.6254206,10.7821283,106.6288258,0.390305,107.52,0.004461,,0,,,1.0,A,1000.0,,,0,,,,1,,,50,,,,,,,,,,,,,0,,,,,,,,,,,,,,,,2510171956,4
2338962aaed3e0409092492e98263046,,Cầu Tham Lương,10.8249297,106.6275189,10.8251111,106.6277019,0.028338,44.74,0.000364,,0,,,1.0,A,3000.0,,,0,,,3.0,3,,80,80,primary,asphalt,yes,,,yes,,,,,,,609,,,,,,,,,,,,,,,,2510171956,4
b28e73faf97bb111111ad345d3f83c3f,,Nguyễn Thi,10.7505935,106.6591297,10.7505909,106.6591695,0.004363,93.8,4.2e-05,,0,,,1.0,A,1000.0,,,0,,,,1,,,50,,,,,,,,,,,,,333,,,,,,,,,,,,,,,,2510171956,4
aedfcc521095d7d7ff4a56ad4969f6c6,,Trường Chinh,10.8373896,106.6187325,10.7959135,106.647854,5.584756,145.41,0.070598,,0,,,1.0,A,1000.0,,,0,,,,1,,,50,residential,,,,,,,,,,,,2037,,,,,,,,,,,,,,,,2510171956,4
533d4363465fe3da773b88f3bcb892e5,,Kinh Trung ương,10.7909507,106.5554753,10.7910811,106.5554064,0.016274,332.57,0.000199,,0,,,1.0,A,1000.0,,,0,,,,1,,,50,,,,,,,,,,,,,10,,,,,,,,,,,,,,,,2510171956,4
e62b460cb5dfffa330bf11b4536e472d,,Đặng Văn Bi,10.8422045,106.7634239,10.8421583,106.7634728,0.007396,133.89,9.5e-05,,0,,,1.0,A,2000.0,,,0,,,2.0,2,,50,50,residential,asphalt,,,,,,,,,,,0,,,,,,,,,,,,,,,,2510171956,4
370350f3368ff088a2066af8a3feae97,,Nguyễn Thái Bình,10.7964689,106.6523793,10.800764,106.6598663,0.94664,59.71,0.011782,,0,,,1.0,A,1000.0,,,0,,,,1,,,50,,,,,,,,,,,,,15,,,,,,,,,,,,,,,,2510171956,4
5607986b5ca983a49abe235ecaa49877,,Lãnh Binh Thăng,10.7631981,106.6504197,10.7622847,106.65559,0.574451,100.19,0.006084,,0,,,1.0,A,2000.0,,,0,,,2.0,2,,,50,secondary,asphalt,,,,,,,,,,,0,,,,,,,,,,,,,,,,2510171956,4
bbe60f9a46cf61aed393aa19886c8fe9,,Trường Chinh,10.8339258,106.6206709,10.83315,106.6211617,0.101214,148.14,0.001267,,0,,,1.0,A,1000.0,,,0,,,,1,,,50,service,,,,,,,,,,,,779,,,,,,,,,,,,,,,,2510171956,4
893618cdc30588cd162a4c2b1133b71f,,Cầu Đen 2,10.7994405,106.7334642,10.7997398,106.7334573,0.033115,358.7,0.000306,,0,,,1.0,A,1000.0,,,0,,,,1,,,50,,,,,,,,,,,,,11,,,,,,,,,,,,,,,,2510171956,4
08f80b05cadf30c51835ffd69d35ec5c,,Cao Thắng,10.7729223,106.678801,10.7716819,106.6802249,0.207552,131.57,0.002664,,0,,,1.0,A,1000.0,,,0,,,,1,,,50,,,,,,,,,,,,,0,,,,,,,,,,,,,,,,2510171956,4
4acc35dfc56bacf61b6804ae09abdd9c,,Lê Văn Việt,10.8486663,106.7744207,10.8484707,106.774693,0.036805,126.18,0.000468,,0,,,1.0,A,3000.0,,,0,,,3.0,3,,,50,secondary,asphalt,yes,,,,,,,,,,0,,,,,,,,,,,,,,,,2510171956,4
b81f1d5593dc568ed2ee2a1d1d0fd283,,Nguyễn Văn Cừ,10.7643811,106.6819889,10.7622438,106.683007,0.261325,154.92,0.003155,,0,,,1.0,A,1000.0,,,0,,,,1,,30,30,residential,asphalt,yes,,,,,,,,,,7,,,,,,,,,,,,,,,,2510171956,4
547363d49bad58f120835e66b68860f2,,Nguyễn Thị Minh Khai,10.7660316,106.682324,10.7657285,106.6818889,0.058212,234.66,0.000738,,0,,,1.0,A,1000.0,,,0,,,,1,,,50,,,,,,,,,,,,,14,,,,,,,,,,,,,,,,2510171956,4
41723ba1c376e35d2c57eeffc1efaf49,,Cách Mạng Tháng Tám,10.7827246,106.6724641,10.7822806,106.6732878,0.102603,118.75,0.001268,,0,,,1.0,A,1000.0,,,0,,,,1,,,50,,,,,,,,,,,,,0,,,,,,,,,,,,,,,,2510171956,4
df5c224c39d21005bbac19fdc087dd6e,,Nguyễn Thị Minh Khai,10.7657285,106.6818889,10.7897016,106.7045845,3.632213,42.92,0.046669,,0,,,1.0,A,2000.0,,,0,,,2.0,2,,50,50,tertiary,asphalt,,,,,,,,,,,15,,,,,,,,,,,,,,,,2510171956,4
407ec8a3c9e714e719d8b08cd136098c,,Cầu Ông Đội,10.713383,106.7312623,10.7135062,106.7312577,0.013637,357.9,0.000128,,0,,,1.0,A,1000.0,,,0,,,,1,,,50,,,,,,,,,,,,,884,,,,,,,,,,,,,,,,2510171956,4
8da38d271aa21402dd0b42416c8a052d,,Calmette,10.7673072,106.6997404,10.7699124,106.6976851,0.365476,322.22,0.00466,,0,,,1.0,A,2000.0,,,0,,,2.0,2,,,50,secondary,asphalt,,,,,,,,,,,16,,,,,,,,,,,,,,,,2510171956,4
1c2bf9347be936f80216dc222fa5197d,,Trần Não,10.7982738,106.7308494,10.7981949,106.7318819,0.113252,94.45,0.001111,,0,,,1.0,A,1000.0,,,0,,,,1,,,50,,,,,,,,,,,,,319,,,,,,,,,,,,,,,,2510171956,4
68b716fd84cc1f6a5e748d1076cfd25c,,Cầu vượt An Sương,10.8423388,106.6149893,10.8445156,106.6172944,0.348578,46.12,0.004482,,0,,,1.0,A,1000.0,,,0,,,,1,,,50,,,,,,,,,,,,,243,,,,,,,,,,,,,,,,2510171956,4
758f0f674d36a6475ec7bb683ef93608,,Lê Đức Thọ,10.8472382,106.6693689,10.8428373,106.6753185,0.812524,126.98,0.010351,,0,,,1.0,A,1000.0,,,0,,,,1,,,50,,,,,,,,,,,,,17,,,,,,,,,,,,,,,,2510171956,4
716e267240e0107652e41f61ee700999,,Trần Nhân Tôn,10.7590354,106.6755174,10.7632459,106.6746392,0.475538,348.42,0.005089,,0,,,1.0,A,2000.0,,,0,,,2.0,2,,50,50,tertiary,asphalt,,,,,,,,,,,42,,,,,,,,,,,,,,,,2510171956,4
dc93c8af5cdfc8db446940a3fa18c38c,,Bến Bình Đông,10.7482848,106.6604156,10.7482848,106.6604156,0.0,0.0,0.0,,0,,,1.0,A,1000.0,,,0,,,,1,,,50,,,,,,,,,,,,,439,,,,,,,,,,,,,,,,2510171956,4
98bf4ddfa98280fdc683c279a96e34c7,,Cầu vượt Hàng Xanh,10.801349,106.7109178,10.8014241,106.7109087,0.008366,353.21,8.4e-05,,0,,,1.0,A,1000.0,,,0,,,,1,,,50,,,,,,,,,,,,,1574,,,,,,,,,,,,,,,,2510171956,4
d0d216c362622ed27be9a76d36180c45,,Dương Bá Cung,10.7452866,106.6230902,10.7452699,106.6230775,0.002311,216.77,2.9e-05,,0,,,1.0,A,2000.0,,,0,,,2.0,2,,,50,primary,asphalt,yes,,,,,,,,,,689,,,,,,,,,,,,,,,,2510171956,4
40cbcace8ed0a821c9845eb653fb84f1,,Tân Chánh Hiệp 39,10.877165,106.6248126,10.8825854,106.6163333,1.104046,303.06,0.0139,,0,,,1.0,A,1000.0,,,0,,,,1,,,50,tertiary,,,,,,,,,,,,16,,,,,,,,,,,,,,,,2510171956,4
c1f9df8ce6bc75962a8ef9e46ca1f32d,,Quớc Lộ 22,10.8798576,106.5900475,10.8851888,106.5863138,0.717206,325.48,0.009065,,0,,,1.0,A,1000.0,,,0,,,,1,,,50,,,,,,,,,,,,,3,,,,,,,,,,,,,,,,2510171956,4
7358eac40e60ece2d0b9ed86c253665b,,Lê Quang Định,10.802988,106.698423,10.820498,106.6894367,2.171881,333.25,0.026496,,0,,,1.0,A,2000.0,,,0,,,2.0,2,,,50,primary,asphalt,yes,,,,,,,,,,9,,,,,,,,,,,,,,,,2510171956,4
e9179c6931cc90177d171c77c9192f95,,Lê Đức Thọ,10.8398015,106.6791366,10.8610348,106.6499071,3.96622,306.49,0.050463,,0,,,1.0,A,1000.0,,,0,,,1.0,1,,,50,residential,concrete,,,,,,,,,,,2,,,,,,,,,,,,,,,,2510171956,4
f8ee7133cfe997e68f6ffe6ccfe071fa,,Lê Quý Đôn,10.8838307,106.8004621,10.8810953,106.8015806,0.32635,158.12,0.003854,,0,,,1.0,A,1000.0,,,0,,,,1,,,50,,,,,,,,,,,,,6,,,,,,,,,,,,,,,,2510171956,4
1b127c204972f9807d164c34f0723bfc,,Dương Văn Cam,10.8495638,106.7534794,10.8494184,106.7536678,0.026135,128.16,0.000334,,0,,,1.0,A,1000.0,,,0,,,,1,,,50,residential,,,,,,,,,,,,289,,,,,,,,,,,,,,,,2510171956,4
e262dafe7f7172c778a551c4da58a45b,,Cầu vượt Linh Xuân,10.8727455,106.766864,10.8739107,106.7634192,0.398076,289.01,0.00461,,0,,,1.0,A,1000.0,,,0,,,,1,,,50,service,asphalt,,,,,,,,,,,1086,,,,,,,,,,,,,,,,2510171956,4
16af3b86bfbe294ba072106469d09d52,,Trần Phú,10.7631515,106.6795568,10.7574203,106.674132,0.868294,222.92,0.011156,,0,,,1.0,A,1000.0,,,0,,,,1,,,50,,,,,,,,,,,,,15,,,,,,,,,,,,,,,,2510171956,4
38b68e4bfe46f142d77488b621cd805c,,Nguyễn Thị Định,10.7682878,106.7773201,10.7636062,106.7826284,0.777973,131.92,0.00999,,0,,,1.0,A,1000.0,,,0,,,,1,,,50,,,,,,,,,,,,,2,,,,,,,,,,,,,,,,2510171956,4
b27d420fb851a52c8488abd8cc1361e9,,Trần Quang Diệu,10.787646,106.6782642,10.7835849,106.6784817,0.449841,176.99,0.004279,,0,,,1.0,A,1000.0,,,0,,,,1,,,50,,,,,,,,,,,,,4,,,,,,,,,,,,,,,,2510171956,4
879656c05e81f52a10f4ca30dad28fa2,,Trần Quý,10.7591573,106.6561005,10.7596357,106.6582987,0.246183,77.51,0.002677,,0,,,1.0,A,2000.0,,,0,,,2.0,2,,,50,tertiary,asphalt,,,,,,,,,,,11,,,,,,,,,,,,,,,,2510171956,4
3b8503c98906d29b3dc213c8b61b3094,,Nguyễn Tri Phương,10.7614123,106.6684746,10.7666599,106.6674092,0.592034,348.72,0.006313,,0,,,1.0,A,2000.0,,,0,,,2.0,2,,,50,primary,asphalt,yes,,,,,,,,,,8,,,,,,,,,,,,,,,,2510171956,4
0b33f00c90edbf94a5fb0d6cb08787ae,,Trần Quốc Thảo,10.7827317,106.6868337,10.7815324,106.6881451,0.195368,132.95,0.002511,,0,,,1.0,A,1000.0,,,0,,,,1,,,50,,,,,,,,,,,,,588,,,,,,,,,,,,,,,,2510171956,4
c2f578077695c90d73a4e6dbc300fe90,,Lê Trọng Tấn,10.8077236,106.621088,10.809165,106.6156148,0.619407,285.01,0.006915,,0,,,1.0,A,1000.0,,,0,,,,1,,,50,secondary,asphalt,yes,,,,,,,,,,10,,,,,,,,,,,,,,,,2510171956,4
8fd77284e48fb199ce2e9b333fed3361,,Lê Văn Chí,10.8660484,106.7816929,10.8504219,106.7739597,1.924233,205.92,0.02336,,0,,,1.0,A,4000.0,,,0,,,4.0,4,,,50,secondary,asphalt,,,,,,,,,,,12,,,,,,,,,,,,,,,,2510171956,4
ba4903aed055bfbb3e0fa9242f88926c,,Cầu vượt Ngã tư Hàng Xanh,10.8012395,106.7098827,10.8010524,106.7094146,0.055217,247.86,0.000655,,0,,,1.0,A,6000.0,,,0,,,6.0,6,,,50,primary,asphalt,yes,,,,,,,,,,5000,,,,,,,,,,,,,,,,2510171956,4
905ee1f521b04a6705f932f24ac21d6a,,Dồng Tâm,10.8630927,106.6107839,10.8632256,106.6104704,0.037297,293.35,0.000446,,0,,,1.0,A,1000.0,,,0,,,,1,,,50,,,,,,,,,,,,,0,,,,,,,,,,,,,,,,2510171956,4
5b8373f954bad4b610783603cf564f07,,Tân Quý,10.7987681,106.6196106,10.7951375,106.6203627,0.409929,168.5,0.004383,,0,,,1.0,A,1000.0,,,0,,,,1,,,50,tertiary,,,,,,,,,,,,15,,,,,,,,,,,,,,,,2510171956,4
fdfb654d5edcf74fc775d180519f037a,,Trần Văn Quang,10.7796593,106.6445172,10.7795043,106.6499053,0.589535,91.68,0.005543,,0,,,1.0,A,1000.0,,,0,,,,1,,,50,residential,asphalt,,,,,,,,,,,15,,,,,,,,,,,,,,,,2510171956,4
3dc3aeb6ac2cd4c7167f26a1d7f12ea3,,Cầu vượt Sóng Thần 1,10.8753473,106.7511683,10.8754506,106.7515008,0.038107,72.44,0.000436,,0,,,1.0,A,1000.0,,,0,,,,1,,,50,,,,,,,,,,,,,791,,,,,,,,,,,,,,,,2510171956,4
110e7cec58e4bd5ee1d6aa5e4e12f13a,,Lê Văn Qưới,10.7763027,106.6087456,10.7763962,106.6028052,0.649779,270.92,0.006034,,0,,,1.0,A,2000.0,,,0,,,2.0,2,,,50,tertiary,asphalt,,,,,,,,,,,11,,,,,,,,,,,,,,,,2510171956,4
c742b494ea61db44309ba54420f04662,,Cầu vượt Thủ Đức,10.8620872,106.7959178,10.8622393,106.7945633,0.149051,276.52,0.001507,,0,,,1.0,A,1000.0,,,0,,,,1,,,50,,,,,,,,,,,,,2243,,,,,,,,,,,,,,,,2510171956,4
e1e131b5892a45b83a874acef266ccd2,,Lê Văn Sỹ,10.7892124,106.6753896,10.800243,106.6609346,1.996937,307.84,0.025486,,0,,,1.0,A,1000.0,,,0,,,,1,,,50,,,,,,,,,,,,,0,,,,,,,,,,,,,,,,2510171956,4
5c7a7f20cc257f980d2163ca90a814cb,,Cầu vượt Tân Thới Hiệp,10.8621176,106.6511715,10.8620995,106.6499973,0.1284,269.1,0.001192,,0,,,1.0,A,1000.0,,,0,,,,1,,,50,,,,,,,,,,,,,3067,,,,,,,,,,,,,,,,2510171956,4
8752b5f9ee3b27a92176101fbf57a448,,Trần Văn Trà,10.7229109,106.7191654,10.7230616,106.8257234,11.656214,89.91,0.106709,,0,,,1.0,A,1000.0,,,0,,,,1,,,50,,,,,,,,,,,,,15,,,,,,,,,,,,,,,,2510171956,4
559b144e6a275bb086c916d7499a26b0,,Nguyễn Tất Thành,10.7650945,106.7071763,10.7578081,106.7164541,1.295884,128.64,0.016564,,0,,,1.0,A,1000.0,,,0,,,,1,,,50,residential,asphalt,,,,,,,,,,,14,,,,,,,,,,,,,,,,2510171956,4
9e8ff4d9311cdcda6c25a592b28ef761,,Lý Thái Tổ,10.7376092,106.8141974,10.7670409,106.6763647,15.423334,282.28,0.167264,,0,,,1.0,A,1000.0,,,0,,,,1,,,50,residential,,,,,,,,,,,,0,,,,,,,,,,,,,,,,2510171956,4
abfcf67d913fad9e43c3bf2068eb5422,,Lý Thái Tổ,10.7670409,106.6763647,10.7312283,106.8238056,16.606323,103.87,0.183254,,0,,,1.0,A,1000.0,,,0,,,,1,,,50,,,,,,,,,,,,,7,,,,,,,,,,,,,,,,2510171956,4
9a4098e379a9b102af2e32a4d82c34cb,,Trịnh Đình Trọng,10.7751926,106.6464389,10.7752249,106.6474762,0.113505,88.18,0.00107,,0,,,1.0,A,1000.0,,,0,,,,1,,,50,service,asphalt,,,,,,,,,,,11,,,,,,,,,,,,,,,,2510171956,4
624b12699f6b0603b67348a78d50101a,,Nguyễn Ðình Chiểu,10.7803604,106.6918856,10.767872,106.6800536,1.892833,222.95,0.02432,,0,,,1.0,A,1000.0,,,0,,,,1,,,50,,,,,,,,,,,,,666,,,,,,,,,,,,,,,,2510171956,4
3744e21c2023db0f4531107364d601a9,,Trần Quang Khải,10.7916682,106.6898524,10.7915069,106.6888956,0.106149,260.26,0.001118,,0,,,1.0,A,1000.0,,,0,,,,1,,,50,,,,,,,,,,,,,11,,,,,,,,,,,,,,,,2510171956,4
7a338060cf71eb72aecd3d09155f12f8,,Tân Chánh Hiệp 39,10.8821993,106.6167264,10.8776763,106.6236125,0.903945,123.78,0.011409,,0,,,1.0,A,1000.0,,,0,,,,1,,,50,tertiary,,,,,,,,,,,,2,,,,,,,,,,,,,,,,2510171956,4
247208f281ba2ead7ba54a16f3686e67,,Dạ Nam,10.7536606,106.686888,10.7531123,106.6869589,0.061143,172.76,0.000619,,0,,,1.0,A,1000.0,,,0,,,,1,,,50,,,,,,,,,,,,,8,,,,,,,,,,,,,,,,2510171956,4
93356a7693b7a5a1c7ec29781ca1b9b7,,Ngã sáu Cộng Hòa,10.7651637,106.681627,10.765182,106.6815426,0.00945,282.45,0.000103,,0,,,1.0,A,1000.0,,,0,,,,1,,,50,,,,,,,,,,,,,12,,,,,,,,,,,,,,,,2510171956,4
095ad12d2a69e3d431676f5d00db8a29,,Tân Thuận,10.764817,106.7500323,10.7644644,106.749763,0.048875,216.88,0.000622,,0,,,1.0,A,1000.0,,,0,,,,1,,,50,residential,,,,,,,,,,,,16,,,,,,,,,,,,,,,,2510171956,4
a21d5b152387739bda788721c6a6b518,,Nguyễn Văn Trỗi,10.7929933,106.6800466,10.7985035,106.6707041,1.189703,300.98,0.014853,,0,,,1.0,A,1000.0,,,0,,,,1,,,50,,,,,,,,,,,,,15,,,,,,,,,,,,,,,,2510171956,4
9f797eb0474a9398b1fb1540834a545b,,Tân Sơn,10.8385379,106.6467909,10.8248067,106.6412646,1.634655,201.57,0.019258,,0,,,1.0,A,1000.0,,,0,,,,1,,,50,,,,,,,,,,,,,109,,,,,,,,,,,,,,,,2510171956,4
3443520d405677475207a11044f1eb6d,,Ngã Sáu Nguyễn Tri Phương,10.7598992,106.6687226,10.7599392,106.6687397,0.004804,22.78,5.7e-05,,0,,,1.0,A,1000.0,,,0,,,,1,,,50,,,,,,,,,,,,,93,,,,,,,,,,,,,,,,2510171956,4
20b9106544ecc449efa13972605cfa53,,Hoà Bình,10.7696068,106.6355415,10.7667998,106.6421803,0.789699,113.29,0.009446,,0,,,1.0,A,2000.0,,,0,,,2.0,2,,50,50,tertiary,asphalt,yes,,,,,,,,,,12,,,,,,,,,,,,,,,,2510171956,4
5aa2a6a36ed3878c5c6eb5a18b63c7ba,,Nguyễn Xuân Khoát,10.7951766,106.6345051,10.7954885,106.6345715,0.035256,11.81,0.000378,,0,,,1.0,A,2000.0,,,0,,,2.0,2,,,50,residential,asphalt,,,,,,,,,,,13,,,,,,,,,,,,,,,,2510171956,4
cb4335a416d83971695b8a9fe1614d99,,Lý Thường Kiệt,10.8866826,106.5896647,10.7757808,106.6565902,14.284323,149.34,0.177827,,0,,,1.0,A,1000.0,,,0,,,,1,,,50,,,,,,,,,,,,,14,,,,,,,,,,,,,,,,2510171956,4
5393a9c02c36bc62daade632ac5e6ab9,,Nguyễn Xí,10.8226293,106.7033547,10.8230448,106.7031447,0.051378,333.6,0.000626,,0,,,1.0,A,1000.0,,,0,,,,1,,,50,,,,,,,,,,,,,9,,,,,,,,,,,,,,,,2510171956,4
48172140970e69de3ba55a2a5a6b7508,,Vòng xoay,10.8207283,106.6940372,10.8204546,106.6941876,0.034454,151.64,0.000424,,0,,,1.0,A,1000.0,,,0,,,,1,,,50,,,,,,,,,,,,,5,,,,,,,,,,,,,,,,2510171956,4
438d803e98b5e9edb01239ed9f38a441,,Xa Lộ Hà Nội,10.8385833,106.7675662,10.8633078,106.7965925,4.189568,49.06,0.053751,,0,,,1.0,A,1000.0,,,0,,,,1,,,50,,,,,,,,,,,,,3541,,,,,,,,,,,,,,,,2510171956,4
efd4310b3dc2fcd73f2a9acdbcdfe582,,Tôn Thất Thuyết,10.7571329,106.717736,10.7530896,106.7022171,1.755339,255.15,0.019562,,0,,,1.0,A,1000.0,,,0,,,,1,,,50,,,,,,,,,,,,,977,,,,,,,,,,,,,,,,2510171956,4
58c00b65acb6d7287824a918c7de336f,,Hoà Hảo,10.7597892,106.6590053,10.7603765,106.6617195,0.30389,77.58,0.003301,,0,,,1.0,A,2000.0,,,0,,,2.0,2,,,50,secondary,asphalt,yes,,,,,,no,,,,13,,,,,,,,,,,,,,,,2510171956,4
a8de79ac22e748a47dc250ad8c1b9b4f,,Huỳnh Tấn Phát,10.6783267,106.753584,10.7525133,106.7282216,8.662302,341.43,0.099549,,0,,,1.0,A,2000.0,,,0,,,2.0,2,,50,50,secondary,,,,,,,,,,,,6,,,,,,,,,,,,,,,,2510171956,4
905bc8bda150d1615ee1f18008f93d4d,,Lương Định Của,10.7750334,106.7104127,10.7749435,106.7108802,0.052088,101.08,0.000557,,0,,,1.0,A,1000.0,,,0,,,,1,,,50,,,,,,,,,,,,,0,,,,,,,,,,,,,,,,2510171956,4
a82b6cd023afa4cde99737b56ad45749,,Ngô Gia Tự,10.7565017,106.6664916,10.7615444,106.670086,0.682412,35.0,0.008637,,0,,,1.0,A,1000.0,,,0,,,,1,,,50,,,,,,,,,,,,,10,,,,,,,,,,,,,,,,2510171956,4
acd351cc76318b50d74a9d44c833a44f,,Đường số 6,10.8656041,106.7485967,10.8697421,106.7272126,2.382435,281.15,0.025522,,0,,,1.0,A,1000.0,,,0,,,,1,,,50,,,,,,,,,,,,,0,,,,,,,,,,,,,,,,2510171956,4
92255fa15612381dcc52e287c44216fc,,Lý Tự Trọng,10.7721656,106.6944832,10.7779424,106.7010583,0.961996,48.19,0.012352,,0,,,1.0,A,1000.0,,,0,,,,1,,,50,,,,,,,,,,,,,17,,,,,,,,,,,,,,,,2510171956,4
dcf9c9307c60a95f93b77f63454e4eb6,,Tô Ký,10.8599399,106.61763,10.8571859,106.6200389,0.402706,139.34,0.005163,,0,,,1.0,A,1000.0,,,0,,,,1,,,50,residential,,,,,,,,,,,,15,,,,,,,,,,,,,,,,2510171956,4
93bc343a1674b87a9c94751ba59a31ee,,Ngã tư Hàng Xanh,10.8013276,106.7110941,10.8012791,106.7111262,0.006411,146.97,8.1e-05,,0,,,1.0,A,1000.0,,,0,,,,1,,,50,,,,,,,,,,,,,1535,,,,,,,,,,,,,,,,2510171956,4
7f0b87707f8fd7691c1458fe16a5f054,,Ngô Gia Tự,10.7618189,106.6702758,10.7563976,106.666426,0.732736,214.9,0.009271,,0,,,1.0,A,2000.0,,,0,,,2.0,2,,50,50,tertiary,asphalt,,,,,,,,,,,16,,,,,,,,,,,,,,,,2510171956,4
a82b6cd023afa4cde99737b56ad45749,,Ngô Gia Tự,10.7565017,106.6664916,10.7585909,106.6679699,0.282042,34.81,0.003568,,0,,,1.0,A,1000.0,,,0,,,,1,,,50,,,,,,,,,,,,,10,,,,,,,,,,,,,,,,2510171956,4
83a73c9070e3700c76821aa355df03d9,,Lạc Long Quân,10.7617534,106.6421148,10.7832411,106.6506569,2.553842,21.33,0.03003,,0,,,1.0,A,1000.0,,,0,,,,1,,,50,,,,,,,,,,,,,11,,,,,,,,,,,,,,,,2510171956,4
e29478f607afdcf40384533ee444e45d,,Trường Chinh,10.7959135,106.647854,10.8339258,106.6206709,5.149336,324.92,0.065195,,0,,,1.0,A,1000.0,,,0,,,,1,,,50,,,,,,,,,,,,,477,,,,,,,,,,,,,,,,2510171956,4
a2a384a5d9ebe91eaeef7cef06f8e9fe,,Lạc Long Quân,10.7832411,106.6506569,10.7795043,106.6499053,0.421434,191.18,0.004488,,0,,,1.0,A,1000.0,,,0,,,,1,,,50,service,,,,,,,,,,,,14,,,,,,,,,,,,,,,,2510171956,4
379b3cd8c9b5927199db8d8e5854f5c0,,Tôn Thất Hiệp,10.7623556,106.6521869,10.7602645,106.6532907,0.260914,152.59,0.003195,,0,,,1.0,A,1000.0,,,0,,,,1,,,50,,,,,,,,,,,,,12,,,,,,,,,,,,,,,,2510171956,4
79037020ed90451ae530934b3fea8415,,Lạc Long Quân,10.7790801,106.6498852,10.767159,106.6426234,1.539343,210.9,0.019183,,0,,,1.0,A,1000.0,,,0,,,,1,,,50,residential,asphalt,,,,,,,,,,,12,,,,,,,,,,,,,,,,2510171956,4
573db5c9e513464ec598b4100d46964e,,Tản Đà,10.7510333,106.6646409,10.7548043,106.663899,0.424941,349.06,0.004513,,0,,,1.0,A,2000.0,,,0,,,2.0,2,,50,50,tertiary,asphalt,,,,,,,,,,,12,,,,,,,,,,,,,,,,2510171956,4
be434f6fcfd08bb95fd01faf85fc2b72,,Phan Văn Trị,10.8319624,106.6745438,10.8269605,106.6885765,1.631174,109.94,0.019035,,0,,,1.0,A,1000.0,,,0,,,,1,,,50,,,,,,,,,,,,,215,,,,,,,,,,,,,,,,2510171956,4
b6fb62baf6936c2ab4c2ff0a26544458,,Hàm Nghi,10.7711901,106.6991751,10.770794,106.7059931,0.746978,93.38,0.007214,,0,,,1.0,A,1000.0,,,0,,,,1,,,50,,,,,,,,,,,,,572,,,,,,,,,,,,,,,,2510171956,4
e91d050d81a15c1854aafa980d24fda9,,Hàn Hải Nguyên,10.7579867,106.6492826,10.7582635,106.6457587,0.386643,274.57,0.003801,,0,,,1.0,A,1000.0,,,0,,,,1,,,50,,,,,,,,,,,,,17,,,,,,,,,,,,,,,,2510171956,4
ee3a62132d60650c698f951d336fd4f7,,Lạc Long Quân,10.7742613,106.6477025,10.769814,106.6444321,0.608222,215.85,0.007718,,0,,,1.0,A,1000.0,,,0,,,,1,,,50,residential,asphalt,,,,,,,,,,,17,,,,,,,,,,,,,,,,2510171956,4
deb41e409d227136251629f2882ac34f,,Mai Chí Thọ,10.7784791,106.7322207,10.8012401,106.7529968,3.391367,41.88,0.043537,,0,,,1.0,A,1000.0,,,0,,,,1,,,50,,,,,,,,,,,,,3121,,,,,,,,,,,,,,,,2510171956,4
63912295e9183a9f8c702bb66225df24,,Phan Văn Trị,10.8269605,106.6885765,10.8112469,106.6954833,1.895143,156.65,0.02262,,0,,,1.0,A,1000.0,,,0,,,,1,,,50,,,,,,,,,,,,,16,,,,,,,,,,,,,,,,2510171956,4
5ee0b83e4d50b690d939cd4f48cb967e,,Võ Thị Sáu,10.7915641,106.6955574,10.7825478,106.6866724,1.392434,224.07,0.017901,,0,,,1.0,A,1000.0,,,0,,,,1,,,50,residential,asphalt,yes,,,,,,,,,,818,,,,,,,,,,,,,,,,2510171956,4
e60f6940bca29797062ec575599d5b16,,Phan Đình Phùng,10.7991177,106.6803031,10.7991862,106.6802718,0.008314,335.83,0.0001,,0,,,1.0,A,2000.0,,,0,,,2.0,2,,,50,primary,asphalt,yes,,,,,,,,,,14,,,,,,,,,,,,,,,,2510171956,4
a37ff905c949d234313f2d4a4630f960,,Võ Văn Ngân,10.851171,106.7550306,10.8497041,106.7710929,1.763768,95.31,0.017529,,0,,,1.0,A,1000.0,,,0,,,,1,,,50,,,,,,,,,,,,,12,,,,,,,,,,,,,,,,2510171956,4
ab4140bae34e4fa081cbfa58de1e6e37,,Hương lộ 10,10.6817688,106.5406723,10.681336,106.5412694,0.080989,126.41,0.00103,,0,,,1.0,A,1000.0,,,0,,,,1,,,50,,,,,,,,,,,,,13,,,,,,,,,,,,,,,,2510171956,4
ea5ba25b162c6aad49fd8a3d166ddde2,,Marie Curie,10.8786289,106.8017773,10.8788557,106.8000739,0.187918,277.72,0.00193,,0,,,1.0,A,1000.0,,,0,,,,1,,,50,service,,,,,,,,,,,,10,,,,,,,,,,,,,,,,2510171956,4
e3eef76fb76e773a3568b80626111e50,,Vòng xoay Phú Lâm,10.7540208,106.6340806,10.7539125,106.6340886,0.012011,175.85,0.000116,,0,,,1.0,A,3000.0,,,0,,,3.0,3,,,50,primary,asphalt,yes,,,,,,,,,,646,,,,,,,,,,,,,,,,2510171956,4
9565679cf45d1e51b610eb8e8adb7d36,,Võ Chí Công,10.769328,106.7748346,10.7655125,106.770577,0.628461,227.63,0.008073,,0,,,1.0,A,1000.0,,,0,,,,1,,,50,,,,,,,,,,,,,16,,,,,,,,,,,,,,,,2510171956,4
1e02704818257b22ec5f6c50b334b531,,Phan Đình Giót,10.8001795,106.6677637,10.8046866,106.6644615,0.615598,324.26,0.007809,,0,,,1.0,A,5000.0,,,0,,,5.0,5,,,50,primary,asphalt,yes,,,,,,,,,,8,,,,,,,,,,,,,,,,2510171956,4
bce0bcd0b07c77f83c3c0a0a490945dd,,Võ Thị Sáu,10.7823096,106.6864116,10.7785015,106.6826659,0.587581,224.02,0.007554,,0,,,1.0,A,1000.0,,,0,,,,1,,,50,primary_link,asphalt,yes,,,,,,,,,,510,,,,,,,,,,,,,,,,2510171956,4
df0613230b902b46a833311e4547b083,,Phan Văn Hớn,10.8274348,106.6249037,10.8389566,106.6008101,2.926668,295.96,0.035615,,0,,,1.0,A,1000.0,,,0,,,,1,,,50,,,,,,,,,,,,,1046,,,,,,,,,,,,,,,,2510171956,4
7c692a4ed7f729cff7177e77909d7d48,,Phạm Văn Đồng,10.838735,106.7363075,10.8200201,106.6917234,5.296568,246.86,0.063299,,0,,,1.0,A,2000.0,,,0,,,2.0,2,,50,50,primary,,yes,,,,,,,,,,2746,,,,,,,,,,,,,,,,2510171956,4
8d9b8cb589242f7e5e723eaf2a76477b,,Phan Đăng Lưu,10.8037891,106.687792,10.7993486,106.6803694,0.948773,238.66,0.011863,,0,,,1.0,A,1000.0,,,0,,,,1,,,50,residential,asphalt,,,,,,,,,,,36,,,,,,,,,,,,,,,,2510171956,4
4b75a324dd7eec04c8ac3738ff800766,,Phan Đăng Lưu,10.8025532,106.6965436,10.8032397,106.6845465,1.314193,273.34,0.012684,,0,,,1.0,A,1000.0,,,0,,,,1,,,50,,,,,,,,,,,,,11,,,,,,,,,,,,,,,,2510171956,4
aeecba4644144cf6e51cbee41b99a6a3,,Phú Hòa,10.7849204,106.6510434,10.7854926,106.6533302,0.257983,75.71,0.002859,,0,,,1.0,A,1000.0,,,0,,,,1,,,50,,,,,,,,,,,,,11,,,,,,,,,,,,,,,,2510171956,4
8671eab9c97cddbedfe5dc438a58d736,,Phó Cơ Điều,10.7620243,106.6570028,10.7575292,106.657093,0.497314,178.87,0.004585,,0,,,1.0,A,1000.0,,,0,,,,1,,,50,,,,,,,,,,,,,560,,,,,,,,,,,,,,,,2510171956,4
5dcb49eb56272f22e7b44f699bc23285,,Võ Văn Kiệt,10.7503613,106.6692116,10.7491553,106.6606556,0.945304,261.84,0.009762,,0,,,1.0,A,1000.0,,,0,,,,1,,,50,,,,,,,,,,,,,894,,,,,,,,,,,,,,,,2510171956,4
b4bf24f08221cf29789dd8670dd2c61a,,Xa Lộ Hà Nội,10.8633078,106.7965925,10.8010884,106.7392519,9.310246,222.16,0.11956,,0,,,1.0,A,3000.0,,,0,,,3.0,3,,,50,trunk,asphalt,yes,,,,,,,,,,5362,,,,,,,,,,,,,,,,2510171956,4
033917c1a30a4170547643656b2e2087,,Kênh Tân Hoá,10.7693744,106.6355574,10.7786413,106.6399809,1.133476,25.12,0.01369,,0,,,1.0,A,2000.0,,,0,,,2.0,2,,50,50,tertiary,asphalt,yes,,,,,,,,,,11,,,,,,,,,,,,,,,,2510171956,4
341de1ab3fb1a61a645de1effd334e85,,Xuân Diệu,10.7954312,106.6557557,10.7955147,106.655546,0.024723,292.07,0.000293,,0,,,1.0,A,2000.0,,,0,,,2.0,2,,,50,primary,asphalt,yes,,,,,,,,,,171,,,,,,,,,,,,,,,,2510171956,4
92f1cb670876b54073fe61492ce5ff52,,Xa lộ Hà Nội,10.8069194,106.7548299,10.8045382,106.7521024,0.397924,228.37,0.005109,,0,,,1.0,A,1000.0,,,0,,,,1,,,50,,,,,,,,,,,,,2224,,,,,,,,,,,,,,,,2510171956,4
51717c26bcfe2b2fa0c1ca30b5a7b48d,,Phạm Văn Đồng,10.8196001,106.6902882,10.837129,106.7326464,5.021333,67.15,0.059887,,0,,,1.0,A,1000.0,,,0,,,,1,,,50,,,,,,,,,,,,,435,,,,,,,,,,,,,,,,2510171956,4
b3d2dfe0fb15f1fe7380b3d98be8ba80,,Xô Viết Nghệ Tĩnh,10.7924505,106.707195,10.8011855,106.7113752,1.068899,25.18,0.012915,,0,,,1.0,A,2000.0,,,0,,,2.0,2,,,50,primary,asphalt,yes,,,,,,,,,,16,,,,,,,,,,,,,,,,2510171956,4
664dcdfef1d5aec1a2702489cef533a1,,Xa Lộ Hà Nội,10.8000814,106.7343734,10.8019073,106.7457465,1.260056,80.72,0.013199,,0,,,1.0,A,1000.0,,,0,,,,1,,,50,,,,,,,,,,,,,6403,,,,,,,,,,,,,,,,2510171956,4
669b4f82a96054836defd912dade0401,,Phạm Văn Đồng,10.8414243,106.7439592,10.8529635,106.7511033,1.496459,31.3,0.018683,,0,,,1.0,A,1000.0,,,0,,,,1,,,50,,,,,,,,,,,,,1963,,,,,,,,,,,,,,,,2510171956,4
638538a3f8bc9ee1a68b934ca3ca6d79,,Cầu Tư Dinh,10.728864,106.6980017,10.728815,106.6963878,0.176622,268.23,0.001663,,0,,,1.0,A,1000.0,,,0,,,,1,,,50,,,,,,,,,,,,,2329,,,,,,,,,,,,,,,,2510171956,4
cfee41269e100ac72dee07e16c1b7ab4,,Trần Não,10.7916195,106.7303648,10.7992203,106.7334587,0.90628,21.79,0.010695,,0,,,1.0,A,1000.0,,,0,,,,1,,,50,residential,asphalt,,,,,,,,,,,150,,,,,,,,,,,,,,,,2510171956,4
83eff32d809455af93e472143bd22c95,,Phường 7,10.7646858,106.6615305,10.7646858,106.6615305,0.0,0.0,0.0,,0,,,1.0,A,1000.0,,,0,,,,1,,,50,residential,concrete,yes,,,,,,,,,,15,,,,,,,,,,,,,,,,2510171956,4
1e451e288c8c3755f9b6d46f70b02cb3,,Đướng Nguyễn Hữu Cảnh,10.7980288,106.720103,10.7979697,106.7201402,0.0077,148.27,9.6e-05,,0,,,1.0,A,1000.0,,,0,,,,1,,,50,,,,,,,,,,,,,908,,,,,,,,,,,,,,,,2510171956,4
5e86fb51589ef18b6d58b7da9e4e479a,,Phạm Văn Đồng,10.8212703,106.6975926,10.8370873,106.7325701,4.205951,65.28,0.050795,,0,,,1.0,A,1000.0,,,0,,,,1,,,50,,,,,,,,,,,,,2158,,,,,,,,,,,,,,,,2510171956,4
1c06c9b1c35e32e20617999cff375488,,Phường An Phú,10.8094109,106.7557929,10.8097169,106.7560287,0.042551,37.12,0.000542,,0,,,1.0,A,3000.0,,,0,,,3.0,3,,80,80,trunk,asphalt,yes,,,,,,no,,,,1650,,,,,,,,,,,,,,,,2510171956,4
f1469859905d62780f9d5b0fe682cbf3,,Trịnh Đình Trọng,10.7760645,106.6384349,10.7751926,106.6464389,0.880689,96.33,0.008876,,0,,,1.0,A,2000.0,,,0,,,2.0,2,,,50,tertiary,asphalt,,,,,,,,,,,263,,,,,,,,,,,,,,,,2510171956,4
361b4883e8c6ea8df1ebd9a0d1142a31,,Xuân Thới 15,10.8691692,106.5938542,10.8689519,106.5939939,0.028479,147.73,0.000357,,0,,,1.0,A,1000.0,,,0,,,,1,,,50,residential,,,,,,,,,,,,7,,,,,,,,,,,,,,,,2510171956,4
97c4f983400827786f0659eb490f748d,,Xa Lộ Hà Nội,10.8458797,106.7715847,10.8584028,106.7887514,2.332834,53.39,0.02969,,0,,,1.0,A,1000.0,,,0,,,,1,,,50,,,,,,,,,,,,,1946,,,,,,,,,,,,,,,,2510171956,4
975c85b47b815aa04433b78ed295926e,,Phường Tam Phú,10.8636069,106.7454594,10.8635251,106.7455177,0.011068,145.01,0.00014,,0,,,1.0,A,2000.0,,,0,,,2.0,2,,,50,tertiary,asphalt,,,,,,,,,,,2,,,,,,,,,,,,,,,,2510171956,4
b4ef1b7c4e9d2bf3a2655c4d7bc5568a,,Phường Hiệp Bình Phước,10.8410074,106.7045433,10.8412473,106.7050813,0.064536,65.58,0.000778,,0,,,1.0,A,1000.0,,,0,,,,1,,,50,,,,,,,,,,,,,12,,,,,,,,,,,,,,,,2510171956,4
56d749878949f252ab47fce853218434,,Đường 3 Tháng 2,10.767686,106.6667965,10.7579254,106.6489673,2.228978,240.87,0.02759,,0,,,1.0,A,1000.0,,,0,,,,1,,,50,,,,,,,,,,,,,1752,,,,,,,,,,,,,,,,2510171956,4
7d4400e9fe7176de2fd55c2b14033228,,Xã Đông Thạnh,10.8857251,106.6282581,10.8856777,106.6282883,0.006196,147.97,7.8e-05,,0,,,1.0,A,1000.0,,,0,,,,1,,,50,,,,,,,,,,,,,16,,,,,,,,,,,,,,,,2510171956,4
e83406fd0f1dc9a20354bbdb7bf8535c,,Phường Thảo Điền,10.8005193,106.7293575,10.8025976,106.7464095,1.878923,82.93,0.01913,,0,,,1.0,A,2000.0,,,0,,,2.0,2,,60,60,secondary,asphalt,yes,,,,,,,,,,711,,,,,,,,,,,,,,,,2510171956,4
e5b84819c6a7788684b0a8577fe6ef97,,Xóm Củi,10.746712,106.6605461,10.7467638,106.6605397,0.005772,353.08,5.8e-05,,0,,,1.0,A,1000.0,,,0,,,,1,,,50,,,,,,,,,,,,,11,,,,,,,,,,,,,,,,2510171956,4
89610f622ce413b575606101ef1063c9,,Trần Quốc Toản,10.7893494,106.6892673,10.7831971,106.6863082,0.753556,205.29,0.009111,,0,,,1.0,A,1000.0,,,0,,,,1,,,50,,,,,,,,,,,,,15,,,,,,,,,,,,,,,,2510171956,4
f2b9e01aa16f341cced2e96d0714ff2f,,Phạm Phú Thứ,10.7444878,106.6438571,10.7897886,106.6466566,5.020205,3.47,0.0481,,0,,,1.0,A,1000.0,,,0,,,,1,,,50,,,,,,,,,,,,,0,,,,,,,,,,,,,,,,2510171956,4
66c08a73a2cf82eaa5ad8644dab4e87c,,Tân Kỳ Tân Quý,10.7994476,106.6193962,10.7916934,106.6052666,1.76733,240.81,0.021884,,0,,,1.0,A,1000.0,,,0,,,,1,,,50,,,,,,,,,,,,,15,,,,,,,,,,,,,,,,2510171956,4
5d8a3e5f7b17ba513395f8a6a4150cc2,,Âu Dương Lân,10.7482816,106.6817654,10.7479796,106.6819277,0.037829,152.17,0.000464,,0,,,1.0,A,1000.0,,,0,,,,1,,,50,,,,,,,,,,,,,15,,,,,,,,,,,,,,,,2510171956,4
bcdfbeb63259abe653c415f33f8e1fb7,,Ðiện Biên Phủ,10.78553,106.6927956,10.7780742,106.685171,1.172818,225.13,0.01508,,0,,,1.0,A,1000.0,,,0,,,,1,,,50,,,,,,,,,,,,,16,,,,,,,,,,,,,,,,2510171956,4
9fe2681384cc7911bbe192c9dbe7a28b,,Phạm Văn Bạch,10.8138819,106.6330654,10.8374497,106.6464179,2.987966,29.09,0.03692,,0,,,1.0,A,1000.0,,,0,,,,1,,,50,,,,,,,,,,,,,11,,,,,,,,,,,,,,,,2510171956,4
2ee54e5ee76e59ff3f929020cdb1aca7,,Ông Ích Khiêm,10.7665422,106.6430415,10.7665527,106.6429996,0.004728,284.31,5.2e-05,,0,,,1.0,A,2000.0,,,0,,,2.0,2,,,50,secondary,asphalt,,,,,,,,,,,27,,,,,,,,,,,,,,,,2510171956,4
b6b6f2553a423b0cca086a375421206a,,Xa Lộ Hà Nội,10.8336803,106.7646754,10.8030754,106.7498148,3.755153,205.5,0.045466,,0,,,1.0,A,1000.0,,,0,,,,1,,,50,,,,,,,,,,,,,1233,,,,,,,,,,,,,,,,2510171956,4
54e32883329e208e3adcde2159105a68,,Đinh Tiên Hoàng,10.7918339,106.6958731,10.7858782,106.7024674,0.976778,132.6,0.01255,,0,,,1.0,A,1000.0,,,0,,,,1,,,50,residential,,,,,,,,,,,,1077,,,,,,,,,,,,,,,,2510171956,4
a2e04d8967f8dce219471f2da22f5c7e,,Điện Biên Phủ,10.7973168,106.7040931,10.7938821,106.7008614,0.518894,222.75,0.006666,,0,,,1.0,A,3000.0,,,0,,,3.0,3,,60,60,primary,asphalt,yes,,,,,,,,,,3563,,,,,,,,,,,,,,,,2510171956,4
2b065232c5b3ce59f240ba6117083449,,Phạm Văn Đồng,10.8701199,106.7633832,10.8641108,106.7571974,0.948281,225.31,0.012195,,0,,,1.0,A,1000.0,,,0,,,,1,,,50,residential,,,,,,,,,,,,11,,,,,,,,,,,,,,,,2510171956,4
73318dff2dc6874661d0bafd247488a4,,Phạm Văn Chiêu,10.8541753,106.665484,10.8523298,106.6602254,0.610145,250.34,0.007104,,0,,,1.0,A,2000.0,,,0,,,2.0,2,,,50,secondary,asphalt,,,,,,,,,,,10,,,,,,,,,,,,,,,,2510171956,4
9d130c830bfd99fbe740630fa2a717f9,,Phạm Văn Đồng,10.8575701,106.7518877,10.849516,106.7489666,0.946417,199.61,0.010975,,0,,,1.0,A,1000.0,,,0,,,,1,,,50,residential,,,,,,,,,,,,11,,,,,,,,,,,,,,,,2510171956,4
b562b9ecd5bab3e0952cb15cc47e6a33,,Bà Hom,10.7546911,106.6313514,10.754722,106.6311219,0.025334,277.8,0.00026,,0,,,1.0,A,1000.0,,,0,,,,1,,,50,service,,,,,,,,,,,,16,,,,,,,,,,,,,,,,2510171956,4
6b2c88b561aea1b33901f3e7621609a6,,Phạm Văn Đồng,10.8641108,106.7571974,10.8575701,106.7518877,0.927622,218.56,0.01185,,0,,,1.0,A,1000.0,,,0,,,,1,,,50,,,,,,,,,,,,,15,,,,,,,,,,,,,,,,2510171956,4
89de86f0ef58b4a28077676eaf55c3f9,,Đường D4,10.7452196,106.6957773,10.7452248,106.6957332,0.004858,276.84,4.9e-05,,0,,,1.0,A,1000.0,,,0,,,,1,,,50,,,,,,,,,,,,,15,,,,,,,,,,,,,,,,2510171956,4
d71dd5fac508e54d226b3a5e3a350cea,,3 Tháng 2,10.7637713,106.6597513,10.7659517,106.6640311,0.526575,62.59,0.00646,,0,,,1.0,A,1000.0,,,0,,,,1,,,50,,,,,,,,,,,,,15,,,,,,,,,,,,,,,,2510171956,4
32b80d1aeaf4553bffede0224626add8,,Đường số 12,10.8159526,106.7573234,10.8100275,106.756146,0.667923,191.04,0.007103,,0,,,1.0,A,1000.0,,,0,,,,1,,,50,,,,,,,,,,,,,5930,,,,,,,,,,,,,,,,2510171956,4
60111468ab13d6f1c26b24f74a398e82,,Đường Hàn Hải Nguyên,10.7580377,106.6496262,10.757963,106.6489515,0.074257,263.57,0.000749,,0,,,1.0,A,2000.0,,,0,,,2.0,2,,,50,residential,asphalt,,,,,,,,,,,12,,,,,,,,,,,,,,,,2510171956,4
03623143fab66f59fb8fe2674244cb4e,,Phạm Văn Đồng,10.8154234,106.6814749,10.8212703,106.6975926,1.877446,69.73,0.021965,,0,,,1.0,A,1000.0,,,0,,,,1,,,50,,,,,,,,,,,,,939,,,,,,,,,,,,,,,,2510171956,4
009528b570653dd88b93383f92785323,,Đường A,10.7495269,106.5938427,10.7495472,106.5939152,0.008242,74.09,9.3e-05,,0,,,1.0,A,1000.0,,,0,,,,1,,,50,,,,,,,,,,,,,1140,,,,,,,,,,,,,,,,2510171956,4
86163a5b85f5781a1a097719e51b4386,,Phạm Văn Đồng,10.8185142,106.6869633,10.8367273,106.7316781,5.28836,67.47,0.062928,,0,,,1.0,A,1000.0,,,0,,,,1,,,50,residential,,,,,,,,,,,,1137,,,,,,,,,,,,,,,,2510171956,4
20ca31c84c747b68760945e40693c888,,3 Tháng 2,10.7674299,106.6665142,10.766037,106.6639913,0.316037,240.66,0.003916,,0,,,1.0,A,1000.0,,,0,,,,1,,,50,residential,concrete,,,,,,,,,,,878,,,,,,,,,,,,,,,,2510171956,4
5c004ea2ebb15c29edb255aed69fafd1,,Phạm Văn Đồng,10.8402083,106.7418062,10.8380903,106.7343264,0.850782,253.92,0.009598,,0,,,1.0,A,1000.0,,,0,,,,1,,,50,residential,,,,,,,,,,,,12,,,,,,,,,,,,,,,,2510171956,4
aab2cd3298bfd52af9f00a38ef2e5f6a,,An Phú Đông,10.8581333,106.6884983,10.8580682,106.688522,0.007653,160.33,8.9e-05,,0,,,1.0,A,1000.0,,,0,,,,1,,,50,tertiary,,,,,,,,,,,,19,,,,,,,,,,,,,,,,2510171956,4
8b17cd945b85bbcd43656e3bf38630fb,,Đường Cao tốc Tp. Hồ Chí Minh-Long Thành-Dầu Giây,10.7859271,106.8534308,10.7963832,106.7909752,6.927609,279.68,0.072912,,0,,,1.0,A,2000.0,,,0,,,2.0,2,,120,120,motorway,asphalt,yes,,CT.29,,,,,,,,32248,,,,,,,,,,,,,,,,2510171956,4
87abcf45fa37e93b1ac1705e99397893,,An Phú Đông 10,10.8576365,106.6962199,10.8565038,106.6964506,0.127806,168.69,0.001363,,0,,,1.0,A,1000.0,,,0,,,,1,,,50,residential,,,,,,,,,,,,7,,,,,,,,,,,,,,,,2510171956,4
7d7423620b02bdbc2d5f2f733f73ce30,,Hai Bà Trưng,10.7916908,106.6871714,10.7821327,106.6989225,1.664159,129.62,0.021309,,0,,,1.0,A,2000.0,,,0,,,2.0,2,,,50,tertiary,asphalt,yes,,,,,,,,,,1941,,,,,,,,,,,,,,,,2510171956,4
cad174e4d6df2d4a182ee087bceaa960,,Bàu Cát,10.7922881,106.6429867,10.7929669,106.6410455,0.225183,289.59,0.00262,,0,,,1.0,A,1000.0,,,0,,,,1,,,50,,,,,,,,,,,,,580,,,,,,,,,,,,,,,,2510171956,4
4dbd824cfd5c8482767ec70bad40b790,,Đường D1,10.8578972,106.7878255,10.8579871,106.7879739,0.019031,58.33,0.000238,,0,,,1.0,A,1000.0,,,0,,,,1,,,50,,,,,,,,,,,,,15,,,,,,,,,,,,,,,,2510171956,4
364573706454b6977a6ae34b10f00b3c,,Bình Thới,10.7636884,106.643989,10.7628698,106.6422657,0.209105,244.2,0.002542,,0,,,1.0,A,1000.0,,,0,,,,1,,,50,,,,,,,,,,,,,16,,,,,,,,,,,,,,,,2510171956,4
fee33ae4b742737a9c531680f3ca0eda,,Quang Trung,10.844692,106.6397062,10.8350079,106.6634568,2.809279,112.54,0.033435,,0,,,1.0,A,2000.0,,,0,,,2.0,2,,,50,primary,asphalt,yes,,,,,,,,,,2,,,,,,,,,,,,,,,,2510171956,4
262cbdf1777be39dabf6d19c07b9a079,,Quận Tân Bình,10.7902723,106.6523466,10.8117157,106.6648526,2.737977,29.81,0.033949,,0,,,1.0,A,3000.0,,,0,,,3.0,3,,,50,primary,,yes,,,,,,,,,,615,,,,,,,,,,,,,,,,2510171956,4
1e1e73a5851e5963e4ea83aa60ceacce,,Quang Trung,10.8299958,106.6706701,10.835952,106.6605258,1.290168,300.87,0.0161,,0,,,1.0,A,2000.0,,,0,,,2.0,2,,,50,primary,asphalt,yes,,,,,,,,,,1116,,,,,,,,,,,,,,,,2510171956,4
43a99183d8178e3e85913a10ba11a473,,Quang Trung,10.8430788,106.6419808,10.8374889,106.6544376,1.495873,114.55,0.018047,,0,,,1.0,A,2000.0,,,0,,,2.0,2,,,50,primary,asphalt,yes,,,,,,,,,,18,,,,,,,,,,,,,,,,2510171956,4
f5175d15ddba119b025d41f4d096e548,,Đường N,10.7246478,106.7159815,10.7255698,106.715968,0.101996,359.18,0.000935,,0,,,1.0,A,1000.0,,,0,,,,1,,,50,,,,,,,,,,,,,11,,,,,,,,,,,,,,,,2510171956,4
1354c8e84b5f5d86e5797795fed1960f,,Bưng Ông Thoàn,10.8139216,106.7973612,10.8144883,106.7970824,0.069706,334.21,0.000846,,0,,,1.0,A,1000.0,,,0,,,,1,,,50,,,,,,,,,,,,,0,,,,,,,,,,,,,,,,2510171956,4
0850d9a408a4b73193f8810b916dadfa,,Quốc lộ 1,10.8666505,106.7915871,10.8752124,106.748644,4.78974,281.48,0.051505,,0,,,1.0,A,1000.0,,,0,,,,1,,,50,residential,,,,,,,,,,,,7,,,,,,,,,,,,,,,,2510171956,4
5021b61f8fd013c5b28a199274d109ce,,Bưng Ông Thòan,10.828493,106.7887386,10.8287562,106.7885591,0.035112,326.18,0.000443,,0,,,1.0,A,1000.0,,,0,,,,1,,,50,tertiary,asphalt,,,,,,,,,,,4,,,,,,,,,,,,,,,,2510171956,4
cc1d86bb87c5524e4955e9b1a4789021,,Đường Lãnh Binh Thăng,10.7620808,106.6568525,10.7621391,106.6567535,0.012603,300.94,0.000157,,0,,,1.0,A,1000.0,,,0,,,,1,,,50,,,,,,,,,,,,,15,,,,,,,,,,,,,,,,2510171956,4
1e8dcc83952c7dc465992aac257443b6,,Bạch Đằng,10.8143903,106.6785067,10.8029569,106.710341,3.703917,110.08,0.043268,,0,,,1.0,A,1000.0,,,0,,,,1,,,50,,,,,,,,,,,,,167,,,,,,,,,,,,,,,,2510171956,4
3850c4334caa1fa9eb43a8b80bc98479,,Quận 8,10.7493268,106.6881377,10.7490054,106.6882437,0.037394,162.05,0.000427,,0,,,1.0,A,2000.0,,,0,,,2.0,2,,50,50,primary,asphalt,yes,,,yes,,,,,,,2547,,,,,,,,,,,,,,,,2510171956,4
1b700efd8e0f220ad9b583736e491cb3,,Đường Lý Thường Kiệt,10.7778843,106.6559639,10.773825,106.6615589,0.758986,126.45,0.009654,,0,,,1.0,A,1000.0,,,0,,,,1,,,50,tertiary,asphalt,,,,,,,,,,,30,,,,,,,,,,,,,,,,2510171956,4
713f24a96774378b930e47fb262fcac2,,Quốc lộ 22,10.86564,106.6000503,10.8704157,106.5966668,0.644911,325.17,0.008159,,0,,,1.0,A,2000.0,,,0,,,2.0,2,,,50,residential,asphalt,,,,,,,,,,,4,,,,,,,,,,,,,,,,2510171956,4
b742e1d71e699d94790e1193f8662294,,Sư Van Hạnh,10.7575965,106.6738445,10.7589142,106.6735498,0.149276,347.61,0.001612,,0,,,1.0,A,1000.0,,,0,,,,1,,,50,,,,,,,,,,,,,6,,,,,,,,,,,,,,,,2510171956,4
44e91f11a43e9dfdbe7c1eb4c0c12b82,,Lý Thường Kiệt,10.7571594,106.6618976,10.765485,106.6595662,0.955571,344.62,0.010657,,0,,,1.0,A,1000.0,,,0,,,,1,,,50,tertiary,asphalt,yes,,,,,,,,,,13,,,,,,,,,,,,,,,,2510171956,4
c3558babbf99dd4193c778d95caeadb1,,Hẻm 373 Lý Thường Kiệt,10.7790549,106.6503541,10.7799875,106.6539968,0.411534,75.39,0.004575,,0,,,1.0,A,1000.0,,,0,,,,1,,,50,service,,,,,,,,,,,,15,,,,,,,,,,,,,,,,2510171956,4
292a3feab9327edd0394ed3845c696e4,,Đường số 1,10.7443078,106.6957432,10.8671265,106.7881544,16.932006,36.46,0.21523,,0,,,1.0,A,2000.0,,,0,,,2.0,2,,50,50,secondary,asphalt,yes,,,,,,,,,,45,,,,,,,,,,,,,,,,2510171956,4
c68748ce02047283148440e0db8245b0,,Quốc lộ 1,10.8706221,106.7733958,10.8666505,106.7915871,2.036897,102.53,0.022163,,0,,,1.0,A,1000.0,,,0,,,,1,,,50,,,,,,,,,,,,,1655,,,,,,,,,,,,,,,,2510171956,4
046f52bf7e18ec415ae154d42c669d40,,Quốc lộ 1,10.8671103,106.7887782,10.8706221,106.7733958,1.726121,283.09,0.018894,,0,,,1.0,A,1000.0,,,0,,,,1,,,50,,,,,,,,,,,,,2815,,,,,,,,,,,,,,,,2510171956,4
52cc6bcdac41f864a20b084fc36f9db3,,Đường Nguyễn Trãi,10.7711638,106.6930476,10.7529979,106.6588732,4.243675,241.59,0.05234,,0,,,1.0,A,1000.0,,,0,,,,1,,,50,,,,,,,,,,,,,17,,,,,,,,,,,,,,,,2510171956,4
d1353b9f804072b489f953c63f1b591e,,Cao tốc TP. Hồ Chí Minh - Long Thành - Dầu Giây,10.792934,106.8117098,10.794041,106.8052263,0.71955,279.86,0.007591,,0,,,1.0,A,1000.0,,,0,,,,1,,,50,,,,,,,,,,,,,24401,,,,,,,,,,,,,,,,2510171956,4
0a11ca5d07cee6f0267dba8f752769c9,,Quốc lộ 13,10.8513034,106.7200233,10.8180299,106.7132132,3.755078,191.37,0.040084,,0,,,1.0,A,2000.0,,,0,,,2.0,2,,,50,trunk,asphalt,yes,,QL.13,yes,,,,yes,,,14,,,,,,,,,,,,,,,,2510171956,4
92e19a071fbcba571548cd78247e6b2a,,Cầu Rạch Chiếc 2,10.8139606,106.7570201,10.8099928,106.7562309,0.447297,191.05,0.004757,,0,,,1.0,A,1000.0,,,0,,,,1,,,50,,,,,,,,,,,,,3863,,,,,,,,,,,,,,,,2510171956,4
5b068f2599657f98ab48176a2693afd4,,Quốc lộ 1K,10.8828952,106.7701845,10.8746157,106.765511,1.048724,209.0,0.012953,,0,,,1.0,A,3000.0,,,0,,,3.0,3,,,50,primary,asphalt,yes,,QL.1K,,,,,,,,16,,,,,,,,,,,,,,,,2510171956,4
12af608c38e4c1fd02ec4ad583e7702c,,Đường Phạm Văn Đổng,10.8139646,106.6791508,10.8193249,106.6899702,1.323405,63.23,0.01618,,0,,,1.0,A,1000.0,,,0,,,,1,,,50,,,,,,,,,,,,,2006,,,,,,,,,,,,,,,,2510171956,4
6e31e82e1b38c60c5466903c8cb2e499,,Trường Chinh,10.7984865,106.6430538,10.8284986,106.6246086,3.884496,328.88,0.048457,,0,,,1.0,A,1000.0,,,0,,,,1,,,50,,,,,,,,,,,,,14,,,,,,,,,,,,,,,,2510171956,4
d46b643247d74c11a53fe9372275429f,,Cầu Sài Gòn 1,10.7997621,106.7319201,10.7981356,106.7225975,1.035281,259.93,0.010949,,0,,,1.0,A,1000.0,,,0,,,,1,,,50,,,,,,,,,,,,,4442,,,,,,,,,,,,,,,,2510171956,4
34d8285718521b3c88cc4a9bf1f44ba4,,Trịnh Phong Đáng,10.8670888,106.7575192,10.8663263,106.7546708,0.322653,254.75,0.003611,,0,,,1.0,A,2000.0,,,0,,,2.0,2,,,50,tertiary,asphalt,,,,,,,,,,,0,,,,,,,,,,,,,,,,2510171956,4
6b24d4fe1eb93ff1c5e718a5f00f1eb8,,Quốc lộ 22,10.8434511,106.6149314,10.8575697,106.6057733,1.855175,327.5,0.023277,,0,,,1.0,A,1000.0,,,0,,,,1,,,50,,,,,,,,,,,,,990,,,,,,,,,,,,,,,,2510171956,4
251fd401a7019af05b00a105df374d97,,Hẻm 506 Lạc Long Quân,10.7711649,106.6460379,10.7705706,106.6472103,0.144095,117.29,0.001767,,0,,,1.0,A,2000.0,,,0,,,2.0,2,,,50,secondary,asphalt,yes,,,,,,,,,,4,,,,,,,,,,,,,,,,2510171956,4
1184d7a8983d26d2dfdf9a31af40a31d,,Nam Kỳ Khởi Nghĩa,10.7898473,106.683905,10.781312,106.6931176,1.38076,133.32,0.017748,,0,,,1.0,A,1000.0,,,0,,,,1,,,50,,,,,,,,,,,,,121,,,,,,,,,,,,,,,,2510171956,4
7ca45791104af98adf0106382bd6ddd5,,Nguyễn Hoàng,10.801925,106.7438952,10.8017112,106.7439955,0.026069,155.26,0.000314,,0,,,1.0,A,1000.0,,,0,,,,1,,,50,,,,,,,,,,,,,13,,,,,,,,,,,,,,,,2510171956,4
edd04a4ad93a14c44c8817dc0837f268,,Thuận Kiều,10.7552474,106.6584197,10.7552474,106.6584197,0.0,0.0,0.0,,0,,,1.0,A,1000.0,,,0,,,,1,,,50,,,,,,,,,,,,,11,,,,,,,,,,,,,,,,2510171956,4
bcbced11f42b439c245dea1d61eb96f7,,Gò Dưa,10.8691182,106.73608,10.8665765,106.7267906,1.053859,254.43,0.011831,,0,,,1.0,A,1000.0,,,0,,,,1,,,50,,,,,,,,,,,,,15,,,,,,,,,,,,,,,,2510171956,4
954bf983171d22823fca228e1460eaa6,,Thân Nhân Trung,10.8023976,106.6423382,10.8029475,106.6424147,0.061399,7.78,0.000626,,0,,,1.0,A,1000.0,,,0,,,,1,,,50,,,,,,,,,,,,,12,,,,,,,,,,,,,,,,2510171956,4
e46d360f9cb75d169efce5ca305ca559,,Kha Vạn Cân,10.8416342,106.7466044,10.8487665,106.7531191,1.062941,41.89,0.013647,,0,,,1.0,A,2000.0,,,0,,,2.0,2,,,50,secondary,asphalt,,,,,,,,,,,15,,,,,,,,,,,,,,,,2510171956,4
98633ad0fc5093fe3208463dd3710a09,,Ngô Quyền,10.7613478,106.6650929,10.756629,106.6661917,0.535618,167.11,0.005818,,0,,,1.0,A,1000.0,,,0,,,,1,,,50,,,,,,,,,,,,,10,,,,,,,,,,,,,,,,2510171956,4
02801c1189be755f389cb2ec3b613531,,Đại lộ Bình Dương,10.8690532,106.7145929,10.8882744,106.7005934,2.619761,324.43,0.033221,,0,,,1.0,A,3000.0,,,0,,,3.0,3,,,50,trunk,asphalt,yes,,QL.13,yes,,,,yes,,,5,,,,,,,,,,,,,,,,2510171956,4
295d4adfd20e4e1fd791b42819f8d8c0,,Xa Lộ Hà Nội,10.8685319,106.804085,10.8752397,106.810076,0.989738,41.25,0.012699,,0,,,1.0,A,1000.0,,,0,,,,1,,,50,,,,,,,,,,,,,14,,,,,,,,,,,,,,,,2510171956,4
45afa7299dcd2a6ec8ea88afb77511a8,,Xa Lộ Hà Nội,10.8453128,106.7715728,10.8329768,106.7645442,1.566081,209.23,0.019365,,0,,,1.0,A,1000.0,,,0,,,,1,,,50,,,,,,,,,,,,,10,,,,,,,,,,,,,,,,2510171956,4
6989a713b71ab4d11d83bf019852bb1a,,Xa lộ Hà Nội,10.8557659,106.7838587,10.8069194,106.7548299,6.266524,210.27,0.077875,,0,,,1.0,A,2000.0,,,0,,,2.0,2,,60,60,trunk,asphalt,yes,,,,,,,yes,,,3340,,,,,,,,,,,,,,,,2510171956,4
a753b1bdb2fdfddde889ea1af3400b15,,Hà Huy Giáp,10.8846445,106.6812882,10.8671779,106.679258,1.944756,186.51,0.019497,,0,,,1.0,A,1000.0,,,0,,,,1,,,50,,,,,,,,,,,,,14,,,,,,,,,,,,,,,,2510171956,4
a43c875d037878930e511a35276bd2f7,,cầu vượt vào sân bay,10.8101615,106.6648834,10.8122766,106.6650353,0.234547,4.04,0.002267,,0,,,1.0,A,1000.0,,,0,,,,1,,,50,,,,,,,,,,,,,12,,,,,,,,,,,,,,,,2510171956,4
c71aeea884dc236f879d78a875a8499b,,Phạm Hồng Thái,10.7712522,106.6938843,10.7711253,106.6963858,0.273951,92.96,0.002628,,0,,,1.0,A,1000.0,,,0,,,,1,,,50,,,,,,,,,,,,,352,,,,,,,,,,,,,,,,2510171956,4
a9cfcde1223c9981233b1fa047c080c0,,Nguyễn Văn Lượng,10.8384914,106.6799748,10.8386842,106.6659911,1.529219,270.81,0.014176,,0,,,1.0,A,2000.0,,,0,,,2.0,2,,,50,tertiary,asphalt,yes,,,,,,,,,,15,,,,,,,,,,,,,,,,2510171956,4
a828dad6ef44da85028cdabab924f10c,,Hai Bà Trưng,10.7821327,106.6989225,10.78789,106.6919402,0.994325,310.01,0.01274,,0,,,1.0,A,1000.0,,,0,,,,1,,,50,,,,,,,,,,,,,0,,,,,,,,,,,,,,,,2510171956,4
892c20f6a6a2ead0bf7efc87233b05e8,,Đi ga quốc tế,10.8130678,106.6650669,10.8144166,106.6652668,0.150788,8.28,0.001549,,0,,,1.0,A,4000.0,,,0,,,4.0,4,,60,60,primary,asphalt,yes,,,,,,,,,,12,,,,,,,,,,,,,,,,2510171956,4
7b5f63e6f2a62d406ff0994f07ad748c,,Nguyễn Văn Quỳ,10.7432943,106.7405148,10.7383028,106.7313895,1.140671,240.89,0.014117,,0,,,1.0,A,2000.0,,,0,,,2.0,2,,,50,trunk,,yes,,,yes,,,,,,,5844,,,,,,,,,,,,,,,,2510171956,4
781c8b16c457964f56e5df5fe4d2fe98,,Đường D2,10.8011202,106.6193571,10.8012387,106.6193967,0.013805,18.17,0.000158,,0,,,1.0,A,1000.0,,,0,,,,1,,,50,,,,,,,,,,,,,10,,,,,,,,,,,,,,,,2510171956,4
24448e059d6d78bd72ea442a2f0350d4,,Quốc lộ 1,10.8741188,106.7474536,10.7226708,106.6008754,23.186079,223.57,0.298026,,0,,,1.0,A,1000.0,,,0,,,,1,,,50,,,,,,,,,,,,,15,,,,,,,,,,,,,,,,2510171956,4
a25cddb3055d03469e0df03c4b4e7b74,,Hiệp Bình,10.8374629,106.7327377,10.8450502,106.7284891,0.959258,331.19,0.011836,,0,,,1.0,A,1000.0,,,0,,,,1,,,50,residential,,,,,,,,,,,,117,,,,,,,,,,,,,,,,2510171956,4
f022a7d9fd692cd2af3ead98c7582eee,,Nguyễn Ảnh Thủ,10.8552391,106.6071961,10.8551791,106.6071458,0.008619,219.47,0.00011,,0,,,1.0,A,2000.0,,,0,,,2.0,2,,,50,secondary,,,,,,,,,,,,20,,,,,,,,,,,,,,,,2510171956,4
71f93cf8ea9aaf48105f9b0698e6d2d9,,Tô Hiến Thành,10.7768372,106.664107,10.7797849,106.6679193,0.529296,51.79,0.00676,,0,,,1.0,A,1000.0,,,0,,,,1,,,50,,,,,,,,,,,,,7,,,,,,,,,,,,,,,,2510171956,4
2d6d573da4859ba592c3efe1ca1d020f,,Tạ Uyên,10.7537462,106.6538517,10.7556925,106.6537349,0.215665,356.63,0.002063,,0,,,1.0,A,1000.0,,,0,,,,1,,,50,,,,,,,,,,,,,155,,,,,,,,,,,,,,,,2510171956,4
44b0a456b8ab0fb802669e4db97cfdd5,,3 Tháng 2,10.7776498,106.6811565,10.7575536,106.6482993,4.225604,238.1,0.052953,,0,,,1.0,A,1000.0,,,0,,,,1,,,50,,,,,,,,,,,,,1726,,,,,,,,,,,,,,,,2510171956,4
f6d6fdc8243654b3205cca9e58cd0e26,,Ngô Quyền,10.756629,106.6661917,10.7533937,106.6666573,0.361471,171.95,0.003701,,0,,,1.0,A,1000.0,,,0,,,,1,,,50,,,,,,,,,,,,,9,,,,,,,,,,,,,,,,2510171956,4
c00e8a42b8162fb5644d5427c2cae0c5,,Vòng xoay Lê Đại Hành,10.7690082,106.6524868,10.7690082,106.6524868,0.0,0.0,0.0,,0,,,1.0,A,2000.0,,,0,,,2.0,2,,,50,secondary,asphalt,yes,,,,,,,,,,17,,,,,,,,,,,,,,,,2510171956,4
0863019ede145989e16c17472b285e3c,,Phan Huy ích,10.8442903,106.6401134,10.8231377,106.6297806,2.59829,205.63,0.031485,,0,,,1.0,A,1000.0,,,0,,,,1,,,50,,,,,,,,,,,,,11,,,,,,,,,,,,,,,,2510171956,4
c9bf2ababcddcaa13b59651f018052f6,,Ngô Quyền,10.7656858,106.664104,10.7613478,106.6650929,0.491878,167.38,0.005327,,0,,,1.0,A,2000.0,,,0,,,2.0,2,,,50,tertiary,asphalt,,,,,,,,,,,14,,,,,,,,,,,,,,,,2510171956,4
f4cf8e23c594e3f2d7e6d6c087a69c32,,Vòng xoay Điện Biên Phủ,10.7921176,106.6992858,10.7921359,106.6992344,0.005975,289.92,7e-05,,0,,,1.0,A,1000.0,,,0,,,,1,,,50,,,,,,,,,,,,,0,,,,,,,,,,,,,,,,2510171956,4
bc0842a441b2deb781ffc3bb480427fa,,Hùng Vương,10.763637,106.678648,10.7581844,106.6702787,1.096222,236.45,0.013822,,0,,,1.0,A,3000.0,,,0,,,3.0,3,,60,60,primary,asphalt,yes,,,,,,,,,,492,,,,,,,,,,,,,,,,2510171956,4
aef549c188f0d96af305bf3dd1f54ee4,,Đồng Đen,10.7969579,106.6458983,10.7889094,106.6428981,0.948809,200.11,0.011049,,0,,,1.0,A,1000.0,,,0,,,,1,,,50,,,,,,,,,,,,,0,,,,,,,,,,,,,,,,2510171956,4
180dbd53a684859dd4139d4ad848c464,,Phường Trung Mỹ Tây,10.8521986,106.6264888,10.8521149,106.6265032,0.009391,170.41,9.8e-05,,0,,,1.0,A,1000.0,,,0,,,,1,,,50,,,,,,,,,,,,,1604,,,,,,,,,,,,,,,,2510171956,4
8fff1a81cd95ffd00db5b2feff676f99,,Phạm Hùng,10.7484337,106.6691251,10.740971,106.6689249,0.825761,181.51,0.007663,,0,,,1.0,A,1000.0,,,0,,,1.0,1,,60,60,primary,asphalt,yes,,,yes,,,,,,,12,,,,,,,,,,,,,,,,2510171956,4
01324f6a9fa1d0fce5535efbfc86560f,,Âu Cơ,10.7760618,106.6470365,10.7722809,106.6496421,0.506079,145.9,0.006386,,0,,,1.0,A,2000.0,,,0,,,2.0,2,,,50,secondary,asphalt,no,,,,,,,,,,3,,,,,,,,,,,,,,,,2510171956,4
7b4a911bbd47627a4c3c6b8770466a8e,,Điện Biên Phủ,10.8009447,106.7151083,10.7984442,106.7051673,1.121787,255.64,0.012441,,0,,,1.0,A,2000.0,,,0,,,2.0,2,,60,60,tertiary,paved,,,,,,shared_lane,,,,,1550,,,,,,,,,,,,,,,,2510171956,4
52bfc8ecc2d72dbf0ce1c61199818d79,,Xã Hưng Long,10.6890588,106.6236614,10.6906363,106.6244123,0.192862,25.07,0.002328,,0,,,1.0,A,1000.0,,,0,,,,1,,,50,residential,,,,,,,,,,,,15,,,,,,,,,,,,,,,,2510171956,4
c5ba02c38f7cc53873ee9f364b07a153,,Phạm Văn Đồng,10.8344857,106.7294684,10.8156051,106.6818266,5.612719,248.03,0.066522,,0,,,1.0,A,1000.0,,,0,,,,1,,,50,,,,,,,,,,,,,17,,,,,,,,,,,,,,,,2510171956,4
478c4a557bd342afd7dfd4085debd548,,Đường GS1,10.8883021,106.7760528,10.8882135,106.7761239,0.012509,141.76,0.00016,,0,,,1.0,A,1000.0,,,0,,,,1,,,50,,,,,,,,,,,,,372,,,,,,,,,,,,,,,,2510171956,4
2bce33fda4082d0b8462f80a91918a80,,Quang Trung,10.8374889,106.6544376,10.8393084,106.6472307,0.813345,284.42,0.009026,,0,,,1.0,A,2000.0,,,0,,,2.0,2,,,50,residential,asphalt,,,,,,,,,,,16,,,,,,,,,,,,,,,,2510171956,4
dc6fa3969a8402ca99063b4d13544eaf,,Quách Thị Trang,10.7044998,106.847625,10.7041127,106.8398361,0.853142,267.11,0.008176,,0,,,1.0,A,1000.0,,,0,,,,1,,,50,residential,,,,,,,,,,,,10,,,,,,,,,,,,,,,,2510171956,4
2f743d00a75280e86e3a2fd3248fae97,,Bạch Đằng,10.8033698,106.7048266,10.8139316,106.6656805,4.437468,285.36,0.049708,,0,,,1.0,A,3000.0,,,0,,,3.0,3,,,50,primary,asphalt,yes,,,,,,,,,,12,,,,,,,,,,,,,,,,2510171956,4
27d44fb2b3217cd2af1197a6840ae28f,,Bạch Đằng,10.8029724,106.7101437,10.8033698,106.7048266,0.583134,274.35,0.005714,,0,,,1.0,A,3000.0,,,0,,,3.0,3,,,50,primary,asphalt,yes,,,,,,,,,,12,,,,,,,,,,,,,,,,2510171956,4
857042c7a828e83d74da9242dc0a4c23,,Raymondienne,10.7267486,106.7231704,10.7270427,106.7236852,0.065034,59.82,0.000809,,0,,,1.0,A,4000.0,,,0,,,4.0,4,,,50,residential,asphalt,no,,,,,,,,,,443,,,,,,,,,,,,,,,,2510171956,4
d476c5d2a9203c68295ecf319b233371,,Đường dẫn Ga Quốc tế,10.8133493,106.6648995,10.8130718,106.6649688,0.031617,166.22,0.000347,,0,,,1.0,A,1000.0,,,0,,,,1,,,50,,,,,,,,,,,,,1242,,,,,,,,,,,,,,,,2510171956,4
0156bf10ae8471d6696389f5fbcfce3b,,Lê Đức Thọ,10.8548517,106.655946,10.8527915,106.6599389,0.492485,117.72,0.006053,,0,,,1.0,A,1000.0,,,0,,,,1,,,50,service,,,,,,,,,,,,11,,,,,,,,,,,,,,,,2510171956,4
018afdc8dfe6405f1dceb1f30f73325d,,Nguyễn Trãi,10.7563856,106.6762478,10.7527545,106.6535477,2.515145,260.75,0.026331,,0,,,1.0,A,1000.0,,,0,,,,1,,,50,,,,,,,,,,,,,15,,,,,,,,,,,,,,,,2510171956,4
e70acbe9f7d46f0d61297b911d0ecb2c,,Mai Chí Thọ,10.7833905,106.7417533,10.7733243,106.7224129,2.390391,242.09,0.029407,,0,,,1.0,A,3000.0,,,0,,,3.0,3,,,50,trunk,asphalt,yes,,,,,,,,,,3723,,,,,,,,,,,,,,,,2510171956,4
9e0cf64a0c081b39123a6df04e7d0521,,3 Tháng 2,10.766037,106.6639913,10.7580658,106.6494435,1.819121,240.85,0.022519,,0,,,1.0,A,2000.0,,,0,,,2.0,2,,,50,tertiary,asphalt,,,,,,,,,,,12,,,,,,,,,,,,,,,,2510171956,4
1653868880a3e514ebcf372bc5775689,,Hai Bà Trưng,10.78789,106.6919402,10.7922848,106.6864092,0.776023,308.97,0.009926,,0,,,1.0,A,1000.0,,,0,,,,1,,,50,footway,,,,,,,,,,,,875,,,,,,,,,,,,,,,,2510171956,4
cbadfd14b7db0b0b93dcc7c35c27bfea,,Phường Thạnh Lộc,10.8587824,106.6796891,10.8587301,106.6795635,0.014902,247.02,0.000178,,0,,,1.0,A,1000.0,,,0,,,,1,,,50,,,,,,,,,,,,,323,,,,,,,,,,,,,,,,2510171956,4
79db08d272a01029d4b4f86014285b8a,,3 Tháng 2,10.7667954,106.6656006,10.7637713,106.6597513,0.721929,242.24,0.008873,,0,,,1.0,A,1000.0,,,0,,,,1,,,50,,,,,,,,,,,,,278,,,,,,,,,,,,,,,,2510171956,4
b35eb933db0ef24870bf49dab891db5b,,Nguyễn Hữu Cảnh,10.7896678,106.712201,10.7888202,106.7098683,0.271797,249.7,0.00318,,0,,,1.0,A,1000.0,,,0,,,,1,,,50,,,,,,,,,,,,,9,,,,,,,,,,,,,,,,2510171956,4
b696fc42fe664c8db994254601b5855c,,Hồng Bàng,10.7534697,106.6530134,10.753623,106.6478806,0.561668,271.74,0.005286,,0,,,1.0,A,1000.0,,,0,,,,1,,,50,,,,,,,,,,,,,16,,,,,,,,,,,,,,,,2510171956,4
23e19b9b24c80c1d54994897c9cb32ba,,Quảng trường sáng tạo,10.8754861,106.8052044,10.8742918,106.805084,0.13276,185.65,0.001315,,0,,,1.0,A,1000.0,,,0,,,,1,,,50,,,,,,,,,,,,,5,,,,,,,,,,,,,,,,2510171956,4
85c0177549130dc5436814e4cde6fb3a,,Phạm Đình Hổ,10.7521361,106.6496345,10.753419,106.649744,0.14241,4.79,0.001392,,0,,,1.0,A,1000.0,,,0,,,,1,,,50,,,,,,,,,,,,,12,,,,,,,,,,,,,,,,2510171956,4
