segmentId,name_vn,lat_start,lon_start,lat_end,lon_end,laneCount_aggregated,speedLimit,frc,roadType,surface,oneway,width,ref,currentSpeed,freeFlowSpeed,jamFactor,congestionIndex,trafficVolume,occupancy,incidentFlag,LOS,crossTime,busRoute,bicycleLane,sidewalk,bridgeTunnel,maxHeight,maxWeight,barrier,lit,crossing,curvatureIndex,bearing,lengthKm,timeStamp,dayOfWeek,speedLimitRatio,relativeCongestionIndex,routeSlopePercent,intersectionCount,hourOfDay,dayType
20ca31c84c747b68760945e40693c888,Đường 3 Tháng 2,10.7711007,106.6734728,10.7674299,106.6665142,1.0,50.0,FRC2,service,concrete,,,,19.5,31.5,0.0,0.6190476190476191,1045.71,38.095238095238095,0,C,0.0923076923076923,,,,,,,,,,0.010629,241.76585897791853,0.8626125382169273,2603090755,0,0.39,0.38095238095238093,-1.2751959324330795,2,7,Weekday
3b8bf11ecda0300fb74e18907c39268b,Đường Trần Cao Vân,10.7829947,106.6962159,10.7826997,106.6955259,1.5,50.0,FRC3,secondary,asphalt,yes,,,14.5,27.0,0.0,0.5370370370370371,1790.0,46.29629629629629,0,C,0.12413793103448276,,,,,,,,,,0.000985,246.48038755953382,0.08221587101736993,2603090755,0,0.29,0.46296296296296297,-1.2163101693451959,1,7,Weekday
28d72ad2e9fb97295518c87dc1092a1a,Đường Hải Thượng Lãn Ông,10.7507925,106.6590186,10.8515609,106.6439339,2.0,50.0,FRC4,primary,asphalt,yes,,,31.5,40.5,0.0,0.7777777777777778,1520.0,22.22222222222222,0,B,0.05714285714285714,,,,,,,,,,0.115853,351.63632315155854,11.267738011423397,2603090755,0,0.63,0.2222222222222222,-0.044374478665823856,3,7,Weekday
d2c73271770d0b2261ce16c0df6fb76d,Đường Phạm Văn Đồng,10.8252486,106.7108326,10.8239671,106.706066,2.0,65.0,FRC2,trunk,asphalt,yes,,,33.0,42.0,0.0,0.7857142857142857,1491.43,21.42857142857143,0,B,0.05454545454545455,,,,yes,,,,,,0.006048,254.69238461724655,0.540166593475048,2603090755,0,0.5076923076923077,0.21428571428571427,-1.11076843190177,1,7,Weekday
554c8c4dc064a89fa434b01dc3086741,Đường Quốc Lộ 1A,10.8621176,106.6511715,10.8620995,106.6499973,1.0,80.0,FRC1,trunk,,yes,,QL.1,38.0,47.0,0.0,0.8085106382978723,704.68,19.14893617021277,0,B,0.04736842105263158,,,,yes,,,,,,0.001192,269.10087184671386,0.12840033458105857,2603090755,0,0.475,0.19148936170212766,-1.5576283399303832,3,7,Weekday
30aa4a0c05199e003fc2617a8fda9580,Vòng Xoay Lạc Long Quân,10.7669732,106.6423452,10.7669707,106.6423817,2.0,50.0,FRC4,secondary,asphalt,yes,,,18.0,31.0,0.0,0.5806451612903226,2229.68,41.93548387096774,0,C,0.1,,,,,,,,,,3.9e-05,93.98823737037054,0.004001662495136778,2603090756,0,0.36,0.41935483870967744,0.0,4,7,Weekday
5607986b5ca983a49abe235ecaa49877,Đường Lãnh Binh Thăng,10.7631981,106.6504197,10.7622847,106.65559,1.5,50.0,FRC4,secondary,asphalt,,,,21.5,31.0,0.0,0.6935483870967742,1367.42,30.645161290322577,0,C,0.08372093023255814,,,,,,,,,,0.006084,100.19384543122959,0.5744511913421295,2603090756,0,0.43,0.3064516129032258,0.6963167733457959,3,7,Weekday
07c3b6b25b61229d668d7c4c6917d65c,Vòng Xoay Ngã Sáu Phù Đổng,10.7713876,106.6930624,10.7715326,106.6933233,2.0,50.0,FRC4,tertiary,asphalt,yes,,,18.5,30.0,0.0,0.6166666666666667,2100.0,38.33333333333333,0,C,0.0972972972972973,,,,,,,,,,0.000406,60.50154990538459,0.03273353865378729,2603090756,0,0.37,0.38333333333333336,0.0,2,7,Weekday
70f1b14a609deef6532cfd6eac842e1d,Đường Trần Văn Kiểu,10.7465385,106.6289013,10.7460179,106.6288456,1.0,50.0,FRC2,service,concrete,,,,24.0,35.0,0.0,0.6857142857142857,925.71,31.428571428571427,0,C,0.07500000000000001,,,,,,,,,,0.000576,186.00064711043208,0.05790646338251226,2603090756,0,0.48,0.3142857142857143,0.0,4,7,Weekday
f633bf06989ace67548c52bce7130e95,Đường Phan Văn Trị,10.8269605,106.6885765,10.8112469,106.6954833,1.0,50.0,FRC3,service,asphalt,,,,19.5,31.0,0.0,0.6290322580645161,1027.74,37.096774193548384,0,C,0.0923076923076923,,,,,,,,,,0.02262,156.64805407407653,1.895142864338763,2603090756,0,0.39,0.3709677419354839,1.1608623504843818,2,7,Weekday
348b6c53508366be7fb2d3d6e71b15c4,Đường Tây Hòa,10.8261485,106.7641935,10.8262034,106.7621148,2.0,40.0,FRC1,secondary,asphalt,,,,50.0,50.0,0.0,1.0,720.0,0.0,0,A,0.036,,,,,,,,,,0.002134,271.5404689633347,0.2273892128899462,2603090757,0,1.25,0.0,-0.8795491987423243,5,7,Weekday
669b4f82a96054836defd912dade0401,Đường Kha Vạn Cân,10.8414243,106.7439592,10.8529635,106.7511033,1.5,50.0,FRC2,primary,asphalt,yes,,,32.5,43.5,0.0,0.7471264367816092,1222.76,25.287356321839084,0,B,0.05538461538461539,,,,,,,,,,0.018683,31.301175742073156,1.496459127613246,2603090757,0,0.65,0.25287356321839083,-0.7350685225559269,5,7,Weekday
80727db3633fbc28d7a447c9e2d85d3f,Đường Âu Dương Lân,10.7482816,106.6817654,10.7479796,106.6819277,2.0,50.0,FRC3,tertiary,asphalt,,,,25.5,34.0,0.0,0.75,1620.0,25.0,0,B,0.07058823529411765,,,,,,,,,,0.000464,152.1664224190729,0.03782913150248692,2603090757,0,0.51,0.25,-2.6434653936854433,1,7,Weekday
413e109f5978d8f37bd40bd818e0401a,Đường Trần Quốc Thảo,10.7827317,106.6868337,10.7815324,106.6881451,2.0,50.0,FRC2,secondary,asphalt,,,,17.0,31.0,0.0,0.5483870967741935,2345.81,45.16129032258065,0,C,0.10588235294117647,,,,,,,,,,0.002511,132.9520058875794,0.1953680062232221,2603090757,0,0.34,0.45161290322580644,0.5118545351061359,2,7,Weekday
0286d59f234561443404a3cb43f94964,Đường Nguyễn Văn Nghi,10.8263771,106.6800231,10.8265667,106.6798028,1.5,50.0,FRC4,residential,asphalt,,,,9.5,22.0,0.0,0.4318181818181818,2074.09,56.81818181818181,0,D,0.18947368421052632,,,,,,,,,,0.00041,311.22619785304016,0.03194005353568774,2603090757,0,0.19,0.5681818181818182,-3.130865134219844,3,7,Weekday
f92b3d0350a5ebeec92b2332dd10257e,Đường Nguyễn Oanh,10.8506971,106.6787535,10.8308983,106.6775689,1.0,50.0,FRC3,primary,asphalt,yes,,,23.5,35.0,0.0,0.6714285714285714,951.43,32.85714285714286,0,C,0.07659574468085106,,,,yes,,,,,,0.020983,183.3631800913753,2.1938431370426437,2603090757,0,0.47,0.32857142857142857,0.4102389933006891,3,7,Weekday
73318dff2dc6874661d0bafd247488a4,Đường Phạm Văn Chiêu,10.8541753,106.665484,10.8523298,106.6602254,1.5,50.0,FRC1,secondary,asphalt,,,,37.0,49.0,0.0,0.7551020408163265,1201.22,24.489795918367353,0,B,0.04864864864864865,,,,,,,,,,0.007104,250.33661357697443,0.6101445353024589,2603090757,0,0.74,0.24489795918367346,-1.147269146077,4,7,Weekday
5a7e5839041549c6fb45086cda5cf4ee,Đường Đinh Tiên Hoàng,10.7780742,106.685171,10.7903743,106.697507,3.5,55.0,FRC2,primary,asphalt,yes,,,26.0,38.5,0.0,0.6753246753246753,3305.45,32.467532467532465,0,C,0.06923076923076923,,,,,,,,,,0.024636,44.57187686309544,1.9160608930945036,2603090757,0,0.4727272727272727,0.3246753246753247,-0.31314244874074937,3,7,Weekday
61c36bba58e63f03d429f5069ede8f46,Đường Quốc Lộ 1A,10.8614957,106.6652403,10.8614424,106.6653095,2.0,80.0,FRC1,trunk,,yes,,QL.1,37.0,49.0,0.0,0.7551020408163265,1601.63,24.489795918367353,0,B,0.04864864864864865,,,,yes,,,,,,0.000123,128.10641281392958,0.009592023557221021,2603090757,0,0.4625,0.24489795918367346,0.0,3,7,Weekday
845ae7048313c76a2823b14517852eea,Đường Trần Hưng Đạo,10.7598239,106.6940131,10.763051,106.6908753,2.0,50.0,FRC2,tertiary,asphalt,,,,29.5,33.0,0.0,0.8939393939393939,1101.82,10.606060606060607,0,B,0.06101694915254237,,,,,,,,,,0.006365,316.312060231861,0.4951796481750454,2603090757,0,0.59,0.10606060606060606,0.0,5,7,Weekday
1a18ebf92c26b4fa90079e937e3a53c2,Đường Nguyễn Tri Phương,10.758935,106.6691456,10.756601,106.6695945,2.5,55.0,FRC3,primary,asphalt,yes,,,18.0,30.0,0.0,0.6,2700.0,40.0,0,C,0.1,,,,,,,,,,0.002783,169.30003515497583,0.26279800479401394,2603090758,0,0.32727272727272727,0.4,-0.7610407855141967,5,7,Weekday
9e87e65f14478d95d9cb204282304d19,Hẻm 6 Đường Số 12,10.8433563,106.7054307,10.8435122,106.7057848,1.0,50.0,FRC2,residential,asphalt,,,,27.0,42.0,0.0,0.6428571428571429,1002.86,35.71428571428571,0,C,0.06666666666666667,,,,,,,,,,0.00051,65.85446120988655,0.042385603850894134,2603090758,0,0.54,0.35714285714285715,0.0,5,7,Weekday
18ead8f3b4eae621f99e051d0932fbce,Đường Trịnh Thị Miếng,10.8826122,106.6159517,10.8839449,106.6112355,1.0,50.0,FRC4,residential,asphalt,,,,26.0,35.0,0.0,0.7428571428571429,822.86,25.71428571428571,0,B,0.06923076923076923,,,,,,,,,,0.006049,286.0538716868163,0.5362825844929494,2603090758,0,0.52,0.2571428571428571,-0.559406567870645,4,7,Weekday
fa678391a551977b9049b5334e5c9bb2,Đường Lương Định Của,10.7828466,106.7199382,10.7820242,106.7205208,3.0,60.0,FRC4,secondary,asphalt,yes,,,35.5,38.0,0.0,0.9342105263157895,1435.26,6.578947368421051,0,A,0.05070422535211268,,,,yes,,,,yes,,0.001405,145.16561495384292,0.11106349714666588,2603090758,0,0.5916666666666667,0.06578947368421052,0.9003858384536921,2,7,Weekday
b735a8d0930fb7584bff1435f4a8e3c6,Đường Nguyễn Văn Quỳ,10.7432943,106.7405148,10.7383028,106.7313895,2.0,50.0,FRC1,trunk,,yes,,,33.0,37.5,0.0,0.88,1152.0,12.0,0,B,0.05454545454545455,,,,yes,,,,,,0.014117,240.8939864217424,1.140670957304302,2603090758,0,0.66,0.12,1.4026832100478919,1,7,Weekday
e0854d4ff600c5a1deaab14736694bdd,Đường Nguyễn Thái Học,10.7651757,106.69714,10.7679022,106.6954254,2.0,50.0,FRC3,service,concrete,,,,22.5,32.5,0.0,0.6923076923076923,1827.69,30.76923076923077,0,C,0.08,,,,,,,,,,0.004441,328.2926104301754,0.35513661424440335,2603090758,0,0.45,0.3076923076923077,0.0,3,7,Weekday
669b4f82a96054836defd912dade0401,Đường Kha Vạn Cân,10.849516,106.7489666,10.8414243,106.7439592,1.5,50.0,FRC2,residential,,,,,32.0,42.0,0.0,0.7619047619047619,1182.86,23.809523809523814,0,B,0.056249999999999994,,,,,,,,,,0.013099,211.2907939253303,1.049241069342425,2603090758,0,0.64,0.23809523809523808,-1.2389907695995253,4,7,Weekday
45a5f0ce435f0ecbc44a6cbfaf5a3440,Đường Tô Ngọc Vân,10.8609748,106.7421212,10.8625757,106.743489,1.0,50.0,FRC3,service,,,,,32.5,41.5,0.0,0.7831325301204819,750.36,21.68674698795181,0,B,0.05538461538461539,,,,,,,,,,0.002969,39.9994675251275,0.23178411719792613,2603090758,0,0.65,0.21686746987951808,1.294307839668853,1,7,Weekday
a6046a1a61622971d701d21428890290,Đường Liên Khu 3,10.8804438,106.8104451,10.8780069,106.8088204,2.0,50.0,FRC1,residential,asphalt,,,,47.0,58.0,0.0,0.8103448275862069,1402.76,18.965517241379317,0,B,0.03829787234042553,,,,,,,,,,0.004062,213.21392904740117,0.32281997493360737,2603090759,0,0.94,0.1896551724137931,8.05402453963615,2,7,Weekday
d21e230286ed05f3b67dd652c64f0201,Đường Xa Lộ Hà Nội,10.8633078,106.7965925,10.8010884,106.7392519,2.5,55.0,FRC1,trunk,asphalt,yes,,,46.5,52.5,0.0,0.8857142857142857,1414.29,11.428571428571432,0,B,0.03870967741935484,,,,,,,,,,0.11956,222.1557193720376,9.310246084847295,2603090759,0,0.8454545454545455,0.11428571428571428,-0.31148478499616,5,7,Weekday
595ab3675628fa88dda774c1528560cd,Đường Trường Chinh,10.7984865,106.6430538,10.8284986,106.6246086,1.0,50.0,FRC2,service,,,,,28.0,36.0,0.0,0.7777777777777778,760.0,22.22222222222222,0,B,0.0642857142857143,,,,,,,,,,0.048457,328.8832370552286,3.884496402164811,2603090759,0,0.56,0.2222222222222222,-0.4891238923380491,3,7,Weekday
a055a83d88a493b85b2c98528111f650,Đường Trần Quốc Hoàn,10.8006191,106.6610875,10.8003982,106.6611458,1.0,50.0,FRC2,primary,asphalt,yes,,,16.5,36.0,0.0,0.4583333333333333,1335.0,54.16666666666667,0,D,0.1090909090909091,,,,,,,,,,0.000279,165.46629789265057,0.025252586965583596,2603090759,0,0.33,0.5416666666666666,0.0,3,7,Weekday
a4d23f755ffadbb80a311a3f1f5a0741,Hẻm 369 Tô Ký,10.8527736,106.6262305,10.8661857,106.6159466,1.5,40.0,FRC4,residential,,yes,,,25.5,35.5,0.0,0.7183098591549296,1300.56,28.169014084507037,0,B,0.07058823529411765,,,,,,,,,,0.023696,323.0200582676662,1.8615321358457129,2603090759,0,0.6375,0.28169014084507044,-1.4504181518055623,4,7,Weekday
b54a6d48c527819a9f4d0b504114e0a5,Vòng Xoay Lạc Long Quân,10.7696068,106.6355415,10.7667998,106.6421803,2.0,50.0,FRC4,tertiary,asphalt,yes,,,24.0,31.0,0.0,0.7741935483870968,1532.9,22.580645161290324,0,B,0.07500000000000001,,,,,,,,,,0.009446,113.28623935943767,0.7896990592269767,2603090759,0,0.48,0.22580645161290322,0.5065220672689585,1,7,Weekday
7356cb4343632525d15d1b42d3f73a71,Đường Võ Văn Ngân,10.8497041,106.7710929,10.8496933,106.7715732,1.0,50.0,FRC1,service,,,,,40.0,50.0,0.0,0.8,720.0,19.999999999999996,0,B,0.045,,,,,,,,,,0.000491,91.31152474448709,0.05253081254152018,2603090759,0,0.8,0.2,0.0,4,7,Weekday
98c9357b3e508c6dca3ff35cc3c350f2,Đường Đồng Khởi,10.7721656,106.6944832,10.7779424,106.7010583,2.5,50.0,FRC4,tertiary,asphalt,yes,,,16.0,24.0,0.0,0.6666666666666666,2400.0,33.333333333333336,0,C,0.11249999999999999,,,,,,,,,,0.012352,48.19133604990668,0.9619956472829647,2603090800,0,0.32,0.3333333333333333,1.2474068914856826,3,8,Weekday
892c20f6a6a2ead0bf7efc87233b05e8,Đường Trường Sơn,10.8130678,106.6650669,10.8144166,106.6652668,2.5,45.0,FRC2,primary,asphalt,yes,,,19.0,34.0,0.0,0.5588235294117647,2885.29,44.11764705882353,0,C,0.09473684210526316,,,,,,,,,,0.001549,8.282577251723922,0.1507882944554907,2603090800,0,0.4222222222222222,0.4411764705882353,0.6631814515915077,5,8,Weekday
302d4125efbb7c78066753c7a38c4015,Hẻm 341 Khuông Việt,10.7693434,106.6376979,10.7719922,106.6410076,1.0,50.0,FRC4,residential,asphalt,,,,24.0,31.0,0.0,0.7741935483870968,766.45,22.580645161290324,0,B,0.07500000000000001,,,,,,,,,,0.005958,50.831151946145326,0.46570154371584943,2603090800,0,0.48,0.22580645161290322,1.288378808480166,2,8,Weekday
d9ff27de775687ba6ae535d9cdf8a20f,Hẻm 9/1 Lê Tấn Bê,10.7282004,106.6071858,10.7265851,106.6050773,1.0,50.0,FRC2,footway,asphalt,,,,25.0,35.0,0.0,0.7142857142857143,874.29,28.57142857142857,0,B,0.072,,,,,,,,,,0.003724,232.05608299928554,0.2917527681549944,2603090800,0,0.5,0.2857142857142857,-1.3710238381954236,3,8,Weekday
bda846063a0f7891c5c483bb47f70323,Đường Ngô Nhân Tịnh,10.7535742,106.6537519,10.7510733,106.6533152,2.0,50.0,FRC2,primary,asphalt,yes,,,23.0,33.5,0.0,0.6865671641791045,1848.36,31.343283582089555,0,C,0.0782608695652174,,,,,,,,,,0.002938,189.73445331227737,0.2807253494519094,2603090801,0,0.46,0.31343283582089554,-0.7124401141203731,3,8,Weekday
0e35dfac884bf618c653cc984ca40222,Đại Lộ 3,10.8136383,106.7753601,10.8131985,106.7686852,2.0,50.0,FRC4,tertiary,asphalt,yes,,,22.0,37.0,0.0,0.5945945945945946,2179.46,40.54054054054054,0,C,0.08181818181818182,,,,,,,,,,0.007115,266.16298934353523,0.7315577504720071,2603090801,0,0.44,0.40540540540540543,-0.9568622566685326,2,8,Weekday
444c90dbab5fb43ac25e4e7b3069667e,Đường Kinh Dương Vương,10.7379148,106.6147828,10.7377688,106.6146944,1.0,50.0,FRC2,residential,asphalt,,,,26.0,35.0,0.0,0.7428571428571429,822.86,25.71428571428571,0,B,0.06923076923076923,,,,,,,,,,0.000234,210.74746906466493,0.01882296141008359,2603090802,0,0.52,0.2571428571428571,0.0,4,8,Weekday
e1fda064de6cd569c93337cdac6a2683,Đường Huỳnh Tấn Phát,10.6783267,106.753584,10.7525133,106.7282216,2.5,50.0,FRC3,secondary,,,,,23.5,35.0,0.0,0.6714285714285714,2378.57,32.85714285714286,0,C,0.07659574468085106,,,,,,,,,,0.099549,341.43455141198854,8.662302131154227,2603090803,0,0.47,0.32857142857142857,-0.12698702762211644,2,8,Weekday
bf38e868e866399a9490283a25255d1d,Đường Quốc Lộ 1A,10.8599881,106.6986862,10.859221,106.7052214,1.5,50.0,FRC1,residential,asphalt,,,,35.0,48.0,0.0,0.7291666666666666,1271.25,27.083333333333336,0,B,0.051428571428571435,,,,,,,,,,0.007302,96.81505145145422,0.7195722623640338,2603090803,0,0.7,0.2708333333333333,0.9728001433799958,4,8,Weekday
a8358e6b21b29c958798a96d7ac8e39c,Đường Lê Văn Sỹ,10.7984947,106.6626344,10.7979599,106.6628737,1.0,50.0,FRC2,residential,asphalt,,,,16.0,38.0,0.0,0.42105263157894735,1402.11,57.89473684210527,0,D,0.11249999999999999,,,,,,,,,,0.000774,156.27286120240217,0.06468620494551222,2603090803,0,0.32,0.5789473684210527,-1.5459246694752615,1,8,Weekday
d81af31114067415631b1c2307ba4261,Đường Phú Thọ,10.7589846,106.641575,10.7589257,106.641586,2.0,50.0,FRC4,secondary,asphalt,,,,19.0,31.0,0.0,0.6129032258064516,2113.55,38.70967741935484,0,C,0.09473684210526316,,,,,,,,,,7e-05,169.60332975120218,0.006625262834820572,2603090803,0,0.38,0.3870967741935484,0.0,4,8,Weekday
3569d379d4fd684d7643c11f1ab33a61,Đường Vũ Huy Tấn,10.7959469,106.6927346,10.7956893,106.6961219,1.0,50.0,FRC2,residential,,,,,15.0,31.0,0.0,0.4838709677419355,1289.03,51.61290322580645,0,D,0.12,,,,,,,,,,0.003645,94.4266350762673,0.37153642715630697,2603090804,0,0.3,0.5161290322580645,1.0766104499134839,5,8,Weekday
ddba054645927d488ac5ce38f7733b99,Đường Lê Hồng Phong,10.760492,106.6770991,10.7663147,106.6749228,1.5,50.0,FRC4,secondary,asphalt,yes,,,25.0,36.0,0.0,0.6944444444444444,1365.0,30.555555555555557,0,C,0.072,,,,,,,,,,0.007999,339.8376935119911,0.6866439210241753,2603090804,0,0.5,0.3055555555555556,0.43690767632884586,3,8,Weekday
89479dc4a7719faf7acf04a66a8cac89,Đường Bạch Đằng,10.8133493,106.6648995,10.8130718,106.6649688,4.0,60.0,FRC2,primary,asphalt,yes,,,18.0,34.0,0.0,0.5294117647058824,4828.24,47.05882352941176,0,C,0.1,,,,,,,,,,0.000347,166.21771990750608,0.031616884226789856,2603090804,0,0.3,0.47058823529411764,0.0,2,8,Weekday
e5e232dd1ecdfa053e24715dba274d25,Đường Hoàng Sa,10.7794508,106.6785811,10.7840477,106.6803024,2.0,50.0,FRC2,primary,asphalt,no,,,15.0,30.5,0.0,0.4918032786885246,2549.51,50.81967213114754,0,D,0.12,,,both,,,,,,,0.006318,20.195270083606715,0.5422074173756464,2603090804,0,0.3,0.5081967213114754,1.2910188565624756,4,8,Weekday
bc868c424a36b3e6e0036f0b57031736,Đường Điện Biên Phủ,10.801349,106.7109178,10.8014241,106.7109087,6.0,50.0,FRC2,primary,asphalt,yes,,,29.0,46.0,0.0,0.6304347826086957,6151.3,36.95652173913043,0,C,0.06206896551724138,,,,,,,,,,8.4e-05,353.21230774763296,0.008366455753506877,2603090804,0,0.58,0.3695652173913043,0.0,4,8,Weekday
1ffd381733dc696272b3a0db86e73ed5,Cầu Hoàng Hoa Thám,10.7946727,106.693204,10.7958364,106.6927968,1.0,50.0,FRC4,service,,,,,14.0,27.0,0.0,0.5185185185185185,1226.67,48.14814814814815,0,C,0.1285714285714286,,,,,,,,,,0.001571,341.0308715432691,0.13620619486250204,2603090804,0,0.28,0.48148148148148145,0.0,5,8,Weekday
df5c224c39d21005bbac19fdc087dd6e,Đường Nguyễn Thị Minh Khai,10.7657285,106.6818889,10.7897016,106.7045845,1.5,50.0,FRC3,tertiary,asphalt,,,,22.0,35.0,0.0,0.6285714285714286,1542.86,37.142857142857146,0,C,0.08181818181818182,,,,,,,,,,0.046669,42.92104714750593,3.6322129510262524,2603090804,0,0.44,0.37142857142857144,-0.3579085305647334,2,8,Weekday
9e8ff4d9311cdcda6c25a592b28ef761,Đường Lý Thái Tổ,10.7376092,106.8141974,10.7670409,106.6763647,1.0,50.0,FRC4,residential,,,,,37.0,42.5,0.0,0.8705882352941177,592.94,12.941176470588234,0,B,0.04864864864864865,,,,,,,,,,0.167264,282.2752600588648,15.423334041155789,2603090805,0,0.74,0.12941176470588237,0.07780418921083516,4,8,Weekday
6ba9c3f0ba5b44682018f75d1c8c54fa,Đường Nguyễn Hữu Cầu,10.791062,106.6911349,10.7900598,106.6904811,1.5,50.0,FRC4,residential,asphalt,,4,,14.0,27.0,0.0,0.5185185185185185,1840.0,48.14814814814815,0,C,0.1285714285714286,,,,,,,,yes,,0.001656,212.65301840430175,0.1319156412277197,2603090805,0,0.28,0.48148148148148145,-1.5161204398404091,4,8,Weekday
320440cb37367194702ef3389c7420b7,Đường Trần Hữu Trang,10.7935553,106.6753149,10.7940624,106.673077,1.0,50.0,FRC2,residential,,,,,17.0,34.0,0.0,0.5,1260.0,50.0,0,C,0.10588235294117647,,,,,,,,,,0.002745,282.98984317690304,0.2510885497469216,2603090805,0,0.34,0.5,-0.3982658711470216,5,8,Weekday
40f4a50cdb1f1c6db5873ea913fa0a0e,Đường Hồng Bàng,10.7552474,106.6584197,10.7546122,106.6583409,2.0,50.0,FRC4,residential,asphalt,,,,23.5,32.0,0.0,0.734375,1676.25,26.5625,0,B,0.07659574468085106,,,,,,,,,,0.000714,186.94873517239884,0.07078800932676763,2603090805,0,0.47,0.265625,-1.4126686277952192,3,8,Weekday
416cfd141b2e1f430ec55fda745aa785,Đường Số 621,10.8674881,106.7842783,10.8738915,106.8076326,2.0,50.0,FRC1,trunk,asphalt,yes,,QL.1,43.5,53.5,0.0,0.8130841121495327,1392.9,18.691588785046733,0,B,0.04137931034482759,,,,,,,,yes,,0.029758,74.39832394352874,2.6498590242602025,2603090805,0,0.87,0.18691588785046728,-0.03773785664990928,1,8,Weekday
bc0842a441b2deb781ffc3bb480427fa,Hẻm 100 An Dương Vương,10.763637,106.678648,10.7581844,106.6702787,3.0,60.0,FRC4,primary,asphalt,yes,,,22.0,29.0,0.0,0.7586206896551724,2383.45,24.13793103448276,0,B,0.08181818181818182,,,,,,,,,,0.013822,236.4499591702573,1.096221656189611,2603090806,0,0.36666666666666664,0.2413793103448276,-1.1858915509101584,3,8,Weekday
e70acbe9f7d46f0d61297b911d0ecb2c,Đường Mai Chí Thọ,10.7833905,106.7417533,10.7733243,106.7224129,3.0,55.0,FRC4,trunk,asphalt,yes,,,29.0,39.5,0.0,0.7341772151898734,2515.44,26.582278481012654,0,B,0.06206896551724138,,,,,,,,,,0.029407,242.08616275406519,2.390391317157587,2603090806,0,0.5272727272727272,0.26582278481012656,0.04183415463494486,1,8,Weekday
c130fe295990556b2f6683348393e9ca,Đường Thành Thái,10.7781305,106.6563416,10.7807392,106.6588525,1.5,50.0,FRC4,primary_link,asphalt,yes,,,26.5,31.5,0.0,0.8412698412698413,968.57,15.873015873015872,0,B,0.06792452830188679,,,,,,,,,,0.00512,43.395924985332215,0.3983423747729099,2603090806,0,0.53,0.15873015873015872,1.0041613077896498,1,8,Weekday
38a661558bc6a99ae1fccf8a8bf061b0,Đường Dương Bá Trạc,10.7413597,106.6885411,10.7415302,106.6884693,2.0,50.0,FRC2,primary,asphalt,yes,,,20.0,35.0,0.0,0.5714285714285714,2262.86,42.85714285714286,0,C,0.09,,,,yes,,,,,,0.000242,337.52338033061193,0.020429379873433226,2603090806,0,0.4,0.42857142857142855,0.0,1,8,Weekday
e3ceeae18f4f59cff15ec975feec319b,Đường Phạm Văn Đồng,10.8367273,106.7316781,10.8316231,106.7254178,1.5,50.0,FRC2,primary,,yes,,,32.0,42.0,0.0,0.7619047619047619,1182.86,23.809523809523814,0,B,0.056249999999999994,,,,,,,,,,0.011364,230.30367280069,0.8873431738469959,2603090806,0,0.64,0.23809523809523808,-1.2396556737243491,2,8,Weekday
d8e73a0a5d9a67a181e31ed261d77952,Đường Trần Văn Mười,10.8691692,106.5938542,10.8689519,106.5939939,1.0,50.0,FRC1,residential,,,,,47.0,47.0,0.0,1.0,360.0,0.0,0,A,0.03829787234042553,,,,,,,,,,0.000357,147.733433764835,0.028478894818293327,2603090808,0,0.94,0.0,-3.5113722157422105,2,8,Weekday
2947ef039af0171030113c413b81cd0b,Đường Đào Trí,10.7192661,106.7432344,10.7199382,106.7432765,1.0,50.0,FRC3,tertiary,,,,,23.0,35.0,0.0,0.6571428571428571,977.14,34.285714285714285,0,C,0.0782608695652174,,,,yes,,,,,,0.000714,3.521901451285828,0.07448530186964056,2603090808,0,0.46,0.34285714285714286,0.0,3,8,Weekday
19b2b1ee459d0d7845cb550540215992,Đường Số 24,10.7738467,106.7398113,10.773475,106.7397513,4.0,30.0,FRC4,residential,asphalt,no,,,28.0,37.0,0.0,0.7567567567567568,3191.35,24.32432432432432,0,B,0.0642857142857143,,,,,,,,,,0.000432,189.0106668548224,0.04163527605491547,2603090808,0,0.9333333333333333,0.24324324324324326,0.0,2,8,Weekday
0ab89b0cbb7852e76760887f26a0f538,Đường Phú Châu,10.8628859,106.7448654,10.8658949,106.7473789,1.5,50.0,FRC1,residential,,,,,36.0,45.5,0.0,0.7912087912087912,1103.74,20.879120879120883,0,B,0.05,,,,,,,,,,0.005523,39.363675215942976,0.43163156595974217,2603090808,0,0.72,0.2087912087912088,1.3900744229998263,3,8,Weekday
b3d2dfe0fb15f1fe7380b3d98be8ba80,Đường Nguyễn Thị Minh Khai,10.7910523,106.7058445,10.7924505,106.707195,2.0,50.0,FRC2,primary,asphalt,yes,,,30.0,41.0,0.0,0.7317073170731707,1685.85,26.82926829268293,0,B,0.06,,,,yes,,20.0,,yes,,0.002749,43.494980726086965,0.21385388265310665,2603090808,0,0.6,0.2682926829268293,1.4028269970044518,2,8,Weekday
93c02284c0d51d86197a2bdc052a0c3f,Đường Phạm Hùng,10.7460556,106.6689199,10.7416454,106.668879,1.5,50.0,FRC3,primary,,yes,,,23.0,33.0,0.0,0.696969696969697,1358.18,30.303030303030297,0,C,0.0782608695652174,,,,yes,,,,,,0.004451,180.52203339897696,0.48784540727943204,2603090808,0,0.46,0.30303030303030304,-1.0249148450291876,1,8,Weekday
d2815cdb6defdaf25bcf120055274711,Đường Lê Thị Hà,10.887776,106.5981184,10.8865251,106.5982675,2.0,50.0,FRC4,tertiary,asphalt,,,,27.0,36.0,0.0,0.75,1620.0,25.0,0,B,0.06666666666666667,,,,,,,,,,0.0014,173.32396032774398,0.139323818989032,2603090808,0,0.54,0.25,-0.7177523608355316,3,8,Weekday
9724a40a02e52298459bb51cb91e8b7a,Đường Trần Hưng Đạo,10.7529032,106.6714119,10.752615,106.6684652,2.5,50.0,FRC3,residential,asphalt,,,,19.5,29.5,0.0,0.6610169491525424,2425.42,33.89830508474576,0,C,0.0923076923076923,,,,,,,,,,0.003235,264.3150790038624,0.323875744704682,2603090809,0,0.39,0.3389830508474576,-0.9262811584533676,1,8,Weekday
5d8686b2d447843e68030c5cda6fa2e2,Đường Lý Thường Kiệt,10.8866826,106.5896647,10.7757808,106.6565902,1.5,50.0,FRC4,primary,asphalt,,,ĐT.9,22.0,33.5,0.0,0.6567164179104478,1466.87,34.32835820895522,0,C,0.08181818181818182,,,,,,,,,,0.177827,149.33782396045774,14.284323362102823,2603090809,0,0.44,0.34328358208955223,-0.0980095426650929,3,8,Weekday
41723ba1c376e35d2c57eeffc1efaf49,Hẻm 457 Đường Cách Mạng Tháng 8,10.7827246,106.6724641,10.7822806,106.6732878,1.0,50.0,FRC2,residential,,,,,19.0,34.0,0.0,0.5588235294117647,1154.12,44.11764705882353,0,C,0.09473684210526316,,,,,,,,,,0.001268,118.7543428369969,0.1026031735686626,2603090809,0,0.38,0.4411764705882353,0.9746287226981284,5,8,Weekday
6be66491f570c0e12dc9a63eb2d8f0a2,Đường Tân Hòa Đông,10.7542847,106.6342541,10.7560579,106.6326357,2.5,50.0,FRC2,primary,asphalt,yes,,,26.0,35.0,0.0,0.7428571428571429,2057.14,25.71428571428571,0,B,0.06923076923076923,,,,,,,,,,0.003392,318.1186102717437,0.26420615812373743,2603090809,0,0.52,0.2571428571428571,0.0,5,8,Weekday
2b84ee42684591b4fb0667a702b002f5,Đường Nguyễn Trãi,10.7710906,106.6929369,10.7532859,106.6628252,1.0,50.0,FRC4,service,,,,,17.5,26.0,0.0,0.6730769230769231,948.46,32.692307692307686,0,C,0.10285714285714287,,,,,,,,,,0.047916,238.96012867088194,3.837373071666618,2603090809,0,0.35,0.3269230769230769,0.3127139263211709,3,8,Weekday
f6409d575b291cf52f154b44239dfba8,Đường Đất Mới,10.7614144,106.6100165,10.76138,106.6100099,2.0,50.0,FRC4,tertiary,asphalt,,,,23.0,31.0,0.0,0.7419354838709677,1649.03,25.806451612903224,0,B,0.0782608695652174,,,,,,,,,,4.1e-05,190.67423595107394,0.00387295584348513,2603090810,0,0.46,0.25806451612903225,0.0,1,8,Weekday
edf8d0adb6e0d4b1bd53ec91c2f495ca,Đường Lý Thái Tổ,10.7461614,106.7956925,10.7443127,106.8027109,2.0,50.0,FRC4,primary,,,,ĐT.769B,43.0,43.0,0.0,1.0,720.0,0.0,0,A,0.04186046511627907,,,,,,,,,,0.008867,105.0078700560266,0.7944437990509825,2603090810,0,0.86,0.0,0.6293711406612831,4,8,Weekday
c6a567f43c47b41238fa4ec6b881889a,Nguyễn Tất Thành,10.7650945,106.7071763,10.7578081,106.7164541,1.5,50.0,FRC2,residential,asphalt,,,,23.0,35.5,0.0,0.647887323943662,1490.7,35.2112676056338,0,C,0.0782608695652174,,,,,,,,,,0.016564,128.63859905566534,1.2958840707565094,2603090810,0,0.46,0.352112676056338,0.07716739657245894,4,8,Weekday
8eadd9c93eee0f384dceac1a31c39d35,Võ Văn Ngân,10.851171,106.7550306,10.8497041,106.7710929,1.5,50.0,FRC3,secondary,asphalt,yes,,,37.5,47.0,0.0,0.7978723404255319,1085.74,20.21276595744681,0,B,0.048,,,,,,,,,,0.017529,95.31103677574401,1.7637679692183217,2603090810,0,0.75,0.20212765957446807,0.7937552016099154,4,8,Weekday
386ac6318097163e888241a001ada6e8,Sư Van Hạnh,10.7633633,106.6725291,10.7696215,106.6710798,1.0,50.0,FRC2,residential,asphalt,,,,26.5,32.0,0.0,0.828125,669.37,17.1875,0,B,0.06792452830188679,,,,,,,,,,0.007708,347.1830786847614,0.7101554472370639,2603090810,0,0.53,0.171875,0.7040712029250832,1,8,Weekday
84eac5395bc14015e1b7708db7ef3ff7,Đường Số 8,10.8824106,106.7698521,10.8418186,106.6623835,1.5,50.0,FRC2,residential,,,,,15.5,22.5,0.0,0.6888888888888889,1380.0,31.11111111111111,0,C,0.11612903225806452,,,,,,,,,,0.148061,248.97333809475822,12.579046586262796,2603090810,0,0.31,0.3111111111111111,0.015899456181235075,2,8,Weekday
41f71824fb500e7f5c9ee32056caee4b,3 Tháng 2,10.7618422,106.6562075,10.755822,106.6453021,1.0,50.0,FRC2,residential,concrete,,,,12.0,16.5,0.0,0.7272727272727273,850.91,27.27272727272727,0,B,0.15000000000000002,,,,,,,,,,0.016926,240.66868879060385,1.3660783644781092,2603090810,0,0.24,0.2727272727272727,-1.2444381261022759,4,8,Weekday
63912295e9183a9f8c702bb66225df24,Phan Văn Trị,10.8319624,106.6745438,10.8269605,106.6885765,1.0,50.0,,service,asphalt,,,,0.0,0.0,0.0,1.0,900.0,0.0,0,A,,,,,,,,,,,0.019035,109.94497931801544,1.631173656648981,2603090810,0,0.0,0.0,-1.2874165736063672,2,8,Weekday
40069a147aa064b6f191feef3a66cff6,Phổ Quang,10.8087826,106.6687556,10.8085272,106.6717917,2.0,50.0,FRC2,secondary,asphalt,,,,16.5,21.0,0.0,0.7857142857142857,1491.43,21.42857142857143,0,B,0.1090909090909091,,,both,,,,,yes,,0.003292,94.89460692343249,0.33321983296150515,2603090811,0,0.33,0.21428571428571427,0.9003065553863873,5,8,Weekday
dc93a682340c06217dfae62de3764a65,Cao tốc TP. Hồ Chí Minh - Long Thành - Dầu Giây,10.7917928,106.8178476,10.786298,106.8450235,2.0,120.0,,motorway,asphalt,yes,,CT.29,0.0,0.0,0.0,1.0,1800.0,0.0,0,A,,,,,viaduct,,,,,,0.032671,101.62834126933421,3.0335910277465636,2603090811,0,0.0,0.0,-0.2307496276187168,2,8,Weekday
8594247c7d6b09f93080d0dc64757d78,Dương Bá Trạc,10.7440266,106.688839,10.7415004,106.6884045,1.5,50.0,,service,asphalt,,,,0.0,0.0,0.0,1.0,1350.0,0.0,0,A,,,,,,,,,,,0.002961,189.59144487369818,0.2834430853903039,2603090811,0,0.0,0.0,-1.0584135421292675,2,8,Weekday
44e91f11a43e9dfdbe7c1eb4c0c12b82,Lý Thường Kiệt,10.7571594,106.6618976,10.765485,106.6595662,2.5,50.0,,primary,asphalt,,,,0.0,0.0,0.0,1.0,2250.0,0.0,0,A,,,,,,,,,,,0.010657,344.61847140215235,0.955570884705003,2603090811,0,0.0,0.0,-2.511587615753813,1,8,Weekday
308acee2fda85ded85fe59bdee90a062,Phường An Phú Đông,10.8643469,106.6941172,10.8519273,106.6913666,1.0,50.0,,residential,,,,,0.0,0.0,0.0,1.0,900.0,0.0,0,A,,,,,,,,,,,0.01517,192.27138445827487,1.4063127129549609,2603090811,0,0.0,0.0,-1.1377270398402792,3,8,Weekday
b991be0a1f91f3eb050b949ffcda202f,Nguyễn Xuân Khoát,10.7951766,106.6345051,10.7954885,106.6345715,2.0,50.0,,residential,asphalt,,,,0.0,0.0,0.0,1.0,1800.0,0.0,0,A,,,,,,,,,,,0.000378,11.811536848299227,0.035256208189782846,2603090812,0,0.0,0.0,0.0,3,8,Weekday
64f139ba573a5097543a281c37f2811e,Đường Cộng Hòa,10.8021815,106.6453771,10.8022319,106.644295,1.0,50.0,,residential,,,,,0.0,0.0,0.0,1.0,900.0,0.0,0,A,,,,,,,,,,,0.001133,272.71482299062734,0.11846945303646862,2603090812,0,0.0,0.0,-0.8440994487348301,2,8,Weekday
be440cba554db7ed46d7936731b8bc40,Cầu Phú An,10.7923372,106.7131767,10.792197,106.7134711,1.0,50.0,,tertiary,asphalt,,,,0.0,0.0,0.0,1.0,900.0,0.0,0,A,,,,,,,,,,,0.000435,115.86397184071336,0.0357367692726037,2603090813,0,0.0,0.0,0.0,2,8,Weekday
76b9a2f65e8ce0c7e59fc177f40147ed,Đường Phạm Hữu Lầu,10.703606,106.7265583,10.7028333,106.7247561,1.0,50.0,FRC4,,,,,,37.0,39.5,0.0,0.9367088607594937,473.92,6.329113924050633,0,A,0.04864864864864865,,,,,,,,,,0.002575,246.42635237218383,0.21488197382456947,2603090858,0,0.74,0.06329113924050633,-1.3961152471771374,2,8,Weekday
3dc3aeb6ac2cd4c7167f26a1d7f12ea3,Đường Quốc Lộ 1A,10.8753473,106.7511683,10.8754506,106.7515008,1.5,50.0,FRC1,trunk,asphalt,yes,,QL.1,38.0,48.0,0.0,0.7916666666666666,1102.5,20.833333333333336,0,B,0.04736842105263158,,,,yes,,,,,,0.000436,72.44475611265193,0.03810675004887089,2603090858,0,0.76,0.20833333333333334,0.0,2,8,Weekday
e2b4b00d3773011513d292061d5b72f2,Đường Hiền Vương,10.7817224,106.6249308,10.7821668,106.6241211,1.0,50.0,FRC4,,,,,,22.0,31.0,0.0,0.7096774193548387,882.58,29.032258064516125,0,B,0.08181818181818182,,,,,,,,,,0.001254,299.1925414944162,0.10128309742572823,2603090858,0,0.44,0.2903225806451613,0.987331573990723,3,8,Weekday
ab4140bae34e4fa081cbfa58de1e6e37,Đường Tỉnh Lộ 830C,10.6817688,106.5406723,10.6828162,106.5444885,1.5,50.0,FRC4,secondary,asphalt,,,ĐT.830C,37.0,45.0,0.0,0.8222222222222222,1020.0,17.777777777777782,0,B,0.04864864864864865,,,,,,,,,,0.004864,74.39450382264346,0.4332800506309869,2603090858,0,0.74,0.17777777777777778,1.1539880483115912,5,8,Weekday
745c19b541bdadd331a6485c6e92a834,Đường Phạm Văn Đồng,10.8193084,106.6900639,10.8195596,106.6899222,1.0,50.0,FRC3,,,,,,47.0,47.0,0.0,1.0,360.0,0.0,0,A,0.03829787234042553,,,,,,,,,,0.000393,331.01071767325266,0.031814682710409874,2603090858,0,0.94,0.0,-3.1432028070259417,4,8,Weekday
6ea17f272e9d92c4348b73e649fb543d,Đường Vườn Lài,10.845755,106.6932002,10.8606545,106.6917699,1.0,50.0,FRC3,,,,,,29.0,41.0,0.0,0.7073170731707317,886.83,29.268292682926834,0,B,0.06206896551724138,,,,,,,,,,0.01633,354.61424276175325,1.6554916480626714,2603090858,0,0.58,0.2926829268292683,-1.0268852772464385,5,8,Weekday
b886bd4f4dc50467f457ac903cb1c28d,Đường Lý Thường Kiệt,10.7778843,106.6559639,10.773825,106.6615589,1.0,50.0,FRC2,,,,,,19.5,30.0,0.0,0.65,990.0,35.0,0,C,0.0923076923076923,,,,,,,,,,0.009654,126.44705817141346,0.7589855881969971,2603090858,0,0.39,0.35,0.26350961482036644,2,8,Weekday
b2c16b0585d24925d45b474129c80584,Đường Số 8,10.7356907,106.6934274,10.7357575,106.6934288,1.0,50.0,FRC2,,,,,,16.0,34.0,0.0,0.47058823529411764,1312.94,52.94117647058824,0,D,0.11249999999999999,,,,,,,,,,6.8e-05,1.1796249573374098,0.007390522822057757,2603090858,0,0.32,0.5294117647058824,0.0,3,8,Weekday
f1fe8c6487b8951009b7e4f5a032eebb,Đường Lý Thường Kiệt,10.7836425,106.6543665,10.7857783,106.6579632,1.0,50.0,FRC2,,,,,,21.0,33.0,0.0,0.6363636363636364,1014.55,36.36363636363637,0,C,0.08571428571428572,,,,,,,,,,0.005733,58.84673303167415,0.4588493095447494,2603090858,0,0.42,0.36363636363636365,1.08968236324923,3,8,Weekday
cbb3cdb1ae52a7a0119f0ed40870900c,Đường Lê Văn Sỹ,10.7915356,106.67201,10.7962369,106.6656372,1.0,50.0,FRC2,,,,,,17.5,32.5,0.0,0.5384615384615384,1190.77,46.15384615384615,0,C,0.10285714285714287,,,,,,,,,,0.011074,306.9071710351099,0.8695759421943776,2603090858,0,0.35,0.46153846153846156,-0.22999716332457332,2,8,Weekday
d1a299017f3767c5c0ce6f5ededa0f9d,Đường Nguyễn Trọng Tuyển,10.7980849,106.6699079,10.7984011,106.6665835,1.0,50.0,FRC2,,,,,,17.5,32.5,0.0,0.5384615384615384,1190.77,46.15384615384615,0,C,0.10285714285714287,,,,,,,,,,0.003641,275.5309891391742,0.3652389257967301,2603090858,0,0.35,0.46153846153846156,-0.8213801399880412,3,8,Weekday
47755a5540608c72dd864459c6c3a6d7,Đường Phan Văn Đáng,10.7468469,106.7929002,10.7471454,106.7931437,1.0,50.0,FRC4,,,,,,43.5,43.5,0.0,1.0,360.0,0.0,0,A,0.04137931034482759,,,,,,,,,,0.000542,38.70996669463591,0.042421134063075856,2603090858,0,0.87,0.0,-66.00483607620411,5,8,Weekday
c00e8a42b8162fb5644d5427c2cae0c5,Vòng Xoay Lê Đại Hành,10.7690082,106.6524868,10.7690082,106.6524868,1.5,50.0,FRC4,secondary,asphalt,yes,,,19.0,31.0,0.0,0.6129032258064516,1585.16,38.70967741935484,0,C,0.09473684210526316,,,,,,,,,,0.0,0.0,0.0,2603090858,0,0.38,0.3870967741935484,0.0,2,8,Weekday
79037020ed90451ae530934b3fea8415,Đường Lạc Long Quân,10.7790801,106.6498852,10.767159,106.6426234,1.0,50.0,FRC4,residential,asphalt,,,,17.0,32.0,0.0,0.53125,1203.75,46.875,0,C,0.10588235294117647,,,,,,,,,,0.019183,210.89777690196092,1.5393432270070178,2603090858,0,0.34,0.46875,0.7145904699491592,3,8,Weekday
37d7d0d6860cb8b4913237e08732d983,Đường Kinh Dương Vương,10.7455465,106.6235109,10.7282004,106.6071858,1.5,50.0,FRC2,secondary,asphalt,,,,26.0,35.0,0.0,0.7428571428571429,1234.29,25.71428571428571,0,B,0.06923076923076923,,,,,,,,,,0.033671,222.7599414901867,2.6210907735394633,2603090858,0,0.52,0.2571428571428571,-0.11445616574159566,2,8,Weekday
6d1a4cbf6463ccfce9b2fabea5d09793,Đường Trần Xuân Soạn,10.7512278,106.6919615,10.7504862,106.6880473,1.0,50.0,FRC4,,,,,,21.0,29.0,0.0,0.7241379310344828,856.55,27.586206896551722,0,B,0.08571428571428572,,,,,,,,,,0.004656,259.08493448380375,0.4359163725745861,2603090858,0,0.42,0.27586206896551724,-0.9176071952460544,2,8,Weekday
370350f3368ff088a2066af8a3feae97,Đường Nguyễn Thái Bình,10.7964689,106.6523793,10.800764,106.6598663,1.0,50.0,FRC2,residential,asphalt,,,,21.0,36.5,0.0,0.5753424657534246,1124.38,42.465753424657535,0,C,0.08571428571428572,,,,,,,,,,0.011782,59.71367562077472,0.9466395018730215,2603090858,0,0.42,0.4246575342465753,-2.0070998476618174,4,8,Weekday
9bce5e8ee12dbc9b81fc6e256bd0b118,Đường Ngô Gia Tự,10.7598159,106.6687226,10.7669024,106.6738588,1.5,50.0,FRC2,primary,asphalt,yes,,,26.0,35.0,0.0,0.7428571428571429,1234.29,25.71428571428571,0,B,0.06923076923076923,,,,,,,,,,0.012223,35.451728996106795,0.9643732859071531,2603090858,0,0.52,0.2571428571428571,1.2443314404662307,2,8,Weekday
678b3c050fb3beed94da629f0ce6bd1d,Đường Trường Chinh,10.8332849,106.6212255,10.8136617,106.6326825,1.0,50.0,FRC2,primary,asphalt,yes,,,17.0,34.0,0.0,0.5,1260.0,50.0,0,C,0.10588235294117647,,,,,,,,,,0.03108,150.1662364300903,2.5062091434423803,2603090858,0,0.34,0.5,0.8379188965512927,4,8,Weekday
3b44d63b3bc134e06b0cb4e26a5d3304,Đường Nguyễn Tất Thành,10.7704106,106.7062443,10.7705573,106.7062775,1.5,50.0,FRC3,primary,asphalt,yes,,,21.0,35.0,0.0,0.6,1620.0,40.0,0,C,0.08571428571428572,,,,yes,,,,,,0.00018,12.53443831707034,0.016628244963297064,2603090859,0,0.42,0.4,0.0,1,8,Weekday
af4f9bffc8e9c8f8229437465291e32e,Đường Phạm Văn Đồng,10.867114,106.7578623,10.8672756,106.7622334,1.5,50.0,FRC2,tertiary,asphalt,,,,33.0,42.0,0.0,0.7857142857142857,1118.57,21.42857142857143,0,B,0.05454545454545455,,,,,,,,,,0.004533,87.84369506742462,0.4782535763825671,2603090859,0,0.66,0.21428571428571427,1.0454704882332913,1,8,Weekday
86163a5b85f5781a1a097719e51b4386,Đường Phạm Văn Đồng,10.8185142,106.6869633,10.8367273,106.7316781,1.0,50.0,FRC2,,,,,,33.0,42.0,0.0,0.7857142857142857,745.71,21.42857142857143,0,B,0.05454545454545455,,,,,,,,,,0.062928,67.4720147627088,5.288359617704673,2603090859,0,0.66,0.21428571428571427,0.05672836601271268,5,8,Weekday
0e3f9a7458675955792ad89d4d670e37,Đường Quốc Lộ 13,10.8180917,106.7127697,10.8029327,106.7093756,1.0,50.0,FRC2,,,,,,19.0,37.5,0.0,0.5066666666666667,1248.0,49.33333333333333,0,C,0.09473684210526316,,,,,,,,,,0.018553,192.40371493694897,1.7173766861363178,2603090859,0,0.38,0.49333333333333335,-1.1063385309337932,2,8,Weekday
b06987239bec5664387471206a5c176e,Đường Cách Mạng Tháng 8,10.7752936,106.6864011,10.7756788,106.6867311,1.0,50.0,FRC2,,,,,,18.0,31.0,0.0,0.5806451612903226,1114.84,41.93548387096774,0,C,0.1,,,,,,,,,,0.000715,40.083664493116714,0.05583978711779597,2603090859,0,0.36,0.41935483870967744,0.0,1,8,Weekday
e3aae21f4d5f96ba007d0355dfde2112,Đường Nguyễn Trãi,10.7711638,106.6930476,10.7529979,106.6588732,1.0,50.0,FRC4,primary,asphalt,yes,,,15.0,26.0,0.0,0.5769230769230769,1121.54,42.307692307692314,0,C,0.12,,,,,,,,,,0.05234,241.5861858373429,4.243674647525991,2603090859,0,0.3,0.4230769230769231,0.14138689928781237,5,8,Weekday
26ab458d485349580f5ada61278363de,Đường An Dương Vương,10.7560028,106.6664058,10.7566251,106.6697746,2.0,55.0,FRC2,primary,asphalt,yes,,,22.0,32.0,0.0,0.6875,1845.0,31.25,0,C,0.08181818181818182,,,,,,,,,,0.003991,79.35079638906012,0.37484146818157477,2603090859,0,0.4,0.3125,0.8003383442481842,2,8,Weekday
04844fa43c5c3f9a38385469ca969289,Đường An Dương Vương,10.7575894,106.674106,10.757428,106.6739837,1.5,50.0,FRC4,primary,asphalt,,,,18.5,27.5,0.0,0.6727272727272727,1423.64,32.72727272727273,0,C,0.0972972972972973,,,,,,,,,,0.000284,216.66504383381275,0.022308353564879674,2603090859,0,0.37,0.32727272727272727,-4.482625744171067,5,8,Weekday
6bf7cd756f6d8d56e519299551a7a4cc,Đường Xa Lộ Hà Nội,10.7997621,106.7319201,10.7981356,106.7225975,1.0,50.0,FRC2,,,,,,38.0,47.0,0.0,0.8085106382978723,704.68,19.14893617021277,0,B,0.04736842105263158,,,,,,,,,,0.010949,259.92937659445084,1.0352809505980494,2603090859,0,0.76,0.19148936170212766,-0.9659213756636121,2,8,Weekday
58c00b65acb6d7287824a918c7de336f,Đường Hòa Hảo,10.7597892,106.6590053,10.7603765,106.6617195,1.0,50.0,FRC4,,,,,,22.0,33.0,0.0,0.6666666666666666,960.0,33.333333333333336,0,C,0.08181818181818182,,,,,,,,,,0.003301,77.57849649943392,0.30389038404935403,2603090859,0,0.44,0.3333333333333333,-8.884782611487633,5,8,Weekday
6aa710567d555652d8eb7c9ced435d3d,Đường Hải Thượng Lãn Ông,10.7507545,106.6545334,10.7504376,106.6601575,2.0,50.0,FRC4,secondary,asphalt,yes,,,18.0,26.0,0.0,0.6923076923076923,1827.69,30.76923076923077,0,C,0.1,,,,,,,,,,0.005941,93.2819891592531,0.6161529738234562,2603090859,0,0.36,0.3076923076923077,0.9737841501872155,3,8,Weekday
75da623bca56eca7dae342ddfcbab9be,Đường Quốc Lộ 1A,10.8678819,106.7813371,10.8617623,106.6586551,1.0,50.0,FRC1,,,,,,40.5,46.0,0.0,0.8804347826086957,575.22,11.956521739130432,0,B,0.044444444444444446,,,,,,,,,,0.128802,267.1038789766513,13.430757046569086,2603090859,0,0.81,0.11956521739130435,-0.0670103700691918,5,8,Weekday
d453936536487135042d948c2ef78def,Đường Cao Tốc Thành phố Hồ Chí Minh-Long Thành-Dầu Giây,10.7933726,106.755623,10.7935165,106.7559349,1.0,50.0,FRC0,service,,,,,63.0,63.0,0.0,1.0,360.0,0.0,0,A,0.02857142857142857,,,,,,,,,,0.000456,64.84170055323654,0.03764135070477706,2603090859,0,1.26,0.0,0.0,2,8,Weekday
de7a389232823cd0de9374379391ebdd,Đường Lạc Long Quân,10.7664078,106.6422822,10.7632226,106.6421549,1.0,50.0,FRC4,,,,,,18.0,31.0,0.0,0.5806451612903226,1114.84,41.93548387096774,0,C,0.1,,,,,,,,,,0.003313,182.24844830662113,0.35259960183398553,2603090859,0,0.36,0.41935483870967744,-0.8508234224871557,1,8,Weekday
dfcc1f958d389df3e113f76a5f7af8f7,Đường Số 4,10.7388679,106.6898242,10.7392345,106.6909482,1.5,50.0,FRC2,secondary,asphalt,yes,,,21.5,34.0,0.0,0.6323529411764706,1532.65,36.76470588235294,0,C,0.08372093023255814,,,,yes,,,,,,0.001491,71.63524041561567,0.12946070444478852,2603090859,0,0.43,0.36764705882352944,1.5448703207489078,3,8,Weekday
c3215633a558ad6ac300609ca953bd94,Đường Nguyễn Bỉnh Khiêm,10.7886678,106.7034865,10.7918707,106.700004,1.5,55.0,FRC4,primary,asphalt,yes,,,16.0,24.0,0.0,0.6666666666666666,1440.0,33.333333333333336,0,C,0.11249999999999999,,,,,,,,,,0.006685,313.11509103284845,0.520164530867115,2603090859,0,0.2909090909090909,0.3333333333333333,0.0,1,8,Weekday
f3bd3e0952b04e44f2390f3158e257d0,Đường Lê Văn Sỹ,10.7970292,106.6645994,10.7889674,106.675853,1.0,50.0,FRC2,service,asphalt,,,,15.5,32.0,0.0,0.484375,1288.12,51.5625,0,D,0.11612903225806452,,,,,,,,,,0.019315,126.10131954585785,1.5198342433510048,2603090859,0,0.31,0.515625,0.13159329767371886,1,8,Weekday
f633bf06989ace67548c52bce7130e95,Đường Phan Văn Trị,10.8112469,106.6954833,10.8252639,106.706678,1.0,50.0,FRC2,,,,,,25.0,36.5,0.0,0.684931506849315,927.12,31.506849315068497,0,C,0.072,,,,,,,,,,0.025212,38.1116298765117,1.9754947828399587,2603090859,0,0.5,0.3150684931506849,-0.25310114931369404,5,8,Weekday
0da7a0c372bed2f60ce19a48bf5305e9,Đường Nguyễn Trọng Tuyển,10.7983381,106.6674578,10.7980849,106.6699079,1.0,50.0,FRC2,,,,,,15.0,33.0,0.0,0.45454545454545453,1341.82,54.54545454545454,0,D,0.12,,,,,,,,,,0.002703,96.005513920451,0.26940568362118833,2603090859,0,0.3,0.5454545454545454,0.7423748352734097,4,8,Weekday
b5a62738d1aa1fb87e965e4b30a49172,Đường Số 2,10.8736394,106.7774485,10.7447939,106.5384069,1.0,50.0,FRC1,tertiary,,,,,42.0,47.5,0.0,0.8842105263157894,568.42,11.578947368421055,0,B,0.04285714285714286,,,,yes,,,,,,0.367887,241.2668958882888,29.77361530011458,2603090859,0,0.84,0.11578947368421053,-0.026869427576600723,2,8,Weekday
06024a91e4cbfb9e2a00efbe60407906,Đường Lạc Long Quân,10.767159,106.6426234,10.7742613,106.6477025,1.0,50.0,FRC4,residential,asphalt,,,,17.0,31.5,0.0,0.5396825396825397,1188.57,46.03174603174603,0,C,0.10588235294117647,,,,,,,,,,0.012181,35.088945628055626,0.9621676908981622,2603090859,0,0.34,0.4603174603174603,-1.8707757670804137,1,8,Weekday
dda3a3119514ffc33eb07addfd018b70,Đường Nguyễn Thông,10.7778272,106.6849154,10.7759864,106.6869946,1.0,50.0,FRC2,,,,,,23.5,34.0,0.0,0.6911764705882353,915.88,30.88235294117647,0,C,0.07659574468085106,,,,,,,,,,0.00392,132.0261162413836,0.30523829221989646,2603090859,0,0.47,0.3088235294117647,0.0,2,8,Weekday
86734732c7cdeead4dd6fbe6653de95d,Đường Quốc Lộ 1A,10.829463,106.6235423,10.8417386,106.6160676,1.5,65.0,FRC4,primary,asphalt,yes,,,28.5,36.0,0.0,0.7916666666666666,1102.5,20.833333333333336,0,B,0.06315789473684211,,,,,,,,,,0.01975,329.1191403646251,1.584864656394446,2603090859,0,0.43846153846153846,0.20833333333333334,0.3154843525487507,1,8,Weekday
ae62dda591b44e3574eade56c8fa2357,Đường Tân Vĩnh,10.7564549,106.7023549,10.757461,106.7015563,1.0,50.0,FRC3,,,,,,17.0,34.0,0.0,0.5,1260.0,50.0,0,C,0.10588235294117647,,,,,,,,,,0.001805,322.05261433175525,0.14147291206145204,2603090859,0,0.34,0.5,0.0,4,8,Weekday
3f4a7dc85944903ea2b70fa37791230b,Đường Hải Thượng Lãn Ông,10.7504649,106.6533788,10.7504649,106.6533788,1.5,50.0,FRC4,tertiary,asphalt,no,,,22.0,30.0,0.0,0.7333333333333333,1260.0,26.66666666666667,0,B,0.08181818181818182,,,,,,,,,,0.0,0.0,0.0,2603090859,0,0.44,0.26666666666666666,0.0,1,8,Weekday
f3bd3e0952b04e44f2390f3158e257d0,Đường Lê Văn Sỹ,10.8000753,106.6653921,10.7970292,106.6645994,1.0,50.0,FRC2,,,,,,16.0,31.0,0.0,0.5161290322580645,1230.97,48.38709677419355,0,C,0.11249999999999999,,,,,,,,,,0.003839,194.33930714191354,0.3479126036824221,2603090859,0,0.32,0.4838709677419355,-1.1497140252070999,1,8,Weekday
f1b98271d1e05b7d6be4385423534b68,Đường Trường Sơn,10.8124942,106.6643618,10.812469,106.6648739,1.0,50.0,FRC2,,,,,,18.0,34.0,0.0,0.5294117647058824,1207.06,47.05882352941176,0,C,0.1,,,,,,,,,,0.000537,92.86799063516048,0.056070564116175135,2603090900,0,0.36,0.47058823529411764,0.0,1,9,Weekday
3f3d000d329652ae462d6855105f0a8f,Hẻm 86 Ông Ích Khiêm,10.7699913,106.647032,10.7702268,106.6471393,1.0,50.0,FRC4,,,,,,16.0,32.0,0.0,0.5,1260.0,50.0,0,C,0.11249999999999999,,,,,,,,,,0.000343,24.11329896323275,0.028570842748651418,2603090900,0,0.32,0.5,3.500071764761651,1,9,Weekday
e6471d556f48d2620665619ed1e9f743,Đường Điện Biên Phủ,10.7957979,106.7028286,10.8012607,106.7127424,2.0,50.0,FRC2,primary,asphalt,yes,,,27.5,40.0,0.0,0.6875,1845.0,31.25,0,C,0.06545454545454546,,,,,,,,,,0.015377,60.70824203623704,1.241202254284702,2603090900,0,0.55,0.3125,-1.127938653968053,5,9,Weekday
7b2ea44f62ca9783ecbc993769dab1b2,Cầu Vượt Xa Lộ Hà Nội Cầu B,10.8055309,106.7528475,10.8031584,106.7489288,1.0,50.0,FRC2,,,,,,30.0,40.5,0.0,0.7407407407407407,826.67,25.92592592592593,0,B,0.06,,,,,,,,,,0.006291,238.35249311383447,0.5025141252435477,2603090900,0,0.6,0.25925925925925924,-1.193996287585359,2,9,Weekday
c79e211f70eccbf9c5834a86b875367e,Đường An Phú Đông 3,10.8547157,106.7063222,10.8547574,106.7068791,1.0,50.0,FRC1,,,,,,38.0,48.0,0.0,0.7916666666666666,735.0,20.833333333333336,0,B,0.04736842105263158,,,,,,,,,,0.000599,85.63998350174734,0.06106629976203734,2603090900,0,0.76,0.20833333333333334,0.0,2,9,Weekday
5ccc43e9c3efe340d85bccfc615cf1d1,Đường Tam Bình,10.8547733,106.7343846,10.8550441,106.7349099,1.0,50.0,FRC2,,,,,,30.0,41.0,0.0,0.7317073170731707,842.93,26.82926829268293,0,B,0.06,,,,,,,,,,0.000796,62.30465567514318,0.06477824761388641,2603090900,0,0.6,0.2682926829268293,1.5437280828597648,4,9,Weekday
6b584a04b44c9d951cfa8ccf3c5c490c,Đường Tỉnh Lộ 43,10.8708511,106.7329016,10.8717994,106.73325,1.5,50.0,FRC3,primary,,yes,,ĐT.43,22.0,31.5,0.0,0.6984126984126984,1354.29,30.15873015873016,0,C,0.08181818181818182,,,,,,,,,,0.001297,19.839448531631717,0.11159743629093292,2603090900,0,0.44,0.30158730158730157,1.792155865288902,1,9,Weekday
7e414735915eb505134c1ae99ee1f5f8,Đường Hoàng Sa,10.7916133,106.661654,10.7915741,106.6616367,1.0,50.0,FRC2,,,,,,14.0,34.0,0.0,0.4117647058823529,1418.82,58.82352941176471,0,D,0.1285714285714286,,,,,,,,,,5.6e-05,203.43777309040388,0.004730840628443105,2603090900,0,0.28,0.5882352941176471,0.0,2,9,Weekday
3a1aa87c6bcdaad34a529936ba1386ac,Đường Phan Đăng Lưu,10.797138,106.6470466,10.8031077,106.6923844,1.0,50.0,FRC2,,,,,,19.5,33.0,0.0,0.5909090909090909,1096.36,40.90909090909091,0,C,0.0923076923076923,,,,,,,,,,0.051307,82.36099560608864,5.001943577340994,2603090900,0,0.39,0.4090909090909091,-0.1799300584031048,3,9,Weekday
3b9f69a47969448ec90e6ff7dc849316,Đường Quốc Lộ 22,10.843311,106.6149367,10.8450745,106.6138112,1.0,50.0,FRC2,,,,,,30.0,40.0,0.0,0.75,810.0,25.0,0,B,0.06,,,,,,,,,,0.002889,327.9196985665052,0.23064413737082515,2603090900,0,0.6,0.25,0.4335683583373375,2,9,Weekday
0850d9a408a4b73193f8810b916dadfa,Đường Quốc Lộ 1A,10.8706221,106.7733958,10.8666505,106.7915871,1.0,50.0,FRC1,service,,,,,38.0,48.0,0.0,0.7916666666666666,735.0,20.833333333333336,0,B,0.04736842105263158,,,,,,,,,,0.022163,102.53199203326938,2.036897089046421,2603090900,0,0.76,0.20833333333333334,0.6873199473496296,2,9,Weekday
e4f9d9ee24eae3af1cf0ee65e59da33e,Cầu Vượt Xa Lộ Hà Nội Cầu B,10.8054703,106.7542574,10.8303445,106.7632003,1.0,50.0,FRC2,,,,,,46.5,46.5,0.0,1.0,360.0,0.0,0,A,0.03870967741935484,,,,,,,,,,0.033817,19.44911510437032,2.9200484755259835,2603090900,0,0.93,0.0,0.1369840272695982,4,9,Weekday
ab8d9751785a0f9569f4a4f02c7b4ec3,Đường D4,10.7452196,106.6957773,10.7452248,106.6957332,1.0,50.0,FRC4,,,,,,27.0,35.0,0.0,0.7714285714285715,771.43,22.857142857142854,0,B,0.06666666666666667,,,,,,,,,,4.9e-05,276.8438076617149,0.0048578451645538015,2603090900,0,0.54,0.22857142857142856,0.0,2,9,Weekday
c31af84fbed52d70cb3d6e5f6e47f91c,Đường Số 48,10.758507,106.6987348,10.7557367,106.7008649,1.0,50.0,FRC4,,,,,,27.0,35.0,0.0,0.7714285714285715,771.43,22.857142857142854,0,B,0.06666666666666667,,,,,,,,,,0.0049,142.93261840829632,0.38494233281890705,2603090900,0,0.54,0.22857142857142856,-0.25977917073372175,5,9,Weekday
cb19f4ec4fb65fd0ede65fb5ba4bb487,Đường Lý Chính Thắng,10.7792426,106.6820441,10.788335,106.6850959,1.0,50.0,FRC3,service,,,,,11.0,27.0,0.0,0.4074074074074074,1426.67,59.25925925925925,0,D,0.16363636363636364,,,,,,,,,,0.012144,18.247907350105038,1.0596743875210621,2603090900,0,0.22,0.5925925925925926,1.1324233312906686,5,9,Weekday
e835eca8a71269549291cc77ef79d6c0,Đường Nguyễn Thị Minh Khai,10.7919424,106.6999228,10.7886038,106.7035492,1.0,45.0,FRC4,residential,asphalt,,,,27.5,33.0,0.0,0.8333333333333334,660.0,16.666666666666664,0,B,0.06545454545454546,,,,,,,,,,0.006965,133.14315325137852,0.5419108906804024,2603090900,0,0.6111111111111112,0.16666666666666666,0.18453218364820803,4,9,Weekday
8be985e8d8e06a0b71f2709c4d055e0a,Đường Nguyễn Tuyển,10.7833422,106.7653756,10.7836471,106.7652891,1.0,50.0,FRC4,,,,,,25.0,30.0,0.0,0.8333333333333334,660.0,16.666666666666664,0,B,0.072,,,,,,,,,,0.000391,344.42739793137235,0.03502763572897597,2603090900,0,0.5,0.16666666666666666,0.0,3,9,Weekday
ae789259d7efa21cdf48bf04b0f30669,Vòng Xoay,10.745645,106.6236611,10.7456047,106.6236292,1.5,50.0,FRC2,secondary,asphalt,,,,26.0,35.0,0.0,0.7428571428571429,1234.29,25.71428571428571,0,B,0.06923076923076923,,,,,,,,,,7.2e-05,217.87160033113625,0.005660900624505516,2603090900,0,0.52,0.2571428571428571,0.0,1,9,Weekday
945f4133aaa997f4ea99a4b9f3d73e0b,Đường Lê Quang Sung,10.7510631,106.6528193,10.7510631,106.6528193,1.0,50.0,FRC4,,,,,,24.0,32.0,0.0,0.75,810.0,25.0,0,B,0.07500000000000001,,,,,,,,,,0.0,0.0,0.0,2603090900,0,0.48,0.25,0.0,3,9,Weekday
18473a097b08708c365e5b3514d74640,Đường Mai Chí Thọ,10.7882923,106.7502508,10.7924075,106.7519,1.0,50.0,FRC1,trunk,asphalt,yes,,,33.0,36.0,0.0,0.9166666666666666,510.0,8.333333333333337,0,A,0.05454545454545455,,,,,,,,,,0.005764,21.488030167139243,0.4896261757362384,2603090900,0,0.66,0.08333333333333333,-5.105936169039193,5,9,Weekday
aca6705b1d62342359f176619f7beaba,Đường Ngô Quyền,10.7659563,106.6640385,10.7659563,106.6640385,1.5,50.0,FRC2,tertiary,asphalt,,,,17.0,33.0,0.0,0.5151515151515151,1849.09,48.484848484848484,0,C,0.10588235294117647,,,,,,,,,,0.0,0.0,0.0,2603090900,0,0.34,0.48484848484848486,0.0,1,9,Weekday
98633ad0fc5093fe3208463dd3710a09,Đường Ngô Quyền,10.7656858,106.664104,10.7613478,106.6650929,1.5,50.0,FRC2,tertiary,asphalt,,,,17.0,30.0,0.0,0.5666666666666667,1710.0,43.333333333333336,0,C,0.10588235294117647,,,,,,,,,,0.005327,167.37671625908206,0.4918782647494179,2603090900,0,0.34,0.43333333333333335,-0.6099070064680165,4,9,Weekday
a06236ea6f8ac6b8606e155542948516,Đường Hoàng Sa,10.7824606,106.6835712,10.7840477,106.6803024,1.5,50.0,FRC3,tertiary,asphalt,yes,,,11.0,26.0,0.0,0.4230769230769231,2097.69,57.692307692307686,0,D,0.16363636363636364,,,,yes,,,,,,0.004856,296.301534578113,0.3982760369495962,2603090900,0,0.22,0.5769230769230769,-0.25108214083353325,3,9,Weekday
b23cf7a2151170ab26baf9f070c25912,Đường Đồng Nai,10.7782236,106.6617292,10.7739209,106.6645769,1.0,50.0,FRC4,,,,,,20.5,32.0,0.0,0.640625,1006.87,35.9375,0,C,0.08780487804878048,,,,,,,,,,0.00715,146.96906115052354,0.5687843796302735,2603090900,0,0.41,0.359375,-0.35162709659854907,5,9,Weekday
22ad63cc1fad145a51f5915af4b63bc3,Đường Học Lạc,10.7519423,106.6544294,10.7516397,106.6544546,1.0,50.0,FRC4,service,,,,,24.0,32.0,0.0,0.75,810.0,25.0,0,B,0.07500000000000001,,,,,,,,,,0.000328,175.3226886434685,0.03358477040389345,2603090900,0,0.48,0.25,0.0,4,9,Weekday
3c45cb822d65c8e4e3364f4e7b3ae167,Hẻm 354 Lý Thường Kiệt,10.7760663,106.6587872,10.7760663,106.6587872,1.0,50.0,FRC2,residential,,,,,22.0,35.0,0.0,0.6285714285714286,1028.57,37.142857142857146,0,C,0.08181818181818182,,,,,,,,,,0.0,0.0,0.0,2603090900,0,0.44,0.37142857142857144,0.0,1,9,Weekday
9e0cf64a0c081b39123a6df04e7d0521,Đường 3 Tháng 2,10.7674299,106.6665142,10.766037,106.6639913,1.5,50.0,FRC2,tertiary,asphalt,,,,20.5,32.5,0.0,0.6307692307692307,1536.92,36.92307692307693,0,C,0.08780487804878048,,,,,,,,,,0.003916,240.66441499783247,0.31603668699506726,2603090900,0,0.41,0.36923076923076925,-1.2656758422677783,1,9,Weekday
83eff32d809455af93e472143bd22c95,Đường 3 Tháng 2,10.7646858,106.6615305,10.7646858,106.6615305,1.0,50.0,FRC2,residential,concrete,yes,,,21.0,33.0,0.0,0.6363636363636364,1014.55,36.36363636363637,0,C,0.08571428571428572,,,,,,,,,,0.0,0.0,0.0,2603090901,0,0.42,0.36363636363636365,0.0,3,9,Weekday
45834b013889dc0c5fa17deeab2d9ff3,Đường Xa Lộ Hà Nội,10.7988988,106.728642,10.7994998,106.7320752,1.0,55.0,FRC2,trunk,asphalt,yes,,,36.0,42.5,0.0,0.8470588235294118,635.29,15.294117647058824,0,B,0.05,,,,yes,,,,yes,,0.004034,79.89499357771018,0.3812976367062461,2603090901,0,0.6545454545454545,0.15294117647058825,1.3113115631115302,3,9,Weekday
8c39031fcfb5e60e3c246f21fe38154a,Đường Nguyễn Văn Giai,10.7930658,106.6974031,10.7940986,106.6976069,1.5,50.0,FRC3,tertiary,,,,,21.0,35.0,0.0,0.6,1620.0,40.0,0,C,0.08571428571428572,,,,,,,,,,0.001237,10.969958613552194,0.11639521473796566,2603090901,0,0.42,0.4,0.859141848959381,4,9,Weekday
a3bdd2a7c4c008f49e416ee5957c5044,Cầu Vượt Quang Trung 2,10.8502095,106.6314235,10.8509611,106.627222,1.5,50.0,FRC4,primary,asphalt,yes,,ĐT.15,31.0,36.0,0.0,0.8611111111111112,915.0,13.888888888888884,0,B,0.05806451612903226,,,,yes,,,,,,0.004953,280.3233660647545,0.466863380584251,2603090901,0,0.62,0.1388888888888889,5.5690810376822855,3,9,Weekday
ab5324396a6dc13b932dac13aac14dac,Đường Hòa Hưng,10.7780404,106.6712231,10.7800043,106.676489,1.0,50.0,FRC4,tertiary,asphalt,,,,17.0,32.5,0.0,0.5230769230769231,1218.46,47.692307692307686,0,C,0.10588235294117647,,,,,,,,,,0.00723,69.21048042769115,0.6155291106173068,2603090901,0,0.34,0.47692307692307695,-3.736622623247433,2,9,Weekday
944d4aba40f9b4698887e285fea8d66e,Hẻm 322 Hòa Hưng,10.7789044,106.670628,10.7785872,106.6707568,1.0,50.0,FRC4,service,,,,,17.0,31.0,0.0,0.5483870967741935,1172.9,45.16129032258065,0,C,0.10588235294117647,,,,,,,,,,0.000446,158.25348259786267,0.037808655081285274,2603090901,0,0.34,0.45161290322580644,0.0,1,9,Weekday
046f52bf7e18ec415ae154d42c669d40,Đường Quốc Lộ 1A,10.8671103,106.7887782,10.8706221,106.7733958,1.0,50.0,FRC1,service,,,,,37.5,46.5,0.0,0.8064516129032258,708.39,19.354838709677423,0,B,0.048,,,,,,,,,,0.018894,283.0885566827288,1.726121082198376,2603090901,0,0.75,0.1935483870967742,-0.695200361304717,3,9,Weekday
7314504505522c43b155196888038a82,Đường Xa Lộ Hà Nội,10.8310841,106.7636119,10.8167282,106.757767,1.5,55.0,FRC1,trunk,asphalt,yes,,,50.0,50.0,0.0,1.0,540.0,0.0,0,A,0.036,,,,,,,,yes,,0.020201,201.7969806045108,1.7117583918834094,2603090901,0,0.9090909090909091,0.0,-1.2268086489060044,3,9,Weekday
f9379126bfcfcd0d742d7ef3a4f7d2f4,Đường Nguyễn Chí Thanh,10.7610783,106.6746115,10.760649,106.6740819,2.0,55.0,FRC4,primary,asphalt,yes,,,19.0,29.0,0.0,0.6551724137931034,1961.38,34.48275862068966,0,C,0.09473684210526316,,,,,,,,,,0.000959,230.47327511459054,0.07490141925312788,2603090901,0,0.34545454545454546,0.3448275862068966,-1.3350881865409248,3,9,Weekday
e14650c64d83c7e91d7b8b66816e9b22,Đường Số 6,10.8656041,106.7485967,10.8697421,106.7272126,1.0,50.0,FRC2,,,,,,34.5,45.0,0.0,0.7666666666666667,780.0,23.33333333333333,0,B,0.05217391304347826,,,,,,,,,,0.025522,281.14890252621774,2.382434811469547,2603090901,0,0.69,0.23333333333333334,0.5456602605626496,5,9,Weekday
0c29b3b2d9fb79d0ba9b100c3778cd32,Đường Số 22,10.7765916,106.7657368,10.7769125,106.7659642,1.0,50.0,FRC4,,,,,,24.0,31.0,0.0,0.7741935483870968,766.45,22.580645161290324,0,B,0.07500000000000001,,,,,,,,,,0.000548,34.843066318995284,0.04334155012552782,2603090901,0,0.48,0.22580645161290322,0.0,5,9,Weekday
e5bf5cc758e1b8131a5d28b2f48b7e91,Đường Ngô Quyền,10.7592538,106.6655719,10.7584107,106.6615004,1.0,50.0,FRC4,,,,,,15.5,25.0,0.0,0.62,1044.0,38.0,0,C,0.11612903225806452,,,,,,,,,,0.004915,258.09787555058955,0.4549821689008774,2603090901,0,0.31,0.38,5.494720828377455,3,9,Weekday
0227b4a3e4d032515da44a51acb1821b,Đường Phú Hữu,10.7527545,106.6535477,10.7669665,106.6883289,1.0,50.0,FRC2,,,,,,20.0,31.5,0.0,0.6349206349206349,1017.14,36.50793650793651,0,C,0.09,,,,,,,,,,0.048993,67.41314533142446,4.1162107319089225,2603090901,0,0.4,0.36507936507936506,-0.2672360750320154,4,9,Weekday
9a1a3b5edeb34ad1ae2d0b1740da455b,Đường Phó Đức Chính,10.7707145,106.6991208,10.7676642,106.7010097,1.0,50.0,FRC2,residential,asphalt,,,,24.0,26.5,0.0,0.9056603773584906,529.81,9.433962264150942,0,A,0.07500000000000001,,,,,,,,,,0.004939,148.6858239065915,0.3956275035271278,2603090901,0,0.48,0.09433962264150944,-0.25276301346208885,1,9,Weekday
077abce41d36295c50eedc27a6c8a57e,Đường Kha Vạn Cân,10.8415361,106.7438406,10.8415361,106.7438406,1.5,50.0,FRC2,primary,asphalt,yes,,,32.0,42.0,0.0,0.7619047619047619,1182.86,23.809523809523814,0,B,0.056249999999999994,,,,,,,,,,0.0,0.0,0.0,2603090901,0,0.64,0.23809523809523808,0.0,5,9,Weekday
60823706c378f8042fc9c5041b936b84,Đường Lữ Gia,10.7705044,106.6572944,10.7711526,106.6529443,1.5,50.0,FRC2,secondary,asphalt,,,,18.5,31.0,0.0,0.5967741935483871,1628.71,40.32258064516129,0,C,0.0972972972972973,,,,,,,,,,0.004998,278.6253039602761,0.48114748318161255,2603090901,0,0.37,0.4032258064516129,-0.8313459261076862,3,9,Weekday
4b0ec3a549fc39fb024a03016afa5e1d,Đường Ngô Tất Tố,10.7918618,106.7139268,10.7924353,106.7127835,1.0,50.0,FRC2,,,,,,24.0,36.0,0.0,0.6666666666666666,960.0,33.333333333333336,0,C,0.07500000000000001,,,,,,,,,,0.001717,297.05123728298133,0.14020702574122038,2603090901,0,0.48,0.3333333333333333,0.0,5,9,Weekday
5f4ad30047f2f96391c68e1f137624c7,Đường Trường Chinh,10.8083021,106.6345381,10.829463,106.6235423,2.0,50.0,FRC2,primary,asphalt,yes,,,21.0,36.5,0.0,0.5753424657534246,2248.77,42.465753424657535,0,C,0.08571428571428572,,,,,,,,,,0.032157,332.96162809259516,2.6314675766749502,2603090901,0,0.42,0.4246575342465753,-0.7600321652175341,1,9,Weekday
8e365e564f35d72bd965cbb878b47020,Hẻm 126 Đường Số 18,10.8226043,106.6066965,10.8232027,106.6059457,1.0,50.0,FRC1,tertiary,,yes,,,38.0,47.0,0.0,0.8085106382978723,704.68,19.14893617021277,0,B,0.04736842105263158,,,,,,,,,,0.001349,309.05768589352255,0.10546063935928675,2603090901,0,0.76,0.19148936170212766,0.0,2,9,Weekday
9a67b8cc52dc3dc21f96ad901c977ac2,Đường Tân Thuận,10.764817,106.7500323,10.7644644,106.749763,2.5,40.0,FRC1,residential,asphalt,no,,,46.0,46.0,0.0,1.0,900.0,0.0,0,A,0.0391304347826087,,,,,,,,,,0.000622,216.88146969883226,0.048874534225061446,2603090901,0,1.15,0.0,-2.0460553043740908,5,9,Weekday
52efa4a6ed66077d21676ae95c9d4dcc,Đường Xóm Củi,10.746712,106.6604334,10.746844,106.6604618,1.0,50.0,FRC2,residential,asphalt,,,,21.0,33.0,0.0,0.6363636363636364,1014.55,36.36363636363637,0,C,0.08571428571428572,,,,,,,,,,0.00016,11.93537141877323,0.014927691453082129,2603090901,0,0.42,0.36363636363636365,0.0,5,9,Weekday
544c407a0eec14b0791ae6bd5c0310bd,Đường Vườn Lài,10.8391657,106.6996423,10.8340778,106.6938042,1.0,50.0,FRC2,,,,,,25.0,36.0,0.0,0.6944444444444444,910.0,30.555555555555557,0,C,0.072,,,,,,,,,,0.010926,228.41717804221875,0.8510363626818898,2603090901,0,0.5,0.3055555555555556,-1.2925417152958607,4,9,Weekday
1e522c733dccbfbb0adb05bea6ebdab2,Cầu Thủ Thiêm,10.7890182,106.716779,10.7891973,106.7150911,1.0,50.0,FRC4,,,,,,40.0,40.0,0.0,1.0,360.0,0.0,0,A,0.045,,,,,,,,,,0.001867,276.1652086162488,0.18565635589770177,2603090901,0,0.8,0.0,-0.5386295530603911,5,9,Weekday
59a09b8bcaecdc05468d4c15f26974e7,Cầu Số 7,10.7879997,106.6710981,10.7880524,106.6711168,1.0,50.0,FRC2,,,,,,18.0,31.0,0.0,0.5806451612903226,1114.84,41.93548387096774,0,C,0.1,,,,,,,,,,7.1e-05,19.216889062613063,0.006177656832998381,2603090901,0,0.36,0.41935483870967744,16.187367266152286,4,9,Weekday
678b1e13d26ff3cc9050419d2852de23,Đường Khánh Hội,10.7596225,106.6985617,10.7597771,106.6987767,1.0,50.0,FRC3,service,,,,,14.5,29.5,0.0,0.4915254237288136,1275.25,50.847457627118644,0,D,0.12413793103448276,,,,,,,,,,0.00037,53.79816104186557,0.029076143222976258,2603090901,0,0.29,0.5084745762711864,0.0,4,9,Weekday
6b0fbf6a2e4ef04b02bd48b90ded9f0e,Đường Lý Thường Kiệt,10.7765701,106.656462,10.7765446,106.6563765,1.0,50.0,FRC2,residential,,,,,20.5,33.0,0.0,0.6212121212121212,1041.82,37.878787878787875,0,C,0.08780487804878048,,,,,,,,,,0.000111,253.11172047619726,0.009767198685867094,2603090901,0,0.41,0.3787878787878788,0.0,5,9,Weekday
24448e059d6d78bd72ea442a2f0350d4,Đường Quốc lộ 1A,10.8741188,106.7474536,10.7226708,106.6008754,1.0,50.0,FRC1,,,,,,33.5,44.5,0.0,0.7528089887640449,804.94,24.71910112359551,0,B,0.05373134328358209,,,,,,,,,,0.298026,223.56623732718407,23.18607865681329,2603090901,0,0.67,0.24719101123595505,0.00431293283698987,4,9,Weekday
664dcdfef1d5aec1a2702489cef533a1,Đường Xa Lộ Hà Nội,10.8000814,106.7343734,10.8019073,106.7457465,2.0,65.0,FRC2,trunk,asphalt,yes,,,33.0,42.0,0.0,0.7857142857142857,1491.43,21.42857142857143,0,B,0.05454545454545455,,,no,,,,,,,0.013199,80.7165266595672,1.2600562646348807,2603090901,0,0.5076923076923077,0.21428571428571427,-1.4285076393168645,1,9,Weekday
4ea94be526554335f1d9ce80bc93b90c,Đường Số 5,10.7390636,106.6046711,10.7388319,106.6048642,1.0,50.0,FRC1,residential,,,,,54.0,54.0,0.0,1.0,360.0,0.0,0,A,0.03333333333333333,,,,,,,,,,0.000425,140.6890459488684,0.033211066137948865,2603090901,0,1.08,0.0,-3.0110445592029427,3,9,Weekday
c1d462a1c4850c61eadcf64e9a0f8fc1,Đường Lê Đại Hành,10.7587163,106.6592488,10.766178,106.6543476,1.0,50.0,FRC4,,,,,,19.0,31.0,0.0,0.6129032258064516,1056.77,38.70967741935484,0,C,0.09473684210526316,,,,,,,,,,0.012363,327.16656377786785,0.9841676821158827,2603090901,0,0.38,0.3870967741935484,-2.7434349339689894,3,9,Weekday
0748a04cc0fc3eaa1b3262cdb77d7fbb,Đường Nguyễn Chí Thanh,10.756343,106.6510842,10.7601722,106.6704457,1.5,50.0,FRC4,secondary,asphalt,yes,,,18.5,27.5,0.0,0.6727272727272727,1423.64,32.72727272727273,0,C,0.0972972972972973,,,,,,,,,,0.023191,78.6159816384772,2.159619431252239,2603090902,0,0.37,0.32727272727272727,-0.32413118249918244,1,9,Weekday
2663bf870792abf3dde0cccf2e32b12a,Đường Kinh Dương Vương,10.7407342,106.6176488,10.7406865,106.6175944,1.0,50.0,FRC2,service,asphalt,yes,,,26.0,35.0,0.0,0.7428571428571429,822.86,25.71428571428571,0,B,0.06923076923076923,,,,,,,,,,0.000102,228.2519283814525,0.00795271276862648,2603090902,0,0.52,0.2571428571428571,0.0,5,9,Weekday
297a5d1464ab34331df3247aed652926,Đường Kha Vạn Cân,10.8163711,106.6833531,10.8384481,106.7354087,1.0,50.0,FRC2,residential,,,,,33.0,43.5,0.0,0.7586206896551724,794.48,24.13793103448276,0,B,0.05454545454545455,,,,,,,,,,0.074133,66.64085078772109,6.1940180997631105,2603090902,0,0.66,0.2413793103448276,-0.2583137430711079,3,9,Weekday
5b019332e6114b8ae49c3362815db79b,Đường Lạc Long Quân,10.7796593,106.6445172,10.7795043,106.6499053,1.0,50.0,FRC3,,,,,,17.0,32.0,0.0,0.53125,1203.75,46.875,0,C,0.10588235294117647,,,,,,,,,,0.005543,91.67685729688645,0.5895348096112603,2603090902,0,0.34,0.46875,0.8481263393584858,5,9,Weekday
f51fd8888a8024569847fb00b50eb16b,Đường Hoàng Minh Giám,10.8143542,106.6786185,10.8140447,106.6785004,1.5,50.0,FRC2,primary,asphalt,yes,,,22.5,32.0,0.0,0.703125,1341.56,29.6875,0,B,0.08,,,,,,,,,,0.000428,200.54633980497596,0.0365898655652493,2603090902,0,0.45,0.296875,0.0,3,9,Weekday
deb41e409d227136251629f2882ac34f,Đường Mai Chí Thọ,10.7784791,106.7322207,10.8012401,106.7529968,1.0,50.0,FRC4,,,,,,28.5,37.0,0.0,0.7702702702702703,773.51,22.972972972972972,0,B,0.06315789473684211,,,,,,,,,,0.043537,41.87923681669963,3.391366828942598,2603090902,0,0.57,0.22972972972972974,0.3833262709611776,2,9,Weekday
533d4363465fe3da773b88f3bcb892e5,Đường Kinh Trung Ương,10.7909507,106.5554753,10.7910811,106.5554064,1.0,50.0,FRC3,residential,,,,,28.0,42.0,0.0,0.6666666666666666,960.0,33.333333333333336,0,C,0.0642857142857143,,,,,,,,,,0.000199,332.56930405189604,0.016273580943196007,2603090902,0,0.56,0.3333333333333333,6.144929032464122,1,9,Weekday
a354da459413cc117dd993c476b53db2,Đường Cao Tốc Thành phố Hồ Chí Minh-Long Thành-Dầu Giây,10.7932441,106.7532978,10.7938273,106.7522965,1.0,50.0,FRC0,,,,,,44.5,44.5,0.0,1.0,360.0,0.0,0,A,0.040449438202247195,,,,,,,,,,0.001584,300.6651843495291,0.12709388394010968,2603090902,0,0.89,0.0,-0.7868199231925502,3,9,Weekday
bbe60f9a46cf61aed393aa19886c8fe9,Đường Tân Thới Nhất 13,10.8339258,106.6206709,10.83315,106.6211617,1.0,50.0,FRC4,service,,,,,19.0,36.0,0.0,0.5277777777777778,1210.0,47.22222222222222,0,C,0.09473684210526316,,,,,,,,,,0.001267,148.1447052203863,0.10121419087870909,2603090902,0,0.38,0.4722222222222222,0.9880037486031565,4,9,Weekday
109cf033e8c4c3ef6213cbb544d89d95,Đường Tây Thạnh,10.810356,106.620154,10.813438,106.6228898,1.0,50.0,FRC2,tertiary,,yes,,,18.0,34.0,0.0,0.5294117647058824,1207.06,47.05882352941176,0,C,0.1,,,,,,,,,,0.005818,41.085330265259586,0.45357102856720344,2603090902,0,0.36,0.47058823529411764,1.10236317689748,4,9,Weekday
9d130c830bfd99fbe740630fa2a717f9,Đường Phạm Văn Đồng,10.8575701,106.7518877,10.849516,106.7489666,1.0,50.0,FRC2,,,,,,32.0,42.0,0.0,0.7619047619047619,788.57,23.809523809523814,0,B,0.056249999999999994,,,,,,,,,,0.010975,199.60602327904277,0.94641704649127,2603090902,0,0.64,0.23809523809523808,2.0075716165975948,3,9,Weekday
8365b8d2eabde3e12751af23962cfaef,Đường Hoàng Sa,10.8009968,106.6575383,10.7934217,106.6591633,1.0,50.0,FRC2,service,,yes,,,17.0,33.5,0.0,0.5074626865671642,1246.57,49.25373134328358,0,C,0.10588235294117647,,,,,,,,,,0.0092,168.10051648028104,0.8565447939649607,2603090902,0,0.34,0.4925373134328358,-0.583740632740865,3,9,Weekday
7b83e57eef6b9b0d27df3954c0c6a10c,Đường Lương Nhữ Học,10.7554182,106.6634172,10.7550108,106.6603376,1.5,50.0,FRC2,tertiary,asphalt,yes,,,25.5,35.5,0.0,0.7183098591549296,1300.56,28.169014084507037,0,B,0.07058823529411765,,,,,,,,,,0.003487,262.3312344650785,0.33983766030919593,2603090902,0,0.51,0.28169014084507044,-0.8827744392044417,1,9,Weekday
5f213b42de4f362898af7ede80ac28ef,Đường Nguyễn Thị Định,10.7581824,106.7888166,10.7581122,106.7889037,1.0,50.0,FRC4,,,,,,22.0,25.0,0.0,0.88,576.0,12.0,0,B,0.08181818181818182,,,,,,,,,,0.000157,129.36508349504982,0.012290330661075866,2603090902,0,0.44,0.12,0.0,4,9,Weekday
7d70409c8767e15154aa1619fbcb954b,Đường Calmette,10.7671805,106.6998985,10.7645089,106.700715,1.0,50.0,FRC3,,,,,,35.0,35.0,0.0,1.0,360.0,0.0,0,A,0.051428571428571435,,,,,,,,,,0.003488,163.28791880985534,0.3087125044629598,2603090902,0,0.7,0.0,-0.6478519564600163,2,9,Weekday
fb6194532d92f29c0e0c4b3e44855ea9,Đường Xa Lộ Hà Nội,10.8139606,106.7570201,10.8099928,106.7562309,2.0,65.0,FRC1,trunk,asphalt,yes,,,41.0,51.0,0.0,0.803921568627451,1425.88,19.6078431372549,0,B,0.04390243902439024,,,no,yes,,,,,,0.004757,191.05471953384153,0.4472966368199675,2603090902,0,0.6307692307692307,0.19607843137254902,5.589132119958741,1,9,Weekday
f7caead55cdfc2f01a310d3245b89971,Đường Quốc lộ 1A,10.819436,106.6017747,10.8133227,106.6004668,1.0,50.0,FRC1,,,,,,33.0,47.0,0.0,0.7021276595744681,896.17,29.78723404255319,0,B,0.05454545454545455,,,,,,,,,,0.007421,191.86771456885066,0.6911728689849779,2603090902,0,0.66,0.2978723404255319,3.3276769144275957,2,9,Weekday
af1638d7752e8b881830970c73587a23,Đường Hoàng Minh Giám,10.8123044,106.6768879,10.80837,106.6736261,1.0,50.0,FRC3,,,,,,26.5,31.5,0.0,0.8412698412698413,645.71,15.873015873015872,0,B,0.06792452830188679,,,,,,,,,,0.007196,219.15739074969207,0.5627002095361479,2603090902,0,0.53,0.15873015873015872,-1.244001669338337,2,9,Weekday
944d4aba40f9b4698887e285fea8d66e,Đường Hòa Hưng,10.7779568,106.6710033,10.7785872,106.6707568,1.0,50.0,FRC2,service,,,,,19.5,31.5,0.0,0.6190476190476191,1045.71,38.095238095238095,0,C,0.0923076923076923,,,,,,,,,,0.000877,338.98707890808095,0.07476060940099667,2603090902,0,0.39,0.38095238095238093,0.0,5,9,Weekday
ab2c4555571dab5a5fb56672015ee2fe,Đường Quốc lộ 1A,10.7226708,106.6008754,10.8684975,106.7794278,1.0,50.0,FRC1,,,,,,33.5,42.5,0.0,0.788235294117647,741.18,21.176470588235297,0,B,0.05373134328358209,,,,,,,,,,0.324379,50.24210654666382,25.327600544924096,2603090902,0,0.67,0.21176470588235294,-0.01974130945065797,4,9,Weekday
a89aa36b7c2eff6f567f7598e4be48a7,Đường Xa Lộ Hà Nội,10.8025311,106.74573,10.817913,106.7579707,1.0,50.0,FRC4,residential,,,,,40.5,45.0,0.0,0.9,540.0,9.999999999999998,0,A,0.044444444444444446,,,,,,,,,,0.027623,38.01230403572248,2.164895408098169,2603090902,0,0.81,0.1,-0.13857482392812034,2,9,Weekday
55842aeaeb4e96c02f236781dc0f177b,Đường Số 17,10.8599601,106.7899405,10.8599391,106.7903213,1.0,50.0,FRC1,tertiary,asphalt,,,,40.0,50.0,0.0,0.8,720.0,19.999999999999996,0,B,0.045,,,,,,,,,,0.000402,93.21390268829293,0.04170097071699053,2603090902,0,0.8,0.2,2.3980257121270383,4,9,Weekday
c1d462a1c4850c61eadcf64e9a0f8fc1,Đường Lê Đại Hành,10.766178,106.6543476,10.7648499,106.6551501,1.5,50.0,FRC4,tertiary,asphalt,,,,18.5,31.0,0.0,0.5967741935483871,1628.71,40.32258064516129,0,C,0.0972972972972973,,,,,,,,,,0.002131,149.30605552908366,0.1711286789305921,2603090902,0,0.37,0.4032258064516129,16.946312085867312,4,9,Weekday
461b1aea00fe2f60761d2f1902cead85,Đường Kinh Dương Vương,10.737327,106.614443,10.7461636,106.6242766,1.0,50.0,FRC2,footway,,,,,27.0,34.0,0.0,0.7941176470588235,730.59,20.588235294117652,0,B,0.06666666666666667,,,,,,,,,,0.01867,47.55180183962045,1.4533888686533276,2603090902,0,0.54,0.20588235294117646,-0.7568518128387975,4,9,Weekday
1170d5855840fd58018af34a95589f02,Đường Lương Định Của,10.7768151,106.7226291,10.779091,106.7220698,1.0,50.0,FRC4,,,,,,40.0,40.0,0.0,1.0,360.0,0.0,0,A,0.045,,,,,,,,,,0.002835,346.42775350354265,0.25906946081155247,2603090902,0,0.8,0.0,1.1579905985839853,4,9,Weekday
4b75a324dd7eec04c8ac3738ff800766,Đường Thích Quảng Đức,10.8025532,106.6965436,10.8032397,106.6845465,1.0,50.0,FRC2,,,,,,17.0,32.0,0.0,0.53125,1203.75,46.875,0,C,0.10588235294117647,,,,,,,,,,0.012684,273.33509688712854,1.3141928048713798,2603090902,0,0.34,0.46875,-0.8370156920069708,2,9,Weekday
52df55a8e22750e0d0d9e4e3f96047fc,Đường Trần Văn Giàu,10.7482734,106.5880278,10.7535831,106.5750441,1.5,50.0,FRC1,secondary,asphalt,yes,,ĐT.10B,36.5,48.5,0.0,0.7525773195876289,1208.04,24.742268041237114,0,B,0.049315068493150684,,,,yes,,,,,,0.018293,292.60110410385505,1.5367918923923205,2603090902,0,0.73,0.24742268041237114,1.4315536221207317,5,9,Weekday
d7d573ef43ad02a39c98a40c157414be,Đường Điện Biên Phủ,10.7921176,106.6992858,10.7921359,106.6992344,1.0,50.0,FRC2,residential,concrete,,,,30.0,41.0,0.0,0.7317073170731707,842.93,26.82926829268293,0,B,0.06,,,,,,,,,,7e-05,289.9226298490714,0.005974634631621063,2603090902,0,0.6,0.2682926829268293,0.0,3,9,Weekday
d9b3562599d877999d7ee973975bd565,Đường Quốc Lộ 22,10.8884699,106.5839509,10.8885006,106.5840148,1.0,50.0,FRC1,residential,,,,,37.0,45.0,0.0,0.8222222222222222,680.0,17.777777777777782,0,B,0.04864864864864865,,,,,,,,,,9.5e-05,63.92997625354889,0.007767701343575548,2603090903,0,0.74,0.17777777777777778,12.873821427584526,5,9,Weekday
76ad16bdde3e94469382285b76b17a4b,Đường Lý Thường Kiệt,10.7887464,106.6529164,10.7805208,106.6552592,1.0,50.0,FRC2,,,,,,18.0,31.0,0.0,0.5806451612903226,1114.84,41.93548387096774,0,C,0.1,,,,,,,,,,0.010568,164.36882409822397,0.945248520805328,2603090903,0,0.36,0.41935483870967744,-0.5289614201924512,4,9,Weekday
fabc03cf85b90641ee6d5b2fa3381963,Vòng Xoay Ngã Bảy,10.7679102,106.6744532,10.7679102,106.6744532,1.5,50.0,FRC2,primary,asphalt,yes,,,16.0,34.0,0.0,0.47058823529411764,1969.41,52.94117647058824,0,D,0.11249999999999999,,,,,,,,,,0.0,0.0,0.0,2603090903,0,0.32,0.5294117647058824,0.0,4,9,Weekday
f0b3593fdf6f1bfa47bd6d17ec2d759e,Đường Trường Chinh,10.8152248,106.6323883,10.8083021,106.6345381,1.0,50.0,FRC2,,,,,,23.0,35.0,0.0,0.6571428571428571,977.14,34.285714285714285,0,C,0.0782608695652174,,,,,,,,,,0.009072,163.03646537834868,0.8010192008329566,2603090903,0,0.46,0.34285714285714286,-0.6242047624826778,3,9,Weekday
2455f4a20916171bdbe19dbb45a76fd7,Đường Tô Hiến Thành,10.7736176,106.6614007,10.7768372,106.664107,1.0,50.0,FRC4,,,,,,18.0,29.0,0.0,0.6206896551724138,1042.76,37.93103448275862,0,C,0.1,,,,,,,,,,0.005926,39.54791979742873,0.46307307388564733,2603090903,0,0.36,0.3793103448275862,1.295691833181745,4,9,Weekday
825f23a7733d072ca8abdaf46deff460,Đường Phạm Ngọc Thạch,10.7678833,106.6745229,10.78553,106.6927956,1.5,50.0,FRC2,primary,asphalt,yes,,,23.0,37.5,0.0,0.6133333333333333,1584.0,38.66666666666667,0,C,0.0782608695652174,,,,,,,,,,0.035919,45.487153569081386,2.7935644915964257,2603090903,0,0.46,0.38666666666666666,0.21477936228245825,1,9,Weekday
72548d296167e0108602dcb5321ed5d4,Đường Kha Vạn Cân,10.8504341,106.7545053,10.8319797,106.725621,1.0,50.0,FRC2,,,,,,33.0,42.0,0.0,0.7857142857142857,745.71,21.42857142857143,0,B,0.05454545454545455,,,,,,,,,,0.047339,236.957992955182,3.7606181402747656,2603090903,0,0.66,0.21428571428571427,0.31909647702553584,5,9,Weekday
b53cf89bf433baa10711717ee40602f8,Đường Quốc Lộ 13,10.8235017,106.7135696,10.8190196,106.7129039,1.5,50.0,FRC2,primary,asphalt,yes,,QL.13,25.0,43.0,0.0,0.5813953488372093,1670.23,41.860465116279066,0,C,0.072,,,,yes,,,,yes,,0.005148,188.29999508195766,0.5010963233568995,2603090903,0,0.5,0.4186046511627907,-0.9978121504672893,2,9,Weekday
71d832d5c7789bae317a8c3fc2109c3e,Đường Tô Ký,10.8521986,106.6264888,10.8521149,106.6265032,1.0,50.0,FRC4,residential,,,,,31.5,36.5,0.0,0.863013698630137,606.58,13.698630136986301,0,B,0.05714285714285714,,,,,,,,,,9.8e-05,170.40952956723982,0.009391292961227463,2603090903,0,0.63,0.136986301369863,0.0,4,9,Weekday
2338962aaed3e0409092492e98263046,Đường Trường Chinh,10.8249297,106.6275189,10.8251111,106.6277019,2.0,65.0,FRC2,primary,asphalt,yes,,,21.0,34.5,0.0,0.6086956521739131,2128.7,39.13043478260869,0,C,0.08571428571428572,,,,yes,,,,,,0.000364,44.737191279024216,0.02833846572490931,2603090903,0,0.3230769230769231,0.391304347826087,3.5287725514405928,4,9,Weekday
cb1f961c35164d938749deb44823ed5f,Đường Điện Biên Phủ,10.8012395,106.7098827,10.8010524,106.7094146,1.0,50.0,FRC2,residential,,,,,30.0,46.0,0.0,0.6521739130434783,986.09,34.78260869565217,0,C,0.06,,,,,,,,,,0.000655,247.85814774414786,0.05521668570348235,2603090903,0,0.6,0.34782608695652173,0.0,3,9,Weekday
d8349d793ce057e9513fe728531c4b46,Đường Hoàng Văn Thụ,10.800283,106.6668173,10.7932413,106.6535674,1.5,50.0,FRC2,primary,asphalt,yes,,,18.5,29.0,0.0,0.6379310344827587,1517.59,36.206896551724135,0,C,0.0972972972972973,,,,,,,,,,0.020292,241.5865022861866,1.6451102164505405,2603090903,0,0.37,0.3620689655172414,0.6078620082717506,1,9,Weekday
c6b900a281c5b6673b89d20b01cdada9,Đường Kinh Dương Vương,10.7433547,106.6207621,10.7433184,106.6207225,1.0,50.0,FRC2,,,,,,26.0,35.0,0.0,0.7428571428571429,822.86,25.71428571428571,0,B,0.06923076923076923,,,,,,,,,,7.6e-05,226.98451630124305,0.005906267840592143,2603090903,0,0.52,0.2571428571428571,0.0,4,9,Weekday
f16148691bd1eb33aed19cce28aafe05,Đường Quách Thị Trang,10.7052216,106.8287243,10.7054699,106.8257462,1.0,50.0,FRC4,road,,,,,43.0,47.0,0.0,0.9148936170212766,513.19,8.510638297872342,0,A,0.04186046511627907,,,,,,,,,,0.003226,274.850327162258,0.32694389930467577,2603090903,0,0.86,0.0851063829787234,-0.91758861577788,2,9,Weekday
b38f64d6ca9f83b275adfe80fb653f6f,Đường Quốc Lộ 1K,10.8883021,106.7760528,10.8882135,106.7761239,2.5,50.0,FRC2,tertiary,asphalt,,,,32.5,45.0,0.0,0.7222222222222222,2150.0,27.77777777777778,0,B,0.05538461538461539,,,,,,,,,,0.00016,141.76059939988886,0.012508845410953864,2603090903,0,0.65,0.2777777777777778,0.0,4,9,Weekday
ecdf13761c150a7cff9fccf24046e694,Đường Số 9,10.8629278,106.7549076,10.8629278,106.7549076,1.0,50.0,FRC2,,,,,,33.0,42.0,0.0,0.7857142857142857,745.71,21.42857142857143,0,B,0.05454545454545455,,,,,,,,,,0.0,0.0,0.0,2603090903,0,0.66,0.21428571428571427,0.0,1,9,Weekday
affae36eff23201dda569057e2294a40,Đường Lê Đức Thọ,10.8428373,106.6753185,10.8625349,106.6496727,1.0,50.0,FRC3,,,,,,22.5,35.0,0.0,0.6428571428571429,1002.86,35.71428571428571,0,C,0.08,,,,,,,,,,0.045343,308.02962490017387,3.5511300984908942,2603090903,0,0.45,0.35714285714285715,-0.16896029809073423,4,9,Weekday
4c6fa1feb7bf68d7cde9f86a84e33c69,Đường Nguyễn Cư Trinh,10.7646953,106.6921459,10.7639667,106.6902673,1.0,50.0,FRC4,,,,,,17.0,27.0,0.0,0.6296296296296297,1026.67,37.03703703703704,0,C,0.10588235294117647,,,,,,,,,,0.002607,248.45662255873688,0.220709472169753,2603090903,0,0.34,0.37037037037037035,-1.3592529448362902,5,9,Weekday
16155de97876bdd1fe650e7744c21aa1,Đường Lê Văn Chí,10.8415062,106.7687324,10.8496688,106.773359,1.0,50.0,FRC1,,,,,,37.5,45.5,0.0,0.8241758241758241,676.48,17.582417582417587,0,B,0.048,,,,,,,,,,0.012789,29.103391521649428,1.034961089607837,2603090903,0,0.75,0.17582417582417584,1.2560858693659587,1,9,Weekday
fe84f77da96da5828f4d4bc487679148,Đường 3 Tháng 2,10.7681682,106.6677962,10.7681682,106.6677962,1.5,50.0,FRC2,primary,asphalt,,9.5,,21.0,32.0,0.0,0.65625,1468.12,34.375,0,C,0.08571428571428572,,,,yes,,10.0,,yes,,0.0,0.0,0.0,2603090903,0,0.42,0.34375,0.0,2,9,Weekday
8500fe7e063f1c328db9844bfe8c6383,Đường Hùng Vương,10.7230616,106.8257234,10.7256271,106.7236416,1.5,50.0,FRC4,primary,,,,ĐT.769B,47.5,47.5,0.0,1.0,540.0,0.0,0,A,0.037894736842105266,,,,,,,,,,0.104647,271.47472189489685,11.170113201139232,2603090903,0,0.95,0.0,0.17904921498879897,2,9,Weekday
5dcb49eb56272f22e7b44f699bc23285,Đường Võ Văn Kiệt,10.7503613,106.6692116,10.7491553,106.6606556,1.0,50.0,FRC2,,,,,,36.0,43.0,0.0,0.8372093023255814,653.02,16.279069767441857,0,B,0.05,,,,,,,,,,0.009762,261.83620411890206,0.94530401369909,2603090903,0,0.72,0.16279069767441862,-1.057860736343304,5,9,Weekday
1ef01f1af018ff06b9ba19eb43edf177,Đường Lê Hồng Phong,10.7663147,106.6749228,10.7654291,106.6752055,1.0,50.0,FRC2,tertiary,asphalt,,,,29.0,41.0,0.0,0.7073170731707317,886.83,29.268292682926834,0,B,0.06206896551724138,,,,,,,,,,0.001168,162.58855180550177,0.10272280622617744,2603090903,0,0.58,0.2926829268292683,0.0,5,9,Weekday
b28e73faf97bb111111ad345d3f83c3f,Đường Nguyễn Thi,10.7505935,106.6591297,10.7505909,106.6591695,2.0,50.0,FRC4,primary,asphalt,yes,,,21.0,29.0,0.0,0.7241379310344828,1713.1,27.586206896551722,0,B,0.08571428571428572,,,,,,,,,,4.2e-05,93.80420456070686,0.004362749880427022,2603090903,0,0.42,0.27586206896551724,0.0,5,9,Weekday
f6d6fdc8243654b3205cca9e58cd0e26,Đường Ngô Quyền,10.756629,106.6661917,10.7533937,106.6666573,1.0,50.0,FRC2,,,,,,20.5,30.5,0.0,0.6721311475409836,950.16,32.786885245901644,0,C,0.08780487804878048,,,,,,,,,,0.003701,171.95255929005225,0.3614714055679125,2603090903,0,0.41,0.32786885245901637,7.469470498663632,1,9,Weekday
4b91d6307ecea004c46250c6c8f77435,Đường Điện Biên Phủ,10.8009447,106.7151083,10.7984442,106.7051673,1.5,55.0,FRC2,tertiary,paved,,,,30.0,51.0,0.0,0.5882352941176471,1651.76,41.17647058823529,0,C,0.06,,shared_lane,both,,,,,,,0.012441,255.63785832163518,1.121787034559456,2603090903,0,0.5454545454545454,0.4117647058823529,1.6045826387241935,3,9,Weekday
2fd306045966d886391940cedc74f7d4,Đường Phan Anh,10.7639371,106.6269195,10.7639255,106.6269466,1.0,50.0,FRC3,residential,asphalt,,,,21.0,35.0,0.0,0.6,1080.0,40.0,0,C,0.08571428571428572,,,,,,,,,,3.9e-05,113.5432649307113,0.00322983201003434,2603090903,0,0.42,0.4,0.0,4,9,Weekday
32196ce38d97227596a014fe983dc5bf,Đường Kha Vạn Cân,10.8319797,106.725621,10.8413672,106.7463168,1.0,50.0,FRC2,,,,,,34.5,43.5,0.0,0.7931034482758621,732.41,20.68965517241379,0,B,0.05217391304347826,,,,,,,,,,0.030083,65.20913497519808,2.489888515524737,2603090903,0,0.69,0.20689655172413793,0.040162440758487246,3,9,Weekday
565705c0eed96a1a9a86d19728864b8e,Đường Thoại Ngọc Hầu,10.7737359,106.621551,10.7842211,106.6392437,1.0,50.0,FRC4,,,,,,22.0,30.0,0.0,0.7333333333333333,840.0,26.66666666666667,0,B,0.08181818181818182,,,,,,,,,,0.028178,58.89690841198808,2.255977178074464,2603090904,0,0.44,0.26666666666666666,-0.044326689548053244,1,9,Weekday
84b55ced01b46649bc0c300d9222f91f,Đường Phạm Thái Bường,10.7273833,106.7086074,10.7274088,106.7097716,1.0,50.0,FRC1,residential,,,,,44.0,44.0,0.0,1.0,360.0,0.0,0,A,0.04090909090909091,,,,,,,,,,0.00119,88.72280559873803,0.12737928433668833,2603090904,0,0.88,0.0,0.7850570092361366,2,9,Weekday
4f265d3817102c010b3fc4aaa12b88fd,Quốc Lộ 1,10.8423995,106.6156611,10.842552,106.6155929,1.5,55.0,FRC4,trunk,asphalt,yes,,QL.1,24.5,31.0,0.0,0.7903225806451613,1106.13,20.967741935483875,0,B,0.07346938775510205,,,,yes,,,,yes,,0.000221,336.28750852542686,0.0184434433806846,2603090904,0,0.44545454545454544,0.20967741935483872,0.0,5,9,Weekday
48ed2cb8bdec7fb5383149c4381dac31,Đường Quốc Lộ 1A,10.8607907,106.7150626,10.8612059,106.7155477,1.5,50.0,FRC1,trunk,asphalt,yes,,QL.1,36.5,48.0,0.0,0.7604166666666666,1186.88,23.958333333333336,0,B,0.049315068493150684,,,,yes,,,,,,0.0009,48.92724011378516,0.07016068695243301,2603090904,0,0.73,0.23958333333333334,1.4252996135542004,5,9,Weekday
931e092078f2614a71934d3a4ec00d60,Đường Xa Lộ Hà Nội,10.7983208,106.7250464,10.7988988,106.728642,1.0,50.0,FRC2,,,,,,28.0,42.0,0.0,0.6666666666666666,960.0,33.333333333333336,0,C,0.0642857142857143,,,,,,,,,,0.004174,80.70559491100937,0.39838240580419954,2603090904,0,0.56,0.3333333333333333,0.7530453042834593,5,9,Weekday
459be5240c53f114f3d55416973982f9,Hẻm 68 Trần Quang Khải,10.792788,106.6936394,10.7932473,106.6935778,1.0,50.0,FRC4,,,,,,13.0,24.0,0.0,0.5416666666666666,1185.0,45.833333333333336,0,C,0.13846153846153847,,,,,,,,,,0.000521,352.49481791291254,0.05124935944879215,2603090904,0,0.26,0.4583333333333333,1.9512438999343789,4,9,Weekday
381092131277420bae740266d89055c3,Đường Hà Huy Giáp,10.8629755,106.6803378,10.8591758,106.6799122,1.0,50.0,FRC3,,,,,,20.0,34.0,0.0,0.5882352941176471,1101.18,41.17647058823529,0,C,0.09,,,,,,,,,,0.004225,186.27747574245836,0.42286715564356775,2603090904,0,0.4,0.4117647058823529,6.148503058940631,1,9,Weekday
bd0bdfc59239b2c228e0d185d9029e5d,Đường Quách Thị Trang,10.7063918,106.8237646,10.7065115,106.8236348,1.0,50.0,FRC4,tertiary,,,,,38.0,46.0,0.0,0.8260869565217391,673.04,17.391304347826086,0,B,0.04736842105263158,,,,,,,,,,0.00025,313.18367133191305,0.01941464884782675,2603090904,0,0.76,0.17391304347826086,0.0,2,9,Weekday
4ff1c86146a8f15a787642fe50ee30d5,Đường Xa Lộ Hà Nội,10.8020857,106.7438001,10.8006952,106.7363742,1.0,50.0,FRC2,,,,,,30.0,51.0,0.0,0.5882352941176471,1101.18,41.17647058823529,0,C,0.06,,,,,,,,,,0.008816,259.2080360296418,0.8265338708828588,2603090904,0,0.6,0.4117647058823529,2.5407307237837617,1,9,Weekday
5f0fb26464ee8d3480258c0b366b64a2,Đường Liên Ấp 6-2,10.8195165,106.5507126,10.8195126,106.5508201,1.0,50.0,FRC3,tertiary,,,,,28.0,42.0,0.0,0.6666666666666666,960.0,33.333333333333336,0,C,0.0642857142857143,,,,,,,,,,0.000111,92.11528583731206,0.011763414459228011,2603090904,0,0.56,0.3333333333333333,0.0,1,9,Weekday
b68ce6b2e73ca7d6d966cdc718ffa5de,Đường Tỉnh Lộ 743,10.8873863,106.7382056,10.8874344,106.7383228,2.5,50.0,FRC4,primary,asphalt,yes,,ĐT.743B,37.0,43.5,0.0,0.8505747126436781,1572.41,14.942528735632187,0,B,0.04864864864864865,,,,,,,,,,0.000165,67.31836653710212,0.013874064121443874,2603090904,0,0.74,0.14942528735632185,0.0,4,9,Weekday
0156bf10ae8471d6696389f5fbcfce3b,Đường Lê Đức Thọ,10.8548517,106.655946,10.8527915,106.6599389,1.0,50.0,FRC1,,,,,,36.5,48.0,0.0,0.7604166666666666,791.25,23.958333333333336,0,B,0.049315068493150684,,,,,,,,,,0.006053,117.71545210035185,0.49248464900301503,2603090904,0,0.73,0.23958333333333334,-5.685456400861051,3,9,Weekday
d5f6c809df92853263e48f6c2134cf5e,Đường Nguyễn Cửu Vân,10.7963537,106.7058178,10.7960538,106.7063387,1.5,50.0,FRC2,residential,asphalt,,,,28.0,42.0,0.0,0.6666666666666666,1440.0,33.333333333333336,0,C,0.0642857142857143,,,,,,,,,,0.000821,120.37488655270647,0.06592146659703552,2603090904,0,0.56,0.3333333333333333,1.5169565418087496,2,9,Weekday
d6cee906472a79bad046456dc033c45b,Vòng Xoay Ngã Sáu Cộng Hòa,10.7622438,106.683007,10.765251,106.6818405,1.0,50.0,FRC2,,,,,,22.5,37.5,0.0,0.6,1080.0,40.0,0,C,0.08,,,,,,,,,,0.004174,339.13939266444396,0.3562641176706433,2603090904,0,0.45,0.4,0.2806906310234906,5,9,Weekday
b7e6bbf9dd14cbbb36a22cc440ce1698,Đường Trường Sơn,10.8050283,106.6643387,10.8026411,106.6635788,2.5,50.0,FRC2,primary,asphalt,yes,,,25.5,37.5,0.0,0.68,2340.0,31.999999999999996,0,C,0.07058823529411765,,,left,,,,,,,0.003147,197.3635097446789,0.2768240565407462,2603090904,0,0.51,0.32,-1.44496112439969,2,9,Weekday
f5c555eb38a9c52cce12e48270504c85,Đường Phan Đình Phùng,10.7991177,106.6803031,10.7991862,106.6802718,1.5,50.0,FRC2,primary,asphalt,yes,,,16.0,30.5,0.0,0.5245901639344263,1823.61,47.540983606557376,0,C,0.11249999999999999,,,,,,,,,,0.0001,335.8274564685073,0.008314322594070708,2603090904,0,0.32,0.47540983606557374,0.0,3,9,Weekday
06070fea94d2723df987abeeb511b66c,Đường Khuông Việt,10.7813924,106.6433121,10.7770894,106.6398819,1.0,50.0,FRC3,,,,,,19.0,32.0,0.0,0.59375,1091.25,40.625,0,C,0.09473684210526316,,,,,,,,,,0.007733,218.06477600527737,0.6060417451784054,2603090904,0,0.38,0.40625,3.630112970769643,2,9,Weekday
57ea3c7bfa4eaa6b92261fdedaec2005,Đường Nguyễn Lương Bằng,10.7310052,106.7203264,10.7318083,106.7200097,1.0,50.0,FRC1,,,,,,45.0,45.0,0.0,1.0,360.0,0.0,0,A,0.04,,,,,,,,,,0.00112,338.8211646507593,0.09534891375716746,2603090904,0,0.9,0.0,0.0,3,9,Weekday
8150cc702b0170149a48726e38be32df,Đường Nguyễn Đình Chiểu,10.7851071,106.6963948,10.7704394,106.6824793,1.0,50.0,FRC2,,,,,,18.0,28.0,0.0,0.6428571428571429,1002.86,35.71428571428571,0,C,0.1,,,,,,,,,,0.028583,222.98495225939197,2.2245332718377124,2603090904,0,0.36,0.35714285714285715,0.044953249864133904,1,9,Weekday
a609c168641c7d2add8dbe3234cc80f7,Đường Trần Bình Trọng,10.7592606,106.6803749,10.7582717,106.6807561,1.0,50.0,FRC4,,,,,,18.5,27.5,0.0,0.6727272727272727,949.09,32.72727272727273,0,C,0.0972972972972973,,,,,,,,,,0.00137,159.2581467728719,0.11706194918998407,2603090904,0,0.37,0.32727272727272727,-0.8542485469612879,4,9,Weekday
dd1d591b49a4a9dd45b2082eb03d8b85,Đường Lê Thị Hà,10.8752155,106.6035093,10.8756688,106.6030332,1.0,50.0,FRC4,,,,,,26.0,36.0,0.0,0.7222222222222222,860.0,27.77777777777778,0,B,0.06923076923076923,,,,,,,,,,0.000929,314.11352892917427,0.07227526553916462,2603090904,0,0.52,0.2777777777777778,0.0,1,9,Weekday
9fe2681384cc7911bbe192c9dbe7a28b,Đường Phạm Văn Bạch,10.8138819,106.6330654,10.8374497,106.6464179,1.0,50.0,FRC2,service,,,,,24.5,35.0,0.0,0.7,900.0,30.000000000000004,0,B,0.07346938775510205,,,,,,,,,,0.03692,29.09354755920856,2.987965819380135,2603090904,0,0.49,0.3,-0.7697544547136567,5,9,Weekday
565705c0eed96a1a9a86d19728864b8e,Đường Thoại Ngọc Hầu,10.7842211,106.6392437,10.78599,106.6416689,1.0,50.0,FRC4,service,asphalt,,,,20.5,31.0,0.0,0.6612903225806451,969.68,33.87096774193549,0,C,0.08780487804878048,,,,,,,,,,0.004194,53.40593495744724,0.3295959604470879,2603090904,0,0.41,0.3387096774193548,0.9102053301656313,4,9,Weekday
791e2278ccf9bb7011c4cab854078dca,Đường Kha Vạn Cân,10.8416342,106.7466044,10.8487665,106.7531191,1.5,50.0,FRC3,secondary,asphalt,,,,36.0,45.0,0.0,0.8,1080.0,19.999999999999996,0,B,0.05,,,,,,,,,,0.013647,41.89446878502554,1.0629413433485582,2603090904,0,0.72,0.2,-1.5052570962754719,4,9,Weekday
ec9ac5661ff242298083b66306af2d15,Đường Châu Văn Liêm,10.7526979,106.6694499,10.7519097,106.658894,1.0,50.0,FRC2,,,,,,19.0,28.0,0.0,0.6785714285714286,938.57,32.14285714285714,0,C,0.09473684210526316,,,,,,,,,,0.011344,265.65465841597836,1.1578680735408355,2603090904,0,0.38,0.32142857142857145,1.5545812525044271,1,9,Weekday
e59398367b5e8a7e0db0c709f85a2c9d,Đường Bờ Bao Tân Thắng,10.8013922,106.6190596,10.8013405,106.6190675,1.0,50.0,FRC2,,,,,,18.0,33.0,0.0,0.5454545454545454,1178.18,45.45454545454546,0,C,0.1,,,,,,,,,,6e-05,171.46377765698412,0.005783598096610238,2603090904,0,0.36,0.45454545454545453,0.0,1,9,Weekday
54ae9072ba7a089aa63f221944f17678,Đường Nơ Trang Long,10.8182453,106.6985355,10.8184238,106.6989116,1.0,50.0,FRC3,,,,,,47.0,47.0,0.0,1.0,360.0,0.0,0,A,0.03829787234042553,,,,,,,,,,0.000555,64.21033863276011,0.04562190819534834,2603090905,0,0.94,0.0,0.0,2,9,Weekday
e3d39cd84d4c0ef295ee5acb87566b98,Đường Phạm Văn Đồng,10.821591,106.6983165,10.8218467,106.6992827,1.0,50.0,FRC3,,,,,,47.0,47.0,0.0,1.0,360.0,0.0,0,A,0.03829787234042553,,,,,,,,,,0.001222,74.92042438806118,0.10937682616011876,2603090905,0,0.94,0.0,0.9142704493327328,5,9,Weekday
195265c71531f3f3a57772d5aadc4f58,Đường Quốc Lộ 1A,10.8620872,106.7959178,10.8622393,106.7945633,1.0,50.0,FRC1,,,,,,38.0,38.0,0.0,1.0,360.0,0.0,0,A,0.04736842105263158,,,,,,,,,,0.001507,276.52305407659696,0.14905092644484502,2603090905,0,0.76,0.0,-0.67091162990526,4,9,Weekday
f38b112f44d0cd8e293122b52eb6c5dd,Đường Hoàng Văn Thụ,10.7932413,106.6535674,10.8002745,106.666894,1.0,50.0,FRC2,,,,,,21.5,32.5,0.0,0.6615384615384615,969.23,33.84615384615385,0,C,0.08372093023255814,,,,,,,,,,0.02036,61.75106742314017,1.652060334472364,2603090905,0,0.43,0.3384615384615385,-0.6053047695254912,2,9,Weekday
38fb3b06b6cac925541de365e9e65837,Đường Quốc Lộ 1A,10.8617623,106.6586551,10.8620129,106.6541628,1.0,50.0,FRC1,,,,,,38.0,48.0,0.0,0.7916666666666666,735.0,20.833333333333336,0,B,0.04736842105263158,,,,,,,,,,0.004743,273.25144416975843,0.49196119392772947,2603090905,0,0.76,0.20833333333333334,-0.609804195336738,2,9,Weekday
d21e230286ed05f3b67dd652c64f0201,Đường Xa Lộ Hà Nội,10.8010884,106.7392519,10.8020857,106.7438001,1.0,50.0,FRC2,,,,,,30.0,46.0,0.0,0.6521739130434783,986.09,34.78260869565217,0,C,0.06,,,,,,,,,,0.005546,77.41582400988426,0.5094774347869659,2603090905,0,0.6,0.34782608695652173,0.9813977339527729,4,9,Weekday
4dbd824cfd5c8482767ec70bad40b790,Đường D1,10.8578972,106.7878255,10.8579871,106.7879739,1.0,50.0,FRC1,,,,,,43.5,46.0,0.0,0.9456521739130435,457.83,5.434782608695654,0,A,0.04137931034482759,,,,,,,,,,0.000238,58.33211310913066,0.01903074543593568,2603090905,0,0.87,0.05434782608695652,0.0,4,9,Weekday
bd4c3686a6ec2ba64706490b0b15d107,Đường Điện Biên Phủ,10.790616,106.6975675,10.7905389,106.6976523,1.0,50.0,FRC2,,,,,,30.0,46.0,0.0,0.6521739130434783,986.09,34.78260869565217,0,C,0.06,,,,,,,,,,0.000162,132.7862235207628,0.012599198993555803,2603090905,0,0.6,0.34782608695652173,0.0,1,9,Weekday
d69cf294f830fb191a1cc40998045761,Đường Lê Đức Thọ,10.8472382,106.6693689,10.8428373,106.6753185,1.5,50.0,FRC3,tertiary,asphalt,,,,20.0,35.0,0.0,0.5714285714285714,1697.14,42.85714285714286,0,C,0.09,,,,,,,,,,0.010351,126.98460856287824,0.8125237247949624,2603090905,0,0.4,0.42857142857142855,0.12307332936676361,5,9,Weekday
7426d7c0f84223578a026ff6a4aba075,Lê Quý Đôn,10.8839415,106.8020366,10.8805839,106.7847868,1.0,50.0,FRC1,,,,,,41.5,52.5,0.0,0.7904761904761904,737.14,20.952380952380956,0,B,0.04337349397590362,,,,,,,,,,0.020607,258.79033874161473,1.9221545049490445,2603090905,0,0.83,0.20952380952380953,-1.092524037268102,4,9,Weekday
a9cfcde1223c9981233b1fa047c080c0,Đường Nguyễn Văn Lượng,10.8384914,106.6799748,10.8386842,106.6659911,1.0,50.0,FRC3,,,,,,26.0,35.0,0.0,0.7428571428571429,822.86,25.71428571428571,0,B,0.06923076923076923,,,,,,,,,,0.014176,270.8055746877205,1.529218570455867,2603090905,0,0.52,0.2571428571428571,1.0462860122886375,2,9,Weekday
e60f6940bca29797062ec575599d5b16,Đường Đào Duy Từ,10.7942586,106.6839488,10.7991177,106.6803031,1.0,50.0,FRC3,residential,asphalt,yes,,,17.5,30.5,0.0,0.5737704918032787,1127.21,42.622950819672134,0,C,0.10285714285714287,,,,,,,,,,0.008505,323.61007014246354,0.6692140926114495,2603090905,0,0.35,0.4262295081967213,0.2988580219814968,2,9,Weekday
e8f6bba5e122259884a837705cc2cbb4,Đường Trần Văn Quang,10.7795043,106.6499053,10.779603,106.6486116,1.0,50.0,FRC4,,,,,,17.5,32.0,0.0,0.546875,1175.62,45.3125,0,C,0.10285714285714287,,,,,,,,,,0.001392,274.4409829773384,0.1419099096547796,2603090905,0,0.35,0.453125,-0.7046724238164008,5,9,Weekday
c7e8f053575a31e8be6d29c76e300110,Đường Vĩnh Phú 41,10.8838911,106.7070109,10.8701485,106.7005955,1.0,50.0,FRC2,,,,,,32.0,44.5,0.0,0.7191011235955056,865.62,28.08988764044944,0,B,0.056249999999999994,,,,,,,,,,0.020158,204.62917379651446,1.6741412464404588,2603090905,0,0.64,0.2808988764044944,-1.1946423303603435,3,9,Weekday
111232965838e5858be71036527344fe,Quốc Lộ 1,10.8428093,106.6150302,10.8429984,106.6152871,1.5,55.0,FRC1,trunk,asphalt,yes,,QL.1,18.0,18.0,0.0,1.0,540.0,0.0,0,A,0.1,,,,yes,,,,yes,,0.000446,53.14971880079287,0.03502301348807182,2603090905,0,0.32727272727272727,0.0,0.0,3,9,Weekday
7377b854366a17ff6289843c7500a0bd,Đường Lý Thường Kiệt,10.7805208,106.6552592,10.7787511,106.6557798,1.0,50.0,FRC2,,,,,,18.0,31.0,0.0,0.5806451612903226,1114.84,41.93548387096774,0,C,0.1,,,,,,,,,,0.00229,163.88155140313984,0.20386437094283064,2603090905,0,0.36,0.41935483870967744,-0.9810444025851172,2,9,Weekday
a361dcc42a688b832c9e1eabc017ebd9,Đường Phạm Hữu Lầu,10.7087139,106.7318964,10.7130973,106.7314656,1.0,50.0,FRC4,residential,,,,,27.0,36.0,0.0,0.75,810.0,25.0,0,B,0.06666666666666667,,,,,,,,,,0.004814,354.48422796174646,0.4871443067250075,2603090905,0,0.54,0.25,1.0263899076670304,3,9,Weekday
fe4430e497c205151edc3a563b03a7c2,Đường Nguyễn Văn Trỗi,10.792161,106.6779981,10.794303,106.6778425,1.0,50.0,FRC2,,,,,,19.0,33.5,0.0,0.5671641791044776,1139.1,43.28358208955224,0,C,0.09473684210526316,,,,,,,,,,0.002298,355.91846056298914,0.23754382965528306,2603090905,0,0.38,0.43283582089552236,0.8419498847443623,1,9,Weekday
71f93cf8ea9aaf48105f9b0698e6d2d9,Đường Nguyễn Giản Thanh,10.7768372,106.664107,10.7797849,106.6679193,1.0,50.0,FRC4,,,,,,20.0,30.0,0.0,0.6666666666666666,960.0,33.333333333333336,0,C,0.09,,,,,,,,,,0.00676,51.7935867020941,0.5292964057174593,2603090905,0,0.4,0.3333333333333333,1.1335803408426746,1,9,Weekday
416a8151ba7cac6105b60cf5abfa8ec6,Đường Phạm Văn Đồng,10.8289838,106.7222594,10.8705207,106.7634123,1.0,50.0,FRC2,,,,,,33.0,42.0,0.0,0.7857142857142857,745.71,21.42857142857143,0,B,0.05454545454545455,,,,,,,,,,0.08269,44.21341321722309,6.430997102570999,2603090905,0,0.66,0.21428571428571427,-0.108847817661145,1,9,Weekday
2ee54e5ee76e59ff3f929020cdb1aca7,Đường Ông Ích Khiêm,10.7665422,106.6430415,10.7665527,106.6429996,1.0,50.0,FRC4,,,,,,17.0,31.0,0.0,0.5483870967741935,1172.9,45.16129032258065,0,C,0.10588235294117647,,,,,,,,,,5.2e-05,284.31024076161697,0.0047276003073343014,2603090905,0,0.34,0.45161290322580644,-21.152380383100926,4,9,Weekday
0ee37e521b02bef62f044fe871f320d9,Đường Hồng Lạc,10.7879176,106.6465073,10.7879756,106.6464872,1.0,50.0,FRC4,tertiary,,yes,,,19.0,32.0,0.0,0.59375,1091.25,40.625,0,C,0.09473684210526316,,,,,,,,,,7.8e-05,341.20004166204126,0.006781718795479882,2603090905,0,0.38,0.40625,0.0,1,9,Weekday
a564f038f5d9a89c41047d3ee5b510ff,Quốc Lộ 1,10.8249576,106.6029789,10.8249497,106.6029143,1.0,50.0,FRC1,tertiary,,yes,,,32.0,47.0,0.0,0.6808510638297872,934.47,31.914893617021278,0,C,0.056249999999999994,,,,,,,,,,7.3e-05,262.9028291941196,0.007117952190328394,2603090905,0,0.64,0.3191489361702128,0.0,1,9,Weekday
adb6fa0fe04b6e26644e268025d65a18,Đường An Dương Vương,10.757428,106.6739837,10.7526071,106.6683833,2.0,50.0,FRC4,primary,asphalt,yes,,,17.0,22.5,0.0,0.7555555555555555,1600.0,24.444444444444446,0,B,0.10588235294117647,,,,,,,,,,0.010421,228.77552167085256,0.8121465806444373,2603090906,0,0.34,0.24444444444444444,-1.2313048208692834,1,9,Weekday
77b85826e6a848c25b2f557ebe13e08a,Đường Quốc Lộ 13,10.8215874,106.7136257,10.8233581,106.713869,1.5,50.0,FRC2,primary,asphalt,yes,,QL.13,29.0,41.0,0.0,0.7073170731707317,1330.24,29.268292682926834,0,B,0.06206896551724138,,,,yes,,,,yes,,0.002014,7.686139667822715,0.19766194816627428,2603090906,0,0.58,0.2926829268292683,1.0118285378415828,3,9,Weekday
033c171ecff68464c518dc3afc93f707,Đường Số 2,10.8708535,106.7757156,10.8728261,106.7669177,1.0,50.0,FRC1,residential,,,,,32.5,41.0,0.0,0.7926829268292683,733.17,20.731707317073166,0,B,0.05538461538461539,,,,,,,,,,0.010771,282.8616181622988,0.9863510033055459,2603090906,0,0.65,0.2073170731707317,-0.7096865088128858,3,9,Weekday
65d7b8d53f7cc3e30332b4876b5172e0,Cầu Phú Mỹ,10.7469406,106.7484952,10.7490341,106.7527933,1.0,50.0,FRC1,,,,,,46.0,46.0,0.0,1.0,360.0,0.0,0,A,0.0391304347826087,,,,,,,,,,0.006392,63.62862427596701,0.5240608266359222,2603090906,0,0.92,0.0,1.3357228100666776,2,9,Weekday
1a5504d6a2adb1836800212ee7749c31,Đường Quốc Lộ 1A,10.8618381,106.7958668,10.8607361,106.795148,1.0,50.0,FRC1,,,,,,39.0,39.0,0.0,1.0,360.0,0.0,0,A,0.04615384615384615,,,,,,,,,,0.001821,212.64304341456517,0.14503611734307764,2603090906,0,0.78,0.0,-0.6894834323470866,3,9,Weekday
4573b15a03dc948f50764e0d55cec537,Đường Mễ Cốc,10.7390302,106.64357,10.7384808,106.6427235,1.0,50.0,FRC2,,,,,,32.0,43.0,0.0,0.7441860465116279,820.47,25.581395348837212,0,B,0.056249999999999994,,,,,,,,,,0.001396,236.55155131600844,0.11075393517688362,2603090906,0,0.64,0.2558139534883721,-1.805804910503475,5,9,Weekday
96c090961a22dae72ce4fb51ac84e273,Hẻm 1129 Lạc Long Quân,10.7897093,106.6518377,10.7896403,106.6520158,1.0,50.0,FRC4,,,,,,19.0,32.0,0.0,0.59375,1091.25,40.625,0,C,0.09473684210526316,,,,,,,,,,0.000247,111.52402695283996,0.020919755645606514,2603090906,0,0.38,0.40625,4.780170557154744,1,9,Weekday
c7f1805ac503309ccfe6e3892f45e7d9,Đường Quốc Lộ 1A,10.8620634,106.6494828,10.8725843,106.7668518,1.0,50.0,FRC1,,,,,,32.0,41.5,0.0,0.7710843373493976,772.05,22.891566265060238,0,B,0.056249999999999994,,,,,,,,,,0.12789,84.77363512562988,12.885334077654894,2603090906,0,0.64,0.2289156626506024,0.054325327987724055,4,9,Weekday
b6b6f2553a423b0cca086a375421206a,Đường Xa Lộ Hà Nội,10.8336803,106.7646754,10.8030754,106.7498148,1.0,50.0,FRC1,,,,,,38.5,46.5,0.0,0.8279569892473119,669.68,17.204301075268813,0,B,0.046753246753246755,,,,,,,,,,0.045466,205.49940548247744,3.755153012537443,2603090906,0,0.77,0.17204301075268819,-0.39945109959351977,2,9,Weekday
d6cd77b733df1b8a42e6d92e31d647a2,Đường Long Thuận,10.8119329,106.8596808,10.8119103,106.8596881,1.0,50.0,FRC0,,,,,,74.0,74.0,0.0,1.0,360.0,0.0,0,A,0.024324324324324326,,,,,,,,,,3e-05,162.39707434555953,0.0026242319753065264,2603090906,0,1.48,0.0,0.0,3,9,Weekday
7603f93c81fe0e469b6a27f73e40f682,Đường Ông Ích Khiêm,10.7665527,106.6429996,10.7666288,106.6427319,1.0,50.0,FRC4,,,,,,16.0,30.0,0.0,0.5333333333333333,1200.0,46.666666666666664,0,C,0.11249999999999999,,,,,,,,,,0.000344,286.1387428786277,0.03046506077184582,2603090906,0,0.32,0.4666666666666667,0.0,5,9,Weekday
2d4332f8966c899dd8dbea95386d3b56,Đường Lê Đại Hành,10.7648499,106.6551501,10.7626323,106.6568351,1.0,50.0,FRC3,,,,,,19.0,31.5,0.0,0.6031746031746031,1074.29,39.682539682539684,0,C,0.09473684210526316,,,,,,,,,,0.003903,143.25991199099894,0.3068132214788126,2603090906,0,0.38,0.3968253968253968,-0.32593119526599545,4,9,Weekday
83e87b7516a10efbe845ec087ce6ddbd,Đường Tô Vĩnh Diện,10.7801784,106.7010865,10.8802415,106.7933053,1.5,45.0,FRC3,tertiary,asphalt,yes,,,31.5,37.0,0.0,0.8513513513513513,941.35,14.864864864864868,0,B,0.05714285714285714,,,,,,,,,,0.192282,42.14245983303175,14.97320165330798,2603090906,0,0.7,0.14864864864864866,0.08014318031540621,5,9,Weekday
c7706cc5d08a764d028fbb62d5b39689,Đường Huỳnh Tịnh Của,10.79196,106.7089225,10.7921268,106.708958,1.0,50.0,FRC2,residential,asphalt,,,,30.0,41.0,0.0,0.7317073170731707,842.93,26.82926829268293,0,B,0.06,,,,,,,,,,0.000202,11.808483267237648,0.018854337607456802,2603090906,0,0.6,0.2682926829268293,5.3038193163811,5,9,Weekday
fd03722edd131ebfd8869f3e8d7af38f,Đường Trần Đình Xu,10.75857,106.6924841,10.759772,106.6919236,1.0,50.0,FRC2,service,,,,,37.0,42.5,0.0,0.8705882352941177,592.94,12.941176470588234,0,B,0.04864864864864865,,,,,,,,,,0.001763,335.3871226945296,0.14640969266804124,2603090906,0,0.74,0.12941176470588237,0.0,4,9,Weekday
0571e61ab09a309bcef4674adb1c112f,Đường Võ Văn Vân,10.8114752,106.5789943,10.8112677,106.578982,1.0,50.0,FRC1,residential,,,,,42.0,47.0,0.0,0.8936170212765957,551.49,10.63829787234043,0,B,0.04285714285714286,,,,,,,,,,0.00022,183.33228236968174,0.022991650622353227,2603090906,0,0.84,0.10638297872340426,0.0,2,9,Weekday
2d31df119081d1ed317e851feebbace4,Đường Kênh Nước Đen,10.7884223,106.6172503,10.7881979,106.6166971,1.0,50.0,FRC3,,,,,,22.0,35.0,0.0,0.6285714285714286,1028.57,37.142857142857146,0,C,0.08181818181818182,,,,,,,,,,0.000778,247.56244125276237,0.06539445755281785,2603090906,0,0.44,0.37142857142857144,-1.5291815811643046,4,9,Weekday
e2f527445f2b3116f23d71984f1d7284,Đường Lý Thái Tông,10.7592472,106.6339978,10.7696046,106.6317019,1.5,50.0,FRC3,residential,asphalt,,,,21.5,34.5,0.0,0.6231884057971014,1557.39,37.68115942028986,0,C,0.08372093023255814,,,,,,,,,,0.012653,347.7148876096315,1.1728601037822748,2603090906,0,0.43,0.37681159420289856,0.6820932841181448,2,9,Weekday
19572d98f7efdf320e9828c856d5b4c9,Hẻm 96 Nguyễn Thông,10.7805493,106.6792239,10.7820636,106.6789157,1.0,50.0,FRC2,,,,,,19.0,31.0,0.0,0.6129032258064516,1056.77,38.70967741935484,0,C,0.09473684210526316,,,,,,,,,,0.001822,348.6937433762716,0.17085932103738538,2603090906,0,0.38,0.3870967741935484,0.5852768195076651,2,9,Weekday
624b12699f6b0603b67348a78d50101a,Đường Nguyễn Đình Chiểu,10.7803604,106.6918856,10.767872,106.6800536,1.0,50.0,FRC4,,,,,,18.0,24.0,0.0,0.75,810.0,25.0,0,B,0.1,,,,,,,,,,0.02432,222.94658373545178,1.8928328220422044,2603090906,0,0.36,0.25,0.31698520493355115,4,9,Weekday
018c801b805c535de3e65e1877a42922,Đường Trường Chinh,10.832788,106.6218498,10.8311999,106.6227295,1.0,50.0,FRC4,,,,,,28.5,35.5,0.0,0.8028169014084507,714.93,19.718309859154925,0,B,0.06315789473684211,,,,,,,,,,0.002468,151.4509562748956,0.20027890865122436,2603090906,0,0.57,0.19718309859154928,0.0,5,9,Weekday
230f9cb6f855139dc3de50459e420b4b,Đường Tô Ký,10.8819132,106.6077482,10.8822319,106.6079617,1.0,50.0,FRC4,,,,,,27.0,37.0,0.0,0.7297297297297297,846.49,27.027027027027028,0,B,0.06666666666666667,,,,,,,,,,0.000532,33.339401630294844,0.042280054148949066,2603090906,0,0.54,0.2702702702702703,2.3651814552485777,4,9,Weekday
2b065232c5b3ce59f240ba6117083449,Đường Phạm Văn Đồng,10.8701199,106.7633832,10.8641108,106.7571974,1.0,50.0,FRC2,,,,,,33.0,42.0,0.0,0.7857142857142857,745.71,21.42857142857143,0,B,0.05454545454545455,,,,,,,,,,0.012195,225.31242914840269,0.9482808331765754,2603090906,0,0.66,0.21428571428571427,1.8981718674733878,4,9,Weekday
f64084f5e90ce4ca4255d29ea3d64081,Đường Tam Bình,10.845997,106.7287514,10.8560454,106.7381233,1.0,50.0,FRC2,,,,,,33.0,42.0,0.0,0.7857142857142857,745.71,21.42857142857143,0,B,0.05454545454545455,,,,,,,,,,0.01942,42.48878961839671,1.5117897682824366,2603090907,0,0.66,0.21428571428571427,1.3890820298286821,1,9,Weekday
2af34f0361bde9c96846a777b2d42b51,Đường Âu Cơ,10.7760618,106.6470365,10.7722809,106.6496421,1.0,50.0,FRC3,,,,,,17.0,31.0,0.0,0.5483870967741935,1172.9,45.16129032258065,0,C,0.10588235294117647,,,,,,,,,,0.006386,145.90177491705037,0.5060788355981531,2603090907,0,0.34,0.45161290322580644,-0.3951953449379338,4,9,Weekday
9a8a0ab0d467f2a0b7a5ddaddc02581d,Hẻm 74 Bạch Đằng,10.8140069,106.6747486,10.8142573,106.6758031,1.0,50.0,FRC3,primary_link,,,,,26.0,33.0,0.0,0.7878787878787878,741.82,21.212121212121215,0,B,0.06923076923076923,,,,,,,,,,0.001305,76.40930239970527,0.11859502935902903,2603090907,0,0.52,0.21212121212121213,0.8432056599713358,2,9,Weekday
4c9a41946bb244d0a1f0b542558b7816,Đường Cao Tốc Thành phố Hồ Chí Minh-Long Thành-Dầu Giây,10.796707,106.7886419,10.7961184,106.7760321,1.0,50.0,FRC2,,,,,,45.0,63.0,0.0,0.7142857142857143,874.29,28.57142857142857,0,B,0.04,,,,,,,,,,0.013198,267.28058270121016,1.3805673391740458,2603090907,0,0.9,0.2857142857142857,-0.8692078726981372,5,9,Weekday
ca1cb78203ebb2fc2b3988f17a4e58f2,Đường Quốc Lộ 1A,10.8724231,106.7673863,10.867122,106.8026394,1.0,50.0,FRC1,,,,,,45.5,52.0,0.0,0.875,585.0,12.5,0,B,0.03956043956043956,,,,,,,,,,0.040554,98.70217968979551,3.898754216828233,2603090907,0,0.91,0.125,0.0,2,9,Weekday
0673fcd92daf2aedbb0a451e7dab4ada,Đường Đinh Tiên Hoàng,10.7929272,106.6959206,10.7941308,106.6960125,1.0,50.0,FRC2,,,,,,15.0,32.0,0.0,0.46875,1316.25,53.125,0,D,0.12,,,,,,,,,,0.001296,4.289340825439865,0.13351290146552192,2603090907,0,0.3,0.53125,2.2469738632522445,3,9,Weekday
e68b1cd12d006d76c4294299e1d4eee1,Đường Xô Viết Nghệ Tĩnh,10.8055396,106.7115254,10.805844,106.7115501,2.0,50.0,FRC2,primary,asphalt,yes,,,30.0,41.0,0.0,0.7317073170731707,1685.85,26.82926829268293,0,B,0.06,,,,yes,,,,,,0.000329,4.557092583132089,0.033778866018186166,2603090907,0,0.6,0.2682926829268293,0.0,5,9,Weekday
209ade582eaa3ae5786558a7a66cea25,Đường Xa Lộ Hà Nội,10.8499117,106.7747696,10.8478386,106.7730798,1.0,50.0,FRC1,,,,,,50.0,50.0,0.0,1.0,360.0,0.0,0,A,0.036,,,,,,,,,,0.003763,218.67880807051006,0.29448861636568285,2603090907,0,1.0,0.0,-1.0187150990837397,2,9,Weekday
945aec7de09c136c6cd74a84b5782d39,Đường Hoàng Sa,10.7931923,106.659131,10.792888,106.7005738,1.0,50.0,FRC2,,,,,,23.5,36.5,0.0,0.6438356164383562,1001.1,35.61643835616438,0,C,0.07659574468085106,,,,,,,,,,0.041747,90.42439081955956,4.532437522043847,2603090907,0,0.47,0.3561643835616438,0.22063183334274894,5,9,Weekday
667c4599a90d2c4ecfdf5568b46cc8ed,Quốc Lộ 1,10.8666505,106.7915871,10.8752124,106.748644,1.0,50.0,FRC1,,,,,,33.0,41.5,0.0,0.7951807228915663,728.67,20.481927710843372,0,B,0.05454545454545455,,,,,,,,,,0.051505,281.48032258361167,4.789740279187989,2603090907,0,0.66,0.20481927710843373,-0.08351183502329954,1,9,Weekday
31ab194d8212b83233a6fc3f72e9ae74,Hẻm 341 Lạc Long Quân,10.7691266,106.6405885,10.7684973,106.6414568,1.0,50.0,FRC4,,,,,,22.0,31.0,0.0,0.7096774193548387,882.58,29.032258064516125,0,B,0.08181818181818182,,,,,,,,,,0.001498,126.41766602834042,0.11774643320693165,2603090907,0,0.44,0.2903225806451613,0.0,3,9,Weekday
2750d3a201062d7deb2e154049891644,Đường Xa Lộ Hà Nội,10.8084947,106.7555087,10.8458797,106.7715847,1.0,50.0,FRC1,residential,asphalt,,,,41.0,50.0,0.0,0.82,684.0,18.000000000000004,0,B,0.04390243902439024,,,,,,,,,,0.053461,22.89559867648694,4.493424994448686,2603090907,0,0.82,0.18,-0.15578317227166386,3,9,Weekday
bf49a14c2b009c4a36d6796e6015b9f2,Đường Lý Thái Tổ,10.7680397,106.667873,10.7681015,106.6679949,1.0,50.0,FRC2,,,,,,19.0,35.5,0.0,0.5352112676056338,1196.62,46.47887323943662,0,C,0.09473684210526316,,,,,,,,,,0.000184,62.70354156543351,0.01498278395209129,2603090907,0,0.38,0.4647887323943662,0.0,3,9,Weekday
cf96a7ac012ae3bf2e474c3f90b39a19,Đường Lê Đức Thọ,10.8398015,106.6791366,10.8610348,106.6499071,1.0,50.0,FRC3,residential,concrete,,,,30.5,42.0,0.0,0.7261904761904762,852.86,27.380952380952383,0,B,0.05901639344262296,,,,,,,,,,0.050463,306.4915101000587,3.9662202202893204,2603090907,0,0.61,0.27380952380952384,-0.20170337388417708,3,9,Weekday
91c1d62e3d990e9f6f7befb66bcbcb20,Đường Nguyễn Duy,10.7447602,106.6688752,10.7448407,106.6689569,1.0,50.0,FRC3,,,,,,18.5,32.5,0.0,0.5692307692307692,1135.38,43.07692307692308,0,C,0.0972972972972973,,,,,,,,,,0.000162,44.91716056797543,0.012615316379267659,2603090907,0,0.37,0.4307692307692308,0.0,2,9,Weekday
b8d96ccdd4d8ed5ac18701c28a728012,Đường Nguyễn Cao-Bắc,10.7290654,106.7123109,10.7287779,106.6949806,1.0,50.0,FRC1,,,,,,46.0,46.0,0.0,1.0,360.0,0.0,0,A,0.0391304347826087,,,,,,,,,,0.017618,269.0342886087186,1.8959623662037999,2603090907,0,0.92,0.0,-1.0021295959604328,1,9,Weekday
69612fa73726b3617315f5dbcb75d523,Đường Phạm Văn Đồng,10.8218467,106.6992827,10.8173044,106.6849075,2.5,65.0,FRC3,trunk,asphalt,yes,,,38.5,44.0,0.0,0.875,1462.5,12.5,0,B,0.046753246753246755,,,,,,,,,,0.018918,252.16833988794264,1.6503213756098223,2603090907,0,0.5923076923076923,0.125,0.6665368432215397,4,9,Weekday
413e109f5978d8f37bd40bd818e0401a,Đường Trần Quốc Thảo,10.7815324,106.6881451,10.7799599,106.689846,1.5,50.0,FRC2,secondary,asphalt,,,,16.0,28.5,0.0,0.5614035087719298,1724.21,43.85964912280702,0,C,0.11249999999999999,,,,,,,,,,0.003273,133.26245667038938,0.2546752288420123,2603090907,0,0.32,0.43859649122807015,-0.3926569555063989,1,9,Weekday
c1a0037372386d5021b902f3ead79f51,Đường Võ Thị Sáu,10.7823096,106.6864116,10.7785015,106.6826659,1.0,50.0,FRC2,,,,,,15.0,32.0,0.0,0.46875,1316.25,53.125,0,D,0.12,,,,,,,,,,0.007554,224.01711344117632,0.5875808478286936,2603090907,0,0.3,0.53125,-1.3615147650851211,1,9,Weekday
f846a9709ed4ed5e14da7fd0b44297ae,Đường Lãnh Binh Thăng,10.7653269,106.6464629,10.7632537,106.6503161,1.0,50.0,FRC4,,,,,,17.0,30.0,0.0,0.5666666666666667,1140.0,43.333333333333336,0,C,0.10588235294117647,,,,,,,,,,0.005926,118.70843005344028,0.47979042568314373,2603090907,0,0.34,0.43333333333333335,0.41684866828101547,2,9,Weekday
83a73c9070e3700c76821aa355df03d9,Đường Lạc Long Quân,10.7617534,106.6421148,10.7832411,106.6506569,1.0,50.0,FRC4,,,,,,20.0,32.0,0.0,0.625,1035.0,37.5,0,C,0.09,,,,,,,,,,0.03003,21.331273244599743,2.5538415011121325,2603090907,0,0.4,0.375,0.0,5,9,Weekday
3ea305cbef3167c345c81b93932e4cf8,Đường Nguyễn Thái Sơn,10.8145897,106.6790274,10.8177209,106.6814029,1.0,50.0,FRC3,,,,,,25.0,33.0,0.0,0.7575757575757576,796.36,24.242424242424242,0,B,0.072,,,,,,,,,,0.005507,36.6924035116682,0.4329453985465218,2603090907,0,0.5,0.24242424242424243,1.1548800418680807,1,9,Weekday
a74bb3e390dc39da5adac4d4e9e96947,Đường Nguyễn Kiệm,10.8033297,106.6789788,10.8034825,106.6796467,1.5,50.0,FRC3,primary,asphalt,yes,,,18.0,30.0,0.0,0.6,1620.0,40.0,0,C,0.1,,,,,,,,,,0.000821,76.8892058985233,0.07497113037032939,2603090907,0,0.36,0.4,1.3338467688300462,5,9,Weekday
bbe60f9a46cf61aed393aa19886c8fe9,Đường Trường Chinh,10.7959135,106.647854,10.8339258,106.6206709,1.0,50.0,FRC2,,,,,,22.5,36.5,0.0,0.6164383561643836,1050.41,38.35616438356164,0,C,0.08,,,,,,,,,,0.065195,324.9178946598881,5.149336454023067,2603090907,0,0.45,0.3835616438356164,-0.36897957959526423,3,9,Weekday
52f8833263ea5244b4ba18915d2cc4c7,Cầu Phú Mỹ,10.7470262,106.7483935,10.7450815,106.7441524,2.0,50.0,FRC1,trunk,,yes,,,46.0,46.0,0.0,1.0,720.0,0.0,0,A,0.0391304347826087,,,,yes,,,,,,0.006186,244.98092294074922,0.5113387510560188,2603090907,0,0.92,0.0,-1.1733904359113752,1,9,Weekday
b78d9d8b7dfe37e11e98fe569e27dd8a,Đường Tây Thạnh,10.8131648,106.6226738,10.8157799,106.6249673,1.0,50.0,FRC2,,,,,,18.0,34.0,0.0,0.5294117647058824,1207.06,47.05882352941176,0,C,0.1,,,,,,,,,,0.004909,40.742904424493304,0.38285524729094167,2603090908,0,0.36,0.47058823529411764,1.0447812922256479,4,9,Weekday
478bfed0731f74043453209e13178182,Đường Phạm Văn Đồng,10.8529635,106.7511033,10.8667147,106.7620017,1.0,50.0,FRC3,tertiary,asphalt,,,,35.0,45.0,0.0,0.7777777777777778,760.0,22.22222222222222,0,B,0.051428571428571435,,,,,,,,,,0.02465,37.894312698709484,1.9322557915437235,2603090908,0,0.7,0.2222222222222222,1.2938245603614895,3,9,Weekday
edd04a4ad93a14c44c8817dc0837f268,Đường Phạm Hữu Chí,10.7552474,106.6584197,10.7552474,106.6584197,1.5,50.0,FRC4,residential,asphalt,,,,21.0,29.0,0.0,0.7241379310344828,1284.83,27.586206896551722,0,B,0.08571428571428572,,,,,,,,,,0.0,0.0,0.0,2603090908,0,0.42,0.27586206896551724,0.0,3,9,Weekday
8561f0cc3713be07a3fa9692b8f97a73,Đường Tôn Đức Thắng,10.7918339,106.6958731,10.7858782,106.7024674,1.0,50.0,FRC2,residential,,,,,17.0,33.0,0.0,0.5151515151515151,1232.73,48.484848484848484,0,C,0.10588235294117647,,,,,,,,,,0.01255,132.5951432273299,0.9767776891563642,2603090908,0,0.34,0.48484848484848486,0.10237744075253118,1,9,Weekday
72548d296167e0108602dcb5321ed5d4,Đường Kha Vạn Cân,10.8270992,106.7153558,10.8504341,106.7545053,1.5,50.0,FRC3,tertiary,asphalt,,,,20.5,38.0,0.0,0.5394736842105263,1783.42,46.05263157894737,0,C,0.08780487804878048,,,,,,,,,,0.062484,58.743912978961305,4.998814160997063,2603090908,0,0.41,0.4605263157894737,0.04000948896249986,1,9,Weekday
e83406fd0f1dc9a20354bbdb7bf8535c,Đường Nguyễn Văn Hưởng,10.8005193,106.7293575,10.8025976,106.7464095,2.5,50.0,FRC4,trunk_link,asphalt,yes,,,24.0,35.0,0.0,0.6857142857142857,2314.29,31.428571428571427,0,C,0.07500000000000001,,,,,,,,,,0.01913,82.9253755072587,1.8789233083371397,2603090908,0,0.48,0.3142857142857143,-0.5854416703008,5,9,Weekday
f38b112f44d0cd8e293122b52eb6c5dd,Đường Hoàng Văn Thụ,10.8002745,106.666894,10.7999007,106.6717039,1.0,50.0,FRC2,,,,,,16.5,31.0,0.0,0.532258064516129,1201.94,46.7741935483871,0,C,0.1090909090909091,,,,,,,,,,0.005184,94.52314539048632,0.5276357995357868,2603090908,0,0.33,0.46774193548387094,0.7580986740322008,2,9,Weekday
df2b038c0bd8d1cae19775a89f3aeb75,Đường Cao Tốc Thành phố Hồ Chí Minh-Long Thành-Dầu Giây,10.7942306,106.7570472,10.7939773,106.7555931,2.0,50.0,FRC0,motorway,asphalt,yes,,CT.29,65.0,65.0,0.0,1.0,720.0,0.0,0,A,0.027692307692307697,,,,,,,,,,0.001707,259.9441451406279,0.16147370257868676,2603090908,0,1.3,0.0,-1.8578876634962205,5,9,Weekday
2db3c07cc93b9ea59e7913ba397c756b,Quốc Lộ 1,10.8594106,106.7904411,10.8581937,106.7878367,1.0,50.0,FRC1,,,,,,45.5,50.0,0.0,0.91,522.0,8.999999999999996,0,A,0.03956043956043956,,,,,,,,,,0.003821,244.55670026430846,0.3149742157133478,2603090908,0,0.91,0.09,-1.269945221052737,2,9,Weekday
98a0390468d612a21c2a0f03c4b693fb,Đường Cách Mạng Tháng 8,10.8690532,106.7145929,10.8882744,106.7005934,1.0,50.0,FRC2,,,,,,32.5,45.0,0.0,0.7222222222222222,860.0,27.77777777777778,0,B,0.05538461538461539,,,,,,,,,,0.033221,324.4271691455765,2.619761067515538,2603090908,0,0.65,0.2777777777777778,0.19085709998514377,4,9,Weekday
6c09fa4196b2f1d4ec150ea710a00331,Đường Hồng Bàng,10.7537647,106.6538338,10.7566007,106.6695824,2.0,50.0,FRC2,primary,asphalt,yes,,,26.5,31.0,0.0,0.8548387096774194,1242.58,14.516129032258062,0,B,0.06792452830188679,,,,,,,,,,0.018585,79.61155247035936,1.7508622385367874,2603090908,0,0.53,0.14516129032258066,-0.6282618790838054,2,9,Weekday
10c32f2911bb190ca64b7c313ade54d0,Đường Quốc Lộ 1A,10.8615207,106.6642282,10.8615229,106.6653693,1.5,65.0,FRC1,trunk,,yes,,QL.1,37.0,48.0,0.0,0.7708333333333334,1158.75,22.916666666666664,0,B,0.04864864864864865,,,,yes,,,,,,0.001143,89.88741340697936,0.12476611632533836,2603090908,0,0.5692307692307692,0.22916666666666666,0.8014996614885521,5,9,Weekday
721ca16cebba9df967d3c48fb8f8515a,Đường Quốc Lộ 13,10.8513034,106.7200233,10.8180299,106.7132132,1.5,50.0,FRC2,primary,asphalt,yes,,QL.13,30.0,41.0,0.0,0.7317073170731707,1264.39,26.82926829268293,0,B,0.06,,,,yes,,,,yes,,0.040084,191.3668584216218,3.75507756895751,2603090908,0,0.6,0.2682926829268293,0.532612166665639,5,9,Weekday
b35eb933db0ef24870bf49dab891db5b,Đường Nguyễn Hữu Cảnh,10.7896678,106.712201,10.7888202,106.7098683,1.0,50.0,FRC2,,,,,,23.0,38.0,0.0,0.6052631578947368,1070.53,39.473684210526315,0,C,0.0782608695652174,,,,,,,,,,0.00318,249.70105593342532,0.27179686253344826,2603090908,0,0.46,0.39473684210526316,-1.471687333958002,2,9,Weekday
e65669193ce60571f14327c3428ec1bd,Đường Kha Vạn Cân,10.838735,106.7363075,10.8200201,106.6917234,1.0,50.0,FRC3,,,,,,33.5,43.5,0.0,0.7701149425287356,773.79,22.988505747126442,0,B,0.05373134328358209,,,,,,,,,,0.063299,246.86342172214827,5.296568428334731,2603090908,0,0.67,0.22988505747126436,-0.05664044636808772,3,9,Weekday
835fb358d835435e865a98e46959c4a9,Đường Nguyễn Văn Linh,10.7293691,106.7181438,10.7340089,106.7213386,2.0,65.0,FRC1,trunk,asphalt,yes,,,45.0,45.0,0.0,1.0,720.0,0.0,0,A,0.04,,,,,,,,,,0.007835,34.07888513050801,0.6209033684695267,2603090908,0,0.6923076923076923,0.0,-3.543224456041864,1,9,Weekday
f1f6c3a4d7c5ef9e6d1116e1e7fb2619,Đường Lý Thái Tổ,10.7669304,106.6770101,10.7461614,106.7956925,1.5,50.0,FRC2,primary,,,,ĐT.769B,31.0,39.0,0.0,0.7948717948717948,1093.85,20.512820512820518,0,B,0.05806451612903226,,,,,,,,,,0.139451,100.08887529995297,13.182753714366537,2603090908,0,0.62,0.20512820512820512,-0.16688470767700414,1,9,Weekday
db64f28269cb08c2187871f04aa27ad4,Đường Điện Biên Phủ,10.7935904,106.7005728,10.7937716,106.70102,3.0,50.0,FRC2,primary,asphalt,yes,,,29.5,46.0,0.0,0.6413043478260869,3016.96,35.86956521739131,0,C,0.06101694915254237,,,,yes,,25.0,,,,0.000628,67.58451735194075,0.05285478144716451,2603090908,0,0.59,0.358695652173913,1.8919764165511401,5,9,Weekday
8e795d3fc416bd5da0d94ed82fc0ed5a,Đường Vĩnh Lộc,10.8125836,106.5775667,10.812224,106.577018,2.0,50.0,FRC1,secondary,,,,,41.0,47.0,0.0,0.8723404255319149,1179.57,12.765957446808507,0,B,0.04390243902439024,,,,,,,,,,0.000908,236.288338983796,0.07199039439278702,2603090908,0,0.82,0.1276595744680851,0.0,3,9,Weekday
59648d6ae288eb33a93f20c1d4f3eeb7,Đường Nguyễn Thị Huỳnh,10.7956505,106.6755726,10.7949615,106.6778016,1.0,50.0,FRC2,,,,,,18.0,33.0,0.0,0.5454545454545454,1178.18,45.45454545454546,0,C,0.1,,,,,,,,,,0.002918,107.46733794003649,0.25540443916331956,2603090908,0,0.36,0.45454545454545453,0.3915358727811874,1,9,Weekday
76ad16bdde3e94469382285b76b17a4b,Đường Lý Thường Kiệt,10.7820115,106.6549226,10.7887464,106.6529164,1.0,50.0,FRC2,residential,,,,,20.5,33.0,0.0,0.6212121212121212,1041.82,37.878787878787875,0,C,0.08780487804878048,,,,,,,,,,0.008741,343.6897024382773,0.7766073095837294,2603090908,0,0.41,0.3787878787878788,0.515060822971657,2,9,Weekday
3ea305cbef3167c345c81b93932e4cf8,Đường Nguyễn Thái Sơn,10.8177209,106.6814029,10.819754,106.683148,1.0,50.0,FRC3,,,,,,24.0,33.0,0.0,0.7272727272727273,850.91,27.27272727272727,0,B,0.07500000000000001,,,,,,,,,,0.003778,40.13367616938069,0.29494408086961693,2603090908,0,0.48,0.2727272727272727,1.3561892777120153,1,9,Weekday
34d8285718521b3c88cc4a9bf1f44ba4,Đường Số 12,10.8670888,106.7575192,10.8663263,106.7546708,1.5,50.0,FRC2,tertiary,asphalt,,,,32.0,42.0,0.0,0.7619047619047619,1182.86,23.809523809523814,0,B,0.056249999999999994,,,,,,,,,,0.003611,254.7528990300312,0.32265258314333073,2603090908,0,0.64,0.23809523809523808,-1.2397235320515303,2,9,Weekday
dcf9c9307c60a95f93b77f63454e4eb6,Đường Tô Ký,10.8658854,106.6160443,10.8599399,106.61763,1.5,50.0,FRC4,primary,,,,ĐT.15,25.5,36.0,0.0,0.7083333333333334,1327.5,29.166666666666664,0,B,0.07058823529411765,,,,,,,,,,0.007531,165.32227665211224,0.6801236507550572,2603090908,0,0.51,0.2916666666666667,3.675802182771558,3,9,Weekday
89479dc4a7719faf7acf04a66a8cac89,Đường Trường Sơn,10.8130718,106.6649688,10.8111229,106.6650145,1.0,50.0,FRC2,service,,,,,18.0,33.0,0.0,0.5454545454545454,1178.18,45.45454545454546,0,C,0.1,,,,,,,,,,0.001995,178.68054400355027,0.21563229729080827,2603090908,0,0.36,0.45454545454545453,-0.46375242139695316,1,9,Weekday
0147c996676c6cc42bfe950283ca1a66,Đường Nội Khu An Khang,10.870652,106.8069619,10.7158518,106.7295974,1.0,50.0,FRC1,secondary,,yes,,,41.5,46.5,0.0,0.8924731182795699,553.55,10.752688172043012,0,B,0.04337349397590362,,,,,,,,,,0.232165,206.15500312528576,19.099233856403504,2603090908,0,0.83,0.10752688172043011,0.0418864969147325,3,9,Weekday
b7a96e838513fa910e384bf242d0d78f,Đường Lạc Long Quân,10.7745839,106.6479407,10.7762937,106.6468632,1.0,50.0,FRC4,,,,,,17.5,31.5,0.0,0.5555555555555556,1160.0,44.44444444444444,0,C,0.10285714285714287,,,,,,,,,,0.002787,328.239328257635,0.22283699869328338,2603090908,0,0.35,0.4444444444444444,0.44875851221475876,2,9,Weekday
e21729c0cd2cdefc32af516819160628,Hẻm 354 Lý Thường Kiệt,10.7748455,106.6578456,10.7762132,106.6589017,1.0,50.0,FRC2,,,,,,23.0,35.0,0.0,0.6571428571428571,977.14,34.285714285714285,0,C,0.0782608695652174,,,,,,,,,,0.002424,37.18228033882724,0.19033845273806216,2603090908,0,0.46,0.34285714285714286,1.5761397430967388,5,9,Weekday
416cfd141b2e1f430ec55fda745aa785,Đường Số 621,10.8738915,106.8076326,10.8749777,106.8056563,1.0,50.0,FRC1,tertiary,asphalt,,,,49.0,60.0,0.0,0.8166666666666667,690.0,18.333333333333336,0,B,0.036734693877551024,,,,,,,,,,0.003063,299.2343021457507,0.2472337104516236,2603090908,0,0.98,0.18333333333333332,-0.40447558634835545,2,9,Weekday
295d4adfd20e4e1fd791b42819f8d8c0,Đường Xa Lộ Hà Nội,10.8581167,106.7877131,10.8685319,106.804085,2.0,65.0,FRC1,trunk,asphalt,yes,,,45.0,55.0,0.0,0.8181818181818182,1374.55,18.181818181818176,0,B,0.04,,,,,,,,,,0.026787,57.06443983497206,2.128751144637229,2603090908,0,0.6923076923076923,0.18181818181818182,-0.14092769873818412,5,9,Weekday
00a557e18b7d44b4ae427c56423aa262,Đường Lãnh Binh Thăng,10.7622847,106.65559,10.7623992,106.6545324,1.0,50.0,FRC2,residential,,no,,,23.0,33.0,0.0,0.696969696969697,905.45,30.303030303030297,0,C,0.0782608695652174,,,,,,,,,,0.001172,276.28885688160733,0.11636541328466078,2603090908,0,0.46,0.30303030303030304,-0.859361877187454,3,9,Weekday
8d4eb560d7aac810bb215cd1225b48e4,Đường Hầm Sông Sài Gòn,10.76834,106.7031455,10.7684374,106.7033248,1.0,50.0,FRC2,,,,,,32.0,43.0,0.0,0.7441860465116279,820.47,25.581395348837212,0,B,0.056249999999999994,,,,,,,,,,0.000277,61.05909966725682,0.022374998105866812,2603090908,0,0.64,0.2558139534883721,0.0,4,9,Weekday
9d130c830bfd99fbe740630fa2a717f9,Đường Phạm Văn Đồng,10.8641108,106.7571974,10.8575701,106.7518877,1.0,50.0,FRC2,residential,,,,,32.0,42.0,0.0,0.7619047619047619,788.57,23.809523809523814,0,B,0.056249999999999994,,,,,,,,,,0.01185,218.56420130644545,0.9276222445320459,2603090908,0,0.64,0.23809523809523808,-1.4014325418164224,3,9,Weekday
7c23b393f046b6029ce252341f60909c,Đường Quốc Lộ 1A,10.8747377,106.7487214,10.8609657,106.6858709,2.0,50.0,FRC1,trunk_link,,yes,,,38.0,48.0,0.0,0.7916666666666666,1470.0,20.833333333333336,0,B,0.04736842105263158,,,,,,,,,,0.076622,257.42783789716145,7.03864763542266,2603090908,0,0.76,0.20833333333333334,-0.24152366875770126,4,9,Weekday
823a0dbc9b2b7b01d1fa23d547c80121,Đường Lãnh Binh Thăng,10.7620808,106.6568525,10.7621391,106.6567535,1.5,50.0,FRC2,secondary,asphalt,yes,,,21.0,33.0,0.0,0.6363636363636364,1521.82,36.36363636363637,0,C,0.08571428571428572,,,no,,,,,,,0.000157,300.93984438922075,0.012602893020183154,2603090908,0,0.42,0.36363636363636365,0.0,5,9,Weekday
baf64f563cfe688df4fa44e5ae3f87d7,Đường Hải Thượng Lãn Ông,10.7502942,106.6630864,10.7500276,106.6634461,1.0,50.0,FRC3,,,,,,14.0,17.5,0.0,0.8,720.0,19.999999999999996,0,B,0.1285714285714286,,,,,,,,,,0.000626,127.03135227186488,0.049168418485377806,2603090908,0,0.28,0.2,0.0,4,9,Weekday
23c3b821848dd456f7eaf4509b567d43,Hẻm 2 Đường Số 17,10.8603829,106.7908151,10.8599603,106.7901143,1.0,50.0,FRC1,,,,,,41.0,50.0,0.0,0.82,684.0,18.000000000000004,0,B,0.04390243902439024,,,,,,,,,,0.001123,238.44921310110797,0.0897577618321539,2603090908,0,0.82,0.18,-1.1141097767901005,1,9,Weekday
ddaa6a2c778e550acc1ad4b09032b1ee,Đường Cách Mạng Tháng 8,10.7766471,106.6839026,10.7879441,106.662713,1.5,50.0,FRC2,primary,asphalt,yes,,,18.0,32.5,0.0,0.5538461538461539,1744.62,44.61538461538461,0,C,0.1,,,,,,,,,,0.032487,298.4915762174919,2.6328750294436514,2603090908,0,0.36,0.4461538461538462,0.7596258757570491,1,9,Weekday
68b716fd84cc1f6a5e748d1076cfd25c,Quốc Lộ 1,10.8423388,106.6149893,10.8445156,106.6172944,1.0,50.0,FRC1,,,,,,56.0,56.0,0.0,1.0,360.0,0.0,0,A,0.03214285714285715,,,,,,,,,,0.004482,46.12397491309548,0.3485776153567733,2603090908,0,1.12,0.0,1.4344007703657167,5,9,Weekday
4aa8244b36c8d88b97d71a455f1c2392,Đường Nguyễn Văn Trỗi,10.7910679,106.6825988,10.7921893,106.681367,1.0,50.0,FRC2,primary_link,asphalt,,,,19.0,33.0,0.0,0.5757575757575758,1123.64,42.42424242424242,0,C,0.09473684210526316,,,,,,,,,,0.002353,312.8233983169923,0.18312349909059147,2603090908,0,0.38,0.42424242424242425,0.0,4,9,Weekday
930d3617a3ab7b584b0405b337222571,Đường Lê Đức Thọ,10.8385342,106.680097,10.8404489,106.6787279,1.0,50.0,FRC3,,,,,,28.0,36.0,0.0,0.7777777777777778,760.0,22.22222222222222,0,B,0.0642857142857143,,,,,,,,,,0.003284,324.92019136163464,0.25936004117600786,2603090908,0,0.56,0.2222222222222222,0.0,1,9,Weekday
55cac50e20675ba4ab7f42d24408e5fb,Đường Quốc Lộ 13,10.8347246,106.7139796,10.8350834,106.7139479,1.0,50.0,FRC2,,,,,,30.0,41.0,0.0,0.7317073170731707,842.93,26.82926829268293,0,B,0.06,,,,,,,,,,0.000391,355.0405829680141,0.039839217579248326,2603090908,0,0.6,0.2682926829268293,2.510089456477894,4,9,Weekday
3d02b982334a09910b9e3f9b126003ec,Đường Tân Chánh Hiệp 8,10.870711,106.6364066,10.8741821,106.6306399,1.0,50.0,FRC1,,,,,,39.0,48.0,0.0,0.8125,697.5,18.75,0,B,0.04615384615384615,,,,,,,,,,0.009238,301.5056608292545,0.7382048936759622,2603090908,0,0.78,0.1875,-0.2709274914232562,3,9,Weekday
581978fde927942f48e954f99363850b,Đường Nguyễn Hữu Thọ,10.7324712,106.7000037,10.7330629,106.6999333,1.0,50.0,FRC3,,,,,,16.0,33.0,0.0,0.48484848484848486,1287.27,51.515151515151516,0,D,0.11249999999999999,,,,,,,,,,0.000662,353.33251422723845,0.06590105887128886,2603090908,0,0.32,0.5151515151515151,0.0,5,9,Weekday
cb8f17d21348ad140c8a6868fb442f2f,Đường Phạm Văn Đồng,10.818071,106.6867094,10.823167,106.7030896,1.0,50.0,FRC3,tertiary,asphalt,,,,37.5,44.0,0.0,0.8522727272727273,625.91,14.77272727272727,0,B,0.048,,,,,,,,,,0.021476,72.42343665514949,1.877826257203002,2603090908,0,0.75,0.14772727272727273,-0.4260245040942124,4,9,Weekday
9d240270dccd9ed708ab919407c8f804,Đường Hồ Văn Huê,10.7993219,106.6784691,10.8014439,106.6758626,3.0,50.0,FRC2,primary,asphalt,yes,,,19.0,31.0,0.0,0.6129032258064516,3170.32,38.70967741935484,0,C,0.09473684210526316,,,,,,,,,,0.004728,309.652180485992,0.36925122131366395,2603090908,0,0.38,0.3870967741935484,-0.27081833241941816,1,9,Weekday
710295922d5db990b56d770e790aca74,Nguyễn Thị Diệu Hương,10.7779274,106.655911,10.7779274,106.655911,1.5,50.0,FRC2,tertiary,asphalt,,,,19.0,31.0,0.0,0.6129032258064516,1585.16,38.70967741935484,0,C,0.09473684210526316,,,,,,,,,,0.0,0.0,0.0,2603090908,0,0.38,0.3870967741935484,0.0,1,9,Weekday
92a17ad1350b0cfcec303e7ff62e9253,Vòng Xoay Ngã Sáu,10.7598992,106.6687226,10.7599392,106.6687397,1.0,50.0,FRC2,,,,,,26.0,35.0,0.0,0.7428571428571429,822.86,25.71428571428571,0,B,0.06923076923076923,,,,,,,,,,5.7e-05,22.781611919971226,0.004803586622484835,2603090908,0,0.52,0.2571428571428571,0.0,2,9,Weekday
5755aa7a27fe77e69dbb596e540c2d08,Đường Nguyễn Giản Thanh,10.7797849,106.6679193,10.7825973,106.6716762,1.0,50.0,FRC4,residential,,,,,20.0,30.0,0.0,0.6666666666666666,960.0,33.333333333333336,0,C,0.09,,,,,,,,,,0.006569,52.69054327082466,0.515364166699561,2603090908,0,0.4,0.3333333333333333,-4.462863638210257,1,9,Weekday
ed7605973c49b176471c75042af01014,Đường Lương Định Của,10.7750334,106.7104127,10.7749435,106.7108802,1.0,50.0,FRC4,path,,,,,26.0,32.0,0.0,0.8125,697.5,18.75,0,B,0.06923076923076923,,,,,,,,,,0.000557,101.07559884334273,0.052088311382175075,2603090908,0,0.52,0.1875,-1.9198165067455153,5,9,Weekday
5c0ee164d2f247a7660b2fa34ac8345b,Đường Đồng Nai,10.7807392,106.6588525,10.7782236,106.6617292,1.5,50.0,FRC4,secondary,asphalt,yes,,,25.0,33.0,0.0,0.7575757575757576,1194.55,24.242424242424242,0,B,0.072,,,,,,,,,,0.005392,131.674635604439,0.42001520160260036,2603090908,0,0.5,0.24242424242424243,0.23808662071858896,3,9,Weekday
45c905175ebbfb9242c42145d1388648,Đường Nguyễn Hữu Cảnh,10.7989146,106.7192459,10.7981813,106.7199137,1.0,50.0,FRC2,residential,,,,,26.5,44.0,0.0,0.6022727272727273,1075.91,39.77272727272727,0,C,0.06792452830188679,,,,,,,,,,0.001401,138.1856666867543,0.10914599193914987,2603090908,0,0.53,0.3977272727272727,0.0,1,9,Weekday
80a00f44205387c5f1573ee3f580a879,Đường Tên Lửa,10.7383637,106.6150634,10.73825,106.6149888,1.5,50.0,FRC2,primary,asphalt,yes,,,26.0,35.0,0.0,0.7428571428571429,1234.29,25.71428571428571,0,B,0.06923076923076923,,,,,,,,,,0.000188,212.80676707724223,0.014991924050483031,2603090908,0,0.52,0.2571428571428571,-6.670257911077002,3,9,Weekday
d69cf294f830fb191a1cc40998045761,Đường Lê Đức Thọ,10.8428373,106.6753185,10.8395688,106.6754115,1.0,50.0,FRC3,,,,,,20.0,35.0,0.0,0.5714285714285714,1131.43,42.85714285714286,0,C,0.09,,,,,,,,,,0.003361,178.39924354521168,0.3616834334868191,2603090908,0,0.4,0.42857142857142855,-0.8294546341474415,5,9,Weekday
859cc58eabb3db34a6b9b682885efa1e,Đường Vĩnh Phú 14,10.8683289,106.706146,10.868702,106.7062328,1.0,50.0,FRC2,,,,,,35.0,49.0,0.0,0.7142857142857143,874.29,28.57142857142857,0,B,0.051428571428571435,,,,,,,,,,0.00046,12.869596722019935,0.042347125645602154,2603090908,0,0.7,0.2857142857142857,0.0,3,9,Weekday
dff3c8fa9b6254f0b1156cc746726d34,Đường Phạm Văn Đồng,10.8242579,106.7074369,10.8262487,106.7157505,1.0,50.0,FRC2,residential,asphalt,,,,38.0,44.5,0.0,0.8539325842696629,622.92,14.60674157303371,0,B,0.04736842105263158,,,,,,,,,,0.010304,76.29771148287915,0.9353941415084889,2603090908,0,0.76,0.14606741573033707,-2.138136119576979,3,9,Weekday
4f11ed7af0bdd4901edb81786259baa1,Đường Nguyễn Văn Chiêm,10.78092,106.6978143,10.7817113,106.6969534,1.5,50.0,FRC4,residential,asphalt,no,,,20.5,33.0,0.0,0.6212121212121212,1562.73,37.878787878787875,0,C,0.08780487804878048,,,,,,,,,,0.001652,313.0966315031309,0.12855434449488853,2603090908,0,0.41,0.3787878787878788,0.0,5,9,Weekday
81b575c76e07e31e195a8cc54482dc4e,Đường 3 Tháng 2,10.7684337,106.652716,10.7623035,106.65706,1.5,50.0,FRC3,secondary,asphalt,yes,,,20.5,32.0,0.0,0.640625,1510.31,35.9375,0,C,0.08780487804878048,,,no,,,,,,,0.010474,145.15583585378772,0.8279663544052426,2603090908,0,0.41,0.359375,3.5025577845891727,4,9,Weekday
8e0ec580bda69359e38c2c292499b959,Đường Hậu Giang,10.7453991,106.6239247,10.745339,106.6240715,1.0,50.0,FRC2,,,,,,24.0,35.0,0.0,0.6857142857142857,925.71,31.428571428571427,0,C,0.07500000000000001,,,,,,,,,,0.000207,112.62183552665715,0.017378773626570063,2603090908,0,0.48,0.3142857142857143,5.754145956945546,2,9,Weekday
758f0f674d36a6475ec7bb683ef93608,Đường Lê Đức Thọ,10.8515063,106.6622383,10.8472382,106.6693689,1.0,50.0,FRC1,residential,concrete,,,,28.0,41.5,0.0,0.6746987951807228,945.54,32.53012048192772,0,C,0.0642857142857143,,,,,,,,,,0.011399,121.35975152984719,0.9114751547457088,2603090908,0,0.56,0.3253012048192771,0.32913678276145286,3,9,Weekday
032c252746f3dc7a69f21b37884a1b01,Đường Đỗ Xuân Hợp,10.7957644,106.7806947,10.7957648,106.7808587,1.5,50.0,FRC4,secondary,asphalt,,,,23.0,36.5,0.0,0.6301369863013698,1538.63,36.986301369863014,0,C,0.0782608695652174,,,,,,,,,,0.000164,89.85772121765473,0.017935439280755125,2603090908,0,0.46,0.3698630136986301,0.0,2,9,Weekday
b81f1d5593dc568ed2ee2a1d1d0fd283,Đường Nguyễn Văn Cừ,10.7643811,106.6819889,10.7622438,106.683007,1.0,50.0,FRC2,,,,,,19.5,34.0,0.0,0.5735294117647058,1127.65,42.64705882352941,0,C,0.0923076923076923,,,,,,,,,,0.003155,154.92180190944953,0.26132507574465147,2603090908,0,0.39,0.4264705882352941,0.0,4,9,Weekday
51813b2e07a7cf41ad1b62c7dd2b9030,Cầu Nguyễn Văn Cừ,10.7527375,106.6871934,10.7541132,106.6883922,1.5,50.0,FRC2,primary,asphalt,yes,,,26.0,33.5,0.0,0.7761194029850746,1144.48,22.388059701492537,0,B,0.06923076923076923,,,,yes,,,,,,0.002574,40.56699408741434,0.20086974026922277,2603090908,0,0.52,0.22388059701492538,1.4935051919612898,1,9,Weekday
578be5da79f78e305905334bb5aee8a4,Đường Cao Tốc Thành phố Hồ Chí Minh-Long Thành-Dầu Giây,10.7950193,106.7995037,10.785892,106.8557067,1.0,50.0,FRC0,tertiary,,,,,79.0,79.0,0.0,1.0,360.0,0.0,0,A,0.02278481012658228,,,,,,,,,,0.06533,99.38207994409163,6.228949529830073,2603090908,0,1.58,0.0,-0.22475699847871333,1,9,Weekday
9793e9678dd4c80b990793cdd330a5cb,Đường Hà Huy Giáp,10.8589939,106.6798911,10.8717216,106.6768789,1.0,50.0,FRC3,,,,,,30.0,41.0,0.0,0.7317073170731707,842.93,26.82926829268293,0,B,0.06,,,,,,,,,,0.01574,346.91578081709594,1.4458676899254137,2603090909,0,0.6,0.2682926829268293,-1.3832524330792477,5,9,Weekday
7666417467a4d7983ca7cb8f8f3fc957,Đường Xóm Củi,10.746712,106.6605461,10.7467638,106.6605397,1.0,50.0,FRC2,residential,asphalt,,,,21.0,33.0,0.0,0.6363636363636364,1014.55,36.36363636363637,0,C,0.08571428571428572,,,,,,,,,,5.8e-05,353.0790036984518,0.005772352552956471,2603090909,0,0.42,0.36363636363636365,0.0,2,9,Weekday
4f735e9651a22406b096484436a338f8,Đường Nguyễn Hữu Trí,10.6929789,106.5802906,10.6903712,106.5689492,1.0,50.0,FRC4,secondary,,yes,,,36.0,44.0,0.0,0.8181818181818182,687.27,18.181818181818176,0,B,0.05,,,,,,,,,,0.013949,256.8313730894756,1.273831320764586,2603090909,0,0.72,0.18181818181818182,1.2560532732384373,2,9,Weekday
03a32720a21696ddc4450a75c1855641,Đường Lạc Long Quân,10.7742613,106.6477025,10.769814,106.6444321,1.0,50.0,FRC4,residential,asphalt,,,,19.0,32.0,0.0,0.59375,1091.25,40.625,0,C,0.09473684210526316,,,,,,,,,,0.007718,215.84500265200313,0.6082218521207906,2603090909,0,0.38,0.40625,3.617101214513891,4,9,Weekday
df5c224c39d21005bbac19fdc087dd6e,Đường Nguyễn Thị Minh Khai,10.7660316,106.682324,10.7657285,106.6818889,1.5,55.0,FRC2,primary,asphalt,yes,,,22.0,34.5,0.0,0.6376811594202898,1518.26,36.23188405797102,0,C,0.08181818181818182,,,,,,,,yes,,0.000738,234.65948721488456,0.058212357730743805,2603090909,0,0.4,0.36231884057971014,-3.4356966080137585,4,9,Weekday
0c5650022562f0aef051e938059cab04,Đường Điện Biên Phủ,10.8013276,106.7110941,10.8012791,106.7111262,2.5,50.0,FRC2,primary,asphalt,yes,,,24.0,30.5,0.0,0.7868852459016393,1859.02,21.311475409836067,0,B,0.07500000000000001,,,,,,,,,,8.1e-05,146.97091108885047,0.006411224835687243,2603090909,0,0.48,0.21311475409836064,0.0,4,9,Weekday
b82266efeba8e716ad44efef5a4c20cd,Đường Trần Quý,10.7591573,106.6561005,10.7596357,106.6582987,1.5,50.0,FRC3,tertiary,asphalt,,,,19.0,30.0,0.0,0.6333333333333333,1530.0,36.66666666666667,0,C,0.09473684210526316,,,,,,,,,,0.002677,77.508945996612,0.24618319005738995,2603090909,0,0.38,0.36666666666666664,0.8124031537383858,2,9,Weekday
a4d23f755ffadbb80a311a3f1f5a0741,Hẻm 369 Tô Ký,10.8876775,106.6024445,10.8527736,106.6262305,1.0,40.0,FRC4,residential,,yes,,,27.0,36.0,0.0,0.75,810.0,25.0,0,B,0.06666666666666667,,,,,,,,,,0.05869,146.2056015086905,4.655054258530311,2603090909,0,0.675,0.25,0.4081585078236803,5,9,Weekday
acbcadfb2e398c7d0d1e13ac3f5b4b63,Đường Kinh Dương Vương,10.7452866,106.6230902,10.7452699,106.6230775,1.0,50.0,FRC2,,,,,,26.5,35.0,0.0,0.7571428571428571,797.14,24.28571428571429,0,B,0.06792452830188679,,,,,,,,,,2.9e-05,216.76505062217998,0.002311268032251683,2603090909,0,0.53,0.24285714285714285,0.0,5,9,Weekday
49659a77c26e913c341cbca256c8cc7b,Đường Tô Ngọc Vân,10.8608943,106.6696497,10.8610728,106.6698521,1.0,50.0,FRC1,,,,,,35.0,48.0,0.0,0.7291666666666666,847.5,27.083333333333336,0,B,0.051428571428571435,,,,,,,,,,0.000381,48.076056316936445,0.02965785811670279,2603090909,0,0.7,0.2708333333333333,3.3717876593280267,3,9,Weekday
da7747ba881916d828ba942bf47585ff,Đường Đào Duy Anh,10.8081046,106.6740205,10.8054457,106.6781072,2.0,50.0,FRC3,secondary,asphalt,yes,,,19.0,30.0,0.0,0.6333333333333333,2040.0,36.66666666666667,0,C,0.09473684210526316,,,,,,,,,,0.006746,123.51890630717048,0.535007024056402,2603090909,0,0.38,0.36666666666666664,0.18691343384952963,1,9,Weekday
57cac10e5743ef4902afad6f54b8eeb3,Đường Nguyễn Lương Bằng,10.7266492,106.7230082,10.7267196,106.7231231,1.0,50.0,FRC1,,,,,,44.0,44.0,0.0,1.0,360.0,0.0,0,A,0.04090909090909091,,,,,,,,,,0.000185,58.052183737567134,0.01478541109954796,2603090909,0,0.88,0.0,0.0,2,9,Weekday
318f23911d6daa73f4e4a048f9752dd5,Đường Nguyễn Trãi,10.7667749,106.6882291,10.7667953,106.6882753,1.5,50.0,FRC4,secondary,asphalt,no,,,12.0,26.0,0.0,0.46153846153846156,1993.85,53.84615384615385,0,D,0.15000000000000002,,,,,,,,,,6.7e-05,65.79745790283448,0.005533963814851491,2603090909,0,0.24,0.5384615384615384,0.0,3,9,Weekday
334246ae637fa7a6c3b2f1fedb042d2d,Đường Kênh Nước Đen,10.7994476,106.6193962,10.7916934,106.6052666,1.0,50.0,FRC2,,,,,,34.5,40.5,0.0,0.8518518518518519,626.67,14.814814814814813,0,B,0.05217391304347826,,,,,,,,,,0.021884,240.81015520573055,1.767330479320397,2603090909,0,0.69,0.14814814814814814,-1.24481528822271,5,9,Weekday
2b9edb5ae293ee3216d8a117ace3e8a8,Hẻm 373/35 Lý Thường Kiệt,10.7790549,106.6503541,10.7799875,106.6539968,1.0,50.0,FRC4,service,,,,,17.5,31.5,0.0,0.5555555555555556,1160.0,44.44444444444444,0,C,0.10285714285714287,,,,,,,,,,0.004575,75.39229726988015,0.4115335665498428,2603090909,0,0.35,0.4444444444444444,0.7289806333784575,1,9,Weekday
2081ddc5bbfb5ef4adab6c91085293d4,Đường Minh Phụng,10.7618932,106.6444788,10.7618644,106.6445646,1.0,50.0,FRC4,service,,,,,26.0,30.5,0.0,0.8524590163934426,625.57,14.754098360655743,0,B,0.06923076923076923,,,,,,,,,,0.000115,108.86394527303611,0.00991028857653502,2603090909,0,0.52,0.14754098360655737,0.0,5,9,Weekday
5e86fb51589ef18b6d58b7da9e4e479a,Đường Phan Văn Trị,10.8212703,106.6975926,10.8370873,106.7325701,1.0,50.0,FRC3,secondary,asphalt,,,,39.5,45.5,0.0,0.8681318681318682,597.36,13.186813186813184,0,B,0.04556962025316456,,,,,,,,,,0.050795,65.27518258535986,4.205950890672308,2603090909,0,0.79,0.13186813186813187,0.49929256298670716,2,9,Weekday
dde9586f3c1888aaba6c91fc8ec11ec1,Đường Ấp Bắc,10.7997419,106.6413422,10.8000771,106.6415662,1.0,50.0,FRC2,residential,,,,,19.0,34.0,0.0,0.5588235294117647,1154.12,44.11764705882353,0,C,0.09473684210526316,,,,,,,,,,0.000559,33.28172563664839,0.04443915061229378,2603090909,0,0.38,0.4411764705882353,2.250268032178268,1,9,Weekday
51d905077b9a55d0a107c12a6f045eb1,Đường Lái Thiêu 113,10.8877621,106.6998839,10.8886155,106.6944551,2.0,50.0,FRC2,primary,,yes,,,37.0,48.0,0.0,0.7708333333333334,1545.0,22.916666666666664,0,B,0.04864864864864865,,,,,,,,,,0.006282,279.0952848260871,0.6009827323819156,2603090909,0,0.74,0.22916666666666666,-0.6655765273232609,1,9,Weekday
9e8ff4d9311cdcda6c25a592b28ef761,Đường Lý Thái Tổ,10.7438421,106.8044591,10.7376092,106.8141974,1.0,50.0,FRC4,,,,,,43.5,43.5,0.0,1.0,360.0,0.0,0,A,0.04137931034482759,,,,,,,,,,0.015971,123.08144231402122,1.2688438761485876,2603090909,0,0.87,0.0,0.3152476104579143,3,9,Weekday
9481dce99f50fb19b75e08e6f96fe43f,Đường Bình Thới,10.7684923,106.6512531,10.7661016,106.6476679,1.0,50.0,FRC4,service,concrete,,,,20.0,30.0,0.0,0.6666666666666666,960.0,33.333333333333336,0,C,0.09,,,,,,,,,,0.005976,235.8326464681984,0.4729581843642002,2603090909,0,0.4,0.3333333333333333,-1.2686110946712608,3,9,Weekday
78b28ea8ff57391f38e298a231107972,Đường Tôn Đức Thắng,10.7719889,106.7062982,10.7719977,106.7061791,1.0,50.0,FRC2,,,,,,23.0,30.0,0.0,0.7666666666666667,780.0,23.33333333333333,0,B,0.0782608695652174,,,,,,,,,,0.000128,274.30129062650417,0.013062367720404375,2603090909,0,0.46,0.23333333333333334,0.0,1,9,Weekday
a087bae8763010f3d9314b1be78089de,Đường Phạm Văn Chiêu,10.8463002,106.6441247,10.8425938,106.6571611,1.5,50.0,FRC4,secondary,asphalt,,,,24.0,35.0,0.0,0.6857142857142857,1388.57,31.428571428571427,0,C,0.07500000000000001,,,,,,,,,,0.016743,106.1435146548447,1.4832440548445311,2603090909,0,0.48,0.3142857142857143,0.6067780936390371,5,9,Weekday
fb32fb1c46998abfe7d3427292b49d6a,Đường Phạm Văn Đồng,10.8196001,106.6902882,10.837129,106.7326464,1.0,50.0,FRC2,secondary,asphalt,,,,34.0,43.5,0.0,0.7816091954022989,753.1,21.83908045977011,0,B,0.052941176470588235,,,,,,,,,,0.059887,67.14899576652829,5.021333219966742,2603090909,0,0.68,0.21839080459770116,0.0,3,9,Weekday
5c102b63aa90f2eef5df4b938729914d,Đường Tân Phú,10.7336193,106.7236203,10.7336036,106.7238132,1.5,55.0,FRC1,primary_link,asphalt,yes,,,44.0,44.0,0.0,1.0,540.0,0.0,0,A,0.04090909090909091,,,,,,,,,,0.000209,94.73547709547097,0.021171616754438464,2603090909,0,0.8,0.0,0.0,5,9,Weekday
0c5789508b78f3391791b84ee047f28d,Đường Nguyễn Đình Chiểu,10.7722208,106.6838351,10.7720296,106.6840093,1.0,50.0,FRC4,residential,asphalt,,,,19.0,24.0,0.0,0.7916666666666666,735.0,20.833333333333336,0,B,0.09473684210526316,,,,,,,,,,0.000365,138.1703928418716,0.028465455148277394,2603090909,0,0.38,0.20833333333333334,3.513030073789337,2,9,Weekday
400735b80522e4d3002a2062d74fbb13,Đường Hương Lộ 8,10.6812591,106.5374757,10.681695,106.5402437,1.0,50.0,FRC4,,,,,,36.0,44.0,0.0,0.8181818181818182,687.27,18.181818181818176,0,B,0.05,,,,,,,,,,0.003204,80.895215755621,0.3066425172190089,2603090909,0,0.72,0.18181818181818182,0.9783379119136805,4,9,Weekday
36cd672ab32773a4dcac78b0d3d15c0c,Đường Nguyễn Sơn,10.7821969,106.6288442,10.779782,106.6280309,1.0,50.0,FRC4,tertiary,,,,,21.0,31.0,0.0,0.6774193548387096,940.65,32.25806451612904,0,C,0.08571428571428572,,,,,,,,,,0.003228,198.30634058054204,0.2815399772267653,2603090909,0,0.42,0.3225806451612903,-1.0655680339079028,1,9,Weekday
60823706c378f8042fc9c5041b936b84,Đường Lữ Gia,10.7711526,106.6529443,10.7705227,106.6571756,1.0,50.0,FRC4,,,,,,19.5,31.5,0.0,0.6190476190476191,1045.71,38.095238095238095,0,C,0.0923076923076923,,,,,,,,,,0.004861,98.61644700831215,0.4679976179460747,2603090909,0,0.39,0.38095238095238093,0.8547052050296766,3,9,Weekday
bd0bdfc59239b2c228e0d185d9029e5d,Đường Hùng Vương,10.7085686,106.8191301,10.7065115,106.8236348,1.0,50.0,FRC4,tertiary,,,,,39.0,47.5,0.0,0.8210526315789474,682.11,17.894736842105264,0,B,0.04615384615384615,,,,,,,,,,0.006562,114.92615601168109,0.5427832252486371,2603090909,0,0.78,0.17894736842105263,0.3684712251532541,2,9,Weekday
93356a7693b7a5a1c7ec29781ca1b9b7,Vòng Xoay Ngã Sáu Cộng Hòa,10.7651637,106.681627,10.765182,106.6815426,1.0,50.0,FRC2,,,,,,25.5,35.5,0.0,0.7183098591549296,867.04,28.169014084507037,0,B,0.07058823529411765,,,,,,,,,,0.000103,282.44616292204614,0.009450426012742326,2603090909,0,0.51,0.28169014084507044,0.0,5,9,Weekday
c580ae6269c9eb89baa34e21210caeb4,Đường Tô Ngọc Vân,10.8537487,106.7511235,10.8620076,106.6713827,1.5,65.0,FRC2,trunk,,yes,,QL.1,35.0,44.5,0.0,0.7865168539325843,1116.4,21.34831460674157,0,B,0.051428571428571435,,,,,,,,,,0.088,276.02765976735236,8.766554828880011,2603090909,0,0.5384615384615384,0.21348314606741572,0.216732802918286,2,9,Weekday
e07e8c19221f5933646ec3392d1e357e,Đường Phạm Văn Đồng,10.8395571,106.7384111,10.8353219,106.7301125,1.0,50.0,FRC2,,,,,,33.0,42.0,0.0,0.7857142857142857,745.71,21.42857142857143,0,B,0.05454545454545455,,,,,,,,,,0.012534,242.5435457356425,1.0212190804817276,2603090909,0,0.66,0.21428571428571427,1.762599264352667,1,9,Weekday
41760c86bd4b594a2d81c88e5a6af88a,Đường Cao Tốc Thành phố Hồ Chí Minh-Long Thành-Dầu Giây,10.792934,106.8117098,10.794041,106.8052263,1.5,85.0,FRC0,motorway,asphalt,yes,,CT.29,76.0,76.0,0.0,1.0,540.0,0.0,0,A,0.02368421052631579,,,,viaduct,,,,,,0.007591,279.86102662296645,0.719549886470718,2603090909,0,0.8941176470588236,0.0,3.613370037138914,3,9,Weekday
e5053e4123ff036f85da726f1676370c,Đường D2,10.8291371,106.8033886,10.8294096,106.8037053,1.0,50.0,FRC2,,,,,,34.5,41.5,0.0,0.8313253012048193,663.61,16.867469879518072,0,B,0.05217391304347826,,,,,,,,,,0.000589,48.780419303638155,0.04591150305248974,2603090909,0,0.69,0.1686746987951807,0.0,3,9,Weekday
85e4979960e7c7c1b78ee51016b220a5,Đường Lê Văn Sỹ,10.7958652,106.681914,10.7918192,106.6716163,1.5,50.0,FRC3,secondary,asphalt,,,,16.5,31.5,0.0,0.5238095238095238,1825.71,47.61904761904761,0,C,0.1090909090909091,,,,,,,,,,0.014344,248.2005445839936,1.2118524376601991,2603090909,0,0.33,0.47619047619047616,-1.15525616526635,5,9,Weekday
555304c560b2afe9670bbcb31285298a,Đường Trường Sơn,10.8125831,106.6647613,10.8140262,106.6643593,1.0,50.0,FRC2,service,,yes,,,18.0,34.0,0.0,0.5294117647058824,1207.06,47.05882352941176,0,C,0.1,,,,,,,,,,0.001845,344.6972863123739,0.1655689554201987,2603090909,0,0.36,0.47058823529411764,1.2079559207969783,1,9,Weekday
f1f8a3020a67de846fb9e86ae878e8ee,Đường Kha Vạn Cân,10.8413507,106.7438935,10.8408414,106.7442274,1.0,50.0,FRC2,,,,,,34.0,43.5,0.0,0.7816091954022989,753.1,21.83908045977011,0,B,0.052941176470588235,,,,,,,,,,0.000843,147.22228608573516,0.0671320009381412,2603090909,0,0.68,0.21839080459770116,0.0,5,9,Weekday
14cd7594142d9c3e798e5b9e2f7c0c75,Đường Đào Trinh Nhất,10.8625105,106.7609449,10.8650568,106.7590353,1.0,50.0,FRC3,service,,,,,34.0,43.5,0.0,0.7816091954022989,753.1,21.83908045977011,0,B,0.052941176470588235,,,,,,,,,,0.004456,323.628150646264,0.3506045278503562,2603090909,0,0.68,0.21839080459770116,0.5704432889850279,2,9,Weekday
07f3066c0d104e00731877ae2cb21a8d,Đường Xa Lộ Hà Nội,10.8045382,106.7521024,10.8454687,106.7714892,1.5,65.0,FRC2,trunk,asphalt,yes,,,34.5,49.5,0.0,0.696969696969697,1358.18,30.303030303030297,0,C,0.05217391304347826,,,,,,,,,,0.060317,24.94712311699442,4.999222650856935,2603090909,0,0.5307692307692308,0.30303030303030304,0.0,3,9,Weekday
a313ec8fa96b3dfbec97ed9360fa1226,Hẻm 373 Lý Thường Kiệt,10.7801804,106.654269,10.7803895,106.6547735,1.0,50.0,FRC2,,,,,,18.0,31.0,0.0,0.5806451612903226,1114.84,41.93548387096774,0,C,0.1,,,,,,,,,,0.000714,67.12429913756432,0.05982768098082533,2603090909,0,0.36,0.41935483870967744,0.0,4,9,Weekday
bbef349bd93b88cb702e4838b30e02b5,Đường Cao Triều Phát,10.7336611,106.7115662,10.7320511,106.7122498,2.5,50.0,FRC3,tertiary,asphalt,,,,34.0,34.0,0.0,1.0,900.0,0.0,0,A,0.052941176470588235,,,,,,,,,,0.002294,157.35557836377086,0.19314813889852409,2603090909,0,0.68,0.0,0.0,2,9,Weekday
c7c102c8e6c34a986cf645c6de46fb6a,Đường Bà Huyện Thanh Quan,10.7807155,106.6832444,10.7767699,106.6884634,1.0,50.0,FRC3,,,,,,14.0,28.0,0.0,0.5,1260.0,50.0,0,C,0.1285714285714286,,,,,,,,,,0.009165,127.58084963362126,0.718526387943095,2603090909,0,0.28,0.5,0.13917373346060002,4,9,Weekday
d2489e0a065608647f6a4b4866e80c03,Đường Nguyễn Văn Giai,10.7926284,106.697328,10.7930658,106.6974031,2.0,50.0,FRC3,tertiary,,,,,22.0,35.0,0.0,0.6285714285714286,2057.14,37.142857142857146,0,C,0.08181818181818182,,,,,,,,,,0.000513,9.573356725870497,0.04907438998295169,2603090909,0,0.44,0.37142857142857144,2.037722731443829,5,9,Weekday
bc2c8ffeea00c0a13227c19cf5fbad4c,Đường Liên Khu 3,10.8820255,106.8100261,10.8827193,106.8089551,1.5,45.0,FRC1,tertiary,asphalt,yes,,,49.0,60.0,0.0,0.8166666666666667,1035.0,18.333333333333336,0,B,0.036734693877551024,,,,,,,,,,0.001765,303.4116884505675,0.14000153019508205,2603090909,0,1.0888888888888888,0.18333333333333332,-1.4285558145065587,4,9,Weekday
5dc12115410d75d380e733bc87568957,Đường Cao Tốc Thành phố Hồ Chí Minh-Long Thành-Dầu Giây,10.7918961,106.8178943,10.792934,106.8117098,1.0,50.0,FRC0,,,,,,76.0,76.0,0.0,1.0,360.0,0.0,0,A,0.02368421052631579,,,,,,,,,,0.007222,279.6956547140675,0.6860318053816734,2603090909,0,1.52,0.0,-0.7288291826671582,3,9,Weekday
8d9b8cb589242f7e5e723eaf2a76477b,Đường Phan Đăng Lưu,10.8039468,106.6857885,10.8037891,106.687792,1.0,50.0,FRC2,,,,,,17.5,31.0,0.0,0.5645161290322581,1143.87,43.548387096774185,0,C,0.10285714285714287,,,,,,,,,,0.002161,94.58128459970601,0.21979439137543985,2603090909,0,0.35,0.43548387096774194,0.9099413262933164,3,9,Weekday
fb8420f9597b9d18133a0d38baa699e5,Đường Cao Tốc Thành phố Hồ Chí Minh-Long Thành-Dầu Giây,10.7949371,106.7599681,10.7962415,106.775074,1.0,50.0,FRC0,,,,,,65.0,65.0,0.0,1.0,360.0,0.0,0,A,0.027692307692307697,,,,,,,,,,0.01641,84.97484719181557,1.6583027102272943,2603090909,0,1.3,0.0,-0.7236314531714917,2,9,Weekday
e62c4fd68cff6b858de508e76941e900,Cầu Phú Mỹ,10.7449386,106.7441554,10.7469406,106.7484952,1.5,50.0,FRC1,trunk,,yes,,,46.0,46.0,0.0,1.0,540.0,0.0,0,A,0.0391304347826087,,,,yes,,,,,,0.006342,64.84739377134349,0.5238006796144834,2603090909,0,0.92,0.0,1.1454738860621547,5,9,Weekday
e62b460cb5dfffa330bf11b4536e472d,Đường Đặng Văn Bi,10.8422045,106.7634239,10.8421583,106.7634728,1.5,50.0,FRC1,residential,asphalt,,,,38.0,49.0,0.0,0.7755102040816326,1146.12,22.44897959183674,0,B,0.04736842105263158,,,,,,,,,,9.5e-05,133.8891545402505,0.007396342930218657,2603090909,0,0.76,0.22448979591836735,0.0,4,9,Weekday
009679450cd5669cc80d7892fd165528,Đường Sư Vạn Hạnh,10.77004,106.6705481,10.77004,106.6705481,1.0,50.0,FRC4,,,,,,15.0,28.0,0.0,0.5357142857142857,1195.71,46.42857142857143,0,C,0.12,,,,,,,,,,0.0,0.0,0.0,2603090909,0,0.3,0.4642857142857143,0.0,3,9,Weekday
8ccdc41e826b62aee68d239a63d9f13d,Đường Tân Quý,10.7987681,106.6196106,10.7951375,106.6203627,1.0,50.0,FRC1,,,,,,29.0,39.5,0.0,0.7341772151898734,838.48,26.582278481012654,0,B,0.06206896551724138,,,,,,,,,,0.004383,168.49793200003683,0.4099289273299881,2603090909,0,0.58,0.26582278481012656,-0.48788945269774114,2,9,Weekday
f4ccbc6cb56968e5336eefd9f1c336a0,Đường Vườn Lài,10.7880016,106.6313252,10.844574,106.6935088,1.0,50.0,FRC3,tertiary,asphalt,,,,30.0,41.5,0.0,0.7228915662650602,858.8,27.710843373493976,0,B,0.06,,,,,,,,,,0.118756,47.187720090440905,9.241173136257652,2603090909,0,0.6,0.27710843373493976,-0.021642273881364905,3,9,Weekday
79db08d272a01029d4b4f86014285b8a,Hẻm 545 Đường 3 Tháng 2,10.7667954,106.6656006,10.7637713,106.6597513,1.0,50.0,FRC2,,,,,,21.0,32.5,0.0,0.6461538461538462,996.92,35.38461538461538,0,C,0.08571428571428572,,,,,,,,,,0.008873,242.2443312027392,0.7219289409238135,2603090909,0,0.42,0.35384615384615387,-1.2466600921252977,3,9,Weekday
8fba7e31168ae20e00328be21fe2091a,Đường Nguyễn Thị Nghĩa,10.7700912,106.6941287,10.76857,106.6902339,1.0,50.0,FRC3,,,,,,23.5,30.5,0.0,0.7704918032786885,773.11,22.95081967213115,0,B,0.07659574468085106,,,,,,,,,,0.005416,248.31886403983376,0.4580093060161106,2603090909,0,0.47,0.22950819672131148,-1.3100170501314985,2,9,Weekday
e70acbe9f7d46f0d61297b911d0ecb2c,Đường Mai Chí Thọ,10.7793052,106.7347388,10.7833905,106.7417533,1.0,50.0,FRC2,,,,,,31.5,40.0,0.0,0.7875,742.5,21.250000000000004,0,B,0.05714285714285714,,,,,,,,,,0.0111,59.33678059699207,0.8903552740056114,2603090909,0,0.63,0.2125,1.2354618792240313,1,9,Weekday
9364df0a65839c6b289e2c4469d3d22c,Đường Nguyễn Thị Nghĩa,10.7701435,106.6940986,10.7693254,106.6945589,1.0,50.0,FRC4,,,,,,23.5,30.5,0.0,0.7704918032786885,773.11,22.95081967213115,0,B,0.07659574468085106,,,,,,,,,,0.001278,151.06900194707288,0.10355379594200578,2603090909,0,0.47,0.22950819672131148,-0.9656816448911633,3,9,Weekday
949aedf36205bae2a02199956ab9e470,Đường Ngô Gia Tự,10.7565017,106.6664916,10.7615444,106.670086,1.0,50.0,FRC2,primary,asphalt,yes,,,28.5,38.5,0.0,0.7402597402597403,827.53,25.97402597402597,0,B,0.06315789473684211,,,,,,,,,,0.008637,35.001780382784204,0.6824116574573804,2603090909,0,0.57,0.2597402597402597,1.3188520303907747,2,9,Weekday
ca3f462646b2a5314e70c8d3eb9a3992,Cầu Thủ Thiêm,10.7844433,106.7192073,10.7874118,106.7177091,2.0,55.0,FRC4,secondary,asphalt,yes,,,40.0,40.0,0.0,1.0,720.0,0.0,0,A,0.045,,,,yes,,,,yes,,0.004467,333.62871053311835,0.36696661392853597,2603090909,0,0.7272727272727273,0.0,0.2725043538142526,5,9,Weekday
3f79f4e2d4a12633ac5c041f5d1dc195,Đường Tôn Thất Hiệp,10.7623556,106.6521869,10.7602645,106.6532907,1.5,50.0,FRC2,tertiary,asphalt,,,,24.0,33.0,0.0,0.7272727272727273,1276.36,27.27272727272727,0,B,0.07500000000000001,,,,,,,,,,0.003195,152.5898595753423,0.26091408803641164,2603090909,0,0.48,0.2727272727272727,-0.3832679206883018,5,9,Weekday
cb3ca5162f6044dfe35dae776e26addb,Đường Hà Huy Giáp,10.8706967,106.6769479,10.8846445,106.6812882,1.0,50.0,FRC1,residential,,,,,38.0,47.0,0.0,0.8085106382978723,704.68,19.14893617021277,0,B,0.04736842105263158,,,,,,,,,,0.018288,16.992244076557142,1.614148685439929,2603090909,0,0.76,0.19148936170212766,1.1770910679657516,5,9,Weekday
03b477d928da55ca9ffa29542cabadf9,Hẻm 36A Cộng Hòa,10.8073797,106.6348128,10.8009238,106.6600301,1.5,50.0,FRC2,tertiary,asphalt,,,,19.5,39.0,0.0,0.5,1890.0,50.0,0,C,0.0923076923076923,,,,,,,,,,0.031673,104.60569992706422,2.848698484079189,2603090909,0,0.39,0.5,-0.3861412522763227,4,9,Weekday
6aa710567d555652d8eb7c9ced435d3d,Đường Hậu Giang,10.7497109,106.6494313,10.7507545,106.6545334,2.0,50.0,FRC2,secondary,asphalt,yes,,,22.5,32.0,0.0,0.703125,1788.75,29.6875,0,B,0.08,,,,,,,,,,0.006146,78.2387129124213,0.5698741839981846,2603090909,0,0.45,0.296875,1.0528639774317474,5,9,Weekday
357ed077dbeb535b9abb98b40ce50f74,Đường Bắc Hải,10.7837858,106.6617536,10.7855566,106.6633132,1.0,50.0,FRC4,residential,,,,,21.5,33.0,0.0,0.6515151515151515,987.27,34.84848484848485,0,C,0.08372093023255814,,,,,,,,,,0.00333,40.865421003904544,0.2597301974011401,2603090909,0,0.43,0.3484848484848485,1.5400596619199434,5,9,Weekday
6b24d4fe1eb93ff1c5e718a5f00f1eb8,Đường Quốc Lộ 22,10.8434511,106.6149314,10.8575697,106.6057733,1.0,50.0,FRC2,residential,,,,,31.5,40.0,0.0,0.7875,742.5,21.250000000000004,0,B,0.05714285714285714,,,,,,,,,,0.023277,327.5013573279266,1.8551748033773687,2603090909,0,0.63,0.2125,0.26951638146968354,1,9,Weekday
bad9590cb76fd6a92025e61282305a77,Đường Nguyễn Oanh,10.8265194,106.6800719,10.8280713,106.6792437,1.0,50.0,FRC3,,,,,,23.5,34.5,0.0,0.6811594202898551,933.91,31.88405797101449,0,C,0.07659574468085106,,,,,,,,,,0.00238,332.3379889661367,0.1940860479770982,2603090909,0,0.47,0.3188405797101449,0.5152353867898831,1,9,Weekday
159f25108169fb3c404f3cfcec9c30d2,Đường Phạm Văn Đồng,10.8666573,106.7617638,10.8185142,106.6869633,1.0,50.0,FRC2,service,,,,,33.0,42.0,0.0,0.7857142857142857,745.71,21.42857142857143,0,B,0.05454545454545455,,,,,,,,,,0.122944,236.76945385103906,9.75990810371127,2603090909,0,0.66,0.21428571428571427,-0.030737994334795325,2,9,Weekday
78e26005f58a4ac82941adf1b6c9ce0b,Đường Nguyễn Chí Thanh,10.7607311,106.6727534,10.7607915,106.6740891,1.0,50.0,FRC4,,,,,,19.5,29.0,0.0,0.6724137931034483,949.66,32.758620689655174,0,C,0.0923076923076923,,,,,,,,,,0.001396,87.36445991997948,0.14624452656173467,2603090909,0,0.39,0.3275862068965517,1.3675725492233952,2,9,Weekday
be843069d038ef1d12acf10321d69d80,Hẻm 25 Thủ Khoa Huân,10.7841856,106.6517538,10.7836106,106.6540868,1.0,50.0,FRC4,,,,,,17.5,31.5,0.0,0.5555555555555556,1160.0,44.44444444444444,0,C,0.10285714285714287,,,,,,,,,,0.002908,104.08425736260398,0.26295954437431135,2603090909,0,0.35,0.4444444444444444,0.7605732679370207,3,9,Weekday
a607cc7797f5992f2e24cd76b4ec324a,Đường Nguyễn Hữu Thọ,10.7365428,106.7002329,10.7303579,106.7003063,1.0,50.0,FRC4,,,,,,21.5,34.5,0.0,0.6231884057971014,1038.26,37.68115942028986,0,C,0.08372093023255814,,,,,,,,,,0.006258,179.3319557908004,0.6841762151428311,2603090909,0,0.43,0.37681159420289856,-0.8769670542767141,3,9,Weekday
6ab60321f847c51e9299df7419d6dc51,Đường Xuân Hồng,10.7944927,106.6525329,10.7937384,106.6517611,1.0,50.0,FRC2,,,,,,22.0,34.5,0.0,0.6376811594202898,1012.17,36.23188405797102,0,C,0.08181818181818182,,,,,,,,,,0.001526,225.14569949813168,0.11868398198861381,2603090909,0,0.44,0.36231884057971014,-1.6851473690795733,3,9,Weekday
8457240fccffc65244c51d3867b23542,Đường Xa Lộ Hà Nội,10.8355189,106.7658175,10.8354781,106.7658807,1.0,50.0,FRC1,,,,,,38.0,49.0,0.0,0.7755102040816326,764.08,22.44897959183674,0,B,0.04736842105263158,,,,,,,,,,0.000104,123.31644997259832,0.008253863920156175,2603090909,0,0.76,0.22448979591836735,0.0,3,9,Weekday
54b9591a7bccbe1918a73af3b9e8bba7,Đường Kha Vạn Cân,10.8233047,106.7053644,10.8408851,106.7435101,1.0,50.0,FRC3,service,,,,,38.0,46.0,0.0,0.8260869565217391,673.04,17.391304347826086,0,B,0.04736842105263158,,,,,,,,,,0.055726,64.8587660365717,4.602219740876687,2603090910,0,0.76,0.17391304347826086,-0.10864322612825826,4,9,Weekday
6d08264bbd0f9b27969170e3ea60e7e0,Đường Cao Tốc Thành phố Hồ Chí Minh-Long Thành-Dầu Giây,10.7964727,106.7824691,10.7949371,106.7599681,1.5,55.0,FRC0,motorway,asphalt,yes,,CT.29,65.0,65.0,0.0,1.0,540.0,0.0,0,A,0.027692307692307697,,,,,,,,,,0.024037,266.0278416436462,2.4666125222355793,2603090910,0,1.1818181818181819,0.0,0.2027071522149057,1,9,Weekday
6c4fef080a3fa7d2179b5e3f0ef490c6,Đường Lý Chính Thắng,10.788335,106.6850959,10.7885356,106.6851801,3.0,60.0,FRC3,secondary,asphalt,yes,,,12.5,30.0,0.0,0.4166666666666667,4230.0,58.33333333333333,0,D,0.144,,,,,,,,,,0.000285,22.407417611106666,0.02402391900634263,2603090910,0,0.20833333333333334,0.5833333333333334,0.0,3,9,Weekday
93bdcc286e942a3b47805574bcf14902,Đường Mai Chí Thọ,10.7745747,106.7248969,10.7742939,106.7240549,1.0,50.0,FRC2,,,,,,29.0,39.5,0.0,0.7341772151898734,838.48,26.582278481012654,0,B,0.06206896551724138,,,,,,,,,,0.001123,251.2489413920973,0.09718635104796734,2603090910,0,0.58,0.26582278481012656,0.0,3,9,Weekday
dc3818d87383c460ac88e73daec72fbe,Đường Hồng Bàng,10.7544547,106.6400826,10.7538631,106.6457375,1.0,50.0,FRC2,primary,asphalt,yes,,,25.0,35.0,0.0,0.7142857142857143,874.29,28.57142857142857,0,B,0.072,,,,yes,,10.0,,no,,0.006246,96.0778497772402,0.6219687125309522,2603090910,0,0.5,0.2857142857142857,0.643119166512888,5,9,Weekday
94b51b0dd3b8272a114c6caf4e088f24,Đường Nguyễn Văn Linh,10.7311956,106.7192028,10.7526944,106.7269803,1.0,50.0,FRC3,,,,,,30.0,36.5,0.0,0.821917808219178,680.55,17.808219178082197,0,B,0.06,,,,,,,,,,0.029276,19.565762134358522,2.525630148404968,2603090910,0,0.6,0.1780821917808219,1.1086342162047391,1,9,Weekday
f83d20d4d8ee9d902796d3da27d925da,Hẻm 36A Cộng Hòa,10.8009238,106.6600301,10.8016842,106.6509196,1.0,50.0,FRC2,,,,,,30.0,39.0,0.0,0.7692307692307693,775.38,23.076923076923073,0,B,0.06,,,,,,,,,,0.009871,274.8575839414826,0.9998691932956165,2603090910,0,0.6,0.23076923076923078,-0.9001177414353143,2,9,Weekday
364573706454b6977a6ae34b10f00b3c,Đường Bình Thới,10.7661016,106.6476679,10.7636884,106.643989,1.0,50.0,FRC4,service,concrete,,,,19.5,29.0,0.0,0.6724137931034483,949.66,32.758620689655174,0,C,0.0923076923076923,,,,,,,,,,0.006092,236.26901616135626,0.4828628922120954,2603090910,0,0.39,0.3275862068965517,-1.4496868806653465,4,9,Weekday
ad618e33678436ff8f07f7f837cacf90,Đường Nguyễn Thị Nhỏ,10.7544346,106.6508617,10.758499,106.6513356,1.0,50.0,FRC4,,,,,,18.5,27.5,0.0,0.6727272727272727,949.09,32.72727272727273,0,C,0.0972972972972973,,,,,,,,,,0.004538,6.5346520454002075,0.4525535089983097,2603090910,0,0.37,0.32727272727272727,1.1048417260241983,1,9,Weekday
9a4098e379a9b102af2e32a4d82c34cb,Đường Trịnh Đình Trọng,10.7751926,106.6464389,10.7752249,106.6474762,1.5,50.0,FRC3,secondary,asphalt,no,,,19.0,31.0,0.0,0.6129032258064516,1585.16,38.70967741935484,0,C,0.09473684210526316,,,,,,,,,,0.00107,88.18438286028868,0.11350525596629256,2603090910,0,0.38,0.3870967741935484,0.8810164705473797,5,9,Weekday
d9f08bb369d8a76c946053c9dc973675,Đường Võ Chí Công,10.7568077,106.7614378,10.7917842,106.7927383,1.5,50.0,FRC1,motorway_link,asphalt,yes,,,35.0,39.0,0.0,0.8974358974358975,816.92,10.256410256410254,0,B,0.051428571428571435,,,,yes,,,,,,0.066277,41.31658154427362,5.165971761704874,2603090910,0,0.7,0.10256410256410256,0.11614465345083262,1,9,Weekday
6ff50f75da847a3b499876fa9435ec6a,Đường Ngô Quyền,10.7637713,106.6597513,10.7659517,106.6640311,1.0,50.0,FRC2,,,,,,22.0,33.5,0.0,0.6567164179104478,977.91,34.32835820895522,0,C,0.08181818181818182,,,,,,,,,,0.00646,62.58883332691562,0.5265754138129072,2603090910,0,0.44,0.34328358208955223,1.329344252765874,2,9,Weekday
50b15bad01126093b352730855c398dd,Đường Lê Lợi,10.7722079,106.6990769,10.7732655,106.6999404,1.0,50.0,FRC2,,,,,,15.0,24.5,0.0,0.6122448979591837,1057.96,38.775510204081634,0,C,0.12,,,,,,,,,,0.001921,38.73239185613323,0.15034799000765062,2603090910,0,0.3,0.3877551020408163,0.6651236241662518,2,9,Weekday
c8fcbffac85a53be69921d344e0b43c9,Đường Ngô Gia Tự,10.7565017,106.6664916,10.7585909,106.6679699,1.0,50.0,FRC2,,,,,,29.5,38.5,0.0,0.7662337662337663,780.78,23.376623376623375,0,B,0.06101694915254237,,,,,,,,,,0.003568,34.805192369587076,0.28204180629084896,2603090910,0,0.59,0.23376623376623376,1.063672098634314,2,9,Weekday
c612fb912413f6a5824321999feef6c6,Đường Trần Hưng Đạo,10.752179,106.6632877,10.7680299,106.6953474,1.0,50.0,FRC4,,,,,,14.5,23.5,0.0,0.6170212765957447,1049.36,38.297872340425535,0,C,0.12413793103448276,,,,,,,,,,0.047911,63.282407822489176,3.9204412923460086,2603090910,0,0.29,0.3829787234042553,-0.30608799125312625,1,9,Weekday
0e7aa5395cf7b6db6f509f2524b92fdf,Đường Khánh Hội,10.7571329,106.717736,10.7530896,106.7022171,1.0,50.0,FRC2,tertiary,asphalt,yes,,,20.0,39.0,0.0,0.5128205128205128,1236.92,48.71794871794872,0,C,0.09,,,,,,,,,,0.019562,255.14857199108883,1.7553393277634817,2603090910,0,0.4,0.48717948717948717,-1.0824117992165274,5,9,Weekday
8b552f8e88cb01f028e9b6af0f77967d,Đường Phạm Văn Đồng,10.8339731,106.7284081,10.8252909,106.7114115,2.0,50.0,FRC2,primary,asphalt,yes,,,38.0,42.5,0.0,0.8941176470588236,1101.18,10.588235294117643,0,B,0.04736842105263158,,,,yes,,,,,,0.025679,242.52345055871547,2.0920349084155787,2603090910,0,0.76,0.10588235294117647,0.239001748005572,1,9,Weekday
ffad333659b83792733c6f2d686ddd6f,Đường Thành Thái,10.7697668,106.6661869,10.7675961,106.6670725,2.5,50.0,FRC2,secondary,asphalt,,,,20.0,32.0,0.0,0.625,2587.5,37.5,0,C,0.09,,,,,,,,,,0.003056,158.15928619652084,0.2589083615402287,2603090910,0,0.4,0.375,-0.38623704311867957,2,9,Weekday
32b80d1aeaf4553bffede0224626add8,Đường Xa Lộ Hà Nội,10.8159526,106.7573234,10.8100275,106.756146,1.0,50.0,FRC1,,,,,,38.0,49.0,0.0,0.7755102040816326,764.08,22.44897959183674,0,B,0.04736842105263158,,,,,,,,,,0.007103,191.04457073321336,0.6679228582442687,2603090910,0,0.76,0.22448979591836735,3.593229323381363,2,9,Weekday
61befe6a24cb50fc81cd2d1620af1bc3,Đường Thành Thái,10.7681721,106.666908,10.7764553,106.6636154,1.0,50.0,FRC2,,,,,,20.5,31.0,0.0,0.6612903225806451,969.68,33.87096774193549,0,C,0.08780487804878048,,,,,,,,,,0.011576,338.6697395641091,0.984459040124781,2603090910,0,0.41,0.3387096774193548,0.5078931470187166,2,9,Weekday
0061b758a42f099e6d194fe2d6e75c78,Đường Số 12,10.8649833,106.728414,10.8648292,106.7285029,1.0,50.0,FRC1,,,,,,38.0,49.0,0.0,0.7755102040816326,764.08,22.44897959183674,0,B,0.04736842105263158,,,,,,,,,,0.000243,150.46597252083745,0.01962221402714941,2603090910,0,0.76,0.22448979591836735,0.0,4,9,Weekday
857042c7a828e83d74da9242dc0a4c23,Đường Nguyễn Lương Bằng,10.7267486,106.7231704,10.7270427,106.7236852,1.0,50.0,FRC1,tertiary,,,,,37.0,44.0,0.0,0.8409090909090909,646.36,15.909090909090907,0,B,0.04864864864864865,,,,,,,,,,0.000809,59.824076627063505,0.06503356784079589,2603090910,0,0.74,0.1590909090909091,-44.59235585996583,3,9,Weekday
c8211d047c9c3e383930be241bcf7320,Hẻm 361/60 Thới Tam Thôn 4,10.8857251,106.6282581,10.8856777,106.6282883,1.0,50.0,FRC4,,,,,,25.0,35.0,0.0,0.7142857142857143,874.29,28.57142857142857,0,B,0.072,,,,,,,,,,7.8e-05,147.96717421391486,0.006196097766201387,2603090910,0,0.5,0.2857142857142857,0.0,1,9,Weekday
251fd401a7019af05b00a105df374d97,Hẻm 506 Lạc Long Quân,10.7711649,106.6460379,10.7705706,106.6472103,1.0,50.0,FRC4,,,,,,16.0,31.0,0.0,0.5161290322580645,1230.97,48.38709677419355,0,C,0.11249999999999999,,,,,,,,,,0.001767,117.29360547904588,0.14409537724118923,2603090910,0,0.32,0.4838709677419355,0.0,1,9,Weekday
7327ca4233b178a2f23ce2ea3ab6b941,Đường Hoàng Ngọc Phách,10.7810287,106.6332492,10.7834192,106.6249141,1.0,50.0,FRC4,,,,,,21.0,30.0,0.0,0.7,900.0,30.000000000000004,0,B,0.08571428571428572,,,,,,,,,,0.010726,286.2761311327781,0.9491602843543971,2603090910,0,0.42,0.3,-0.7374939844603046,5,9,Weekday
cc6a55c3ca041636c18d4f046557dea2,Đường Bình Lợi,10.8315214,106.7053404,10.8311762,106.7054531,1.0,50.0,FRC2,,,,,,33.0,42.0,0.0,0.7857142857142857,745.71,21.42857142857143,0,B,0.05454545454545455,,,,,,,,,,0.000458,162.22096602415343,0.040123228997869034,2603090910,0,0.66,0.21428571428571427,0.0,5,9,Weekday
f1f6c3a4d7c5ef9e6d1116e1e7fb2619,Đường Lý Thái Tổ,10.7677425,106.6740246,10.7669304,106.6770101,1.0,50.0,FRC2,,,,,,19.0,35.0,0.0,0.5428571428571428,1182.86,45.714285714285715,0,C,0.09473684210526316,,,,,,,,,,0.003798,105.47658212160422,0.3386618531463757,2603090911,0,0.38,0.45714285714285713,0.5905595748144579,5,9,Weekday
f8ba99351b6594850c8514d25d121706,Đường Nguyễn Hữu Trí,10.6854735,106.5540502,10.6963436,106.5939709,1.0,50.0,FRC4,,,,,,36.5,45.0,0.0,0.8111111111111111,700.0,18.88888888888889,0,B,0.049315068493150684,,,,,,,,,,0.050791,74.50812846682936,4.529807727959195,2603090911,0,0.73,0.18888888888888888,-0.2207599218456294,5,9,Weekday
768246f05b046c8c9df0bb29fc350b45,Đường Nguyễn Văn Nghi,10.8214371,106.6887972,10.8238312,106.6869947,1.0,50.0,FRC2,service,asphalt,,,,28.5,37.5,0.0,0.76,792.0,24.0,0,B,0.06315789473684211,,,,,,,,,,0.004197,323.51720882065575,0.3301224933438893,2603090911,0,0.57,0.24,0.0,4,9,Weekday
8d9b8cb589242f7e5e723eaf2a76477b,Đường Phan Đăng Lưu,10.8037891,106.687792,10.7993486,106.6803694,1.0,50.0,FRC2,,,,,,17.0,31.0,0.0,0.5483870967741935,1172.9,45.16129032258065,0,C,0.10588235294117647,,,,,,,,,,0.011863,238.65797466883043,0.9487732718433867,2603090911,0,0.34,0.45161290322580644,2.0025859247789093,4,9,Weekday
64bd1cacb24912186159135f5dabb552,Đường Cách Mạng Tháng 8,10.7782417,106.68085,10.7752936,106.6864011,1.5,50.0,FRC2,primary,asphalt,yes,,,17.0,31.0,0.0,0.5483870967741935,1759.35,45.16129032258065,0,C,0.10588235294117647,,,,,,,,,,0.008499,118.39596774389827,0.6891535218595868,2603090911,0,0.34,0.45161290322580644,0.4353166464135465,4,9,Weekday
42d38218242c47283340f4bf54a67bac,Đường Tân Sơn,10.8385379,106.6467909,10.8248067,106.6412646,1.0,50.0,FRC4,service,,,,,27.0,27.0,0.0,1.0,360.0,0.0,0,A,0.06666666666666667,,,,,,,,,,0.019258,201.5690363609863,1.6346551177800768,2603090911,0,0.54,0.0,0.6729248194529507,1,9,Weekday
b3153071a495f769721580a41acd5142,Đường Quốc lộ 1A,10.7169989,106.59955,10.7687081,106.7032148,1.0,50.0,FRC2,,,,,,31.0,35.5,0.0,0.8732394366197183,588.17,12.676056338028175,0,B,0.05806451612903226,,,,,,,,,,0.155374,63.07299162311301,12.699899044036826,2603090911,0,0.62,0.1267605633802817,0.047244470048108535,1,9,Weekday
74ef85fbba86aea448f55f140da46e7f,Đường Lê Minh Xuân,10.786231,106.651613,10.7874965,106.6560086,1.0,50.0,FRC4,,,,,,20.5,33.5,0.0,0.6119402985074627,1058.51,38.80597014925373,0,C,0.08780487804878048,,,,,,,,,,0.005661,73.6647718759533,0.5006918722741983,2603090911,0,0.41,0.3880597014925373,1.1983418010656597,5,9,Weekday
ee8b2c3f4e5ec2107444452b0ab76d30,Đường Mai Chí Thọ,10.7948062,106.7522864,10.7882091,106.7505717,1.0,50.0,FRC1,,,,,,36.0,36.0,0.0,1.0,360.0,0.0,0,A,0.05,,,,,,,,,,0.008312,194.3229587558566,0.7534365231207635,2603090911,0,0.72,0.0,2.919954014025646,3,9,Weekday
5d212d7c449189e142f8a351a928feed,Đường An Bình,10.7548304,106.6708395,10.7562318,106.6758517,1.0,50.0,FRC6,,,,,,17.0,26.0,0.0,0.6538461538461539,983.08,34.61538461538461,0,C,0.10588235294117647,,,,,,,,,,0.006414,74.11331282037702,0.5697117451821434,2603090911,0,0.34,0.34615384615384615,1.228691537289971,5,9,Weekday
9bce5e8ee12dbc9b81fc6e256bd0b118,Đường Ngô Gia Tự,10.7669024,106.6738588,10.7671362,106.6740191,1.0,50.0,FRC2,,,,,,27.0,35.0,0.0,0.7714285714285715,771.43,22.857142857142854,0,B,0.06666666666666667,,,,,,,,,,0.000394,33.962545986797295,0.03124409812734309,2603090911,0,0.54,0.22857142857142856,6.401208931838911,4,9,Weekday
f7939d1b9ed82e65492cb98f57275439,Đường Trần Nhân Tôn,10.7633139,106.6746238,10.7664111,106.673962,1.5,50.0,FRC4,tertiary,asphalt,,,,29.5,35.5,0.0,0.8309859154929577,996.34,16.901408450704224,0,B,0.06101694915254237,,,,,,,,,,0.003759,348.1448605117263,0.3501538054791571,2603090911,0,0.59,0.16901408450704225,0.5711775707429946,3,9,Weekday
f83d20d4d8ee9d902796d3da27d925da,Đường Cộng Hòa,10.8016842,106.6509196,10.8041993,106.6376734,1.0,50.0,FRC2,,,,,,29.5,38.5,0.0,0.7662337662337663,780.78,23.376623376623375,0,B,0.06101694915254237,,,,,,,,,,0.015761,280.9415326337296,1.4750705116402005,2603090911,0,0.59,0.23376623376623376,1.3558673868248545,1,9,Weekday
c7d7260e52bed314656b87bc6a0c6cb2,Đường Hưng Phú,10.7461296,106.6682445,10.7462542,106.6689261,1.0,50.0,FRC4,,,,,,26.0,33.0,0.0,0.7878787878787878,741.82,21.212121212121215,0,B,0.06923076923076923,,,,,,,,,,0.000806,79.4595470906412,0.07581664040547728,2603090911,0,0.52,0.21212121212121213,0.0,5,9,Weekday
d7a7550d4921fe13dd28d6c466df0475,Đường Vân Côi,10.7883735,106.6565352,10.7877277,106.6560806,1.0,50.0,FRC2,residential,,,,,21.5,34.5,0.0,0.6231884057971014,1038.26,37.68115942028986,0,C,0.08372093023255814,,,,,,,,,,0.0011,214.66359104999614,0.08703231437897387,2603090911,0,0.43,0.37681159420289856,-1.148998515247562,4,9,Weekday
009528b570653dd88b93383f92785323,Đường Quốc lộ 1A,10.7495269,106.5938427,10.7495472,106.5939152,1.0,50.0,FRC1,,,,,,54.0,54.0,0.0,1.0,360.0,0.0,0,A,0.03333333333333333,,,,,,,,,,9.3e-05,74.09237619809113,0.008241741561995258,2603090911,0,1.08,0.0,0.0,4,9,Weekday
2a66e0efdaf3550d5849f40eb9ed089d,Đường Nguyễn Hữu Cảnh,10.7976427,106.7237951,10.7976579,106.7205235,1.0,50.0,FRC2,,,,,,43.0,43.0,0.0,1.0,360.0,0.0,0,A,0.04186046511627907,,,,,,,,,,0.003287,270.2713012027617,0.3577907718298373,2603090911,0,0.86,0.0,-0.8384788642415794,3,9,Weekday
bc7e22485900e5ebf2db94a92fdaf069,Đường Cống Quỳnh,10.7642694,106.6907611,10.7642807,106.690743,1.0,50.0,FRC4,,,,,,28.0,28.0,0.0,1.0,360.0,0.0,0,A,0.0642857142857143,,,,,,,,,,2.9e-05,302.4356160262058,0.0023412327759758903,2603090911,0,0.56,0.0,0.0,1,9,Weekday
2599c94869c5b3c7e0bfb6e807ce8110,Đường Lý Chiêu Hoàng,10.7359493,106.6337742,10.7359829,106.633682,1.0,50.0,FRC2,,,,,,42.0,42.0,0.0,1.0,360.0,0.0,0,A,0.04285714285714286,,,,,,,,,,0.000126,290.3507166114374,0.01074819900328903,2603090911,0,0.84,0.0,0.0,5,9,Weekday
3283a06ce034f65eda092dffccc06d7b,Đường Trương Định,10.7712056,106.6966242,10.7807024,106.6863035,2.0,55.0,FRC2,tertiary,asphalt,yes,,,16.5,31.0,0.0,0.532258064516129,2403.87,46.7741935483871,0,C,0.1090909090909091,,,,,,,,,,0.019818,313.12857946057784,1.5419480939402654,2603090911,0,0.3,0.46774193548387094,-0.06485302611222266,4,9,Weekday
b55e682daf84d7d0f78c7de5786ed240,Đường Cao Tốc Thành phố Hồ Chí Minh-Long Thành-Dầu Giây,10.7866225,106.843937,10.7883612,106.8358795,1.5,85.0,FRC0,motorway,asphalt,yes,,CT.29,76.0,76.0,0.0,1.0,540.0,0.0,0,A,0.02368421052631579,,,,viaduct,,,,,,0.009796,282.39005384390634,0.9019522713396656,2603090911,0,0.8941176470588236,0.0,-0.6652236698831334,1,9,Weekday
6c2131839fa7dc52268cedddcb93f7cb,Đường Trần Xuân Soạn,10.7507792,106.6892692,10.7507855,106.6893325,1.0,50.0,FRC3,,,,,,27.0,34.0,0.0,0.7941176470588235,730.59,20.588235294117652,0,B,0.06666666666666667,,,,,,,,,,7e-05,84.21542682187646,0.006958629561237314,2603090911,0,0.54,0.20588235294117646,0.0,2,9,Weekday
86aed5ebadfeff72663e379b9a37794e,Đường Tô Hiến Thành,10.7808937,106.6698201,10.7793615,106.6704423,1.0,50.0,FRC4,,,,,,20.0,31.0,0.0,0.6451612903225806,998.71,35.483870967741936,0,C,0.09,,,,,,,,,,0.002154,158.25208028180623,0.18263234273803447,2603090911,0,0.4,0.3548387096774194,0.0,4,9,Weekday
17b11db4db2c73df0a21cf2c2e2c776f,Đường Hạnh Thông,10.8263467,106.6799853,10.8259802,106.6799069,1.0,50.0,FRC3,,,,,,21.0,35.0,0.0,0.6,1080.0,40.0,0,C,0.08571428571428572,,,,,,,,,,0.000445,191.8657162438378,0.04143641585430899,2603090911,0,0.42,0.4,-2.4133361425756847,2,9,Weekday
21f2a5bd885c29140b3db6a80aa34148,Đường Trần Văn Giàu,10.7520876,106.6082145,10.7519761,106.6081604,1.0,50.0,FRC1,,,,,,54.0,54.0,0.0,1.0,360.0,0.0,0,A,0.03333333333333333,,,,,,,,,,0.000166,205.48637173229667,0.013679410672882546,2603090911,0,1.08,0.0,211.99743683028908,1,9,Weekday
faffcf806a2311c66602112a92849d77,Đường Nguyễn Biểu,10.7509485,106.6836257,10.7536129,106.6842501,1.0,50.0,FRC4,secondary,asphalt,yes,,,29.0,32.5,0.0,0.8923076923076924,553.85,10.769230769230765,0,B,0.06206896551724138,,,,yes,,8.0,,,,0.003289,12.965478479106537,0.3025267648249627,2603090911,0,0.58,0.1076923076923077,1.3221970632298725,3,9,Weekday
b8f135fa2b5d4ab8d9b6072920257679,Đường Nguyễn Tất Thành,10.7537495,106.7224037,10.7537495,106.7224037,1.5,50.0,FRC2,primary,asphalt,yes,,,22.0,36.0,0.0,0.6111111111111112,1590.0,38.888888888888886,0,C,0.08181818181818182,,,,yes,,,,,,0.0,0.0,0.0,2603090911,0,0.44,0.3888888888888889,0.0,3,9,Weekday
76af16d73c754e9fec2fe300c7bb0d57,Hẻm 100 An Dương Vương,10.7581844,106.6702787,10.7562461,106.666373,1.0,50.0,FRC4,,,,,,29.0,29.0,0.0,1.0,360.0,0.0,0,A,0.06206896551724138,,,,,,,,,,0.005844,243.19966110750858,0.4779739095159837,2603090911,0,0.58,0.0,-1.2552986429899178,1,9,Weekday
35b78941d6de203d9d443c0657bc1467,Đường Trường Chinh,10.8261451,106.6265884,10.8264064,106.6266087,1.5,50.0,FRC2,primary_link,asphalt,yes,,,23.0,35.0,0.0,0.6571428571428571,1465.71,34.285714285714285,0,C,0.0782608695652174,,,,,,,,,,0.000282,4.363537922283967,0.02898841540518602,2603090911,0,0.46,0.34285714285714286,0.0,1,9,Weekday
6470374b64563b292d6d81869518d2b7,Đường Quốc Lộ 22,10.8774435,106.5916776,10.8450745,106.6138112,1.0,50.0,FRC1,,,,,,38.0,45.0,0.0,0.8444444444444444,640.0,15.555555555555555,0,B,0.04736842105263158,,,,,,,,,,0.054503,146.1149395764013,4.32160936877422,2603090911,0,0.76,0.15555555555555556,-0.23139527770036278,4,9,Weekday
849475e29344d63175677faaf9f43a7f,Hẻm 12 Nguyễn Khoái,10.7558779,106.6939259,10.7533608,106.6952956,1.5,50.0,FRC4,tertiary,asphalt,,,,24.5,33.5,0.0,0.7313432835820896,1265.37,26.865671641791046,0,B,0.07346938775510205,,,,,,,,,,0.003887,151.8709113834649,0.31617077986985614,2603090911,0,0.49,0.26865671641791045,0.0,5,9,Weekday
a5f37f0263279eb53c979f4af8037db8,Đường Bưng Ông Thoàn,10.828493,106.7887386,10.8287562,106.7885591,1.0,50.0,FRC4,tertiary,asphalt,,,,24.0,30.0,0.0,0.8,720.0,19.999999999999996,0,B,0.07500000000000001,,,,,,5.0,,,,0.000443,326.18398155756336,0.035112199356267595,2603090911,0,0.48,0.2,0.0,2,9,Weekday
082271af9cca5bf56d0676b7cd0d99da,Đường Nguyễn Ảnh Thủ,10.8821993,106.6167264,10.8776763,106.6236125,1.0,50.0,FRC4,tertiary,,,,,25.0,35.0,0.0,0.7142857142857143,874.29,28.57142857142857,0,B,0.072,,,,,,,,,,0.011409,123.77605992876329,0.9039450688039765,2603090911,0,0.5,0.2857142857142857,0.22125238236502917,1,9,Weekday
420037df86171068f7144183b30a00af,Hẻm 766/92/15 Cách Mạng Tháng Tám,10.7908008,106.6641842,10.7907633,106.6642609,1.0,50.0,FRC2,,,,,,17.0,31.0,0.0,0.5483870967741935,1172.9,45.16129032258065,0,C,0.10588235294117647,,,,,,,,,,0.000114,116.4603875994872,0.009357775106846137,2603090911,0,0.34,0.45161290322580644,0.0,3,9,Weekday
a7c3f9d711cf939db279fdcfb5ff8d0d,Công Trường Dân Chủ,10.7775778,106.6815724,10.7775778,106.6815724,1.5,50.0,FRC2,primary,asphalt,no,,,20.0,34.0,0.0,0.5882352941176471,1651.76,41.17647058823529,0,C,0.09,,,both,,,,,,,0.0,0.0,0.0,2603090911,0,0.4,0.4117647058823529,0.0,2,9,Weekday
c2fce3720560919f0edc308e66c79f50,Đường Nguyễn Chí Thanh,10.7620243,106.6570028,10.7575292,106.657093,1.5,50.0,FRC3,secondary,asphalt,yes,,,16.0,27.5,0.0,0.5818181818181818,1669.09,41.81818181818182,0,C,0.11249999999999999,,,no,,,,,,,0.004585,178.87063751430264,0.4973143022088606,2603090911,0,0.32,0.41818181818181815,-1.0054004032846244,3,9,Weekday
5ee0b83e4d50b690d939cd4f48cb967e,Đường Trần Quốc Thảo,10.7915641,106.6955574,10.7825478,106.6866724,1.5,50.0,FRC2,residential,asphalt,yes,5,,16.0,31.0,0.0,0.5161290322580645,1846.45,48.38709677419355,0,C,0.11249999999999999,,,,,,,,,,0.017901,224.0699957727841,1.3924335589031938,2603090911,0,0.32,0.4838709677419355,0.8618005450437637,5,9,Weekday
9e0cf64a0c081b39123a6df04e7d0521,Đường Hàn Hải Nguyên,10.766037,106.6639913,10.7580658,106.6494435,1.5,50.0,FRC2,tertiary,asphalt,,,,21.0,33.5,0.0,0.6268656716417911,1547.46,37.31343283582089,0,C,0.08571428571428572,,,,,,,,,,0.022519,240.8511286794635,1.8191211386466222,2603090911,0,0.42,0.373134328358209,0.43977280182406037,4,9,Weekday
cfee41269e100ac72dee07e16c1b7ab4,Đường Trần Não,10.7912282,106.730462,10.7916195,106.7303648,1.0,50.0,FRC4,,,,,,26.5,32.5,0.0,0.8153846153846154,692.31,18.461538461538463,0,B,0.06792452830188679,,,,,,,,,,0.000488,346.2872407482637,0.04456920253123891,2603090911,0,0.53,0.18461538461538463,0.0,5,9,Weekday
c96cc95eb47b29a1666a1f505b6e9462,Đường Lê Văn Quới,10.7763027,106.6087456,10.7763962,106.6028052,1.0,50.0,FRC4,,,,,,23.5,32.5,0.0,0.7230769230769231,858.46,27.692307692307693,0,B,0.07659574468085106,,,,,,,,,,0.006034,270.9184835902165,0.6497786118757239,2603090911,0,0.47,0.27692307692307694,-0.923391427532483,3,9,Weekday
ea5ba25b162c6aad49fd8a3d166ddde2,Lê Quý Đôn,10.8786289,106.8017773,10.8788557,106.8000739,1.0,50.0,FRC1,,,,,,60.0,60.0,0.0,1.0,360.0,0.0,0,A,0.03,,,,,,,,,,0.00193,277.72135782596456,0.18791820790741573,2603090911,0,1.2,0.0,-0.5321464115348971,2,9,Weekday
53924faefb7652b3bdaf1cc16ed31414,Hẻm 474 Nguyễn Tri Phương,10.7614123,106.6684746,10.7666599,106.6674092,1.0,50.0,FRC2,,,,,,22.5,33.5,0.0,0.6716417910447762,951.04,32.83582089552238,0,C,0.08,,,,,,,,,,0.006313,348.72025959141246,0.5920337639124053,2603090911,0,0.45,0.3283582089552239,0.6756371416329936,5,9,Weekday
c1d9c55ac84173f24d9850910ad301af,Đường Tạ Uyên,10.7537874,106.6537848,10.7537826,106.6537256,2.0,50.0,FRC2,primary,asphalt,yes,,,27.0,35.0,0.0,0.7714285714285715,1542.86,22.857142857142854,0,B,0.06666666666666667,,,,,,,,,,6.4e-05,265.2820499951693,0.006496864766268766,2603090911,0,0.54,0.22857142857142856,0.0,1,9,Weekday
46df3fab6fa51b6145d3294fe13f6ae1,Đường Cao Tốc Thành phố Hồ Chí Minh-Long Thành-Dầu Giây,10.7883612,106.8358795,10.790253,106.8268185,1.0,50.0,FRC0,,,,,,76.0,76.0,0.0,1.0,360.0,0.0,0,A,0.02368421052631579,,,,,,,,,,0.010953,282.00005966441097,1.012804584076017,2603090911,0,1.52,0.0,-0.6911501103034708,3,9,Weekday
573db5c9e513464ec598b4100d46964e,Đường Tản Đà,10.7510333,106.6646409,10.7548043,106.663899,1.0,50.0,FRC4,,,,,,22.0,30.0,0.0,0.7333333333333333,840.0,26.66666666666667,0,B,0.08181818181818182,,,,,,,,,,0.004513,349.0606241608229,0.42494131771552623,2603090911,0,0.44,0.26666666666666666,0.4706532211910928,2,9,Weekday
4ed93ab0d545f2e012459b2bacc942ec,Hẻm 6 Đường Số 12,10.8410074,106.7045433,10.8412473,106.7050813,1.0,50.0,FRC2,,,,,,31.5,41.5,0.0,0.7590361445783133,793.73,24.096385542168676,0,B,0.05714285714285714,,,,,,,,,,0.000778,65.58124547664409,0.06453603155752201,2603090911,0,0.63,0.24096385542168675,1.5495219892916468,2,9,Weekday
5c51bd0879f76d1245798ec9893915e5,Đường Thạnh Lộc 29,10.8776731,106.678258,10.8774274,106.6801765,1.0,50.0,FRC1,,,,,,38.0,48.5,0.0,0.7835051546391752,749.69,21.649484536082475,0,B,0.04736842105263158,,,,,,,,,,0.002164,97.42994065217266,0.2115076248758228,2603090911,0,0.76,0.21649484536082475,0.945592387590854,1,9,Weekday
9b9a42701084d0694727416cc278fafe,Đường Quốc Lộ 22,10.8466302,106.6128986,10.843027,106.6149651,1.0,50.0,FRC1,residential,,,,,28.5,39.5,0.0,0.7215189873417721,861.27,27.848101265822788,0,B,0.06315789473684211,,,,,,,,,,0.00567,150.60832534104406,0.4581597152941971,2603090911,0,0.57,0.27848101265822783,-0.218264497427032,3,9,Weekday
b51d890ee4138f4e7c8443b9ee5e5f42,Đường Trường Sơn,10.8101615,106.6648834,10.8122766,106.6650353,1.0,50.0,FRC2,,,,,,17.0,34.0,0.0,0.5,1260.0,50.0,0,C,0.10588235294117647,,,,,,,,,,0.002267,4.035073162065942,0.23454726948974933,2603090911,0,0.34,0.5,1.2790598699044382,1,9,Weekday
d1e5a78b3acce6585c46e25516d7c517,Hẻm 92 Đường Tôn Thất Thuyết,10.7550068,106.7100356,10.7550302,106.710014,1.0,50.0,FRC3,residential,asphalt,,,,24.5,34.0,0.0,0.7205882352941176,862.94,27.941176470588236,0,B,0.07346938775510205,,,,,,,,,,4.5e-05,317.79630523537844,0.0035044415844618444,2603090911,0,0.49,0.27941176470588236,0.0,3,9,Weekday
9b1017f69eb0df6c948c7c8b77e3b590,Đường Số 7,10.7515592,106.6190633,10.7516045,106.6193735,1.5,50.0,FRC2,secondary,asphalt,yes,,,27.0,35.0,0.0,0.7714285714285715,1157.14,22.857142857142854,0,B,0.06666666666666667,,,,,,,,,,0.000355,81.54519114990478,0.034297078095729926,2603090911,0,0.54,0.22857142857142856,0.0,3,9,Weekday
1410911fe0df6ba8e9db5e9e568bde26,Đường Lý Thái Tổ,10.7670409,106.6763647,10.7312283,106.8238056,1.5,50.0,FRC2,primary,,,,ĐT.769B,36.5,42.0,0.0,0.8690476190476191,893.57,13.095238095238093,0,B,0.049315068493150684,,,,,,,,,,0.183254,103.87316430555256,16.606322907492842,2603090911,0,0.73,0.13095238095238096,-0.05419622423419914,5,9,Weekday
905aca3e6f949415084ac2a36c5c2447,Hẻm Hậu Giang A,10.7357509,106.6337889,10.7485677,106.6353149,1.5,50.0,FRC2,secondary,asphalt,yes,,,33.0,38.5,0.0,0.8571428571428571,925.71,14.28571428571429,0,B,0.05454545454545455,,,,,,,,,,0.014343,6.671768810090441,1.4274952021471248,2603090911,0,0.66,0.14285714285714285,1.0507916227976244,1,9,Weekday
f6d6fdc8243654b3205cca9e58cd0e26,Đường Ngô Quyền,10.7613478,106.6650929,10.756629,106.6661917,1.0,50.0,FRC4,primary,asphalt,yes,,,22.0,31.5,0.0,0.6984126984126984,902.86,30.15873015873016,0,C,0.08181818181818182,,,,,,,,,,0.005818,167.1144940513077,0.5356178046849397,2603090911,0,0.44,0.30158730158730157,-0.7468011640040373,3,9,Weekday
3bdb36a60fa322461bec90c08819e711,Đường Hoàng Diệu,10.7610014,106.7004904,10.7610792,106.7004391,2.0,50.0,FRC3,primary,asphalt,yes,,,15.5,25.0,0.0,0.62,2088.0,38.0,0,C,0.11612903225806452,,,right,,,,,,,0.000129,327.0653464589302,0.010273282348410141,2603090911,0,0.31,0.38,0.0,1,9,Weekday
0af145baf979acec1b8de72fdfafd6d4,Đường Nguyễn Huy Tự,10.7926663,106.6967184,10.7926985,106.6961576,1.5,50.0,FRC3,tertiary,asphalt,yes,,,22.0,35.0,0.0,0.6285714285714286,1542.86,37.142857142857146,0,C,0.08181818181818182,,,,,,,,,,0.000593,273.3452944856376,0.061434227487725084,2603090911,0,0.44,0.37142857142857144,0.0,3,9,Weekday
fe89e81c704908a30c246e67aed9365a,Đường Hương Lộ 8,10.6828162,106.5444885,10.6844568,106.550446,1.0,50.0,FRC4,,,,,,36.0,45.0,0.0,0.8,720.0,19.999999999999996,0,B,0.05,,,,,,,,,,0.007598,74.34435835098407,0.6765569526527494,2603090911,0,0.72,0.2,1.1824577322917693,2,9,Weekday
a3e6271e60e93a92876b893df4668fb0,Đường Nguyễn Chí Thanh,10.7575292,106.657093,10.758013,106.6571078,1.0,50.0,FRC4,,,,,,16.5,27.5,0.0,0.6,1080.0,40.0,0,C,0.1090909090909091,,,,,,,,,,0.000499,1.7214201343633704,0.05353903340654597,2603090911,0,0.33,0.4,1.8677961411939399,5,9,Weekday
43d35d74a03520d74e9ca1ef0fa9089d,Đường Phạm Văn Đồng,10.8380903,106.7343264,10.8667147,106.7620017,2.5,50.0,FRC3,trunk,,yes,,,36.0,45.0,0.0,0.8,1800.0,19.999999999999996,0,B,0.05,,,,,,,,,,0.0563,43.51508269837552,4.379746316195887,2603090911,0,0.72,0.2,0.5936416888771495,2,9,Weekday
364573706454b6977a6ae34b10f00b3c,Đường Bình Thới,10.7636884,106.643989,10.7628698,106.6422657,1.0,50.0,FRC4,residential,concrete,,,,22.0,30.0,0.0,0.7333333333333333,840.0,26.66666666666667,0,B,0.08181818181818182,,,,,,,,,,0.002542,244.19521194234824,0.2091054654449474,2603090911,0,0.44,0.26666666666666666,-0.95645515326167,2,9,Weekday
c6bdbee9943288bb1b2bcb5ad94530c5,Đường Kênh C6,10.7495136,106.5406398,10.749453,106.540609,1.0,50.0,FRC4,tertiary,,,,,39.0,47.0,0.0,0.8297872340425532,666.38,17.021276595744684,0,B,0.04615384615384615,,,,,,,,,,9.1e-05,206.53443067301538,0.007502092088550643,2603090911,0,0.78,0.1702127659574468,0.0,2,9,Weekday
2f289be8da0abc2734fe794b028f9cc7,Đường Phạm Văn Đồng,10.8235017,106.7061476,10.8242579,106.7074369,1.0,50.0,FRC3,residential,asphalt,,,,36.0,44.0,0.0,0.8181818181818182,687.27,18.181818181818176,0,B,0.05,,,,,,,,,,0.002046,59.15661387051159,0.16393318931491108,2603090911,0,0.72,0.18181818181818182,1.2200092051878866,5,9,Weekday
480e682b47457301d6a5232e37bb2b1c,Đường Nguyễn Bình,10.6764523,106.7460372,10.6764671,106.7461005,1.5,50.0,FRC3,secondary,,,,,33.0,38.0,0.0,0.868421052631579,895.26,13.157894736842103,0,B,0.05454545454545455,,,,,,,,,,7.8e-05,76.61667287896432,0.0071161976897594036,2603090911,0,0.66,0.13157894736842105,0.0,2,9,Weekday
477515b82122a24851cb9c5e7721ea60,Đường Nguyễn Hữu Cảnh,10.7894924,106.7121753,10.7892164,106.7138262,1.0,50.0,FRC2,primary,asphalt,yes,,,32.0,40.0,0.0,0.8,720.0,19.999999999999996,0,B,0.056249999999999994,,,,yes,,,,yes,,0.001927,99.65847925970849,0.18311263175031287,2603090911,0,0.64,0.2,0.5461119696884547,2,9,Weekday
ed4fcc8e7c23c831129f37c2607755a0,Đường Nguyễn Hữu Thọ,10.7492889,106.7024382,10.754992,106.7019835,1.0,50.0,FRC3,,,,,,16.0,35.0,0.0,0.45714285714285713,1337.14,54.28571428571429,0,D,0.11249999999999999,,,,,,,,,,0.006158,355.5212770152206,0.6327940545149221,2603090911,0,0.32,0.5428571428571428,0.632117190650007,5,9,Weekday
bfa0cc6491ea7a10d4e693c672c4a592,Đường Trần Bình Trọng,10.7529727,106.668592,10.7626244,106.6790625,3.0,50.0,FRC2,primary,asphalt,yes,,,14.5,28.0,0.0,0.5178571428571429,3683.57,48.21428571428571,0,C,0.12413793103448276,,,,,,,,,,0.020122,46.82255884477661,1.5656641055376213,2603090911,0,0.29,0.48214285714285715,1.3412838632325275,5,9,Weekday
7358eac40e60ece2d0b9ed86c253665b,Đường Lê Quang Định,10.802988,106.698423,10.820498,106.6894367,1.0,50.0,FRC2,,,,,,25.0,36.5,0.0,0.684931506849315,927.12,31.506849315068497,0,C,0.072,,,,,,,,,,0.026496,333.2481915997161,2.171880545644658,2603090912,0,0.5,0.3150684931506849,0.414387431115767,4,9,Weekday
3832b5ff644d3e99f0d5ee7d62f4d159,Đường Lê Văn Lương,10.7394635,106.7068498,10.7399476,106.7035805,1.0,50.0,FRC4,,,,,,20.5,29.5,0.0,0.6949152542372882,909.15,30.508474576271183,0,C,0.08780487804878048,,,,,,,,,,0.003753,278.57109973356046,0.36159052156982807,2603090912,0,0.41,0.3050847457627119,-0.8296677653428641,3,9,Weekday
aea40f06ee141f22ed1220995d753e19,Hẻm 655 Đường 3 Tháng 2,10.752477,106.6667664,10.7517792,106.6668579,1.5,50.0,FRC4,tertiary,asphalt,,,,20.0,25.0,0.0,0.8,1080.0,19.999999999999996,0,B,0.09,,,,,,,,,,0.000789,172.65933394795297,0.0778318344354698,2603090912,0,0.4,0.2,-1.2848213166928473,3,9,Weekday
40cbcace8ed0a821c9845eb653fb84f1,Đường Nguyễn Ảnh Thủ,10.877165,106.6248126,10.8825854,106.6163333,1.0,50.0,FRC1,tertiary,,,,,31.5,42.0,0.0,0.75,810.0,25.0,0,B,0.05714285714285714,,,,,,,,,,0.0139,303.0629835402649,1.104045754219961,2603090912,0,0.63,0.25,-0.27172786893416234,2,9,Weekday
a25cddb3055d03469e0df03c4b4e7b74,Đường Kha Vạn Cân,10.8374629,106.7327377,10.8450502,106.7284891,1.0,50.0,FRC2,secondary,asphalt,,,,33.0,42.0,0.0,0.7857142857142857,745.71,21.42857142857143,0,B,0.05454545454545455,,,,,,,,,,0.011836,331.19101880378616,0.9592580001251935,2603090912,0,0.66,0.21428571428571427,-2.7104282681621337,2,9,Weekday
ee133f9569ef33b262dce20ed7e5217f,Đường Quang Trung,10.8397244,106.6652733,10.8348284,106.6644581,1.0,50.0,FRC4,,,,,,25.0,35.0,0.0,0.7142857142857143,874.29,28.57142857142857,0,B,0.072,,,,,,,,,,0.005711,189.28765659659754,0.5488509253742619,2603090912,0,0.5,0.2857142857142857,-1.0931930188345031,1,9,Weekday
a73b5a0ee699dad4a7c0d16339012da2,Đường Bạch Đằng,10.8153763,106.6636437,10.8152546,106.6633414,1.0,50.0,FRC3,,,,,,30.0,34.0,0.0,0.8823529411764706,571.76,11.764705882352944,0,B,0.06,,,,,,,,,,0.000424,247.71324116733155,0.03569382234821974,2603090912,0,0.6,0.11764705882352941,0.0,2,9,Weekday
e36dfdc71f03ab92e089d1ea6e7673de,Đường Trần Phú,10.7574828,106.6741653,10.7566055,106.6696815,1.5,50.0,FRC4,primary,asphalt,,,,16.5,29.5,0.0,0.559322033898305,1729.83,44.067796610169495,0,C,0.1090909090909091,,,,,,,,,,0.005361,258.73678882127405,0.4999291330001055,2603090912,0,0.33,0.4406779661016949,-1.200170104909396,2,9,Weekday
35bd388c4c5d180e6304bb827612154f,Đường Ung Văn Khiêm,10.8070705,106.7184953,10.8069599,106.7190173,1.5,50.0,FRC2,secondary,paved,yes,,,30.5,41.0,0.0,0.7439024390243902,1231.46,25.609756097560975,0,B,0.05901639344262296,,,,,,,,,,0.000633,102.17232709633834,0.05838108961191778,2603090912,0,0.61,0.25609756097560976,0.0,4,9,Weekday
3c43e715a0b495a18edeb14df619cf4b,Đường Quốc Lộ 1K,10.8828952,106.7701845,10.8746157,106.765511,2.0,50.0,FRC2,primary,asphalt,yes,,QL.1K,32.0,45.0,0.0,0.7111111111111111,1760.0,28.888888888888886,0,B,0.056249999999999994,,,,,,,,,,0.012953,209.00102131783558,1.0487243512588478,2603090912,0,0.64,0.28888888888888886,-1.2396012340511888,3,9,Weekday
ae0a5c7b6986f71651b93f2aa09885af,Đường Tống Văn Trân,10.7697921,106.6444644,10.7697654,106.6445026,1.0,50.0,FRC4,residential,asphalt,,,,17.5,31.5,0.0,0.5555555555555556,1160.0,44.44444444444444,0,C,0.10285714285714287,,,,,,,,,,6.5e-05,125.43127729031892,0.005116443455651254,2603090912,0,0.35,0.4444444444444444,0.0,5,9,Weekday
4500eb560fbde7f2b33f070ca8bfadb4,Đường Nguyễn Thị Nhỏ,10.753478,106.6507502,10.7533959,106.6507301,1.5,50.0,FRC2,secondary,asphalt,yes,,,22.0,31.0,0.0,0.7096774193548387,1323.87,29.032258064516125,0,B,0.08181818181818182,,,,,,,,,,0.000102,193.52412468215383,0.009343647896852741,2603090912,0,0.44,0.2903225806451613,0.0,1,9,Weekday
40d06e6195c86f447f9dba3952adacfa,Đường Lý Thái Tổ,10.7333357,106.8200297,10.7677321,106.6723696,2.0,50.0,FRC4,primary,,,,ĐT.769B,31.0,39.0,0.0,0.7948717948717948,1458.46,20.512820512820518,0,B,0.05806451612903226,,,,,,,,,,0.182057,283.3525355344907,16.592917220482438,2603090912,0,0.62,0.20512820512820512,0.03616000682865788,4,9,Weekday
315ea589cfd10b87f45340a33da31b0b,Đường Nguyễn Thị Thập,10.7405245,106.6937024,10.7407629,106.6949897,1.5,50.0,FRC4,secondary,asphalt,yes,,,27.0,35.0,0.0,0.7714285714285715,1157.14,22.857142857142854,0,B,0.06666666666666667,,,,yes,,,,,,0.001526,79.32510019763674,0.14325541564094826,2603090912,0,0.54,0.22857142857142856,0.6980538889408374,1,9,Weekday
f4f7cbdb58c848cd2364e53e9d891250,Đường Nguyễn Văn Linh,10.7289172,106.716972,10.7294379,106.7153476,1.5,65.0,FRC1,trunk,asphalt,yes,,,33.5,39.5,0.0,0.8481012658227848,950.13,15.189873417721522,0,B,0.05373134328358209,,,,,,,,,,0.002145,288.0692030528611,0.18678839186959165,2603090912,0,0.5153846153846153,0.1518987341772152,0.0,2,9,Weekday
6aa424afd411c43e24ad14f2ace416fc,Đường Vườn Lài,10.7872262,106.6346835,10.7874845,106.634782,1.0,50.0,FRC3,tertiary,asphalt,,,,22.5,34.0,0.0,0.6617647058823529,968.82,33.82352941176471,0,C,0.08,,,,,,,,,,0.000357,20.53597660942978,0.030534735700569363,2603090912,0,0.45,0.3382352941176471,0.0,4,9,Weekday
b52a8847dc58844ae1c266466e0f4c77,Đường Quang Trung,10.835952,106.6605258,10.8395934,106.6466938,1.0,50.0,FRC4,residential,asphalt,,,,25.5,35.5,0.0,0.7183098591549296,867.04,28.169014084507037,0,B,0.07058823529411765,,,,,,,,,,0.017473,285.00615478009945,1.5652004396667702,2603090912,0,0.51,0.28169014084507044,-0.6388958082665113,3,9,Weekday
7cf876c357fdf469907fb0864acc8f94,Đường Châu Văn Liêm,10.7529881,106.6587484,10.7537895,106.6584782,1.5,50.0,FRC4,primary,asphalt,yes,,,21.0,30.0,0.0,0.7,1350.0,30.000000000000004,0,B,0.08571428571428572,,,,,,,,,,0.001072,341.6731292735028,0.09344195474812239,2603090912,0,0.42,0.3,1.0701830914127937,3,9,Weekday
8f648cb615ed770cc3698809e27eafca,Đường Võ Văn Kiệt,10.7494447,106.673072,10.7507824,106.6681836,1.0,50.0,FRC2,,,,,,42.0,42.0,0.0,1.0,360.0,0.0,0,A,0.04285714285714286,,,,,,,,,,0.006226,285.56489638150265,0.5547824487741712,2603090912,0,0.84,0.0,4.686521727111003,2,9,Weekday
3b962a8f8c06b00693a1e7a6ecd3f5c2,Đường Nam Hòa,10.8324177,106.7672026,10.8188716,106.7582527,1.0,50.0,FRC4,residential,concrete,,,,36.5,43.0,0.0,0.8488372093023255,632.09,15.116279069767447,0,B,0.049315068493150684,,,,,,,,,,0.022496,212.98203729951203,1.7896831949523482,2603090912,0,0.73,0.1511627906976744,-1.285143653629289,3,9,Weekday
1653868880a3e514ebcf372bc5775689,Đường Hai Bà Trưng,10.78789,106.6919402,10.7922848,106.6864092,1.0,50.0,FRC3,footway,,,,,17.5,29.5,0.0,0.5932203389830508,1092.2,40.67796610169492,0,C,0.10285714285714287,,,,,,,,,,0.009926,308.96912553920254,0.7760226695143255,2603090912,0,0.35,0.4067796610169492,0.0,3,9,Weekday
30552af3a2fe8d6f783d9772e098f6ee,Đường Võ Văn Kiệt,10.7186024,106.6036625,10.7581329,106.6915488,1.0,50.0,FRC2,,,,,,42.0,42.0,0.0,1.0,360.0,0.0,0,A,0.04285714285714286,,,,,,,,,,0.127417,65.39311200298056,10.560967233632777,2603090912,0,0.84,0.0,0.07575063744656794,4,9,Weekday
713582740c5657f37f5ed02a11ca7dd8,Đường Ấp 3 Xã Tân Quý Tây,10.6811514,106.5954928,10.6818,106.5958303,1.5,50.0,FRC1,unclassified,,,,,28.0,32.5,0.0,0.8615384615384616,913.85,13.846153846153841,0,B,0.0642857142857143,,,,,,,,,,0.000986,27.08223153462393,0.08068730489399062,2603090912,0,0.56,0.13846153846153847,0.0,3,9,Weekday
e1e131b5892a45b83a874acef266ccd2,Đường Lê Văn Sỹ,10.7892124,106.6753896,10.800243,106.6609346,1.0,50.0,FRC2,residential,,,,,15.0,34.5,0.0,0.43478260869565216,1377.39,56.52173913043479,0,D,0.12,,,,,,,,,,0.025486,307.8430564748286,1.9969366835803317,2603090912,0,0.3,0.5652173913043478,-0.20030680155709055,3,9,Weekday
0853e1a6c840ee0fb0057511fad0dab5,Đường Đất Thánh,10.7828795,106.6602062,10.7819,106.656532,1.0,50.0,FRC2,,,,,,23.0,35.0,0.0,0.6571428571428571,977.14,34.285714285714285,0,C,0.0782608695652174,,,,,,,,,,0.004654,254.8171031045013,0.4161861727863303,2603090912,0,0.46,0.34285714285714286,-1.2013854200213896,5,9,Weekday
154a01acf0269ecc8c2f51c23dcb1755,Đường Tân Thới Hiệp 22,10.867202,106.6414169,10.8676811,106.6416344,1.0,50.0,FRC1,residential,,,,,37.0,48.0,0.0,0.7708333333333334,772.5,22.916666666666664,0,B,0.04864864864864865,,,,,,,,,,0.000697,24.028946027000245,0.05808607729983862,2603090912,0,0.74,0.22916666666666666,0.0,5,9,Weekday
40d2596cbc0bc5cd951c9926ba80db2f,Đường Phú Hòa,10.7849204,106.6510434,10.7854926,106.6533302,1.0,50.0,FRC4,,,,,,17.5,31.5,0.0,0.5555555555555556,1160.0,44.44444444444444,0,C,0.10285714285714287,,,,,,,,,,0.002859,75.70940137036206,0.2579825296898232,2603090912,0,0.35,0.4444444444444444,1.1628694406582303,2,9,Weekday
415a7cf2c625d07630e911dddd050b57,Đường Thế Lữ,10.7202232,106.5386925,10.718012,106.542567,1.0,50.0,FRC4,tertiary,,,,,46.0,46.0,0.0,1.0,360.0,0.0,0,A,0.0391304347826087,,,,,,,,,,0.006086,120.14942098591916,0.48934136587669147,2603090912,0,0.92,0.0,0.4087126369169406,2,9,Weekday
4ff07a09ef09e659f1c634d7433f9bf1,Hẻm 143-145 Dương Tử Giang,10.7537462,106.6538517,10.7556925,106.6537349,1.0,50.0,FRC2,,,,,,20.0,29.5,0.0,0.6779661016949152,939.66,32.20338983050848,0,C,0.09,,,,,,,,,,0.002063,356.62591755478763,0.21566469823762266,2603090912,0,0.4,0.3220338983050847,0.9273654966917066,5,9,Weekday
3ef73e396466c2064083ffd1d6d7db30,Đường Bành Văn Trân,10.7904195,106.6569689,10.7883571,106.657746,1.0,50.0,FRC2,,,,,,19.0,34.0,0.0,0.5588235294117647,1154.12,44.11764705882353,0,C,0.09473684210526316,,,,,,,,,,0.00284,159.68874917067615,0.24344504255357938,2603090912,0,0.38,0.4411764705882353,-0.41077032808335445,1,9,Weekday
75b9ac0082e9b542bf2515fd064477dd,Đường Nguyễn Văn Quỳ,10.7402847,106.73585,10.7404302,106.7361197,1.5,50.0,FRC4,trunk,,yes,,,24.0,31.0,0.0,0.7741935483870968,1149.68,22.580645161290324,0,B,0.07500000000000001,,,,yes,,,,,,0.000415,61.228446802926044,0.03360495309552887,2603090912,0,0.48,0.22580645161290322,2.9757518100301996,2,9,Weekday
fdb402ca72bd0368181a9297111dd635,Đường Hải Thượng Lãn Ông,10.7504376,106.6601575,10.7507744,106.6593065,1.5,50.0,FRC3,tertiary,asphalt,yes,,,19.5,27.0,0.0,0.7222222222222222,1290.0,27.77777777777778,0,B,0.0923076923076923,,,,,,,,,,0.001188,291.94163520258286,0.10025950510373453,2603090912,0,0.39,0.2777777777777778,-0.9974116658219484,5,9,Weekday
43a99183d8178e3e85913a10ba11a473,Đường Quang Trung,10.8350079,106.6634568,10.8430788,106.6419808,1.0,50.0,FRC4,service,,,,,26.5,36.0,0.0,0.7361111111111112,835.0,26.388888888888886,0,B,0.06792452830188679,,,,,,,,,,0.029547,290.94070395400917,2.5122954729373452,2603090912,0,0.53,0.2638888888888889,-0.5572592933756861,4,9,Weekday
1488e788120edf799c5d8df1e3c9fd78,Đường Kinh Dương Vương,10.7414548,106.7099956,10.7498061,106.6287236,1.0,50.0,FRC4,,,,,,24.0,32.5,0.0,0.7384615384615385,830.77,26.15384615384615,0,B,0.07500000000000001,,,,,,,,,,0.089623,275.9785150520256,8.937414384343285,2603090912,0,0.48,0.26153846153846155,0.1902116123179976,1,9,Weekday
46d0c6441317268ba24a8d4e830d1d5c,Đường Cao Tốc Thành phố Hồ Chí Minh-Long Thành-Dầu Giây,10.7932441,106.7532978,10.7926709,106.7524658,2.0,55.0,FRC0,motorway_link,asphalt,yes,,CT.29,46.0,49.5,0.0,0.9292929292929293,974.55,7.070707070707072,0,A,0.0391304347826087,,,,,,,,,,0.001405,234.95621758363342,0.11090177833092214,2603090912,0,0.8363636363636363,0.0707070707070707,-1.8033975920856364,5,9,Weekday
7c460dcfcaee98eeba3d0aa19823f874,Đường Trần Nhân Tôn,10.7590354,106.6755174,10.7632459,106.6746392,1.5,50.0,FRC4,tertiary,asphalt,,,,24.0,30.0,0.0,0.8,1080.0,19.999999999999996,0,B,0.07500000000000001,,,,,,,,,,0.005089,348.4201328125097,0.47553777671108327,2603090912,0,0.48,0.2,0.6308647066377386,4,9,Weekday
08f80b05cadf30c51835ffd69d35ec5c,Đường Cao Thắng,10.7729223,106.678801,10.7716819,106.6802249,1.5,50.0,FRC4,secondary,asphalt,,,,15.0,27.0,0.0,0.5555555555555556,1740.0,44.44444444444444,0,C,0.12,,,,,,,,,,0.002664,131.56504300233155,0.20755181910972287,2603090912,0,0.3,0.4444444444444444,0.4818073887713541,2,9,Weekday
975c85b47b815aa04433b78ed295926e,Đường Tam Châu,10.8636069,106.7454594,10.8635251,106.7455177,1.5,50.0,FRC1,tertiary,asphalt,,,,38.0,49.0,0.0,0.7755102040816326,1146.12,22.44897959183674,0,B,0.04736842105263158,,,,,,,,,,0.00014,145.0102347515657,0.011068091773216817,2603090912,0,0.76,0.22448979591836735,0.0,4,9,Weekday
b742e1d71e699d94790e1193f8662294,Đường Sư Vạn Hạnh,10.7575965,106.6738445,10.7589142,106.6735498,1.0,50.0,FRC4,,,,,,22.5,28.5,0.0,0.7894736842105263,738.95,21.052631578947366,0,B,0.08,,,,,,,,,,0.001612,347.60811261398004,0.14927626834804353,2603090912,0,0.45,0.21052631578947367,0.6698988466595779,2,9,Weekday
bb49d8c4f19075ee7fbca8ce4bac2c78,Đường Hòa Bình,10.8668839,106.597713,10.8668923,106.5977254,1.0,50.0,FRC1,residential,,,,,47.0,47.0,0.0,1.0,360.0,0.0,0,A,0.03829787234042553,,,,,,,,,,2.1e-05,55.402523325150696,0.0016436065710037388,2603090912,0,0.94,0.0,0.0,3,9,Weekday
a4072ff596e6d725ad0d820d46d29199,Đường Bình Thới,10.7629749,106.6424096,10.7630776,106.6422594,1.0,50.0,FRC4,,,,,,23.0,26.0,0.0,0.8846153846153846,567.69,11.538461538461542,0,B,0.0782608695652174,,,,,,,,,,0.000253,304.8378934710495,0.019973146399524015,2603090912,0,0.46,0.11538461538461539,5.006722426186348,2,9,Weekday
23c3b821848dd456f7eaf4509b567d43,Hẻm 2 Đường Số 17,10.8565707,106.7843268,10.8603829,106.7908151,1.5,50.0,FRC1,tertiary,asphalt,,,,39.0,49.0,0.0,0.7959183673469388,1091.02,20.408163265306122,0,B,0.04615384615384615,,,,,,,,,,0.0103,59.1089313814029,0.8252886472221967,2603090912,0,0.78,0.20408163265306123,1.2116972690292744,1,9,Weekday
b562b9ecd5bab3e0952cb15cc47e6a33,Đường Bà Hom,10.7546911,106.6313514,10.754722,106.6311219,1.0,50.0,FRC2,service,,,,,27.0,35.0,0.0,0.7714285714285715,771.43,22.857142857142854,0,B,0.06666666666666667,,,,,,,,,,0.00026,277.803665547431,0.025333631568574464,2603090912,0,0.54,0.22857142857142856,0.0,3,9,Weekday
f8ba99351b6594850c8514d25d121706,Đường Nguyễn Hữu Trí,10.6903712,106.5689492,10.6854735,106.5540502,1.0,50.0,FRC4,,,,,,36.0,45.0,0.0,0.8,720.0,19.999999999999996,0,B,0.05,,,,,,,,,,0.019797,251.5047361486898,1.7176357272766192,2603090912,0,0.72,0.2,0.6404151838085567,3,9,Weekday
e99983bb87cba148ff3645de7da54618,Đường Đồng Văn Cống,10.7698762,106.7752086,10.7698083,106.775235,1.5,55.0,FRC4,primary,asphalt,yes,,,32.0,32.0,0.0,1.0,540.0,0.0,0,A,0.056249999999999994,,,,,,,,,,9.4e-05,159.09521457525773,0.008046529066084657,2603090912,0,0.5818181818181818,0.0,0.0,2,9,Weekday
d18386288fcba237e76dbd8c1e2dba0e,Hẻm 143-145 Dương Tử Giang,10.7556925,106.6537349,10.754424,106.6537781,1.5,50.0,FRC4,tertiary,asphalt,,,,20.0,29.5,0.0,0.6779661016949152,1409.49,32.20338983050848,0,C,0.09,,,,,,,,,,0.001312,178.0837233894656,0.14039206782663197,2603090912,0,0.4,0.3220338983050847,-0.7122909545252121,4,9,Weekday
407ec8a3c9e714e719d8b08cd136098c,Đường Nguyễn Lương Bằng,10.713383,106.7312623,10.7135062,106.7312577,1.5,55.0,FRC4,secondary,,yes,,,29.0,37.0,0.0,0.7837837837837838,1123.78,21.62162162162162,0,B,0.06206896551724138,,,,,,,,,,0.000128,357.89894178307213,0.013636766776931252,2603090912,0,0.5272727272727272,0.21621621621621623,0.0,4,9,Weekday
7963462bfce8608c85ce6fc58d6db1bb,Công Trường Quốc Tế,10.782412,106.6956364,10.7746152,106.6884994,1.0,50.0,FRC4,secondary,asphalt,,,,16.5,28.0,0.0,0.5892857142857143,1099.29,41.07142857142857,0,C,0.1090909090909091,,,,,,,,,,0.014934,221.9633688116475,1.1632108299897814,2603090912,0,0.33,0.4107142857142857,-1.2895340735549867,1,9,Weekday
92caadfa55c5aaf878bdd05a4f992321,Đường Lý Thái Tổ,10.7677321,106.6723696,10.7676423,106.6741538,1.5,50.0,FRC2,primary,asphalt,yes,,,18.0,35.0,0.0,0.5142857142857142,1851.43,48.57142857142858,0,C,0.1,,,,,,,,,,0.001874,92.93268926022364,0.1953945949489752,2603090912,0,0.36,0.4857142857142857,1.0235697668721464,5,9,Weekday
820c45be40784a8caf2d13c653dfbc91,Đường Tân Chánh Hiệp 8,10.8745351,106.629111,10.8750882,106.6270618,1.0,50.0,FRC1,tertiary,,,,,38.0,48.0,0.0,0.7916666666666666,735.0,20.833333333333336,0,B,0.04736842105263158,,,,,,,,,,0.002602,285.3682390176224,0.23224917179916812,2603090912,0,0.76,0.20833333333333334,-0.4305720413352974,3,9,Weekday
798016db3d58f253bb6838065124c4b4,Hẻm 574 Kinh Dương Vương,10.7321249,106.6096162,10.731368,106.6109526,1.0,50.0,FRC2,,,,,,27.0,35.0,0.0,0.7714285714285715,771.43,22.857142857142854,0,B,0.06666666666666667,,,,,,,,,,0.002093,119.96137499725154,0.1684600624100633,2603090912,0,0.54,0.22857142857142856,0.0,3,9,Weekday
7ac9e10ab273227210ba16ae4be9d1e9,Đường Trang Tử,10.7514819,106.6504956,10.7716614,106.6527803,1.5,50.0,FRC4,secondary,asphalt,yes,,,20.0,29.5,0.0,0.6779661016949152,1409.49,32.20338983050848,0,C,0.09,,,,,,,,,,0.022464,6.346574003300702,2.246059077922712,2603090912,0,0.4,0.3220338983050847,-0.35617941124678126,2,9,Weekday
386ac6318097163e888241a001ada6e8,Đường Sư Vạn Hạnh,10.7589142,106.6735498,10.7633633,106.6725291,1.5,50.0,FRC4,tertiary,asphalt,,,,29.5,35.5,0.0,0.8309859154929577,996.34,16.901408450704224,0,B,0.06101694915254237,,,,,,,,,,0.00547,347.2988439732827,0.5046319804709956,2603090912,0,0.59,0.16901408450704225,0.7926568578286738,2,9,Weekday
abf24fca2d3869eb971bafb161220298,Đường Hưng Long-Qui Đức,10.6890588,106.6236614,10.6906363,106.6244123,1.0,50.0,FRC1,unclassified,,,,,57.0,57.0,0.0,1.0,360.0,0.0,0,A,0.031578947368421054,,,,,,,,,,0.002328,25.0675647904676,0.19286154771991143,2603090912,0,1.14,0.0,1.0370133516218358,5,9,Weekday
05679f6366bc9176fb5f49648782371b,Đường Chu Văn An,10.8113215,106.6960454,10.811203,106.7048425,1.0,50.0,FRC2,,,,,,16.5,31.5,0.0,0.5238095238095238,1217.14,47.61904761904761,0,C,0.1090909090909091,,,,,,,,,,0.008916,90.78486637398589,0.9621093042319984,2603090912,0,0.33,0.47619047619047616,-2.286642474324833,4,9,Weekday
292a3feab9327edd0394ed3845c696e4,Đường Quốc Lộ 1A,10.7443078,106.6957432,10.8671265,106.7881544,1.5,50.0,FRC4,secondary,asphalt,yes,,,30.5,39.0,0.0,0.782051282051282,1128.46,21.794871794871796,0,B,0.05901639344262296,,,,,,,,,,0.21523,36.458644909193424,16.932006160275396,2603090912,0,0.61,0.21794871794871795,0.03543584819899694,5,9,Weekday
7ac9e10ab273227210ba16ae4be9d1e9,Đường Trang Tử,10.7516644,106.6532793,10.7514819,106.6504956,1.5,50.0,FRC4,tertiary,asphalt,,,,20.0,28.5,0.0,0.7017543859649122,1345.26,29.824561403508774,0,B,0.09,,,,,,,,,,0.002966,266.1824762203601,0.3051441414999466,2603090912,0,0.4,0.2982456140350877,-0.9831419293365411,5,9,Weekday
40069a147aa064b6f191feef3a66cff6,Đường Phổ Quang,10.8025366,106.6658741,10.8087826,106.6687556,1.5,50.0,FRC2,secondary,asphalt,,,,17.0,34.0,0.0,0.5,1890.0,50.0,0,C,0.10588235294117647,,,both,,,,,yes,,0.009128,24.377633972441686,0.7593605849676858,2603090912,0,0.34,0.5,1.1852076836965393,5,9,Weekday
a333685ffb8d0df90a7394f1e42a388a,Đường Bến Cát,10.7852199,106.6568031,10.7851391,106.6568613,1.0,50.0,FRC2,residential,asphalt,,,,24.0,35.0,0.0,0.6857142857142857,925.71,31.428571428571427,0,C,0.07500000000000001,,,,,,,,,,0.000139,144.7177823037572,0.01097242686552452,2603090912,0,0.48,0.3142857142857143,0.0,3,9,Weekday
1e451e288c8c3755f9b6d46f70b02cb3,Đường Nguyễn Hữu Cảnh,10.7980288,106.720103,10.7979697,106.7201402,1.0,50.0,FRC2,primary_link,asphalt,yes,,,25.0,37.0,0.0,0.6756756756756757,943.78,32.432432432432435,0,C,0.072,,,,,,,,,,9.6e-05,148.2716355777331,0.0076997488063948434,2603090912,0,0.5,0.32432432432432434,-12.987436670264799,2,9,Weekday
b2bc3f105c6d87dd7bd7128796f40ec8,Đường Hà Huy Giáp,10.8587824,106.6796891,10.8587301,106.6795635,1.0,50.0,FRC3,,,,,,29.0,29.0,0.0,1.0,360.0,0.0,0,A,0.06206896551724138,,,,,,,,,,0.000178,247.02340490636132,0.014901775812869516,2603090912,0,0.58,0.0,0.0,2,9,Weekday
3aba3d4a8dce782d6006d0fa4caac06e,Đường Thoại Ngọc Hầu,10.7815006,106.6357625,10.7820031,106.6361909,1.5,50.0,FRC4,secondary,asphalt,,,ĐH.2,20.5,24.5,0.0,0.8367346938775511,980.82,16.326530612244895,0,B,0.08780487804878048,,,,,,,,,,0.000931,39.94570855464087,0.07269577123130015,2603090912,0,0.41,0.16326530612244897,2.7511916664815197,5,9,Weekday
4421c6cc1cbfda7a06d776c0f7fdd798,Cao Tốc Thành Phố Hồ Chí Minh-Trung Lương,10.6887747,106.5896523,10.6894658,106.5930448,1.0,45.0,FRC1,trunk_link,,yes,,,38.0,44.0,0.0,0.8636363636363636,605.45,13.636363636363635,0,B,0.04736842105263158,,,,,,,,,,0.004084,78.28752833694199,0.37893199889357404,2603090912,0,0.8444444444444444,0.13636363636363635,1.3194979612699027,2,9,Weekday
94aadac0163a4195d344b2ff0cf5d166,Đường Nguyễn Văn Trỗi,10.8001795,106.6677637,10.8046866,106.6644615,1.0,50.0,FRC2,,,,,,17.0,34.0,0.0,0.5,1260.0,50.0,0,C,0.10588235294117647,,,,,,,,,,0.007809,324.25839052382463,0.6155975946869522,2603090912,0,0.34,0.5,0.16244377961036813,3,9,Weekday
95a40015cfa8df8f369c121ae448eb3f,Đường Nguyễn Văn Linh,10.7279406,106.7122757,10.7283925,106.712277,1.0,50.0,FRC1,,,,,,37.0,44.0,0.0,0.8409090909090909,646.36,15.909090909090907,0,B,0.04864864864864865,,,,,,,,,,0.000453,0.16194374588656046,0.049986109472134256,2603090912,0,0.74,0.1590909090909091,2.0005557755149352,1,9,Weekday
f2dd968dccdffe416043c7e3d2612396,Đường Phú Thuận,10.729784,106.729495,10.729912,106.7298359,1.0,50.0,FRC4,tertiary,asphalt,yes,,,28.0,37.0,0.0,0.7567567567567568,797.84,24.32432432432432,0,B,0.0642857142857143,,,,yes,,,,,,0.000469,69.08519391561157,0.03988707392549909,2603090912,0,0.56,0.24324324324324326,0.0,1,9,Weekday
2d1e2e76955d8d94f92ac490ffbb3d5c,Đường Bàu Cát,10.7922881,106.6429867,10.7929669,106.6410455,1.0,50.0,FRC4,tertiary,asphalt,yes,,,21.0,31.0,0.0,0.6774193548387096,940.65,32.25806451612904,0,C,0.08571428571428572,,,,,,,,,,0.00262,289.5947603575444,0.22518259324643097,2603090913,0,0.42,0.3225806451612903,-0.44408405888888547,3,9,Weekday
ab4140bae34e4fa081cbfa58de1e6e37,Đường Tỉnh Lộ 830C,10.6817688,106.5406723,10.681336,106.5412694,1.5,50.0,FRC4,secondary,asphalt,,,ĐT.830C,35.0,44.0,0.0,0.7954545454545454,1092.27,20.45454545454546,0,B,0.051428571428571435,,,,,,,,,,0.00103,126.41308932186536,0.08098851064779689,2603090913,0,0.7,0.20454545454545456,1.234743041946781,4,9,Weekday
5bdefc18782ae7a451aba738f7cf464c,Hẻm 1358 Đường Quang Trung,10.8457909,106.6378814,10.8474862,106.6353191,1.0,50.0,FRC4,,,,,,26.0,36.0,0.0,0.7222222222222222,860.0,27.77777777777778,0,B,0.06923076923076923,,,,,,,,,,0.004258,303.96711341593715,0.33713633264095944,2603090913,0,0.52,0.2777777777777778,0.0,1,9,Weekday
deadfcd4f8735a5140eeb5af79b4ea02,Đường Nguyễn Kim,10.7643679,106.6616043,10.7607717,106.6623333,1.0,50.0,FRC2,residential,concrete,yes,,,22.0,34.0,0.0,0.6470588235294118,995.29,35.29411764705882,0,C,0.08181818181818182,,,,,,,,,,0.004325,168.7369386456079,0.40569885290493607,2603090913,0,0.44,0.35294117647058826,-0.7394647479328624,3,9,Weekday
fd613f1221173c7617c7db5cf43d7632,Đường Trần Quang Diệu,10.7843732,106.6784372,10.7843732,106.6784372,1.0,50.0,FRC2,,,,,,18.0,31.0,0.0,0.5806451612903226,1114.84,41.93548387096774,0,C,0.1,,,,,,,,,,0.0,0.0,0.0,2603090913,0,0.36,0.41935483870967744,0.0,1,9,Weekday
16af3b86bfbe294ba072106469d09d52,Đường Trần Phú,10.7631515,106.6795568,10.7574203,106.674132,2.5,50.0,FRC4,primary,asphalt,yes,,,18.0,28.0,0.0,0.6428571428571429,2507.14,35.71428571428571,0,C,0.1,,,,,,,,,,0.011156,222.92011069283313,0.8682944724568921,2603090913,0,0.36,0.35714285714285715,-1.2668513216345636,1,9,Weekday
b93ab0d920972b54310ad83ed91b0b4c,Đường Bắc Hải,10.780807,106.658922,10.7833862,106.6613755,1.5,50.0,FRC4,secondary,asphalt,yes,,,26.0,34.0,0.0,0.7647058823529411,1175.29,23.529411764705888,0,B,0.06923076923076923,,,,,,,,,,0.005033,43.059626313848526,0.39165599671360135,2603090913,0,0.52,0.23529411764705882,1.5319566278433632,1,9,Weekday
a21d5b152387739bda788721c6a6b518,Đường Nguyễn Văn Trỗi,10.7929933,106.6800466,10.7985035,106.6707041,2.0,55.0,FRC2,primary,asphalt,yes,,,17.0,34.0,0.0,0.5,2520.0,50.0,0,C,0.10588235294117647,,,,,,,,,,0.014853,300.9825816534716,1.1897033766482494,2603090913,0,0.3090909090909091,0.5,-0.33621826066167837,5,9,Weekday
d7bfc7525cd1edc14da4d3696f6fcac3,Đường Quang Trung,10.8365053,106.6583227,10.8364665,106.658324,1.0,50.0,FRC4,residential,asphalt,,,,26.0,36.0,0.0,0.7222222222222222,860.0,27.77777777777778,0,B,0.06923076923076923,,,,,,,,,,4e-05,178.11520877843338,0.004294158623186839,2603090913,0,0.52,0.2777777777777778,0.0,1,9,Weekday
75582636d5681a2d84e6e69f21705c17,Đường D1,10.8488982,106.8011838,10.8492092,106.8008695,2.0,50.0,FRC2,primary,asphalt,yes,,,35.0,41.0,0.0,0.8536585365853658,1246.83,14.634146341463417,0,B,0.051428571428571435,,,,,,,,,,0.000625,315.2143185145206,0.04862581213510812,2603090913,0,0.7,0.14634146341463414,0.0,4,9,Weekday
4f567f2a96a55fa7d1f6b97970a6caab,Đường Mã Lò,10.7834104,106.5989412,10.7764236,106.6008637,1.0,50.0,FRC1,residential,,,,,35.5,40.5,0.0,0.8765432098765432,582.22,12.345679012345679,0,B,0.05070422535211268,,,,,,,,,,0.008909,164.87390944289905,0.8009233031071288,2603090913,0,0.71,0.12345679012345678,-0.6242795009962667,4,9,Weekday
9cbf1e164603f71238f32a5f3d55a429,Đường Đồng Văn Cống,10.7697992,106.7748933,10.7698665,106.7748651,2.0,60.0,FRC1,primary,asphalt,yes,,,45.0,48.5,0.0,0.9278350515463918,979.79,7.216494845360821,0,A,0.04,,,,,,,,,,9.6e-05,337.62604497054826,0.00805789948091306,2603090913,0,0.75,0.07216494845360824,0.0,2,9,Weekday
aecdc48bd5b765a23d6774bcb21df781,Đường Pasteur,10.7778266,106.6988251,10.7743326,106.7010371,2.0,55.0,FRC4,secondary,asphalt,yes,,,15.0,25.0,0.0,0.6,2160.0,40.0,0,C,0.12,,,,,,,,yes,,0.005706,148.12144156856561,0.4559561787218035,2603090913,0,0.2727272727272727,0.4,0.0,3,9,Weekday
5f662f25fd725bdeb66d40dda83905f0,Đường Vành Đai 2,10.7655125,106.770577,10.7588708,106.7634266,1.0,50.0,FRC1,,,,,,46.0,46.0,0.0,1.0,360.0,0.0,0,A,0.0391304347826087,,,,,,,,,,0.013792,226.60567050961222,1.073012379838619,2603090913,0,0.92,0.0,-1.3047379753536112,5,9,Weekday
44b0a456b8ab0fb802669e4db97cfdd5,Đường 3 Tháng 2,10.7776498,106.6811565,10.7575536,106.6482993,1.5,50.0,FRC2,primary,asphalt,no,,,22.5,33.0,0.0,0.6818181818181818,1399.09,31.818181818181824,0,C,0.08,,,both,,,,,,,0.052953,238.0973284960429,4.225604367695022,2603090913,0,0.45,0.3181818181818182,0.1656567768983624,2,9,Weekday
2d8cb620f39dbe159bb0d6cc57f76979,Đường Lê Văn Sỹ,10.7937455,106.6690254,10.794193,106.6693074,1.5,50.0,FRC2,secondary,asphalt,,,,15.0,34.0,0.0,0.4411764705882353,2048.82,55.88235294117647,0,D,0.12,,,,,,,,,,0.000729,31.758227714519137,0.05832080654520645,2603090913,0,0.3,0.5588235294117647,1.7146539275393349,1,9,Weekday
46f5da33523dee74042c58e5d7affd5b,Đường Mai Chí Thọ,10.8081678,106.7557179,10.8085665,106.7559278,2.0,65.0,FRC1,trunk,asphalt,yes,,,50.0,50.0,0.0,1.0,720.0,0.0,0,A,0.036,,,no,,,,,,,0.000609,27.34443767802196,0.049717586215041555,2603090913,0,0.7692307692307693,0.0,0.0,4,9,Weekday
c1f9df8ce6bc75962a8ef9e46ca1f32d,Đường Quốc Lộ 22,10.8798576,106.5900475,10.8851888,106.5863138,1.5,50.0,FRC1,trunk,asphalt,yes,,QL.22,37.0,45.0,0.0,0.8222222222222222,1020.0,17.777777777777782,0,B,0.04864864864864865,,,,,,,,yes,,0.009065,325.481946144111,0.7172064299713334,2603090913,0,0.74,0.17777777777777778,0.2788597419685626,3,9,Weekday
f3bad4165c5bafb5cf3faa190886fe6d,Hẻm 91 Đường Thân Nhân Trung,10.8077887,106.6402306,10.8073545,106.6403983,1.0,50.0,FRC3,residential,asphalt,,,,33.0,41.0,0.0,0.8048780487804879,711.22,19.512195121951216,0,B,0.05454545454545455,,,,,,,,,,0.000602,159.22439968102162,0.0514105871151152,2603090913,0,0.66,0.1951219512195122,0.0,2,9,Weekday
3f3172997a45be4a39c53a0697c17f35,Hẻm 602 Đường Điện Biên Phủ,10.7987712,106.7178735,10.7986979,106.7178674,1.0,50.0,FRC2,tertiary,asphalt,,,,30.0,41.0,0.0,0.7317073170731707,842.93,26.82926829268293,0,B,0.06,,,both,,,,,,,7.9e-05,184.6733068292354,0.008135349740064633,2603090913,0,0.6,0.2682926829268293,0.0,2,9,Weekday
5352666e6432a10fceff657a7a02f997,Đường Số 14,10.8671944,106.7747087,10.8675871,106.7749133,1.0,50.0,FRC1,tertiary,asphalt,,,,35.0,45.0,0.0,0.7777777777777778,760.0,22.22222222222222,0,B,0.051428571428571435,,,,,,,,,,0.000597,27.097205285380426,0.04885986308273111,2603090913,0,0.7,0.2222222222222222,0.0,1,9,Weekday
cd895fd509f55daf8729076c41d8fa39,Đường Nguyễn Tất Thành,10.7523982,106.7241939,10.7522526,106.7242338,1.5,50.0,FRC2,trunk_link,asphalt,yes,,,19.5,35.0,0.0,0.5571428571428572,1735.71,44.285714285714285,0,C,0.0923076923076923,,,,,,,,,,0.000185,164.93170303525892,0.016686068015040793,2603090913,0,0.39,0.44285714285714284,0.0,5,9,Weekday
5cbe5643b0a58f3615b226311c35809b,Đường Nguyễn Hữu Cảnh,10.7875007,106.7093873,10.7876817,106.7096016,1.0,50.0,FRC2,,,,,,12.5,18.5,0.0,0.6756756756756757,943.78,32.432432432432435,0,C,0.144,,,,,,,,,,0.000395,49.31087218336796,0.030824173298449088,2603090913,0,0.25,0.32432432432432434,0.0,5,9,Weekday
58a425de8793636331d1cae226cbde24,Đường Nguyễn Văn Trỗi,10.7985035,106.6707041,10.7941581,106.6777789,1.0,50.0,FRC2,,,,,,16.0,33.5,0.0,0.47761194029850745,1300.3,52.23880597014925,0,D,0.11249999999999999,,,,,,,,,,0.01142,122.01609202290058,0.9108597819174742,2603090913,0,0.32,0.5223880597014925,0.3293591461118882,1,9,Weekday
5c004ea2ebb15c29edb255aed69fafd1,Đường Kha Vạn Cân,10.8316231,106.7254178,10.8402083,106.7418062,1.0,50.0,FRC2,residential,,,,,34.5,43.5,0.0,0.7931034482758621,732.41,20.68965517241379,0,B,0.05217391304347826,,,,,,,,,,0.024974,61.92440348098262,2.0281004915966356,2603090913,0,0.69,0.20689655172413793,-0.24653610709712498,3,9,Weekday
ca4ba42b663a4d97bf4fcd4c9de1abb0,Đường Lê Đức Thọ,10.8345705,106.7008658,10.8592742,106.6514144,1.0,50.0,FRC2,residential,asphalt,,,,35.0,45.0,0.0,0.7777777777777778,760.0,22.22222222222222,0,B,0.051428571428571435,,,,,,,,,,0.074155,296.9644883975819,6.058435394456935,2603090913,0,0.7,0.2222222222222222,-0.39614188214268004,2,9,Weekday
a4a81e2375290beb6afe95542446bc64,Đường Nguyễn Văn Linh,10.7208632,106.6572305,10.7341285,106.7221401,1.5,50.0,FRC1,trunk,asphalt,yes,,,34.5,38.5,0.0,0.8961038961038961,820.52,10.389610389610393,0,B,0.05217391304347826,,,,,,,,,,0.078175,78.24392859698759,7.250277204321196,2603090913,0,0.69,0.1038961038961039,-0.15171833696846726,1,9,Weekday
0239f300f8d0fef3e5e31b4a2bc3b676,Đường Xa Lộ Hà Nội,10.8069194,106.7548299,10.8045382,106.7521024,1.5,40.0,FRC2,trunk_link,asphalt,yes,,,31.5,46.0,0.0,0.6847826086956522,1391.09,31.521739130434778,0,C,0.05714285714285714,,,,,,,,,,0.005109,228.3697680439091,0.397924268966521,2603090913,0,0.7875,0.31521739130434784,-1.005216397177458,1,9,Weekday
309416b616752c1e32c69af3a4c8917d,Đường Nguyễn Hồng Đào,10.7924125,106.6418466,10.7926149,106.6419251,1.5,50.0,FRC4,tertiary,asphalt,,,,20.0,31.0,0.0,0.6451612903225806,1498.06,35.483870967741936,0,C,0.09,,,,,,,,,,0.000281,20.856109069755917,0.023977703094726497,2603090913,0,0.4,0.3548387096774194,0.0,5,9,Weekday
498a0fb95fa87cb3899ad58b8109fc9e,Dương Thị Mười,10.8703305,106.6368278,10.8704226,106.6368738,1.0,50.0,FRC1,,,,,,19.5,24.0,0.0,0.8125,697.5,18.75,0,B,0.0923076923076923,,,,,,,,,,0.000138,26.127716735209788,0.011361369768856521,2603090913,0,0.39,0.1875,0.0,1,9,Weekday
7819559c0527c6a6dbef960718e219a4,Tân Sơn Nhì,10.80264,106.6353988,10.8028848,106.636066,1.0,50.0,FRC2,tertiary_link,,,,,20.0,34.0,0.0,0.5882352941176471,1101.18,41.17647058823529,0,C,0.09,,,,,,,,,,0.000912,69.51796882254501,0.07782720342924344,2603090913,0,0.4,0.4117647058823529,1.284897768309444,5,9,Weekday
2585606f680b6e28b53a0d226a792f6c,Đường Hà Huy Giáp,10.8846445,106.6812882,10.8671779,106.679258,1.0,50.0,FRC1,,,,,,39.0,48.0,0.0,0.8125,697.5,18.75,0,B,0.04615384615384615,,,,,,,,,,0.019497,186.5120631233753,1.944756151915342,2603090913,0,0.78,0.1875,-0.9769862397034904,3,9,Weekday
3081398fb7bccc8d07722f30629ec329,Đường Lê Văn Việt,10.8486663,106.7744207,10.8484707,106.774693,1.0,50.0,FRC1,,,,,,25.0,25.0,0.0,1.0,360.0,0.0,0,A,0.072,,,,,,,,,,0.000468,126.18159469455236,0.036805079531443755,2603090913,0,0.5,0.0,0.0,3,9,Weekday
aa1586e1bd069c86b4f39a0f3c25741e,Đường Kinh Dương Vương,10.7540208,106.6340806,10.7539125,106.6340886,2.0,50.0,FRC2,primary,asphalt,yes,,,13.0,17.5,0.0,0.7428571428571429,1645.71,25.71428571428571,0,B,0.13846153846153847,,,,,,,,,,0.000116,175.84923185212892,0.012011296691449406,2603090913,0,0.26,0.2571428571428571,-8.325495786910993,1,9,Weekday
0748a04cc0fc3eaa1b3262cdb77d7fbb,Đường Nguyễn Chí Thanh,10.7601722,106.6704457,10.760806,106.6731253,1.0,50.0,FRC4,,,,,,22.5,27.5,0.0,0.8181818181818182,687.27,18.181818181818176,0,B,0.08,,,,,,,,,,0.003313,76.46277839722211,0.30134911126536656,2603090913,0,0.45,0.18181818181818182,0.9955230952575183,3,9,Weekday
8db65086fcbc9345d7d228ea61c76550,Đường Cao Tốc Thành phố Hồ Chí Minh-Long Thành-Dầu Giây,10.7862476,106.8630211,10.7859557,106.8547623,1.5,75.0,FRC0,motorway,asphalt,yes,,CT.29,76.0,76.0,0.0,1.0,540.0,0.0,0,A,0.02368421052631579,,,,yes,,,,,,0.008551,267.9401718759318,0.903805492239025,2603090913,0,1.0133333333333334,0.0,-1.1064327541567263,1,9,Weekday
b52a8847dc58844ae1c266466e0f4c77,Quang Trung,10.8299958,106.6706701,10.835952,106.6605258,1.5,50.0,FRC4,primary,asphalt,yes,,,13.0,17.5,0.0,0.7428571428571429,1234.29,25.71428571428571,0,B,0.13846153846153847,,,,,,,,,,0.0161,300.87196580818227,1.2901683967164495,2603090913,0,0.26,0.2571428571428571,-0.31003704711572716,1,9,Weekday
0e9f671d4ab0b828b07244127ee5d67f,Đường Nguyễn Duy,10.7433356,106.6613572,10.7433941,106.6616795,1.0,50.0,FRC3,,,,,,27.0,34.0,0.0,0.7941176470588235,730.59,20.588235294117652,0,B,0.06666666666666667,,,,,,,,,,0.000381,79.53281601495803,0.035842447553165055,2603090913,0,0.54,0.20588235294117646,0.0,4,9,Weekday
3c0167e8901fdb249e907289256872ee,3 Tháng 2,10.7575536,106.6482993,10.7618422,106.6562075,2.0,50.0,FRC2,primary,asphalt,yes,,,23.0,33.0,0.0,0.696969696969697,1810.91,30.303030303030297,0,C,0.0782608695652174,,,,,,,,yes,,0.012197,61.10044429637725,0.9865028614360991,2603090913,0,0.46,0.30303030303030304,1.2164181645181473,4,9,Weekday
0f0dcc16edd30788f7360e9790b36781,Đường Số 621,10.8762972,106.8030852,10.8674881,106.7842783,1.0,50.0,FRC1,,,,,,49.0,53.5,0.0,0.9158878504672897,511.4,8.41121495327103,0,A,0.036734693877551024,,,,,,,,,,0.027616,244.50259290581238,2.2754349742301425,2603090913,0,0.98,0.08411214953271028,0.08789528255698313,5,9,Weekday
2739fe71a8fdb3855bc69a5d8982bc75,Đường Kênh Chữ T,10.6795155,106.5693537,10.6797073,106.5693331,1.0,50.0,FRC1,residential,,,,,21.5,21.5,0.0,1.0,360.0,0.0,0,A,0.08372093023255814,,,,,,,,,,0.000212,353.97512773364247,0.02133483244827021,2603090913,0,0.43,0.0,0.0,2,9,Weekday
3744e21c2023db0f4531107364d601a9,Đường Trần Quang Khải,10.7916682,106.6898524,10.7915069,106.6888956,1.0,50.0,FRC4,residential,asphalt,yes,,,11.0,24.0,0.0,0.4583333333333333,1335.0,54.16666666666667,0,D,0.16363636363636364,,,,,,,,,,0.001118,260.26197439461544,0.1061493094005031,2603090913,0,0.22,0.5416666666666666,27.320008169419662,5,9,Weekday
321d862a192d8834e0a0097ee53e3680,Đường Châu Văn Liêm,10.7545372,106.6583269,10.7541599,106.6583935,1.0,50.0,FRC4,,,,,,22.0,30.0,0.0,0.7333333333333333,840.0,26.66666666666667,0,B,0.08181818181818182,,,,,,,,,,0.000444,170.1617731092274,0.04236523348019005,2603090913,0,0.44,0.26666666666666666,0.0,1,9,Weekday
6dda8b1342ad7f1c3ee3790e2f3cadc2,Đường số 15,10.7451997,106.7025956,10.7452314,106.702546,1.0,50.0,FRC3,,,,,,16.0,33.0,0.0,0.48484848484848486,1287.27,51.515151515151516,0,D,0.11249999999999999,,,,,,,,,,8.1e-05,303.0447766628079,0.006459763015185448,2603090913,0,0.32,0.5151515151515151,0.0,4,9,Weekday
697fbe7ce076a6f88372cf8346195822,Bến Vân Đồn,10.7584116,106.6937223,10.7573004,106.6918919,1.0,50.0,FRC4,,,,,,27.5,34.5,0.0,0.7971014492753623,725.22,20.28985507246377,0,B,0.06545454545454546,,,,,,,,,,0.002942,238.28655828150204,0.23492180643664154,2603090913,0,0.55,0.2028985507246377,11.493185928349273,1,9,Weekday
2998950011174f6a1230ef73425c0d12,Phan Văn Đối,10.8296291,106.5950621,10.8295371,106.5949971,1.0,50.0,FRC1,,,,,,18.0,23.5,0.0,0.7659574468085106,781.28,23.404255319148938,0,B,0.1,,,,,,,,,,0.000157,214.7582892888676,0.012412893218883255,2603090913,0,0.36,0.23404255319148937,-8.056139550759516,1,9,Weekday
b696fc42fe664c8db994254601b5855c,Đường Lương Nhữ Học,10.7550108,106.6603376,10.7534697,106.6530134,1.5,50.0,FRC2,tertiary,asphalt,yes,,,13.0,17.5,0.0,0.7428571428571429,1234.29,25.71428571428571,0,B,0.13846153846153847,,,,,,,,,,0.008865,257.9120637733799,0.8190355394235358,2603090913,0,0.26,0.2571428571428571,-1.0988534156081304,4,9,Weekday
5d32a1ba4488a059cc3625a11957843c,Nguyễn Ðình Chiểu,10.7924028,106.7031476,10.7851071,106.6963948,1.0,50.0,FRC2,tertiary,asphalt,,,,15.5,21.0,0.0,0.7380952380952381,831.43,26.190476190476186,0,B,0.11612903225806452,,,,,,,,,,0.014049,222.27854757021868,1.0939187359892024,2603090913,0,0.31,0.2619047619047619,-1.2798025611418167,1,9,Weekday
8c39031fcfb5e60e3c246f21fe38154a,Hẻm 26 Đinh Tiên Hoàng,10.7555638,106.6742704,10.7940986,106.6976069,1.0,50.0,,,,,,,0.0,0.0,0.0,1.0,900.0,0.0,0,A,,,,,,,,,,,0.061871,30.74701584553543,4.968175803640265,2603090913,0,0.0,0.0,0.04025622439798863,5,9,Weekday
6a00832a711b7b634d2304dea9532ce4,Nguyễn Kiệm,10.8132332,106.6786725,10.8135747,106.6787698,1.0,50.0,FRC3,,,,,,19.0,30.0,0.0,0.6333333333333333,1020.0,36.66666666666667,0,C,0.09473684210526316,,,,,,,,,,0.000439,15.634813057843303,0.03924444508915874,2603090913,0,0.38,0.36666666666666664,0.0,3,9,Weekday
9523d99d713f28cae6b5d9e97a962137,Cầu Trường Đai,10.8600761,106.6505875,10.860121,106.650645,1.5,50.0,,secondary,asphalt,yes,,,0.0,0.0,0.0,1.0,1350.0,0.0,0,A,,,,,yes,,,,,,0.000102,51.51143870382958,0.008012039649691905,2603090913,0,0.0,0.0,0.0,1,9,Weekday
2b1fb9e1bc5fa7b343da8b13cf3429fd,Phường Hiệp Bình Chánh,10.8260009,106.7145095,10.8374007,106.7326691,2.0,50.0,FRC2,trunk,asphalt,yes,,QL.13,15.0,20.5,0.0,0.7317073170731707,1685.85,26.82926829268293,0,B,0.12,,,,,,,,yes,,0.029559,57.413879840142556,2.3522746202834806,2603090913,0,0.3,0.2682926829268293,1.2328492494003576,5,9,Weekday
71bcdd26e2e19e96475f384f69fe894c,Đường Hòa Bình,10.7728903,106.6238934,10.7731687,106.6229767,1.5,50.0,,secondary,asphalt,yes,,,0.0,0.0,0.0,1.0,1350.0,0.0,0,A,,,,,,,,,,,0.001195,287.1789044434228,0.1048824741235468,2603090913,0,0.0,0.0,0.0,1,9,Weekday
2ca7b4653e4e6bc5e83b915fb8ec6a94,Đường Châu Văn Liêm,10.7519402,106.6590317,10.7520192,106.6589344,2.0,50.0,FRC3,primary,asphalt,yes,,,5.0,10.5,0.0,0.47619047619047616,2605.71,52.38095238095239,0,D,0.36,,,,,,,,,,0.000176,309.5713831129765,0.013770336917370993,2603090913,0,0.1,0.5238095238095238,0.0,3,9,Weekday
2bce33fda4082d0b8462f80a91918a80,Quang Trung,10.8430788,106.6419808,10.8374889,106.6544376,1.5,50.0,,residential,asphalt,,,,0.0,0.0,0.0,1.0,1350.0,0.0,0,A,,,,,,,,,,,0.018047,114.55430187155258,1.49587328587445,2603090913,0,0.0,0.0,0.4679540751279595,4,9,Weekday
2947a56d595711934870681ef813b92f,Cầu Kỳ Hà 4,10.7559963,106.7606269,10.7550762,106.7597266,1.5,50.0,FRC1,trunk,asphalt,yes,,,23.0,23.0,0.0,1.0,540.0,0.0,0,A,0.0782608695652174,,,,yes,,,,,,0.00182,223.86941367263557,0.14161510111647913,2603090913,0,0.46,0.0,-0.7061393821111598,1,9,Weekday
8fd77284e48fb199ce2e9b333fed3361,Lê Văn Chí,10.8660484,106.7816929,10.8504219,106.7739597,2.5,50.0,,secondary,asphalt,,,,0.0,0.0,0.0,1.0,2250.0,0.0,0,A,,,,,,,,,,,0.02336,205.92127537028983,1.9242331644106478,2603090913,0,0.0,0.0,0.31181252412504146,1,9,Weekday
44e91f11a43e9dfdbe7c1eb4c0c12b82,Đường Lý Thường Kiệt,10.7592404,106.6612178,10.7571594,106.6618976,1.5,50.0,,residential,asphalt,,,,0.0,0.0,0.0,1.0,1350.0,0.0,0,A,,,,,,,,,,,0.002761,162.20703490729386,0.24189639404471686,2603090913,0,0.0,0.0,11.575203553809047,5,9,Weekday
c3c013d289edec4813b34f41d283e138,Đường Ngô Quyền,10.7558381,106.6663734,10.7558381,106.6663734,2.0,55.0,FRC2,primary,asphalt,yes,,,25.0,35.0,0.0,0.7142857142857143,1748.57,28.57142857142857,0,B,0.072,,,,,,,,,,0.0,0.0,0.0,2603090913,0,0.45454545454545453,0.2857142857142857,0.0,3,9,Weekday
1c221f6e40451be98217be4aea879576,Đường Quốc Lộ 22,10.8598764,106.6039116,10.8590069,106.6045252,1.0,50.0,,,,,,,0.0,0.0,0.0,1.0,900.0,0.0,0,A,,,,,,,,,,,0.001483,145.27583065522526,0.11726657267107027,2603090913,0,0.0,0.0,0.8527579319683662,2,9,Weekday
70000c1b6e1ab41b994b18329a12d292,Đường Đồng Tâm,10.8630927,106.6107839,10.8632256,106.6104704,1.0,50.0,FRC5,residential,,,,,10.0,16.0,0.0,0.625,1035.0,37.5,0,C,0.18,,,,,,,,,,0.000446,293.3478937320838,0.037296697724702996,2603090913,0,0.2,0.375,0.0,3,9,Weekday
45afa7299dcd2a6ec8ea88afb77511a8,Xa Lộ Hà Nội,10.8453128,106.7715728,10.8329768,106.7645442,2.0,60.0,FRC1,trunk,asphalt,yes,,,25.0,25.0,0.0,1.0,720.0,0.0,0,A,0.072,,,,,,,,yes,,0.019365,209.23195657131785,1.5660814117432464,2603090913,0,0.4166666666666667,0.0,0.638536408453296,4,9,Weekday
c764260e90f919a5a15ba1beb0484381,Nguyễn Thị Tần,10.7492439,106.6845345,10.7486955,106.6848291,1.0,50.0,,,,,,,0.0,0.0,0.0,1.0,900.0,0.0,0,A,,,,,,,,,,,0.000843,152.17607700904387,0.06868751745090086,2603090913,0,0.0,0.0,-1.4558686019112848,1,9,Weekday
c612fb912413f6a5824321999feef6c6,Trần Hưng Ðạo,10.7680299,106.6953474,10.7644448,106.692428,1.0,50.0,FRC3,,,,,,10.0,11.5,0.0,0.8695652173913043,594.78,13.043478260869568,0,B,0.18,,,,,,,,,,0.006504,218.65941103427605,0.5091298245678124,2603090913,0,0.2,0.13043478260869565,-1.374894901500246,1,9,Weekday
e43d788acc4b6cb765356f6885197d48,Đường Số 9A,10.7357728,106.6894218,10.7357633,106.6896458,1.5,50.0,FRC2,primary,asphalt,yes,,,8.5,17.5,0.0,0.4857142857142857,1928.57,51.42857142857142,0,D,0.21176470588235294,,,,,,,,,,0.000233,92.47168958185568,0.024524480324150066,2603090913,0,0.17,0.5142857142857142,0.0,4,9,Weekday
caeb9367aa7e3984284fcec14cdd6abb,Phường Đông Hưng Thuận,10.8502828,106.6308139,10.850249,106.6309142,1.0,50.0,,,,,,,0.0,0.0,0.0,1.0,900.0,0.0,0,A,,,,,,,,,,,0.000134,108.9382756159419,0.011586806563927588,2603090913,0,0.0,0.0,0.0,1,9,Weekday
3b0c65fbbda8e0cd59cdefaf2c9c1cac,Đường dẫn sảnh đi Quốc tế,10.8153557,106.6659991,10.8154126,106.6660397,1.0,50.0,FRC2,residential,,,,,9.0,17.0,0.0,0.5294117647058824,1207.06,47.05882352941176,0,C,0.2,,,,,,,,,,9.8e-05,35.024994918119035,0.007702281212414586,2603090913,0,0.18,0.47058823529411764,12.983166576522729,2,9,Weekday
31205e89e330b0359b4792cf264f9425,Nguyễn Biểu,10.757374,106.6831763,10.7545595,106.6841957,1.0,50.0,,,,,,,0.0,0.0,0.0,1.0,900.0,0.0,0,A,,,,,,,,,,,0.003834,160.4127013855583,0.33068434759430265,2603090913,0,0.0,0.0,-0.6048063703497945,4,9,Weekday
1e8dcc83952c7dc465992aac257443b6,Bạch Đằng,10.8143903,106.6785067,10.8029569,106.710341,2.0,50.0,,primary,asphalt,yes,,,0.0,0.0,0.0,1.0,1800.0,0.0,0,A,,,,,,,,,,,0.043268,110.08146676459216,3.703917091720434,2603090914,0,0.0,0.0,-0.26998444490978324,4,9,Weekday
e6bfdb34e57b9f1bf56da5ac38cc12b5,Xã Bà Điểm,10.8426751,106.6148154,10.8425774,106.6147804,1.0,50.0,,,,,,,0.0,0.0,0.0,1.0,900.0,0.0,0,A,,,,,,,,,,,0.000133,199.38412191653416,0.011464581523210615,2603090914,0,0.0,0.0,0.0,2,9,Weekday
6a5ac31dbca60ac6d9564f5301e8e7cc,Sư Vạn Hạnh,10.7774435,106.6659013,10.7742735,106.6682193,1.0,50.0,,,,,,,0.0,0.0,0.0,1.0,900.0,0.0,0,A,,,,,,,,,,,0.005488,144.3087410066429,0.43269189177279643,2603090914,0,0.0,0.0,0.0,4,9,Weekday
f7c0caf8bd77b349c6509b1ffaa95dff,Trung Mỹ Tây 2A,10.8471993,106.6123545,10.8472751,106.6124805,1.0,50.0,FRC1,,,,,,18.0,22.5,0.0,0.8,720.0,19.999999999999996,0,B,0.1,,,,,,,,,,0.000202,58.51119574151926,0.016128028934367017,2603090914,0,0.36,0.2,0.0,5,9,Weekday
5f662f25fd725bdeb66d40dda83905f0,Võ Chí Công,10.769328,106.7748346,10.7655125,106.770577,1.0,50.0,FRC1,,,,,,23.0,23.0,0.0,1.0,360.0,0.0,0,A,0.0782608695652174,,,,,,,,,,0.008073,227.62860516545538,0.6284614846812162,2603090914,0,0.46,0.0,3.5006122946674108,2,9,Weekday
e77cd0dfaeb77e9030f6ebb1e2149b6a,Hồng Bàng,10.75373,106.65443,10.7554182,106.6634172,1.0,50.0,,,,,,,0.0,0.0,0.0,1.0,900.0,0.0,0,A,,,,,,,,,,,0.010675,79.17466588883764,1.000572466500804,2603090914,0,0.0,0.0,1.0993706471325493,1,9,Weekday
12af608c38e4c1fd02ec4ad583e7702c,Đường Phạm Văn Đổng,10.8139646,106.6791508,10.8193249,106.6899702,1.0,50.0,,,,,,,0.0,0.0,0.0,1.0,900.0,0.0,0,A,,,,,,,,,,,0.01618,63.23279759205292,1.3234048911932057,2603090914,0,0.0,0.0,1.2090026345281308,1,9,Weekday
6166f3e708c26c896b2f2ff43aa433b5,Nguyễn Kim,10.7556227,106.6633772,10.7555118,106.6633989,2.0,55.0,,primary,asphalt,yes,,,0.0,0.0,0.0,1.0,1800.0,0.0,0,A,,,,,,,,,,,0.000133,169.11852788414467,0.0124944825311056,2603090914,0,0.0,0.0,0.0,4,9,Weekday
c18197709096f5642adb864a182087af,Cầu Lê Văn Sỹ,10.785862,106.6815175,10.7861078,106.6810825,1.0,50.0,,service,,,,,0.0,0.0,0.0,1.0,900.0,0.0,0,A,,,,,,,,,,,0.000681,299.9084081322434,0.05479522613927914,2603090914,0,0.0,0.0,1.8249764997012485,2,9,Weekday
638538a3f8bc9ee1a68b934ca3ca6d79,Cầu Tư Dinh,10.728864,106.6980017,10.728815,106.6963878,1.0,50.0,,,,,,,0.0,0.0,0.0,1.0,900.0,0.0,0,A,,,,,,,,,,,0.001663,268.2301926400942,0.17662161664524317,2603090914,0,0.0,0.0,-1.1323642247127312,3,9,Weekday
bbc9668a44f87c125ba8ae335da5cf53,Bờ Bao Tân Thắng,10.8073924,106.6216983,10.8012197,106.6186403,1.0,50.0,FRC2,secondary,asphalt,yes,,,10.0,17.0,0.0,0.5882352941176471,1101.18,41.17647058823529,0,C,0.18,,,,,,,,,,0.009231,205.94900822950157,0.7602821277901594,2603090914,0,0.2,0.4117647058823529,2.762132533752796,3,9,Weekday
2602b0b1802d1ab2478d50934c97a0b5,Lý Thường Kiệt,10.7757808,106.6565902,10.7677013,106.6588507,1.0,50.0,,,,,,,0.0,0.0,0.0,1.0,900.0,0.0,0,A,,,,,,,,,,,0.01034,164.63140661506247,0.9272651493247845,2603090914,0,0.0,0.0,-0.6470641115293805,5,9,Weekday
30f6a3c6075e4c488d2fc6fde201b263,Nguyễn Văn Đậu,10.8143614,106.6938401,10.8085648,106.6882022,1.0,50.0,,tertiary,asphalt,,,,0.0,0.0,0.0,1.0,900.0,0.0,0,A,,,,,,,,,,,0.011434,223.69264667130736,0.8895143753408157,2603090914,0,0.0,0.0,-1.2366298179032094,3,9,Weekday
bcc920cc86be8735dfd10dea8cc8b01a,Xa Lộ Hà Nội,10.8187919,106.7581999,10.8418294,106.7695847,2.0,55.0,,trunk,asphalt,yes,,,0.0,0.0,0.0,1.0,1800.0,0.0,0,A,,,,,,,,,,,0.034422,25.89008443560408,2.8360983774527666,2603090914,0,0.0,0.0,0.14103883108570403,3,9,Weekday
5e137952adae847bb7443b146bd53bcf,Nguyễn Cao Bắc,10.7311497,106.712272,10.7302354,106.7122946,1.5,50.0,,residential,asphalt,,,,0.0,0.0,0.0,1.0,1350.0,0.0,0,A,,,,,,,,,,,0.000937,178.60877927637137,0.10116347459584876,2603090914,0,0.0,0.0,-0.9884990645042899,4,9,Weekday
76af8535a1772f60979e2ace59b57ceb,Hàn Hải Nguyên,10.7582635,106.6457587,10.7580428,106.648904,1.0,50.0,,,,,,,0.0,0.0,0.0,1.0,900.0,0.0,0,A,,,,,,,,,,,0.003366,94.0850363259728,0.34488440770695716,2603090914,0,0.0,0.0,0.8698566629747588,2,9,Weekday
1c06c9b1c35e32e20617999cff375488,Phường An Phú,10.8094109,106.7557929,10.8097169,106.7560287,1.0,50.0,,,,,,,0.0,0.0,0.0,1.0,900.0,0.0,0,A,,,,,,,,,,,0.000542,37.122599089111645,0.04255119690458044,2603090914,0,0.0,0.0,2.3501101561078643,4,9,Weekday
d7aadd1b866976511f86901f6fd9416f,Tùng Thiện Vương,10.7463121,106.6599822,10.7463656,106.6600922,1.0,50.0,,residential,asphalt,,,,0.0,0.0,0.0,1.0,900.0,0.0,0,A,,,,,,,,,,,0.000163,63.66248172296093,0.013408365748070673,2603090914,0,0.0,0.0,7.458030447475597,4,9,Weekday
521edfc0d99c2513d19e512dfa85ab5b,Trần Minh Quyền,10.771263,106.6737333,10.770053,106.6752791,1.0,50.0,,service,concrete,,,,0.0,0.0,0.0,1.0,900.0,0.0,0,A,,,,,,,,,,,0.002756,128.54781257100592,0.21563146008762848,2603090914,0,0.0,0.0,0.4637542219459161,5,9,Weekday
dc6fa3969a8402ca99063b4d13544eaf,Quách Thị Trang,10.7044998,106.847625,10.7041127,106.8398361,1.0,50.0,,,,,,,0.0,0.0,0.0,1.0,900.0,0.0,0,A,,,,,,,,,,,0.008176,267.10522385447683,0.8531421655325446,2603090914,0,0.0,0.0,-0.9377100702795854,3,9,Weekday
47d57b8fa5d938cb21fb54105483948a,Lê Văn Tách,10.8761169,106.7542735,10.8783778,106.7609261,1.0,50.0,,,,,,,0.0,0.0,0.0,1.0,900.0,0.0,0,A,,,,,,,,,,,0.008914,70.91018731005647,0.7691391179002409,2603090914,0,0.0,0.0,1.0401239273644145,1,9,Weekday
0b6d77b829081eb6542188990f40a7c4,Nguyễn Thị Thập,10.7406127,106.699903,10.7394635,106.7068498,1.0,50.0,,,,,,,0.0,0.0,0.0,1.0,900.0,0.0,0,A,,,,,,,,,,,0.008096,99.55706156224232,0.7704155467523657,2603090914,0,0.0,0.0,0.778800483101956,5,9,Weekday
954bf983171d22823fca228e1460eaa6,Thân Nhân Trung,10.8023976,106.6423382,10.8029475,106.6424147,1.0,50.0,,,,,,,0.0,0.0,0.0,1.0,900.0,0.0,0,A,,,,,,,,,,,0.000626,7.781314304101386,0.06139888223049213,2603090914,0,0.0,0.0,0.0,2,9,Weekday
5d54589ad95a4a6319292c8de7625272,Pham Ngũ Lão,10.8207556,106.6832697,10.8251544,106.6808708,1.0,50.0,,residential,asphalt,,,,0.0,0.0,0.0,1.0,900.0,0.0,0,A,,,,,,,,,,,0.006798,331.82438190044013,0.5527760157046366,2603090914,0,0.0,0.0,0.3618101985576478,5,9,Weekday
87f615d7533f86fcc627fde6e8f03dd6,Đường CN2,10.8155285,106.6245997,10.8155179,106.62442,1.0,50.0,,residential,,,,,0.0,0.0,0.0,1.0,900.0,0.0,0,A,,,,,,,,,,,0.00019,266.56330518627846,0.01968603277746857,2603090914,0,0.0,0.0,0.0,2,9,Weekday
f955ff1f9d83c21d79dd9cca15d12cef,Đường Song Hành Xa lộ Hà Nội,10.8575649,106.7860239,10.8378557,106.7676582,2.0,50.0,,secondary,asphalt,yes,,,0.0,0.0,0.0,1.0,1800.0,0.0,0,A,,,,,yes,,,,,,0.038075,222.46594267848184,2.9640497895177034,2603090914,0,0.0,0.0,-0.3036386241495775,2,9,Weekday
713f24a96774378b930e47fb262fcac2,Quốc lộ 22,10.86564,106.6000503,10.8704157,106.5966668,3.0,50.0,,residential,asphalt,,,,0.0,0.0,0.0,1.0,2700.0,0.0,0,A,,,,,,,,,,,0.008159,325.1710784253314,0.6449114314223607,2603090914,0,0.0,0.0,0.1550600518577391,2,9,Weekday
2f743d00a75280e86e3a2fd3248fae97,Bạch Đằng,10.8029724,106.7101437,10.8033698,106.7048266,1.0,50.0,,,,,,,0.0,0.0,0.0,1.0,900.0,0.0,0,A,,,,,,,,,,,0.005714,274.35166508503977,0.583134153695524,2603090914,0,0.0,0.0,4.287178146154929,1,9,Weekday
ec78cff62300b277c94662459ad20e79,Đường số 13,10.8641797,106.7663628,10.8642639,106.766054,1.0,50.0,,residential,asphalt,,,,0.0,0.0,0.0,1.0,900.0,0.0,0,A,,,,,,,,,,,0.000393,285.5170628963582,0.035024395595052736,2603090914,0,0.0,0.0,0.0,3,9,Weekday
8da38d271aa21402dd0b42416c8a052d,Calmette,10.7673072,106.6997404,10.7699124,106.6976851,1.0,50.0,,residential,asphalt,,,,0.0,0.0,0.0,1.0,900.0,0.0,0,A,,,,,,,,,,,0.00466,322.22346787339814,0.3654762935269281,2603090914,0,0.0,0.0,0.0,4,9,Weekday
8fff1a81cd95ffd00db5b2feff676f99,Phạm Hùng,10.7484337,106.6691251,10.740971,106.6689249,1.0,55.0,,primary,asphalt,yes,,,0.0,0.0,0.0,1.0,900.0,0.0,0,A,,,,,yes,,,,,,0.007663,181.50978050481908,0.8257611380765872,2603090914,0,0.0,0.0,-1.0899035550357026,5,9,Weekday
68ab12c1645b4df48d25c2afafd7477f,Cầu Kênh B,10.7447939,106.5384069,10.7446677,106.5386627,1.0,50.0,,tertiary,,,,,0.0,0.0,0.0,1.0,900.0,0.0,0,A,,,,,yes,,,,,,0.000382,116.66386873854412,0.03126847802600418,2603090914,0,0.0,0.0,0.0,1,9,Weekday
ef6c0c2ac69dc2cecbcb7b9f18c1d4e9,Phạm Đăng Giảng,10.8214287,106.60636,10.818044,106.6044259,1.0,50.0,,residential,,,,,0.0,0.0,0.0,1.0,900.0,0.0,0,A,,,,,,,,,,,0.005319,209.3041949623047,0.43000317316820363,2603090914,0,0.0,0.0,-1.1627821169692063,1,9,Weekday
303586b6502d05b20982c01c788a8863,Đường số 9A,10.7292604,106.6884076,10.7288508,106.6880005,1.0,50.0,,primary_link,,,,,0.0,0.0,0.0,1.0,900.0,0.0,0,A,,,,,,,,,,,0.000817,224.3194765238883,0.06352749315595746,2603090914,0,0.0,0.0,-1.5741216130550593,5,9,Weekday
d8ff2b0f0bf87975af40b356ad7e578e,Nguyễn Lương Bằng,10.7348064,106.7180368,10.7232098,106.7253596,1.0,50.0,,secondary,,yes,,,0.0,0.0,0.0,1.0,900.0,0.0,0,A,,,,,yes,,,,,,0.018919,148.1829366161635,1.5122907540840438,2603090914,0,0.0,0.0,1.7192461125471563,4,9,Weekday
b99d1ebd5f548dc07398b33076af0e66,Nguyễn Xiển,10.8592096,106.8363216,10.8837836,106.8346037,1.0,50.0,,,,,,,0.0,0.0,0.0,1.0,900.0,0.0,0,A,,,,,,,,,,,0.026292,356.0728217750798,2.7247047036497385,2603090914,0,0.0,0.0,0.8074269468735833,5,9,Weekday
c9e93cbf8c75b64a0675bd2fc62a5449,Cầu Văn Thánh,10.8003961,106.7165178,10.8006159,106.716054,2.5,55.0,,trunk,asphalt,yes,,,0.0,0.0,0.0,1.0,2250.0,0.0,0,A,,,,,yes,,,,,,0.000684,295.7553828850519,0.05624737547428485,2603090914,0,0.0,0.0,0.0,1,9,Weekday
bf932f37da2e4499c04b7920fd832bb5,Huỳnh Mẫn Đạt,10.7518689,106.6773307,10.758139,106.6757437,1.5,50.0,,tertiary,asphalt,,,,0.0,0.0,0.0,1.0,1350.0,0.0,0,A,,,,,,,,,,,0.007857,346.036188673011,0.7149460796057276,2603090914,0,0.0,0.0,0.6993534397387503,3,9,Weekday
d4bae69d9000469f93a269bf4795864f,Đường ven hồ trung tâm,10.76937,106.71738,10.7786804,106.7229301,1.0,50.0,,,,,,,0.0,0.0,0.0,1.0,900.0,0.0,0,A,,,,,,,,,,,0.01486,30.35314783503162,1.195433629218303,2603090914,0,0.0,0.0,1.1711231521196737,2,9,Weekday
21f4bfbc30a9337fed4c0ef7a289e01b,Lê Quý Đôn,10.8838307,106.8004621,10.8810953,106.8015806,1.5,45.0,,tertiary,asphalt,yes,,,0.0,0.0,0.0,1.0,1350.0,0.0,0,A,,,,,,,,,,,0.003854,158.12222596085064,0.3263502104272695,2603090914,0,0.0,0.0,-0.30641929070331037,3,9,Weekday
96e3e7bfec3a02404dff3648bb325228,Chợ Lớn,10.7444411,106.6255188,10.7444479,106.6258206,1.0,50.0,,,,,,,0.0,0.0,0.0,1.0,900.0,0.0,0,A,,,,,,,,,,,0.000309,88.68620724507718,0.03301963804261507,2603090914,0,0.0,0.0,0.0,1,9,Weekday
70e4a4bd292e71170132eff4d4361923,Xã Vĩnh Lộc B,10.7888288,106.5759596,10.7800867,106.5682102,1.0,50.0,,residential,,,,,0.0,0.0,0.0,1.0,900.0,0.0,0,A,,,,,,,,,,,0.016492,221.04973689741874,1.2858329372702118,2603090914,0,0.0,0.0,1.1665590113008453,1,9,Weekday
b696fc42fe664c8db994254601b5855c,Hồng Bàng,10.7534697,106.6530134,10.753623,106.6478806,1.5,50.0,,residential,asphalt,,,,0.0,0.0,0.0,1.0,1350.0,0.0,0,A,,,,,,,,,,,0.005286,271.7417691426313,0.5616680322433182,2603090914,0,0.0,0.0,-1.0682466609388162,1,9,Weekday
2c63fbf4dc77cb37ee333f4e25e765f7,Xa Lộ Hà Nội,10.8329768,106.7645442,10.8385833,106.7675662,1.0,50.0,,,,,,,0.0,0.0,0.0,1.0,900.0,0.0,0,A,,,,,,,,,,,0.008629,27.896754000800797,0.7027005773813275,2603090914,0,0.0,0.0,-2.9884705770782563,3,9,Weekday
d41b55f43ae037cad00d1184490f9fb3,Quốc Lộ 1,10.7047068,106.597382,10.7045783,106.5973319,1.0,50.0,,,,,,,0.0,0.0,0.0,1.0,900.0,0.0,0,A,,,,,,,,,,,0.000179,200.96176212321097,0.01523376856782068,2603090914,0,0.0,0.0,0.0,3,9,Weekday
6afd746a49d0b1813739926e3782a98c,Thăng Long,10.8045573,106.6610854,10.8039431,106.6609131,1.0,50.0,,service,,,,,0.0,0.0,0.0,1.0,900.0,0.0,0,A,,,,,,,,,,,0.000787,195.4058107478161,0.07050324714341503,2603090914,0,0.0,0.0,-2.8367487754594847,1,9,Weekday
71e4041441c7481d02f90f397e354f3c,Quang Trung,10.8266931,106.6794606,10.8299958,106.6706701,1.5,50.0,,primary,asphalt,yes,,,0.0,0.0,0.0,1.0,1350.0,0.0,0,A,,,,,,,,,,,0.012093,290.933851028774,1.0283242213231152,2603090914,0,0.0,0.0,-0.5834735655919855,1,9,Weekday
1b127c204972f9807d164c34f0723bfc,Dương Văn Cam,10.8495638,106.7534794,10.8494184,106.7536678,1.0,50.0,,,,,,,0.0,0.0,0.0,1.0,900.0,0.0,0,A,,,,,,,,,,,0.000334,128.16054679934223,0.026134961656295023,2603090914,0,0.0,0.0,0.0,1,9,Weekday
b27d420fb851a52c8488abd8cc1361e9,Trần Quang Diệu,10.787646,106.6782642,10.7835849,106.6784817,1.5,50.0,,service,,,,,0.0,0.0,0.0,1.0,1350.0,0.0,0,A,,,,,,,,,,,0.004279,176.98837965047778,0.44984050373521794,2603090914,0,0.0,0.0,-0.8892040549453174,4,9,Weekday
e8c79d619669b25ac8a8b5c6cd0d1892,Phạm Hồng Thái,10.7712522,106.6938843,10.7711253,106.6963858,1.0,50.0,,,,,,,0.0,0.0,0.0,1.0,900.0,0.0,0,A,,,,,,,,,,,0.002628,92.95585895320403,0.27395135051149405,2603090914,0,0.0,0.0,1.0950849464325345,2,9,Weekday
9d4dfa0bc2b0894f70651b92575ada16,Quốc lộ 22,10.8704157,106.5966668,10.8774435,106.5916776,1.0,50.0,,,,,,,0.0,0.0,0.0,1.0,900.0,0.0,0,A,,,,,,,,,,,0.012017,325.11716708780875,0.9496650731147533,2603090914,0,0.0,0.0,0.21060056399045107,2,9,Weekday
2d336fe7e3efcbc9de946b98a5b77a9d,Phan Văn Trị,10.8112469,106.6954833,10.831922,106.6746596,1.0,50.0,,service,asphalt,,,,0.0,0.0,0.0,1.0,900.0,0.0,0,A,,,,,,,,,,,0.041499,315.31082278617873,3.2272941510128983,2603090914,0,0.0,0.0,-0.030985709799218216,2,9,Weekday
123b363bd3d1692d5c305eebf7b6ea82,Vòng xoay Dương Bá Trạc,10.7388523,106.6893329,10.738675,106.6895522,1.0,50.0,,,,,,,0.0,0.0,0.0,1.0,900.0,0.0,0,A,,,,,,,,,,,0.000397,129.45070100061974,0.03098423537162111,2603090914,0,0.0,0.0,0.0,5,9,Weekday
3b8503c98906d29b3dc213c8b61b3094,Nguyễn Tri Phương,10.7590308,106.6690295,10.7614123,106.6684746,2.0,50.0,,primary,asphalt,yes,,,0.0,0.0,0.0,1.0,1800.0,0.0,0,A,,,,,,,,,,,0.002936,347.1067512150298,0.2703260641592207,2603090914,0,0.0,0.0,0.36992363393083877,2,9,Weekday
b9d383cf31bb70a7cbce76c3ccb5deae,Hẻm 84A Trần Hữu Trang,10.79358,106.6724314,10.7938991,106.6717593,1.0,50.0,,,,,,,0.0,0.0,0.0,1.0,900.0,0.0,0,A,,,,,,,,,,,0.000991,295.7960172918847,0.08153840536257588,2603090914,0,0.0,0.0,-1.2264159392783212,5,9,Weekday
73bda8328a14288c99df7d4bbc87c701,Cao Thắng,10.7720072,106.6798441,10.7725943,106.6791758,1.0,50.0,,,,,,,0.0,0.0,0.0,1.0,900.0,0.0,0,A,,,,,,,,,,,0.001255,311.8049441255227,0.09777432136619921,2603090914,0,0.0,0.0,0.0,1,9,Weekday
133a9f961e68422879b2f232c1e2bce5,Mai xuân Thưởng,10.7512719,106.6476989,10.7512316,106.6476921,1.5,50.0,,tertiary,asphalt,,,,0.0,0.0,0.0,1.0,1350.0,0.0,0,A,,,,,,,,,,,4.7e-05,189.412472776646,0.00451932445830058,2603090914,0,0.0,0.0,0.0,1,9,Weekday
ba81ae121da65d6eefde7171c47aedfa,Nguyễn Kim,10.7605205,106.6623843,10.7556227,106.6633772,1.0,50.0,,,,,,,0.0,0.0,0.0,1.0,900.0,0.0,0,A,,,,,,,,,,,0.005891,168.73622533959463,0.5525377059524778,2603090914,0,0.0,0.0,4.7055612168911765,1,9,Weekday
b3d2dfe0fb15f1fe7380b3d98be8ba80,Xô Viết Nghệ Tĩnh,10.7924505,106.707195,10.8011855,106.7113752,3.0,50.0,,primary,asphalt,yes,,,0.0,0.0,0.0,1.0,2700.0,0.0,0,A,,,,,,,,,,,0.012915,25.177165843009163,1.0688990259291653,2603090914,0,0.0,0.0,-1.5904215073282866,4,9,Weekday
aef549c188f0d96af305bf3dd1f54ee4,Đồng Đen,10.7969579,106.6458983,10.7889094,106.6428981,1.0,50.0,,,,,,,0.0,0.0,0.0,1.0,900.0,0.0,0,A,,,,,,,,,,,0.011049,200.111547844639,0.9488090414662368,2603090914,0,0.0,0.0,-1.1593481426991052,2,9,Weekday
9749b3c820de45bfa746ace7870c84be,Đường Phú Hòa,10.785806,106.6544818,10.7856285,106.6538061,1.0,50.0,,,,,,,0.0,0.0,0.0,1.0,900.0,0.0,0,A,,,,,,,,,,,0.000853,255.02863924147127,0.07646217998747902,2603090914,0,0.0,0.0,-1.3078361095168276,2,9,Weekday
05aedb10f20e8c3eb8a216b9c3334501,Đường Cao tốc Tp. Hồ Chí Minh-Long Thành-Dầu Giây,10.7859271,106.8534308,10.7963832,106.7909752,1.0,50.0,,,,,,,0.0,0.0,0.0,1.0,900.0,0.0,0,A,,,,,,,,,,,0.072912,279.67785663016286,6.927609345465881,2603090914,0,0.0,0.0,0.1154799527666207,2,9,Weekday
c4f2bb74f9ed301a1aae531425440447,Bạch Đằng,10.8033698,106.7048266,10.8139316,106.6656805,1.0,50.0,,,,,,,0.0,0.0,0.0,1.0,900.0,0.0,0,A,,,,,,,,,,,0.049708,285.3627530997404,4.43746787089511,2603090914,0,0.0,0.0,0.022535374431866786,3,9,Weekday
9105769bba4279532a89697abbb61d88,Cầu Cá Trê Lớn,10.7780689,106.7323124,10.7793052,106.7347388,2.0,65.0,,trunk,asphalt,yes,,,0.0,0.0,0.0,1.0,1800.0,0.0,0,A,,,,,yes,,,,,,0.003663,62.58530132067938,0.2985342488290599,2603090914,0,0.0,0.0,1.004909825846412,3,9,Weekday
146e2d73d85a20c3f88e069c1a0eb3c8,Phường An Phú Đông,10.8521558,106.6874451,10.8523365,106.7000553,1.0,50.0,,tertiary,unpaved,,,,0.0,0.0,0.0,1.0,900.0,0.0,0,A,,,,,,,,,,,0.012791,89.16289192991093,1.3789646233753847,2603090914,0,0.0,0.0,-1.2328090011756758,4,9,Weekday
2a560a0bd3463490f2e2c465fb77b055,Huỳnh Thiện Lộc,10.7803932,106.6363843,10.7789563,106.6401733,1.0,50.0,,,,,,,0.0,0.0,0.0,1.0,900.0,0.0,0,A,,,,,,,,,,,0.005226,111.10830676981237,0.443830112088922,2603090914,0,0.0,0.0,0.45062287247407345,5,9,Weekday
5656bf2ba7f66aa64aec7a8b486ebab9,Lý Thường Kiệt,10.765485,106.6595662,10.7738791,106.6572154,1.0,50.0,,,,,,,0.0,0.0,0.0,1.0,900.0,0.0,0,A,,,,,,,,,,,0.010745,344.61752037559535,0.963437929052115,2603090915,0,0.0,0.0,0.6227697518513872,4,9,Weekday
41760c86bd4b594a2d81c88e5a6af88a,Cao tốc TP. Hồ Chí Minh - Long Thành - Dầu Giây,10.794041,106.8052263,10.7950193,106.7995037,1.0,50.0,,,,,,,0.0,0.0,0.0,1.0,900.0,0.0,0,A,,,,,,,,,,,0.006701,279.8730282192795,0.6351247028278337,2603090915,0,0.0,0.0,-0.7872469733483777,5,9,Weekday
247208f281ba2ead7ba54a16f3686e67,Dạ Nam,10.7536606,106.686888,10.7531123,106.6869589,1.0,50.0,,,,,,,0.0,0.0,0.0,1.0,900.0,0.0,0,A,,,,,,,,,,,0.000619,172.7600320171066,0.06114285069988636,2603090915,0,0.0,0.0,0.0,1,9,Weekday
10b2860fd7c0d270a4e512a6eb7f16b0,Đường số 41,10.7579629,106.6997338,10.7579884,106.6997668,1.0,50.0,,service,asphalt,,,,0.0,0.0,0.0,1.0,900.0,0.0,0,A,,,,,,,,,,,5.9e-05,51.81312816178979,0.0045807994080243495,2603090915,0,0.0,0.0,0.0,4,9,Weekday
7016477f205e9f17c63a1d960632a3f1,Cầu Vĩnh Bình,10.8684531,106.7160636,10.8684713,106.7161334,1.0,50.0,,,,,,,0.0,0.0,0.0,1.0,900.0,0.0,0,A,,,,,,,,,,,8.8e-05,75.1306008744508,0.007892698400592538,2603090915,0,0.0,0.0,0.0,4,9,Weekday
7642b13b19d9c6929cf66e4bf469be97,Lê Qúy Đôn,10.8832727,106.800583,10.8832727,106.800583,1.0,50.0,,,,,,,0.0,0.0,0.0,1.0,900.0,0.0,0,A,,,,,,,,,,,0.0,0.0,0.0,2603090915,0,0.0,0.0,0.0,2,9,Weekday
31ff27ee9f18e0a23f605cd79eb16bb3,Nguyễn Chí Thanh,10.7584006,106.6614527,10.7595294,106.6669516,1.0,50.0,,service,concrete,,,,0.0,0.0,0.0,1.0,900.0,0.0,0,A,,,,,,,,,,,0.006628,78.19731086621476,0.6142680725154358,2603090915,0,0.0,0.0,-3.907088952502396,1,9,Weekday
4ff1c86146a8f15a787642fe50ee30d5,Xa Lộ Hà Nội,10.8006952,106.7363742,10.8336803,106.7646754,1.0,50.0,,,,,,,0.0,0.0,0.0,1.0,900.0,0.0,0,A,,,,,,,,,,,0.061286,40.11998426460849,4.784390367398653,2603090915,0,0.0,0.0,0.020901304517585078,5,9,Weekday
df91e99c6228fca17cfad0853bd36ed5,Quang Trung,10.8374889,106.6544376,10.8393084,106.6472307,1.0,50.0,,,,,,,0.0,0.0,0.0,1.0,900.0,0.0,0,A,,,,,,,,,,,0.009026,284.41655794677564,0.8133446834561556,2603090915,0,0.0,0.0,-0.6147455195444861,1,9,Weekday
60111468ab13d6f1c26b24f74a398e82,Đường Hàn Hải Nguyên,10.7580377,106.6496262,10.757963,106.6489515,2.0,50.0,,primary,asphalt,yes,,,0.0,0.0,0.0,1.0,1800.0,0.0,0,A,,,,,,,,,yes,,0.000749,263.5701534645715,0.07425695218267099,2603090915,0,0.0,0.0,-2.693350509565798,1,9,Weekday
a979f06e9e1616639d2231bc358d4fa5,Nguyễn Thị Nhỏ,10.7588735,106.6513792,10.7591706,106.6513758,1.5,50.0,,secondary,asphalt,yes,,,0.0,0.0,0.0,1.0,1350.0,0.0,0,A,,,,,,,,,,,0.0003,359.3558633211331,0.032865220727117894,2603090915,0,0.0,0.0,3.0427302110734815,3,9,Weekday
bc94aeffd098c8bc40f404954c2d385c,Phan Xích Long,10.8015575,106.6832089,10.799015,106.6869344,1.0,50.0,,tertiary,,,,,0.0,0.0,0.0,1.0,900.0,0.0,0,A,,,,,,,,,,,0.006268,124.78989414005923,0.49506134082903774,2603090915,0,0.0,0.0,0.20199517060358296,3,9,Weekday
51f7836e378c5d826cafa0ac7ff82474,Cao Xuân Dục,10.7470453,106.6603737,10.746165,106.6591277,1.0,50.0,,,,,,,0.0,0.0,0.0,1.0,900.0,0.0,0,A,,,,,,,,,,,0.002126,234.27971319655458,0.16749815487867772,2603090915,0,0.0,0.0,-1.1940430039057088,1,9,Weekday
48c4ed4b2189f7ffec64d2c3ba5e0fd7,Trần Não,10.7982738,106.7308494,10.7981949,106.7318819,1.0,50.0,,,,,,,0.0,0.0,0.0,1.0,900.0,0.0,0,A,,,,,,,,,,,0.001111,94.44820976286087,0.11325222142891364,2603090915,0,0.0,0.0,0.8829848875217708,1,9,Weekday
ba73dfbc32d5dca66befe71067c49a08,Phạm Đình Hổ,10.7521361,106.6496345,10.753419,106.649744,1.0,50.0,,,,,,,0.0,0.0,0.0,1.0,900.0,0.0,0,A,,,,,,,,,,,0.001392,4.79330221650855,0.1424098644637614,2603090915,0,0.0,0.0,0.7021985476676491,5,9,Weekday
f08358824c8faf5ad14cebc515baca10,Hẻm 86 Ông Ích Khiêm,10.7661735,106.6449394,10.7696411,106.6468344,1.0,50.0,,,,,,,0.0,0.0,0.0,1.0,900.0,0.0,0,A,,,,,,,,,,,0.005363,28.229615747167202,0.43597759058425783,2603090915,0,0.0,0.0,1.1468479362206325,1,9,Weekday
fff16b993097609c251d6367c38cca99,Tôn Đức Thắng,10.7154014,106.8475443,10.7829212,106.7056039,1.0,50.0,,,,,,,0.0,0.0,0.0,1.0,900.0,0.0,0,A,,,,,,,,,,,0.20946,295.84889428415903,17.228288565566665,2603090915,0,0.0,0.0,-0.0870661060900719,4,9,Weekday
ffdbfabf1b779668f7d488f81a0759d8,Trương Công Định,10.7983099,106.6417176,10.7937318,106.6402984,1.0,50.0,,,,,,,0.0,0.0,0.0,1.0,900.0,0.0,0,A,,,,,,,,,,,0.005997,196.93618756579207,0.5296494258571615,2603090915,0,0.0,0.0,-1.132824790716966,3,9,Weekday
d75b47a305d8110b0fa0afad065240ff,Xuân Diệu,10.7954312,106.6557557,10.7955147,106.655546,1.0,50.0,,,,,,,0.0,0.0,0.0,1.0,900.0,0.0,0,A,,,,,,,,,,,0.000293,292.0657813945093,0.024723302236606914,2603090915,0,0.0,0.0,0.0,3,9,Weekday
7bc30df6b84e52e3c1f49f4fcee90763,Phạm Hữu Lầu,10.7045223,106.7321155,10.7045223,106.7321155,1.0,50.0,,,,,,,0.0,0.0,0.0,1.0,900.0,0.0,0,A,,,,,,,,,,,0.0,0.0,0.0,2603090915,0,0.0,0.0,0.0,1,9,Weekday
3fd122b90cd72cb1c43901abd9e51a3b,Quớc Lộ 22,10.8449041,106.6140548,10.877854,106.5914673,1.0,50.0,,,,,,,0.0,0.0,0.0,1.0,900.0,0.0,0,A,,,,,,,,,,,0.055537,326.0524984185484,4.402639030114611,2603090915,0,0.0,0.0,0.22713649544281797,4,9,Weekday
1354c8e84b5f5d86e5797795fed1960f,Bưng Ông Thoàn,10.8139216,106.7973612,10.8144883,106.7970824,1.5,50.0,,tertiary,asphalt,,,,0.0,0.0,0.0,1.0,1350.0,0.0,0,A,,,,,yes,,5.0,,,,0.000846,334.20861201481137,0.06970577477767491,2603090915,0,0.0,0.0,1.4346013701009404,5,9,Weekday
ddaa6a2c778e550acc1ad4b09032b1ee,Cách Mạng Tháng Tám,10.7752936,106.6864011,10.7766471,106.6839026,1.0,50.0,,,,,,,0.0,0.0,0.0,1.0,900.0,0.0,0,A,,,,,,,,,,,0.003852,298.8747474402298,0.31158474878695164,2603090915,0,0.0,0.0,-0.6418799404612434,3,9,Weekday
c35879175da769f5bcd97e8c2f9edcbd,Nguyễn Kiệm,10.7998472,106.680033,10.8194173,106.6787757,1.0,50.0,,,,,,,0.0,0.0,0.0,1.0,900.0,0.0,0,A,,,,,,,,,,,0.020827,356.3892004109875,2.1690763467757836,2603090915,0,0.0,0.0,-0.5532308725710535,2,9,Weekday
386cd71727e012a36f501cb39fb7b480,Đường Pham Ngũ Lão,10.8251122,106.6808633,10.8262602,106.6801335,1.0,50.0,,,,,,,0.0,0.0,0.0,1.0,900.0,0.0,0,A,,,,,,,,,,,0.001878,328.0193892798449,0.14997921953606758,2603090915,0,0.0,0.0,0.6667590370808112,2,9,Weekday
2602b0b1802d1ab2478d50934c97a0b5,Lý Thường Kiệt,10.7677013,106.6588507,10.7592404,106.6612178,1.0,50.0,,,,,,,0.0,0.0,0.0,1.0,900.0,0.0,0,A,,,,,,,,,,,0.010828,164.63166859660578,0.971035753734684,2603090915,0,0.0,0.0,-0.5149140987620265,5,9,Weekday
f5cdb1dc0b32588465f04fff9d92924a,Hoàng Văn Thụ,10.7999559,106.6710835,10.8002636,106.6676731,1.0,50.0,,,,,,,0.0,0.0,0.0,1.0,900.0,0.0,0,A,,,,,,,,,,,0.003718,275.2482681988244,0.37451294011468045,2603090915,0,0.0,0.0,-0.8010404124037378,5,9,Weekday
2750d3a201062d7deb2e154049891644,Xa Lộ Hà Nội,10.8030754,106.7498148,10.8084947,106.7555087,1.0,50.0,,,,,,,0.0,0.0,0.0,1.0,900.0,0.0,0,A,,,,,,,,,,,0.011113,45.902813899461535,0.8643275284096859,2603090915,0,0.0,0.0,1.2726657011884583,4,9,Weekday
3bfb0cca1ad9b62fdd5a4997832e0d98,Đường Hòa Bình,10.7669237,106.6422282,10.7670183,106.641639,1.0,50.0,,,,,,,0.0,0.0,0.0,1.0,900.0,0.0,0,A,,,,,,,,,,,0.000684,279.28206681175664,0.06528630974796205,2603090915,0,0.0,0.0,0.0,1,9,Weekday
bbb7badb4cb5b83e958214bebd1cebc2,Lê Tuấn Mậu,10.7490204,106.625679,10.7482606,106.6267106,2.0,50.0,,service,asphalt,,,,0.0,0.0,0.0,1.0,1800.0,0.0,0,A,,,,,,,,,,,0.001791,126.85803012417085,0.14069537347482752,2603090915,0,0.0,0.0,0.0,5,9,Weekday
61ab6dd6228ea55ff9769830d4ca16f9,Nguyễn Văn Tăng,10.8428497,106.8286983,10.8424012,106.8281916,1.0,50.0,,,,,,,0.0,0.0,0.0,1.0,900.0,0.0,0,A,,,,,,,,,,,0.000955,227.97397866245242,0.07437004807710357,2603090915,0,0.0,0.0,0.0,2,9,Weekday
893618cdc30588cd162a4c2b1133b71f,Cầu Đen 2,10.7994405,106.7334642,10.7997398,106.7334573,1.0,50.0,,,,,,,0.0,0.0,0.0,1.0,900.0,0.0,0,A,,,,,,,,,,,0.000306,358.702732110185,0.03311515026437432,2603090915,0,0.0,0.0,0.0,1,9,Weekday
e75804c942982977f006580ba5986f84,Phường Bến Nghé,10.780376,106.6984933,10.7803753,106.6984806,1.0,50.0,,,,,,,0.0,0.0,0.0,1.0,900.0,0.0,0,A,,,,,,,,,,,1.3e-05,266.7885969523263,0.0013911258183824564,2603090915,0,0.0,0.0,0.0,5,9,Weekday
23e19b9b24c80c1d54994897c9cb32ba,Quảng trường sáng tạo,10.8754861,106.8052044,10.8742918,106.805084,1.0,50.0,,,,,,,0.0,0.0,0.0,1.0,900.0,0.0,0,A,,,,,,,,,,,0.001315,185.6539699706705,0.1327603047084073,2603090915,0,0.0,0.0,-0.7532371985710524,4,9,Weekday
6d87180f0e9f67bd24aed8b09818e5ec,Cầu cụt,10.8552658,106.6556187,10.8551425,106.655734,1.0,50.0,,,,,,,0.0,0.0,0.0,1.0,900.0,0.0,0,A,,,,,,,,,,,0.000239,137.43609360451558,0.018572796398155747,2603090915,0,0.0,0.0,0.0,2,9,Weekday
19b4a156b48dd03667819ca43a83dbb8,Đường đất,10.8368731,106.7001735,10.830835,106.6929691,1.0,50.0,,,,,,,0.0,0.0,0.0,1.0,900.0,0.0,0,A,,,,,,,,,,,0.013243,229.52581722197507,1.0328096344086215,2603090915,0,0.0,0.0,-1.3555256974356447,1,9,Weekday
b0166dc361a75fc95ddbe6d2e14328f3,Trần Quý,10.7582245,106.6518136,10.7591573,106.6561005,1.0,50.0,,,,,,,0.0,0.0,0.0,1.0,900.0,0.0,0,A,,,,,,,,,,,0.00522,77.51097396980651,0.4801001781148766,2603090915,0,0.0,0.0,1.2497391739280594,4,9,Weekday
cba453eaef49c45852cd4c04852540d0,Vĩnh Hội,10.7557367,106.7008649,10.7558499,106.7009702,1.0,50.0,,,,,,,0.0,0.0,0.0,1.0,900.0,0.0,0,A,,,,,,,,,,,0.000219,42.42323154421882,0.017012773059136094,2603090915,0,0.0,0.0,0.0,3,9,Weekday
6aa6fd37562921a2408c2a7be27f2fef,Nhánh B1,10.7923857,106.7519936,10.7926848,106.7536837,1.0,50.0,,,,,,,0.0,0.0,0.0,1.0,900.0,0.0,0,A,,,,,,,,,,,0.001989,79.78707289539034,0.1877724808453984,2603090915,0,0.0,0.0,1.0651188028168466,4,9,Weekday
012dc1c1d5e5cfb05bab3a2b4b76190c,Cầu Chà Và,10.750294,106.6601636,10.7487665,106.6603921,1.0,50.0,,,,,,,0.0,0.0,0.0,1.0,900.0,0.0,0,A,,,,,,,,,,,0.001756,171.63930945378638,0.17079973213844574,2603090915,0,0.0,0.0,-1.170962023745361,5,9,Weekday
f37ae9837ea92b238ffc3e382e8e0abb,Thích Quảng Đức,10.8082313,106.6785195,10.8033105,106.684482,1.0,50.0,,,,,,,0.0,0.0,0.0,1.0,900.0,0.0,0,A,,,,,,,,,,,0.010883,130.03605979400584,0.8493751546363333,2603090915,0,0.0,0.0,0.11773360623294402,4,9,Weekday
5c004ea2ebb15c29edb255aed69fafd1,Phạm Văn Đồng,10.8402083,106.7418062,10.8380903,106.7343264,1.0,50.0,,,,,,,0.0,0.0,0.0,1.0,900.0,0.0,0,A,,,,,,,,,,,0.009598,253.91809705636985,0.8507816510638108,2603090915,0,0.0,0.0,-1.0578507409917068,4,9,Weekday
dc5b08ac8f96170963f58e21ea5aa31e,Đướng Song Hành Xa Lộ Hà Nội,10.8007157,106.7326817,10.8007639,106.732697,1.0,50.0,,trunk_link,asphalt,yes,,,0.0,0.0,0.0,1.0,900.0,0.0,0,A,,,,,,,,,,,6.4e-05,17.31769154291476,0.0055879488897282985,2603090915,0,0.0,0.0,0.0,5,9,Weekday
b3f614c6deb5a73ca31654f6aff3780e,Nguyễn Chí Thanh,10.7595294,106.6669516,10.756343,106.6510842,1.0,50.0,,,,,,,0.0,0.0,0.0,1.0,900.0,0.0,0,A,,,,,,,,,,,0.019054,258.448976289405,1.7709368076552727,2603090915,0,0.0,0.0,0.6776074644858755,4,9,Weekday
53924faefb7652b3bdaf1cc16ed31414,Nguyễn Tri Phương,10.7666599,106.6674092,10.7546206,106.6696106,1.5,55.0,,primary,asphalt,yes,,,0.0,0.0,0.0,1.0,1350.0,0.0,0,A,,,,,,,,,,,0.014241,169.8160309267911,1.3532947815842284,2603090915,0,0.0,0.0,-0.7389373059056317,5,9,Weekday
e4a6494ab7cb6a9f183b915cbd16840c,Xã Tân Xuân,10.8746132,106.6085312,10.8748532,106.6088444,1.0,50.0,,residential,,,,,0.0,0.0,0.0,1.0,900.0,0.0,0,A,,,,,,,,,,,0.000553,52.03519398901307,0.043328500699331175,2603090915,0,0.0,0.0,0.0,2,9,Weekday
ae502a367c12e8f4116220716e0c7c11,Hồ Văn Long,10.8253843,106.6005932,10.8252537,106.600561,1.0,50.0,,,,,,,0.0,0.0,0.0,1.0,900.0,0.0,0,A,,,,,,,,,,,0.000163,193.61306380701774,0.014869046747147376,2603090915,0,0.0,0.0,0.0,1,9,Weekday
d52d1561324c99a25f9400b5ad12ae71,Đường Phan Văn Trị,10.83081,106.6778193,10.8308562,106.6777619,1.0,50.0,,,,,,,0.0,0.0,0.0,1.0,900.0,0.0,0,A,,,,,,,,,,,0.000104,309.3338003871257,0.008093949282118105,2603090915,0,0.0,0.0,0.0,3,9,Weekday
b55e682daf84d7d0f78c7de5786ed240,Cao tốc TP. Hồ Chí Minh - Long Thành - Dầu Giây,10.7860991,106.8473249,10.7866225,106.843937,1.0,50.0,,unclassified,,,,,0.0,0.0,0.0,1.0,900.0,0.0,0,A,,,,,,,,,,,0.003911,278.93799658729563,0.37501524640454126,2603090915,0,0.0,0.0,6.933051455714136,5,9,Weekday
d18072f177d6608c95ab07b28340de09,Lý Thường Kiệt,10.7738791,106.6572154,10.7820115,106.6549226,1.0,50.0,,,,,,,0.0,0.0,0.0,1.0,900.0,0.0,0,A,,,,,,,,,,,0.010425,344.5195857560881,0.9338474514168769,2603090915,0,0.0,0.0,0.6425032258637662,2,9,Weekday
9c728e896e4e645c05c7290ecd81ba08,Song Hành,10.7992821,106.7334658,10.8021502,106.7485095,1.0,50.0,,,,,,,0.0,0.0,0.0,1.0,900.0,0.0,0,A,,,,,,,,,,,0.017912,79.0146441185496,1.6754930508083319,2603090915,0,0.0,0.0,-0.7162070886662687,3,9,Weekday
d4c4ea8d2d310022471642cf6e5e8066,Phạm Ngũ Lão,10.7690424,106.6941176,10.7667354,106.6883701,1.0,50.0,,,,,,,0.0,0.0,0.0,1.0,900.0,0.0,0,A,,,,,,,,,,,0.008054,247.77628717213372,0.6784377501250242,2603090915,0,0.0,0.0,-1.3265771249228773,2,9,Weekday
db9d31bddc50b8824845e7a0e7e568fa,Đặng Nguyên Cẩn,10.7534511,106.6316452,10.7563978,106.6332036,1.0,50.0,,,,,,,0.0,0.0,0.0,1.0,900.0,0.0,0,A,,,,,,,,,,,0.004505,27.455024173029244,0.36782216067394474,2603090915,0,0.0,0.0,1.3593525715902257,5,9,Weekday
b27f4ea2c0973e77fb34bb8981236aee,Cầu vượt Bình Phước,10.8653758,106.7238705,10.8648149,106.7227673,1.0,50.0,,,,,,,0.0,0.0,0.0,1.0,900.0,0.0,0,A,,,,,,,,,,,0.001664,242.62902038163895,0.13564171714891415,2603090915,0,0.0,0.0,-1.4744726342591945,1,9,Weekday
1379ec4a4dc70a809d7df14442eca710,Bảy Hiền,10.7894105,106.6516978,10.7897093,106.6518377,1.0,50.0,,,,,,,0.0,0.0,0.0,1.0,900.0,0.0,0,A,,,,,,,,,,,0.000439,24.699055633744365,0.03642081263056388,2603090915,0,0.0,0.0,0.0,5,9,Weekday
136a16e68a33440c5e2a4f5c988c22e7,Cống Quỳnh,10.7635026,106.6905496,10.7666744,106.688366,1.5,50.0,,secondary,asphalt,no,,,0.0,0.0,0.0,1.0,1350.0,0.0,0,A,,,,,,,,,,,0.005355,325.9286856901901,0.42441589271334823,2603090915,0,0.0,0.0,0.23561794390093752,1,9,Weekday
306975b38913ef4e264aa453d1a4ac7b,Nguyễn Kiệm,10.8192058,106.6787669,10.8132332,106.6786725,1.0,50.0,,,,,,,0.0,0.0,0.0,1.0,900.0,0.0,0,A,,,,,,,,,,,0.006067,180.88943798273002,0.660730175328525,2603090915,0,0.0,0.0,-0.9080862694089473,2,9,Weekday
6bcf7958157a9d3a991fc9aaa3836e34,Quận 11,10.7673207,106.6534073,10.753578,106.6497631,1.0,50.0,,,,,,,0.0,0.0,0.0,1.0,900.0,0.0,0,A,,,,,,,,,,,0.017387,194.60196632092848,1.5715080034298723,2603090915,0,0.0,0.0,0.7635977655735492,2,9,Weekday
5393a9c02c36bc62daade632ac5e6ab9,Nguyễn Xí,10.8226293,106.7033547,10.8230448,106.7031447,1.0,50.0,,,,,,,0.0,0.0,0.0,1.0,900.0,0.0,0,A,,,,,,,,,,,0.000626,333.5990648605276,0.05137757629073389,2603090915,0,0.0,0.0,1.9463744150584876,5,9,Weekday
8d32a165786a4dfa079281c6402de396,Phường 3,10.8146655,106.6786944,10.8120867,106.6767178,1.0,50.0,,,,,,,0.0,0.0,0.0,1.0,900.0,0.0,0,A,,,,,,,,,,,0.004555,216.97519754103752,0.3578957113514189,2603090916,0,0.0,0.0,-1.1176440155977134,1,9,Weekday
d14b1528c8e242f49273e387f8d95fc7,Công Trường Mê Linh,10.7748291,106.7065305,10.7748385,106.7065815,1.0,50.0,,,,,,,0.0,0.0,0.0,1.0,900.0,0.0,0,A,,,,,,,,,,,6e-05,79.37360980501046,0.005673935981478311,2603090916,0,0.0,0.0,0.0,2,9,Weekday
bcc5ab397fb38a3f545b029439312938,Cầu Cả Cấm,10.7225313,106.7257177,10.723735,106.7249535,1.0,50.0,,,,,,,0.0,0.0,0.0,1.0,900.0,0.0,0,A,,,,,,,,,,,0.001968,328.0445917810511,0.15721168035153582,2603090916,0,0.0,0.0,0.0,4,9,Weekday
dc3bd1b79cd39a9091861c0bf9cf1372,Đường Âu Cơ,10.769155,106.6519481,10.7694423,106.6515852,1.0,50.0,,,,,,,0.0,0.0,0.0,1.0,900.0,0.0,0,A,,,,,,,,,,,0.00065,308.86438648501513,0.05084571452372469,2603090916,0,0.0,0.0,0.0,2,9,Weekday
7109a723afaddcb0fa03a82dd564180f,Lê Thánh Tôn,10.7746928,106.6995607,10.7740594,106.6990287,1.0,50.0,,,,,,,0.0,0.0,0.0,1.0,900.0,0.0,0,A,,,,,,,,,,,0.001165,219.52625186973813,0.09107247278081772,2603090916,0,0.0,0.0,0.0,1,9,Weekday
7ca45791104af98adf0106382bd6ddd5,Nguyễn Hoàng,10.801925,106.7438952,10.8017112,106.7439955,1.5,55.0,,trunk,asphalt,yes,,,0.0,0.0,0.0,1.0,1350.0,0.0,0,A,,,,no,,,,,,,0.000314,155.25890596373847,0.026069051780489544,2603090916,0,0.0,0.0,0.0,1,9,Weekday
fa6e13c419fb1b5e85f6b85ae022fc35,Hàm Nghi,10.7711901,106.6991751,10.770794,106.7059931,1.0,50.0,,,,,,,0.0,0.0,0.0,1.0,900.0,0.0,0,A,,,,,,,,,,,0.007214,93.3837853170337,0.7469778700608433,2603090916,0,0.0,0.0,0.6693638728002392,1,9,Weekday
ce03cb18a94ff79d8f1fb57c07cc0c71,Trần Não,10.7916195,106.7303648,10.7992203,106.7334587,1.0,50.0,,,,,,,0.0,0.0,0.0,1.0,900.0,0.0,0,A,,,,,,,,,,,0.010695,21.793482829640936,0.9062801570350457,2603090916,0,0.0,0.0,1.2137527137289656,3,9,Weekday
97c4f983400827786f0659eb490f748d,Xa Lộ Hà Nội,10.8458797,106.7715847,10.8584028,106.7887514,1.0,50.0,,residential,asphalt,,,,0.0,0.0,0.0,1.0,900.0,0.0,0,A,,,,,,,,,,,0.02969,53.39403764748357,2.33283362572205,2603090916,0,0.0,0.0,0.0,3,9,Weekday
27177fb89d9eddd6871cb5336d0f9396,Đường D2,10.8011202,106.6193571,10.8012387,106.6193967,1.0,50.0,,,,,,,0.0,0.0,0.0,1.0,900.0,0.0,0,A,,,,,,,,,,,0.000158,18.172766434692903,0.013804555227064851,2603090916,0,0.0,0.0,0.0,5,9,Weekday
19e455d9feca8246edf4ce3897d247ac,Nguyễn Thị Nhỏ,10.7716614,106.6527803,10.753478,106.6507502,1.0,50.0,,tertiary,asphalt,no,,,0.0,0.0,0.0,1.0,900.0,0.0,0,A,,,,,,,,,,,0.020213,186.2594782197154,2.0235395313436224,2603090916,0,0.0,0.0,0.4941835751219567,1,9,Weekday
c72d5500b593a0b7e74a0d962fea4aa0,Trương Quốc Dung,10.7950667,106.672673,10.7997004,106.6729603,1.0,50.0,,,,,,,0.0,0.0,0.0,1.0,900.0,0.0,0,A,,,,,,,,,,,0.004921,3.4852437534838145,0.5135107545034335,2603090916,0,0.0,0.0,0.7789515535790505,2,9,Weekday
54d130d69ad59b6570e0de6885466540,Đường 3 Tháng 2,10.767686,106.6667965,10.7579254,106.6489673,1.0,50.0,,,,,,,0.0,0.0,0.0,1.0,900.0,0.0,0,A,,,,,,,,,,,0.02759,240.87279303889085,2.2289776594227813,2603090916,0,0.0,0.0,0.08972723398752781,1,9,Weekday
5dc12115410d75d380e733bc87568957,Cao tốc TP. Hồ Chí Minh - Long Thành - Dầu Giây,10.790253,106.8268185,10.7918961,106.8178943,1.0,50.0,,,,,,,0.0,0.0,0.0,1.0,900.0,0.0,0,A,,,,,,,,,,,0.010567,280.61671619630533,0.9927628581369672,2603090916,0,0.0,0.0,-0.8058319199222372,2,9,Weekday
f2b9e01aa16f341cced2e96d0714ff2f,Phạm Phú Thứ,10.7444878,106.6438571,10.7897886,106.6466566,1.0,50.0,,service,,,,,0.0,0.0,0.0,1.0,900.0,0.0,0,A,,,,,,,,,,,0.0481,3.473903836053239,5.020205244633848,2603090916,0,0.0,0.0,-0.23903405170190858,2,9,Weekday
0863019ede145989e16c17472b285e3c,Phan Huy ích,10.8442903,106.6401134,10.8231377,106.6297806,1.0,50.0,,,,,,,0.0,0.0,0.0,1.0,900.0,0.0,0,A,,,,,,,,,,,0.031485,205.63182450716695,2.598289755641854,2603090916,0,0.0,0.0,-0.07697370917378463,2,9,Weekday
c53e64beb6af8275a56b2b4a30d6f9f4,cầu vượt,10.8146011,106.6790072,10.8157766,106.6800056,1.0,50.0,,,,,,,0.0,0.0,0.0,1.0,900.0,0.0,0,A,,,,,,,,,,,0.002174,39.83660573412618,0.1697853454524619,2603090916,0,0.0,0.0,1.1779579649057397,2,9,Weekday
47ed5ada72329906efb3f9b95e354dfb,Hồng Bàng,10.753623,106.6478806,10.7533034,106.6507117,1.0,50.0,,,,,,,0.0,0.0,0.0,1.0,900.0,0.0,0,A,,,,,,,,,,,0.003151,96.5546646874219,0.3116696972769958,2603090916,0,0.0,0.0,0.9625574851230263,2,9,Weekday
14f48e5cb2bca397a1c766825c9254b8,Tăng Nhơn Phú,10.8342567,106.7813494,10.827184,106.7687697,1.5,50.0,,tertiary,asphalt,,,,0.0,0.0,0.0,1.0,1350.0,0.0,0,A,,,,,,,,,,,0.019652,240.21314831363662,1.5824913078040608,2603090916,0,0.0,0.0,0.6319150033042816,4,9,Weekday
fee33ae4b742737a9c531680f3ca0eda,Quang Trung,10.844692,106.6397062,10.8350079,106.6634568,1.0,50.0,,,,,,,0.0,0.0,0.0,1.0,900.0,0.0,0,A,,,,,,,,,,,0.033435,112.54349441566603,2.8092793820169857,2603090916,0,0.0,0.0,0.5339447580763722,1,9,Weekday
42207b521df1859c147c0601fb423ed8,Công Xã Paris,10.7791557,106.7000845,10.7792456,106.6999777,1.0,50.0,,,,,,,0.0,0.0,0.0,1.0,900.0,0.0,0,A,,,,,,,,,,,0.000197,310.5926137223091,0.015340139329405858,2603090916,0,0.0,0.0,-6.518845614935696,5,9,Weekday
1171672493fa5b8fbd4b784a3056fee0,Đường Song Hành Xa lộ Hà Nội,10.8488622,106.7742039,10.855961,106.7849851,1.0,50.0,,,,,,,0.0,0.0,0.0,1.0,900.0,0.0,0,A,,,,,,,,,,,0.01788,56.15978555379763,1.416412679913675,2603090916,0,0.0,0.0,-0.9178116084637354,2,9,Weekday
210150fe2e47c8bccfd9494c5efd494d,Dường An Phú,10.83809,106.6900349,10.852303,106.6820873,1.0,50.0,,,,,,,0.0,0.0,0.0,1.0,900.0,0.0,0,A,,,,,,,,,,,0.022161,331.22556155333785,1.7963466733411346,2603090916,0,0.0,0.0,0.3340112512269268,4,9,Weekday
713f24a96774378b930e47fb262fcac2,Quốc lộ 22,10.8575697,106.6057733,10.86564,106.6000503,1.0,50.0,,,,,,,0.0,0.0,0.0,1.0,900.0,0.0,0,A,,,,,,,,,,,0.013793,325.14567172672884,1.0901568203683383,2603090916,0,0.0,0.0,0.2751897657243818,2,9,Weekday
84eb11d4f026108d6c4e5416dbe7c21c,Quận 8,10.7493268,106.6881377,10.7490054,106.6882437,1.0,50.0,,,,,,,0.0,0.0,0.0,1.0,900.0,0.0,0,A,,,,,,,,,,,0.000427,162.0466284530322,0.03739381675089494,2603090916,0,0.0,0.0,0.0,3,9,Weekday
d5e1b6c3d3515823a2ffdbca37045835,Vạn Kiếp,10.7504541,106.6597273,10.7502217,106.659871,1.0,50.0,,,,,,,0.0,0.0,0.0,1.0,900.0,0.0,0,A,,,,,,,,,,,0.000376,148.7222127818028,0.030130830626138583,2603090916,0,0.0,0.0,0.0,4,9,Weekday
ce594929665cfa4da77b08cbace9a6ae,Ni Sư Huỳnh Liên,10.782654,106.6494573,10.7821504,106.6497547,1.0,30.0,,tertiary,asphalt,,,,0.0,0.0,0.0,1.0,900.0,0.0,0,A,,,,,,,,,,,0.000801,149.881018016032,0.06450539086950668,2603090916,0,0.0,0.0,0.0,3,9,Weekday
463837a37b7889b8a27a02938ccee6d3,Hòa Bình,10.7695756,106.6353005,10.7723027,106.6257843,1.0,50.0,,,,,,,0.0,0.0,0.0,1.0,900.0,0.0,0,A,,,,,,,,,,,0.012243,286.2635847324557,1.0836294523694114,2603090916,0,0.0,0.0,-0.6459772743066498,4,9,Weekday
40077c6e55abef8381d592f810bc7d01,Đường số 54,10.7496063,106.5941698,10.7496222,106.594239,1.0,50.0,,,,,,,0.0,0.0,0.0,1.0,900.0,0.0,0,A,,,,,,,,,,,8.5e-05,76.8366578122401,0.0077706560406822734,2603090916,0,0.0,0.0,0.0,1,9,Weekday
ae185ee676c6ee10a1f28a338e15dbca,Cầu vượt Cộng Hòa - Hoàng Hoa Thám,10.8020955,106.6450548,10.8017925,106.6479549,1.0,50.0,,,,,,,0.0,0.0,0.0,1.0,900.0,0.0,0,A,,,,,,,,,,,0.003203,96.07109966639831,0.3189205524736799,2603090916,0,0.0,0.0,0.31355771594009413,2,9,Weekday
043c55268d1b36486b49db01a7cfe9de,Lê Trọng Tấn,10.8077236,106.621088,10.809165,106.6156148,1.0,50.0,,tertiary,,yes,,,0.0,0.0,0.0,1.0,900.0,0.0,0,A,,,,,,,,,,,0.006915,285.009237737445,0.619407212172693,2603090916,0,0.0,0.0,-0.645778725431564,3,9,Weekday
0a18a7c5a064407259fdcbe8fd300c3c,Minh Phụng,10.7626846,106.6446172,10.7535751,106.6430363,1.0,50.0,,service,,,,,0.0,0.0,0.0,1.0,900.0,0.0,0,A,,,,,,,,,,,0.01069,189.6756929110762,1.0223573535425674,2603090916,0,0.0,0.0,-0.9781315667510025,4,9,Weekday
2a2bdd55372e1f53cafe4e2e4e7f1833,Đường Hoàng Trọng Hậu,10.7400283,106.6961929,10.7400256,106.6961154,1.0,50.0,,,,,,,0.0,0.0,0.0,1.0,900.0,0.0,0,A,,,,,,,,,,,8e-05,267.9691574994944,0.008482380220686887,2603090916,0,0.0,0.0,0.0,1,9,Weekday
5ca5ace82973143bf368482396401d12,Phường Bình Thắng,10.8853354,106.8049329,10.8852651,106.8048936,1.0,50.0,,,,,,,0.0,0.0,0.0,1.0,900.0,0.0,0,A,,,,,,,,,,,0.00011,208.76565170475817,0.008884246168922439,2603090916,0,0.0,0.0,0.0,3,9,Weekday
38b68e4bfe46f142d77488b621cd805c,Nguyễn Thị Định,10.7682878,106.7773201,10.7636062,106.7826284,1.0,50.0,,,,,,,0.0,0.0,0.0,1.0,900.0,0.0,0,A,,,,,,,,,,,0.00999,131.91513517755294,0.7779731530778027,2603090916,0,0.0,0.0,0.0,3,9,Weekday
7e245d5e58ac1a12a41f9d890b876045,Tỉnh lộ 43,10.8770572,106.7319907,10.8772691,106.7319664,1.0,50.0,,,,,,,0.0,0.0,0.0,1.0,900.0,0.0,0,A,,,,,,,,,,,0.000236,353.57462679958905,0.023589160117491483,2603090916,0,0.0,0.0,0.0,4,9,Weekday
f3bad4165c5bafb5cf3faa190886fe6d,Nguyễn Đức Thuận,10.8073545,106.6403983,10.8072353,106.6404336,1.0,50.0,,,,,,,0.0,0.0,0.0,1.0,900.0,0.0,0,A,,,,,,,,,,,0.000154,163.78089590768184,0.013738605052528897,2603090916,0,0.0,0.0,0.0,5,9,Weekday
f27d392adb5daeb407269666383bc04f,Nguyễn Thông,10.781667,106.679297,10.7781284,106.6843698,1.0,50.0,,,,,,,0.0,0.0,0.0,1.0,900.0,0.0,0,A,,,,,,,,,,,0.008611,125.3778794149083,0.678977547745854,2603090916,0,0.0,0.0,0.29456055014482074,1,9,Weekday
ec236910415bc7dd690175f42168ccbf,Lưu Hữu Phước,10.7232019,106.6337729,10.7231437,106.6337903,1.0,50.0,,,,,,,0.0,0.0,0.0,1.0,900.0,0.0,0,A,,,,,,,,,,,7.6e-05,163.62993386899996,0.0067131392456606645,2603090916,0,0.0,0.0,0.0,1,9,Weekday
dc93c8af5cdfc8db446940a3fa18c38c,Bến Bình Đông,10.7482848,106.6604156,10.7482848,106.6604156,1.0,50.0,,,,,,,0.0,0.0,0.0,1.0,900.0,0.0,0,A,,,,,,,,,,,0.0,0.0,0.0,2603090916,0,0.0,0.0,0.0,4,9,Weekday
268a920a92850452241197e08b870a5f,Trần Hưng Ðạo,10.7520028,106.6580656,10.752179,106.6632877,1.0,50.0,,,,,,,0.0,0.0,0.0,1.0,900.0,0.0,0,A,,,,,,,,,,,0.005398,88.03250970074384,0.5715145636010752,2603090916,0,0.0,0.0,0.8748683442982333,3,9,Weekday
f1469859905d62780f9d5b0fe682cbf3,Trịnh Đình Trọng,10.7760645,106.6384349,10.7751926,106.6464389,1.0,50.0,,,,,,,0.0,0.0,0.0,1.0,900.0,0.0,0,A,,,,,,,,,,,0.008876,96.32683514771037,0.8806891462487514,2603090916,0,0.0,0.0,-2.611591172432098,3,9,Weekday
15f24a7106f91fb8dc5c821160cf281c,Kênh Tân Hoá,10.7693744,106.6355574,10.7786413,106.6399809,1.0,50.0,,,,,,,0.0,0.0,0.0,1.0,900.0,0.0,0,A,,,,,,,,,,,0.01369,25.122855017068275,1.1334762459172913,2603090916,0,0.0,0.0,1.1469141984073477,3,9,Weekday
e254e5ddc7550b0040a2e8c4bcd412bd,Phạm Văn Đồng,10.8398287,106.7394746,10.8251409,106.710872,1.0,50.0,,,,,,,0.0,0.0,0.0,1.0,900.0,0.0,0,A,,,,,,,,,,,0.04329,242.4008092470402,3.524458345423547,2603090916,0,0.0,0.0,0.48234362088785154,4,9,Weekday
a2e04d8967f8dce219471f2da22f5c7e,Điện Biên Phủ,10.7973168,106.7040931,10.7938821,106.7008614,1.0,50.0,,,,,,,0.0,0.0,0.0,1.0,900.0,0.0,0,A,,,,,,,,,,,0.006666,222.74580645691745,0.5188944390615582,2603090916,0,0.0,0.0,-1.541739397798968,2,9,Weekday
a191a7aaf098683a1eae8f29a4000826,Hẻm 92 Vũ Huy Tấn,10.7958364,106.6927968,10.7973608,106.6925024,1.0,50.0,,,,,,,0.0,0.0,0.0,1.0,900.0,0.0,0,A,,,,,,,,,,,0.001819,349.25828985081375,0.1716650863040787,2603090916,0,0.0,0.0,1.1650592692198942,5,9,Weekday
bbf44e86b20088618eb9b2fce9be05d0,Đường Quang Trung,10.8388107,106.6491032,10.8408842,106.6452271,1.0,50.0,,,,,,,0.0,0.0,0.0,1.0,900.0,0.0,0,A,,,,,,,,,,,0.00595,298.57588232245274,0.48191507046970744,2603090916,0,0.0,0.0,-0.41501088522727936,2,9,Weekday
edd1cb66ba061a4d7e7df40bdad581a4,3 Tháng 2,10.7580658,106.6494435,10.7711007,106.6734728,1.0,50.0,,,,,,,0.0,0.0,0.0,1.0,900.0,0.0,0,A,,,,,,,,,,,0.037064,61.09136239332747,2.9976867161454885,2603090916,0,0.0,0.0,0.23351339425491405,1,9,Weekday
71bd2c75bf9049e44b14c5bd0dca7e4f,Sư Vạn Hạnh,10.7740549,106.6683653,10.77004,106.6705481,1.0,50.0,,,,,,,0.0,0.0,0.0,1.0,900.0,0.0,0,A,,,,,,,,,,,0.006198,151.89336730732566,0.5042016031834343,2603090916,0,0.0,0.0,-0.39666672762886424,4,9,Weekday
eb7db68e1472770b808a2181c54828b9,Tên Lửa,10.7384659,106.6149043,10.7379148,106.6147828,1.0,50.0,,,,,,,0.0,0.0,0.0,1.0,900.0,0.0,0,A,,,,,,,,,,,0.000673,192.22189583284307,0.06239063745246039,2603090916,0,0.0,0.0,-1.6028045886884346,1,9,Weekday
c29f9b4d54e14426755e2655b11fdb46,Cầu Phú Mỹ,10.7428358,106.7400366,10.7449386,106.7441554,1.0,50.0,,,,,,,0.0,0.0,0.0,1.0,900.0,0.0,0,A,,,,,,,,,,,0.006222,62.54113897461633,0.5070181986626177,2603090916,0,0.0,0.0,1.1833894751364826,5,9,Weekday
e262dafe7f7172c778a551c4da58a45b,Cầu vượt Linh Xuân,10.8727455,106.766864,10.8739107,106.7634192,1.0,50.0,,,,,,,0.0,0.0,0.0,1.0,900.0,0.0,0,A,,,,,,,,,,,0.00461,289.00570660822603,0.39807635317266865,2603090916,0,0.0,0.0,-0.5024161782180728,5,9,Weekday
cc5be7e76be8a1d08ff6d85023d05241,Gò Dưa,10.8691182,106.73608,10.8665765,106.7267906,1.0,50.0,,,,,,,0.0,0.0,0.0,1.0,900.0,0.0,0,A,,,,,,,,,,,0.011831,254.43251272174092,1.0538594686068292,2603090916,0,0.0,0.0,1.6131183052777893,3,9,Weekday
cdeed7be06733b87b81c81d61e056740,Hòa Hảo,10.761856,106.66843,10.761856,106.66843,1.0,50.0,,,,,,,0.0,0.0,0.0,1.0,900.0,0.0,0,A,,,,,,,,,,,0.0,0.0,0.0,2603090916,0,0.0,0.0,0.0,4,9,Weekday
7d6c0edb6c8b7560bfd6abbff04a7623,Quận Tân Bình,10.7902723,106.6523466,10.8117157,106.6648526,1.0,50.0,,,,,,,0.0,0.0,0.0,1.0,900.0,0.0,0,A,,,,,,,,,,,0.033949,29.806257755568765,2.73797696799543,2603090916,0,0.0,0.0,0.10956995018831024,5,9,Weekday
36d79d615f97d229fd55b5791a8c50b8,Phường Bình Chiểu,10.8878174,106.7287564,10.8878003,106.728711,1.5,50.0,,secondary,,,,ĐT.43,0.0,0.0,0.0,1.0,1350.0,0.0,0,A,,,,,,,,,,,6.2e-05,249.01536786896855,0.005311714770039345,2603090916,0,0.0,0.0,0.0,1,9,Weekday
06bcedd952eae18f7df052dc12bed073,Cầu An Lập,10.729901,106.602171,10.7277176,106.60178,1.0,50.0,,,,,,,0.0,0.0,0.0,1.0,900.0,0.0,0,A,,,,,,,,,,,0.002574,189.97898061240684,0.2452698096949974,2603090916,0,0.0,0.0,11.008285134471118,3,9,Weekday
6c7caac2b32332d6c200755c8743e122,Đất Thánh,10.7821462,106.6568445,10.7827199,106.6600419,1.0,50.0,,,,,,,0.0,0.0,0.0,1.0,900.0,0.0,0,A,,,,,,,,,,,0.003771,79.64862600931144,0.35540113014845864,2603090916,0,0.0,0.0,1.1254888239463714,3,9,Weekday
90498184b9db90ea772a2c8b99234878,Lê Văn Khương,10.8619111,106.6498425,10.8621838,106.6494524,1.0,50.0,,,,,,,0.0,0.0,0.0,1.0,900.0,0.0,0,A,,,,,,,,,,,0.000663,305.44346474629566,0.05224124880429115,2603090916,0,0.0,0.0,1.9141962010637443,2,9,Weekday
24224b237d06edbff728a49224140b7d,Mạc Cửu,10.750597,106.6592038,10.7506107,106.6592357,1.0,50.0,,,,,,,0.0,0.0,0.0,1.0,900.0,0.0,0,A,,,,,,,,,,,4.6e-05,66.38795500902938,0.0038040428287110933,2603090917,0,0.0,0.0,0.0,4,9,Weekday
295d4adfd20e4e1fd791b42819f8d8c0,Xa Lộ Hà Nội,10.8685319,106.804085,10.8752397,106.810076,1.0,50.0,,,,,,,0.0,0.0,0.0,1.0,900.0,0.0,0,A,,,,,,,,,,,0.012699,41.2537179636285,0.9897384021911239,2603090917,0,0.0,0.0,1.313478386937403,3,9,Weekday
a9b66452f50c1ce9f45f754a07a783c0,Đường Lê Hồng Phong,10.7709488,106.6730236,10.7709488,106.6730236,1.0,50.0,,,,,,,0.0,0.0,0.0,1.0,900.0,0.0,0,A,,,,,,,,,,,0.0,0.0,0.0,2603090917,0,0.0,0.0,0.0,3,9,Weekday
3f02cf00511ed6d52873fdc68a0c1b27,Nguyễn Thị Định,10.7636062,106.7826284,10.7581359,106.7889248,1.0,50.0,,,,,,,0.0,0.0,0.0,1.0,900.0,0.0,0,A,,,,,,,,,,,0.011767,131.48732784676707,0.9167286555715581,2603090917,0,0.0,0.0,0.10908353239776543,5,9,Weekday
ff7c5072968d5bc43e1e5191c4841701,Núi Thành,10.8009799,106.643124,10.8007478,106.6429183,1.0,50.0,,,,,,,0.0,0.0,0.0,1.0,900.0,0.0,0,A,,,,,,,,,,,0.000438,221.04139566119386,0.03413449489493328,2603090917,0,0.0,0.0,-2.9295878057607756,5,9,Weekday
89610f622ce413b575606101ef1063c9,Trần Quốc Toản,10.7893494,106.6892673,10.7831971,106.6863082,1.0,50.0,,,,,,,0.0,0.0,0.0,1.0,900.0,0.0,0,A,,,,,,,,,,,0.009111,205.2899242064433,0.7535562837651846,2603090917,0,0.0,0.0,-1.1943367992409293,5,9,Weekday
03a32720a21696ddc4450a75c1855641,Tống Văn Trân,10.7719941,106.6411857,10.769814,106.6444321,1.0,50.0,,,,,,,0.0,0.0,0.0,1.0,900.0,0.0,0,A,,,,,,,,,,,0.005427,124.35570486620668,0.42921015865219503,2603090917,0,0.0,0.0,0.23298609779884943,3,9,Weekday
d1af2b7b88243b91d552ea5321fc9744,Lê Hồng Phong,10.765331,106.6752404,10.761133,106.676833,1.0,50.0,,,,,,,0.0,0.0,0.0,1.0,900.0,0.0,0,A,,,,,,,,,,,0.005791,159.559579435317,0.4959494274785562,2603090917,0,0.0,0.0,-0.604900385761553,4,9,Weekday
87a568c59b758b2db8be0f3b70a3324d,Lạc Long Quân,10.7662165,106.6422433,10.761987,106.642118,1.0,50.0,,,,,,,0.0,0.0,0.0,1.0,900.0,0.0,0,A,,,,,,,,,,,0.004355,181.6670762762401,0.46803843903062015,2603090917,0,0.0,0.0,-1.0682883248554909,2,9,Weekday
be2d989e54855044a68776ff4b143463,Nguyễn Thượng Hiền,10.7770101,106.6820734,10.776852,106.6821788,1.0,50.0,,,,,,,0.0,0.0,0.0,1.0,900.0,0.0,0,A,,,,,,,,,,,0.000264,146.7788637003597,0.020945420529061485,2603090917,0,0.0,0.0,-4.774313309262584,4,9,Weekday
1df6c841bf4cb79d26287950faef5c2b,Nguyễn Đức Cảnh,10.7283976,106.7085848,10.7285196,106.7085817,1.0,50.0,,,,,,,0.0,0.0,0.0,1.0,900.0,0.0,0,A,,,,,,,,,,,0.000125,358.5698690566208,0.013499017001176398,2603090917,0,0.0,0.0,0.0,5,9,Weekday
fd6f15ac19a957141598dd378d42dddc,Trường Chinh,10.7936226,106.6519615,10.8152248,106.6323883,1.0,50.0,,,,,,,0.0,0.0,0.0,1.0,900.0,0.0,0,A,,,,,,,,,,,0.041175,318.3323613977312,3.2080254789629925,2603090917,0,0.0,0.0,0.09351546674653477,1,9,Weekday
3d4e866d3bc5c188f49992bb3a26fed2,Tô Hiệu,10.7723432,106.6271541,10.7732289,106.6274402,1.0,50.0,,,,,,,0.0,0.0,0.0,1.0,900.0,0.0,0,A,,,,,,,,,,,0.001172,17.605687466702534,0.10284571169954365,2603090917,0,0.0,0.0,0.9723302833679911,2,9,Weekday
cd9fcc3350c935d00f9ed0823e96e5d8,Phạm Văn Đồng,10.8270542,106.7181851,10.8344857,106.7294684,1.0,50.0,,,,,,,0.0,0.0,0.0,1.0,900.0,0.0,0,A,,,,,,,,,,,0.018715,56.15418155956229,1.4825792813113559,2603090917,0,0.0,0.0,1.2141003335807328,4,9,Weekday
b23cf7a2151170ab26baf9f070c25912,Thành Thái,10.7739209,106.6645769,10.7697668,106.6661869,1.0,50.0,,,,,,,0.0,0.0,0.0,1.0,900.0,0.0,0,A,,,,,,,,,,,0.005764,159.15603668570122,0.4920820970934338,2603090917,0,0.0,0.0,-0.4064362454584994,5,9,Weekday
402234c1d2a84ced442f14543e3612e0,Đoàn Văn Bơ,10.7633776,106.7037719,10.763364,106.7038326,1.0,50.0,,,,,,,0.0,0.0,0.0,1.0,900.0,0.0,0,A,,,,,,,,,,,7.4e-05,102.84742296007937,0.006807291102803345,2603090917,0,0.0,0.0,0.0,4,9,Weekday
9a8a0ab0d467f2a0b7a5ddaddc02581d,Hồng Hà,10.8134061,106.6652599,10.8140069,106.6747486,1.0,50.0,,,,,,,0.0,0.0,0.0,1.0,900.0,0.0,0,A,,,,,,,,,,,0.01009,86.31080601779144,1.0397685107789985,2603090917,0,0.0,0.0,-1.9235050679709396,4,9,Weekday
bde9b51245b2fe18d74551a3e3f686bf,Đường Song Hành Xa lộ Hà Nội,10.855961,106.7849851,10.8578137,106.788085,1.0,50.0,,,,,,,0.0,0.0,0.0,1.0,900.0,0.0,0,A,,,,,,,,,,,0.004953,58.67680473268331,0.3960810528853401,2603090917,0,0.0,0.0,1.5148414589114203,3,9,Weekday
4b05bc9df382de766da7daae86b359e4,An Phú Đông 10,10.8576365,106.6962199,10.8565038,106.6964506,1.0,50.0,,,,,,,0.0,0.0,0.0,1.0,900.0,0.0,0,A,,,,,,,,,,,0.001363,168.68856246342216,0.1278061052352744,2603090917,0,0.0,0.0,-0.782435235123651,5,9,Weekday
6302f25e3364b7773f9fdd4fd81402de,Phường Bình Hưng Hòa B,10.8045394,106.5779904,10.785662,106.5934583,1.0,50.0,,,,,,,0.0,0.0,0.0,1.0,900.0,0.0,0,A,,,,,,,,,,,0.034345,141.1684244167477,2.6873130324802896,2603090917,0,0.0,0.0,-0.11163567339347556,2,9,Weekday
ba7f7c3490fb2dcff2bca07b64fdd373,Công Trường Quách Thị Trang,10.7712269,106.6986125,10.7718767,106.6986499,1.0,50.0,,,,,,,0.0,0.0,0.0,1.0,900.0,0.0,0,A,,,,,,,,,,,0.000687,3.2361710707621683,0.07199267297516206,2603090917,0,0.0,0.0,0.0,4,9,Weekday
e28b4fd590f9e3807f503c1a41bf80ba,Cầu Phú Mỹ,10.7450815,106.7441524,10.7347762,106.7279543,1.0,50.0,,,,,,,0.0,0.0,0.0,1.0,900.0,0.0,0,A,,,,,,,,,,,0.026503,237.07654624288216,2.1067958973872525,2603090917,0,0.0,0.0,0.09493088544933587,1,9,Weekday
386ef53d909bc4061a83e53a1f50d4d7,Cầu vượt Lý Thái Tổ - Nguyễn Tri Phương,10.7666392,106.6652083,10.7692426,106.6699972,1.0,50.0,,,,,,,0.0,0.0,0.0,1.0,900.0,0.0,0,A,,,,,,,,,,,0.007392,61.04046238837293,0.5977157637072338,2603090917,0,0.0,0.0,1.1711252111846022,5,9,Weekday
3b1dafb6ae9c3305f6a35706e80af864,Hai Bà Trưng,10.7756896,106.7060815,10.7914566,106.6874653,1.0,50.0,,,,,,,0.0,0.0,0.0,1.0,900.0,0.0,0,A,,,,,,,,,,,0.034383,310.76885525429253,2.680842697454365,2603090918,0,0.0,0.0,1.0071460002348613,3,9,Weekday
b0f68ccf4a60e5a333d65ef16200c09e,Hàn Hải Nguyên,10.7579867,106.6492826,10.7582635,106.6457587,1.0,50.0,,,,,,,0.0,0.0,0.0,1.0,900.0,0.0,0,A,,,,,,,,,,,0.003801,274.57166670811785,0.3866431808170255,2603090918,0,0.0,0.0,-0.7759091971208762,3,9,Weekday
a1c7dfc7ad7a26b91c22095da511e84c,Quốc lộ 1K,10.8757339,106.766068,10.8833914,106.7705975,1.0,50.0,,,,,,,0.0,0.0,0.0,1.0,900.0,0.0,0,A,,,,,,,,,,,0.012187,30.15101204068742,0.9811691659228091,2603090918,0,0.0,0.0,1.223030687956216,4,9,Weekday
0fa29b6c488bc2c9af0fbfc042e9cd67,Xa Lộ Hà Nội,10.8043176,106.7516401,10.8603257,106.7918394,1.0,50.0,,,,,,,0.0,0.0,0.0,1.0,900.0,0.0,0,A,,,,,,,,,,,0.096207,35.17821205230524,7.596298149498573,2603090918,0,0.0,0.0,0.07898584128633836,2,9,Weekday
18c16b911059e72bf5ccfed832b3fa71,Đường Lý Thường Kiệt,10.773825,106.6615589,10.7758068,106.6566757,1.0,50.0,,,,,,,0.0,0.0,0.0,1.0,900.0,0.0,0,A,,,,,,,,,,,0.006865,292.4471512453768,0.5773121856148804,2603090918,0,0.0,0.0,-0.5196495197489686,3,9,Weekday
0c8c8deb6ff00aea42cec01b72e76bb8,Đường số 20,10.8292498,106.7225448,10.8292319,106.7225292,1.0,50.0,,,,,,,0.0,0.0,0.0,1.0,900.0,0.0,0,A,,,,,,,,,,,3.3e-05,220.56313403960093,0.002613481057333938,2603090918,0,0.0,0.0,0.0,4,9,Weekday
8f2c1be608e8e397156a1ce1e53da194,Lê Văn Lương,10.6893503,106.7024735,10.7410217,106.7037515,1.0,50.0,,,,,,,0.0,0.0,0.0,1.0,900.0,0.0,0,A,,,,,,,,,,,0.052949,1.392006883635247,5.717221052037002,2603090918,0,0.0,0.0,0.40229334830083713,5,9,Weekday
1184d7a8983d26d2dfdf9a31af40a31d,Nam Kỳ Khởi Nghĩa,10.7758374,106.6990601,10.7898473,106.683905,1.0,50.0,,,,,,,0.0,0.0,0.0,1.0,900.0,0.0,0,A,,,,,,,,,,,0.029165,313.2618855008798,2.269073307565568,2603090918,0,0.0,0.0,-0.0881417093635353,4,9,Weekday
aa55d5db7a80a888fe5daa8bcf5af867,Nguyễn Tri Phương,10.7546206,106.6696106,10.7522326,106.6695017,1.0,50.0,,,,,,,0.0,0.0,0.0,1.0,900.0,0.0,0,A,,,,,,,,,,,0.002497,182.56527120205757,0.2644121273906576,2603090918,0,0.0,0.0,-0.7563949580289431,1,9,Weekday
18fcbaee075713c5fc7d919b31f78ea7,Pasteur,10.7732727,106.7014834,10.7778266,106.6988251,1.0,50.0,,,,,,,0.0,0.0,0.0,1.0,900.0,0.0,0,A,,,,,,,,,,,0.007212,330.1682036034698,0.5816035242582889,2603090918,0,0.0,0.0,0.17193843542734485,2,9,Weekday
8752b5f9ee3b27a92176101fbf57a448,Trần Văn Trà,10.7229109,106.7191654,10.7230616,106.8257234,1.0,50.0,,,,,,,0.0,0.0,0.0,1.0,900.0,0.0,0,A,,,,,,,,,,,0.106709,89.90761611386063,11.656213704347802,2603090918,0,0.0,0.0,-0.11152849741551119,2,9,Weekday
8c8a5499ecc899d953ab6c1c66a1dab9,Tú Xương,10.7807024,106.6863035,10.782002,106.6876354,1.0,50.0,,,,,,,0.0,0.0,0.0,1.0,900.0,0.0,0,A,,,,,,,,,,,0.002632,45.192975153199654,0.20465472153261333,2603090918,0,0.0,0.0,1.4658836002090119,5,9,Weekday
e75804c942982977f006580ba5986f84,Lê Duẩn,10.7857663,106.7035568,10.7803753,106.6984806,1.0,50.0,,,,,,,0.0,0.0,0.0,1.0,900.0,0.0,0,A,,,,,,,,,,,0.010467,222.7686838309276,0.8147409336301014,2603090918,0,0.0,0.0,2.45476803416387,4,9,Weekday
03a32720a21696ddc4450a75c1855641,Lạc Long Quân,10.769814,106.6444321,10.7666571,106.6423879,1.0,50.0,,,,,,,0.0,0.0,0.0,1.0,900.0,0.0,0,A,,,,,,,,,,,0.005201,212.4619169721183,0.41463712952522014,2603090918,0,0.0,0.0,-1.2058736769968588,3,9,Weekday
3e121d99cb433ec1d4c82ffd2797d0c0,Nguyễn Sơn,10.7831843,106.6254206,10.7821283,106.6288258,1.0,50.0,,,,,,,0.0,0.0,0.0,1.0,900.0,0.0,0,A,,,,,,,,,,,0.004461,107.51994982740638,0.390304543255373,2603090918,0,0.0,0.0,0.5124203739261668,1,9,Weekday
f022a7d9fd692cd2af3ead98c7582eee,Nguyễn Ảnh Thủ,10.8552391,106.6071961,10.8551791,106.6071458,1.0,50.0,,,,,,,0.0,0.0,0.0,1.0,900.0,0.0,0,A,,,,,,,,,,,0.00011,219.465737578441,0.008619484090295856,2603090918,0,0.0,0.0,0.0,5,9,Weekday
aedfcc521095d7d7ff4a56ad4969f6c6,Trường Chinh,10.8373896,106.6187325,10.7959135,106.647854,1.0,50.0,,,,,,,0.0,0.0,0.0,1.0,900.0,0.0,0,A,,,,,,,,,,,0.070598,145.40508600678476,5.584755562783457,2603090918,0,0.0,0.0,0.30440007282122045,1,9,Weekday
9eb7d002bf67659a94abdec50d79d48d,Tô Ký,10.8599399,106.61763,10.8571859,106.6200389,1.0,50.0,,,,,,,0.0,0.0,0.0,1.0,900.0,0.0,0,A,,,,,,,,,,,0.005163,139.33619904449085,0.40270644649233883,2603090918,0,0.0,0.0,0.24831983910618233,4,9,Weekday
03623143fab66f59fb8fe2674244cb4e,Phạm Văn Đồng,10.8154234,106.6814749,10.8212703,106.6975926,1.0,50.0,,,,,,,0.0,0.0,0.0,1.0,900.0,0.0,0,A,,,,,,,,,,,0.021965,69.72795591389166,1.8774464406447864,2603090918,0,0.0,0.0,-0.4261106909261548,1,9,Weekday
46831dc8e0a786041740e6698f0993b3,THOI TAM THÔN 5,10.8842932,106.6105297,10.8842093,106.6106839,1.0,50.0,,,,,,,0.0,0.0,0.0,1.0,900.0,0.0,0,A,,,,,,,,,,,0.000238,118.98932537872889,0.019244295779594824,2603090918,0,0.0,0.0,0.0,2,9,Weekday
b51d890ee4138f4e7c8443b9ee5e5f42,Đi ga trong nước,10.8122766,106.6650353,10.8134346,106.6646772,1.0,50.0,,,,,,,0.0,0.0,0.0,1.0,900.0,0.0,0,A,,,,,,,,,,,0.001516,343.10389751329967,0.13394272023345877,2603090919,0,0.0,0.0,0.0,5,9,Weekday
891155b080f1b2e957bcf8c288024008,Hẻm 995 Hồng Bàng,10.7546298,106.636522,10.7543494,106.6365345,1.0,50.0,,,,,,,0.0,0.0,0.0,1.0,900.0,0.0,0,A,,,,,,,,,,,0.000293,177.49226544147325,0.03104599037453554,2603090919,0,0.0,0.0,0.0,4,9,Weekday
d0b2b9f739a02c5eafe8b523b345e902,Đường Sư Vạn Hạnh,10.7697703,106.6710427,10.769677,106.6710665,1.0,50.0,,,,,,,0.0,0.0,0.0,1.0,900.0,0.0,0,A,,,,,,,,,,,0.000117,165.9315134651057,0.010643416700871284,2603090919,0,0.0,0.0,0.0,1,9,Weekday
aab2cd3298bfd52af9f00a38ef2e5f6a,An Phú Đông,10.8581333,106.6884983,10.8580682,106.688522,1.0,50.0,,,,,,,0.0,0.0,0.0,1.0,900.0,0.0,0,A,,,,,,,,,,,8.9e-05,160.32612168372327,0.007653023712051052,2603090919,0,0.0,0.0,0.0,2,9,Weekday
713803d72db3be4d1ed05f4689594598,Phường An Bình,10.8753861,106.7588382,10.8750874,106.7505911,1.0,50.0,,,,,,,0.0,0.0,0.0,1.0,900.0,0.0,0,A,,,,,,,,,,,0.008546,267.8886002317484,0.9022874677364008,2603090919,0,0.0,0.0,2.438247319913702,4,9,Weekday
416ab8efe59b1653f203084e57cf715e,Cây Bàng,10.7187059,106.5920538,10.7189172,106.5920047,1.0,50.0,,,,,,,0.0,0.0,0.0,1.0,900.0,0.0,0,A,,,,,,,,,,,0.00026,347.13888071724546,0.023981661475404946,2603090919,0,0.0,0.0,0.0,3,9,Weekday
2cfd46861fadbb0b9d44d4cf99a2ab51,Cầu Phú Mỹ,10.7342194,106.7271372,10.7399509,106.7344584,1.0,50.0,,,,,,,0.0,0.0,0.0,1.0,900.0,0.0,0,A,,,,,,,,,,,0.013053,51.45099928953073,1.0213886749405292,2603090919,0,0.0,0.0,1.1748710647000962,1,9,Weekday
ac1c4efbeecd268d1562a4cfe1d97564,Cầu vượt Lý Thái Tổ - Nguyễn Tri Phương,10.7692426,106.6699972,10.7681372,106.667887,1.0,50.0,,,,,,,0.0,0.0,0.0,1.0,900.0,0.0,0,A,,,,,,,,,,,0.003216,241.93245382963585,0.2611846164244171,2603090919,0,0.0,0.0,-1.1486128245490121,1,9,Weekday
a828dad6ef44da85028cdabab924f10c,Hai Bà Trưng,10.7916908,106.6871714,10.7821327,106.6989225,1.0,50.0,,,,,,,0.0,0.0,0.0,1.0,900.0,0.0,0,A,,,,,,,,,,,0.021309,129.623999703079,1.664158749157409,2603090919,0,0.0,0.0,-1.6825317905624606,3,9,Weekday
4be0bd6ff2e3ba57c460743447aaf5e4,Hưng Nhơn,10.7159649,106.5856745,10.7117174,106.5985988,1.0,50.0,,,,,,,0.0,0.0,0.0,1.0,900.0,0.0,0,A,,,,,,,,,,,0.017172,108.49260324610435,1.4898310411982987,2603090919,0,0.0,0.0,0.6040953471315199,4,9,Weekday
effeb9ef423badbcb38fb35e6244d543,Quách Thị Trang,10.7130085,106.8474689,10.7086939,106.8475454,1.0,50.0,,,,,,,0.0,0.0,0.0,1.0,900.0,0.0,0,A,,,,,,,,,,,0.004391,179.00191034112288,0.477322659252113,2603090919,0,0.0,0.0,-1.0475094578233908,5,9,Weekday
6989a713b71ab4d11d83bf019852bb1a,Xa lộ Hà Nội,10.8557659,106.7838587,10.8069194,106.7548299,1.0,50.0,,,,,,,0.0,0.0,0.0,1.0,900.0,0.0,0,A,,,,,,,,,,,0.077875,210.27478417014785,6.266524386997125,2603090919,0,0.0,0.0,0.1914937094141002,2,9,Weekday
d3909245c1ca175af9d20da52ea53220,Đường N,10.7246478,106.7159815,10.7255698,106.715968,1.0,50.0,,,,,,,0.0,0.0,0.0,1.0,900.0,0.0,0,A,,,,,,,,,,,0.000935,359.17578356541986,0.10199563758598301,2603090919,0,0.0,0.0,0.9804340888177625,3,9,Weekday
78740639d5410ec885bd93d91e8f95e8,Đường số 5,10.87865,106.7619572,10.8060161,106.6057636,1.0,50.0,,,,,,,0.0,0.0,0.0,1.0,900.0,0.0,0,A,,,,,,,,,,,0.228827,244.678223725755,18.87439886316653,2603090919,0,0.0,0.0,0.0635781837980443,2,9,Weekday
6a45776a0cbbd487c673a10dbb3910df,Lê Văn Quới,10.7735866,106.6215672,10.7762952,106.6093332,1.0,50.0,,,,,,,0.0,0.0,0.0,1.0,900.0,0.0,0,A,,,,,,,,,,,0.014943,282.7018616766393,1.371161198285025,2603090919,0,0.0,0.0,1.5315485900757457,3,9,Weekday
a11e287ce64ba3fae05bc7620867b62e,Nam Kỳ Khởi Nghĩa,10.7898473,106.683905,10.781312,106.6931176,1.0,50.0,,,,,,,0.0,0.0,0.0,1.0,900.0,0.0,0,A,,,,,,,,,,,0.017748,133.3231021635297,1.3807604668970235,2603090919,0,0.0,0.0,0.14484771601946214,4,9,Weekday
5d212d7c449189e142f8a351a928feed,Nguyễn Trãi,10.7532859,106.6628252,10.7548304,106.6708395,1.0,50.0,,,,,,,0.0,0.0,0.0,1.0,900.0,0.0,0,A,,,,,,,,,,,0.009559,78.90085260323434,0.8930743042691416,2603090919,0,0.0,0.0,-2.3514280838239556,2,9,Weekday
cd6d7444c4b39c9db881d0f8dbb3f3c4,Phan Thúc Duyện,10.8052601,106.6589142,10.8026411,106.6635788,1.0,50.0,,,,,,,0.0,0.0,0.0,1.0,900.0,0.0,0,A,,,,,,,,,,,0.007284,119.75162491303502,0.5866369432581906,2603090919,0,0.0,0.0,0.3409263639095024,2,9,Weekday
a13da71a21bb4eeb4c4f80885a4aac94,Trần Văn Mười,10.8496569,106.5879562,10.8777391,106.5913288,1.0,50.0,,,,,,,0.0,0.0,0.0,1.0,900.0,0.0,0,A,,,,,,,,,,,0.031455,6.72636077942235,3.128087858772376,2603090919,0,0.0,0.0,0.06393682307839345,3,9,Weekday
48172140970e69de3ba55a2a5a6b7508,Vòng xoay,10.8207283,106.6940372,10.8204546,106.6941876,1.0,50.0,,,,,,,0.0,0.0,0.0,1.0,900.0,0.0,0,A,,,,,,,,,,,0.000424,151.64263231830228,0.03445378601503133,2603090919,0,0.0,0.0,0.0,3,9,Weekday
eaa1d8a0b5ee7587a574cab4779e8069,Kênh 10,10.708894,106.5725739,10.7087587,106.5725888,1.0,50.0,,,,,,,0.0,0.0,0.0,1.0,900.0,0.0,0,A,,,,,,,,,,,0.00015,173.82418224669982,0.015054387547963179,2603090920,0,0.0,0.0,0.0,5,9,Weekday
a2a384a5d9ebe91eaeef7cef06f8e9fe,Lạc Long Quân,10.7832411,106.6506569,10.7795043,106.6499053,1.0,50.0,,,,,,,0.0,0.0,0.0,1.0,900.0,0.0,0,A,,,,,,,,,,,0.004488,191.17685272177695,0.42143350200138363,2603090920,0,0.0,0.0,-1.186426797170858,1,9,Weekday
b175b6ff434be2701bac1e919bbacf62,Nguyễn Nhược Thị,10.7369895,106.6402431,10.7369774,106.6403352,1.0,50.0,,,,,,,0.0,0.0,0.0,1.0,900.0,0.0,0,A,,,,,,,,,,,0.000104,97.61640140965187,0.010162721130846285,2603090920,0,0.0,0.0,0.0,3,9,Weekday
3ff2b88cd61445ae362d9d551f4378d6,Ngô Chí Quốc,10.8740594,106.730453,10.8738081,106.7302504,1.0,50.0,,,,,,,0.0,0.0,0.0,1.0,900.0,0.0,0,A,,,,,,,,,,,0.000454,218.36980444836806,0.03554369807584932,2603090920,0,0.0,0.0,-2.813438258073277,4,9,Weekday
018c801b805c535de3e65e1877a42922,Trường Chinh,10.8311999,106.6227295,10.8373896,106.6187325,1.0,50.0,,,,,,,0.0,0.0,0.0,1.0,900.0,0.0,0,A,,,,,,,,,,,0.010187,327.61588535058974,0.8122751235406859,2603090920,0,0.0,0.0,0.24622199326775548,4,9,Weekday
6809c850a7deedba242b8f5915efc051,Tô Hiến Thành,10.7703883,106.6581461,10.7736176,106.6614007,1.0,50.0,,,,,,,0.0,0.0,0.0,1.0,900.0,0.0,0,A,,,,,,,,,,,0.006484,44.713954430404215,0.5042814860044006,2603090920,0,0.0,0.0,1.1898116759233237,1,9,Weekday
c3477bb2b37f7db67b508b7d2d3ae845,Phạm Thế Hiển,10.7404244,106.6548139,10.7508219,106.6874216,1.0,50.0,,,,,,,0.0,0.0,0.0,1.0,900.0,0.0,0,A,,,,,,,,,,,0.043005,72.01572620446262,3.7474818195628083,2603090920,0,0.0,0.0,0.346899614886367,5,9,Weekday
de3f61bf66722bfe12fa74c4e6f9ad41,Thiên Phước,10.778088,106.6555539,10.7756928,106.6532873,1.0,50.0,,,,,,,0.0,0.0,0.0,1.0,900.0,0.0,0,A,,,,,,,,,,,0.004662,222.911329087395,0.3628301317796972,2603090920,0,0.0,0.0,-1.3780553383134935,3,9,Weekday
bcdfbeb63259abe653c415f33f8e1fb7,Ðiện Biên Phủ,10.78553,106.6927956,10.7780742,106.685171,1.0,50.0,,,,,,,0.0,0.0,0.0,1.0,900.0,0.0,0,A,,,,,,,,,,,0.01508,225.1318240600835,1.1728183272241064,2603090920,0,0.0,0.0,-1.1937057662746455,5,9,Weekday
9fa001dd3f2515350b7880710a8941ba,Hẻm Số 354,10.775411,106.6582765,10.7755941,106.6584192,1.0,50.0,,,,,,,0.0,0.0,0.0,1.0,900.0,0.0,0,A,,,,,,,,,,,0.000326,37.43813862853432,0.02556899369540976,2603090920,0,0.0,0.0,0.0,1,9,Weekday
1171672493fa5b8fbd4b784a3056fee0,Đường Song Hành Xa lộ Hà Nội,10.8389857,106.768291,10.8488622,106.7742039,1.0,50.0,,,,,,,0.0,0.0,0.0,1.0,900.0,0.0,0,A,,,,,,,,,,,0.015789,30.454684018968294,1.2694569475026742,2603090920,0,0.0,0.0,1.2603814592905913,4,9,Weekday
23ca8c92801f0a4f7f82ded1b866419e,An Dương Vương,10.7566251,106.6697746,10.7566534,106.669461,1.0,50.0,,,,,,,0.0,0.0,0.0,1.0,900.0,0.0,0,A,,,,,,,,,,,0.000342,275.24828410350057,0.03444292987896847,2603090920,0,0.0,0.0,0.0,2,9,Weekday
c15265178536469ed1ba284720b67dff,Phường An Lạc A,10.7414323,106.61846,10.7413924,106.6184129,1.0,50.0,,,,,,,0.0,0.0,0.0,1.0,900.0,0.0,0,A,,,,,,,,,,,8.7e-05,229.23072339706363,0.006783835068822589,2603090920,0,0.0,0.0,0.0,4,9,Weekday
08b37e00c3769c01cfc9a831308cd3a7,Cầu 15B,10.7132819,106.7312394,10.7131905,106.7313098,1.0,50.0,,,,,,,0.0,0.0,0.0,1.0,900.0,0.0,0,A,,,,,,,,,,,0.000162,142.88099958332907,0.012709063116398153,2603090920,0,0.0,0.0,0.0,5,9,Weekday
3be79d9a97f6122a70000c3736d01667,Cầu Rạch Chiếc 1,10.8099607,106.7563406,10.815571,106.7575697,1.0,50.0,,,,,,,0.0,0.0,0.0,1.0,900.0,0.0,0,A,,,,,,,,,,,0.006839,12.144144888576022,0.6349631265850332,2603090920,0,0.0,0.0,-3.6222575826881314,3,9,Weekday
8c90c50b1eaab6b587c3385563ac3655,Cầu vượt Ngã Sáu Gò Vấp,10.8280378,106.6792404,10.8260016,106.6798526,1.0,50.0,,,,,,,0.0,0.0,0.0,1.0,900.0,0.0,0,A,,,,,,,,,,,0.002648,163.547755378984,0.23496944318132734,2603090920,0,0.0,0.0,-0.8511745071705293,5,9,Weekday
1653868880a3e514ebcf372bc5775689,Hai Bà Trưng,10.7821327,106.6989225,10.78789,106.6919402,1.0,50.0,,,,,,,0.0,0.0,0.0,1.0,900.0,0.0,0,A,,,,,,,,,,,0.01274,310.0101808943964,0.9943245874577551,2603090920,0,0.0,0.0,2.8159818587599403,4,9,Weekday
ed773c718824bb9cf5fdf2546d338ab7,Hương Lộ 2,10.7735855,106.6211738,10.773618,106.6212579,1.0,50.0,,,,,,,0.0,0.0,0.0,1.0,900.0,0.0,0,A,,,,,,,,,,,0.000117,68.52637753047941,0.009875584621075182,2603090920,0,0.0,0.0,0.0,1,9,Weekday
f804c0bf2888c95589c44831e208fc2d,Quách Thị Trang,10.7047386,106.8353721,10.7048398,106.8345554,1.0,50.0,,,,,,,0.0,0.0,0.0,1.0,900.0,0.0,0,A,,,,,,,,,,,0.000918,277.187586837696,0.0900413161610143,2603090920,0,0.0,0.0,-1.1106012691015903,5,9,Weekday
b4bf24f08221cf29789dd8670dd2c61a,Xa Lộ Hà Nội,10.8385833,106.7675662,10.8633078,106.7965925,1.0,50.0,,,,,,,0.0,0.0,0.0,1.0,900.0,0.0,0,A,,,,,,,,,,,0.053751,49.06205020619922,4.1895681233152064,2603090920,0,0.0,0.0,0.5728514083931112,3,9,Weekday
b11770597d1bb3722013241f37a0ca4f,Đường Hải Thượng Lãn Ông,10.750916,106.6564736,10.7504187,106.6633972,1.0,50.0,,,,,,,0.0,0.0,0.0,1.0,900.0,0.0,0,A,,,,,,,,,,,0.007421,94.18080953957565,0.75928730964239,2603090921,0,0.0,0.0,0.9219171598293758,3,9,Weekday
688c357e30b10ba3575a4c7e85dff567,Đường số 18B,10.7796339,106.5996935,10.7796381,106.5996261,1.0,50.0,,,,,,,0.0,0.0,0.0,1.0,900.0,0.0,0,A,,,,,,,,,,,7.2e-05,273.6296383576367,0.007386023658790151,2603090921,0,0.0,0.0,0.0,4,9,Weekday
1b127c204972f9807d164c34f0723bfc,Lê Văn Ninh,10.8510377,106.7547163,10.8495638,106.7534794,1.0,50.0,,,,,,,0.0,0.0,0.0,1.0,900.0,0.0,0,A,,,,,,,,,,,0.002711,219.49543509823235,0.21182835964297686,2603090921,0,0.0,0.0,-1.4162409627569736,3,9,Weekday
0a18a7c5a064407259fdcbe8fd300c3c,Minh Phụng,10.7577151,106.6438018,10.7626846,106.6446172,1.0,50.0,,,,,,,0.0,0.0,0.0,1.0,900.0,0.0,0,A,,,,,,,,,,,0.005785,9.156997346191417,0.5568790863493209,2603090921,0,0.0,0.0,1.0774331712353624,5,9,Weekday
0227b4a3e4d032515da44a51acb1821b,Nguyễn Trãi,10.7563856,106.6762478,10.7527545,106.6535477,1.0,50.0,,,,,,,0.0,0.0,0.0,1.0,900.0,0.0,0,A,,,,,,,,,,,0.026331,260.7543983573348,2.5151449971516326,2603090921,0,0.0,0.0,0.11927741754043839,1,9,Weekday
df0613230b902b46a833311e4547b083,Phan Văn Hớn,10.8274348,106.6249037,10.8389566,106.6008101,1.0,50.0,,,,,,,0.0,0.0,0.0,1.0,900.0,0.0,0,A,,,,,,,,,,,0.035615,295.9631137548984,2.9266675465194285,2603090921,0,0.0,0.0,0.5808654290172943,2,9,Weekday
d619daa10f574702b0448f44d5ce36da,Trần Văn Ðang,10.7822564,106.6795303,10.7830627,106.6784842,1.0,50.0,,,,,,,0.0,0.0,0.0,1.0,900.0,0.0,0,A,,,,,,,,,,,0.001852,308.1185714535737,0.14506456564265166,2603090921,0,0.0,0.0,0.0,3,9,Weekday
4978590a182110740fd4defcabb9d463,Vòng xoay An Lạc,10.7237483,106.6010824,10.7238063,106.6010908,1.0,50.0,,,,,,,0.0,0.0,0.0,1.0,900.0,0.0,0,A,,,,,,,,,,,6.6e-05,8.098718386147482,0.006481005777501863,2603090921,0,0.0,0.0,0.0,5,9,Weekday
2a8257ef6c5135d11434e257b932e9df,Khánh Hội,10.7606879,106.6977387,10.7565916,106.7008416,1.0,50.0,,,,,,,0.0,0.0,0.0,1.0,900.0,0.0,0,A,,,,,,,,,,,0.007199,143.3440634970902,0.5661120184551081,2603090921,0,0.0,0.0,-0.1766434852821092,1,9,Weekday
0298386c40b7286dcdc99a7a06cc6d05,Lý Tự Trọng,10.7779424,106.7010583,10.7818664,106.7046426,1.0,50.0,,,,,,,0.0,0.0,0.0,1.0,900.0,0.0,0,A,,,,,,,,,,,0.007508,41.90163611186,0.5848636141316033,2603090921,0,0.0,0.0,-3.9325407572413367,3,9,Weekday
9150048419d1d6f8304dcb8a866e0322,Nguyễn Thiện Thuật,10.7680707,106.679824,10.7676816,106.6802989,1.0,50.0,,,,,,,0.0,0.0,0.0,1.0,900.0,0.0,0,A,,,,,,,,,,,0.000864,129.82858918761417,0.06745556338272736,2603090921,0,0.0,0.0,0.0,3,9,Weekday
18d7ce6ec8a1000b894ff94bbc417c96,Ngô Gia Tự,10.7618189,106.6702758,10.7563976,106.666426,1.0,50.0,,,,,,,0.0,0.0,0.0,1.0,900.0,0.0,0,A,,,,,,,,,,,0.009271,214.9015826346088,0.7327360450100446,2603090921,0,0.0,0.0,-1.2282731361846166,2,9,Weekday
ea3dc7f553e0877e391a9fd3277bc05f,Trường Sa,10.7925479,106.6855754,10.7939608,106.7006919,1.0,50.0,,,,,,,0.0,0.0,0.0,1.0,900.0,0.0,0,A,,,,,,,,,,,0.016529,84.56321586559437,1.6605567930359535,2603090921,0,0.0,0.0,-0.8430907066059546,1,9,Weekday
bb3f58781f1ee1bbeb010061756571cd,Tôn Thất Hiệp,10.7657693,106.6544961,10.7626655,106.6522037,1.0,50.0,,,,,,,0.0,0.0,0.0,1.0,900.0,0.0,0,A,,,,,,,,,,,0.005396,215.96419794020264,0.4251276526140337,2603090921,0,0.0,0.0,-1.1761173307019426,1,9,Weekday
c5ba02c38f7cc53873ee9f364b07a153,Phạm Văn Đồng,10.8344857,106.7294684,10.8156051,106.6818266,1.0,50.0,,,,,,,0.0,0.0,0.0,1.0,900.0,0.0,0,A,,,,,,,,,,,0.066522,248.03123060451128,5.6127189350058035,2603090921,0,0.0,0.0,-0.12471673855503265,1,9,Weekday
bdce1bfc0b89165c9a039761cedcc781,Thuận Kiều,10.7597225,106.6587965,10.7552474,106.6584197,1.0,50.0,,,,,,,0.0,0.0,0.0,1.0,900.0,0.0,0,A,,,,,,,,,,,0.004852,184.72874873445062,0.49671678174303274,2603090921,0,0.0,0.0,-0.80528787168486,5,9,Weekday
5ed1d84c0052c947a404073cd8ce65e0,Âu Cơ,10.7722809,106.6496421,10.7750261,106.6477936,1.0,50.0,,,,,,,0.0,0.0,0.0,1.0,900.0,0.0,0,A,,,,,,,,,,,0.004594,326.51601208532355,0.364800411455354,2603090921,0,0.0,0.0,0.2741224978367067,4,9,Weekday
115016d4642e2c221204dff826979d47,Hồ Văn Huê,10.8045481,106.677625,10.8054457,106.6781072,1.0,50.0,,,,,,,0.0,0.0,0.0,1.0,900.0,0.0,0,A,,,,,,,,,,,0.00138,27.819942016969208,0.11242134121412418,2603090921,0,0.0,0.0,1.7790216505162346,4,9,Weekday
fd91ff459d18d4e151ebe8f48a7c84f1,Đường Số 10,10.7775374,106.7646391,10.7776559,106.7647651,1.0,50.0,,,,,,,0.0,0.0,0.0,1.0,900.0,0.0,0,A,,,,,,,,,,,0.000245,46.247838127447096,0.019018713088799134,2603090921,0,0.0,0.0,0.0,3,9,Weekday
