segmentId,name,name_vn,lat_start,lon_start,lat_end,lon_end,laneCount,speedLimit,frc,roadType,surface,oneway,width,ref,currentSpeed,freeFlowSpeed,jamFactor,congestionIndex,trafficVolume,occupancy,incidentFlag,LOS,crossTime,busRoute,bicycleLane,sidewalk,bridgeTunnel,maxHeight,maxWeight,barrier,lit,crossing,curvatureIndex,bearing,lengthKm,timeStamp,dayOfWeek
a7e8464abc9a8b7fa8ccfdb1d8c3e6bd,Lý Thái Tổ,Đường Lý Thái Tổ,10.7461614,106.7956925,10.7443127,106.8027109,2.0,50.0,FRC4,primary,,,,ĐT.769B,43.0,43.0,0.0,1.0,720.0,0.0,0,A,41.860465116279066,,,,,,,,,,0.008867,105.0078700560266,0.7944437990509825,2512202200,5
2081ddc5bbfb5ef4adab6c91085293d4,Đường Minh Phụng,Đường Minh Phụng,10.7618932,106.6444788,10.7618644,106.6445646,1.0,50.0,FRC4,service,,,,,23.5,30.0,0.0,0.7833333333333333,750.0,21.666666666666668,0,B,76.59574468085106,,,,,,,,,,0.000115,108.86394527303612,0.009910288576535,2512202200,5
5e821e35fcda063be2bb55ed0cd66a70,Đường Liên Ấp 6-2,Đường Liên Ấp 6-2,10.8195165,106.5507126,10.8195126,106.5508201,1.0,50.0,FRC3,tertiary,,,,,38.0,42.0,0.0,0.9047619047619048,531.43,9.523809523809524,0,A,47.368421052631575,,,,,,,,,,0.000111,92.11528583731206,0.011763414459228,2512202200,5
b07cddff21e96635b34fd7221a0b4c62,Hồng Bàng,Đường Hồng Bàng,10.7550108,106.6603376,10.7534697,106.6530134,2.0,50.0,FRC2,tertiary,asphalt,yes,,,30.5,35.0,0.0,0.8714285714285714,1182.86,12.857142857142856,0,B,59.01639344262296,,,,,,,,,,0.008865,257.9120637733799,0.8190355394235358,2512202200,5
4acc35dfc56bacf61b6804ae09abdd9c,Lê Văn Việt,Hẻm 248 Xa Lộ Hà Nội,10.8486663,106.7744207,10.8484707,106.774693,3.0,50.0,FRC1,secondary,asphalt,yes,,,49.0,49.0,0.0,1.0,1080.0,0.0,0,A,36.73469387755102,,,,,,,,,,0.000468,126.18159469455236,0.0368050795314437,2512202200,5
1488e788120edf799c5d8df1e3c9fd78,Đường số 10,Đường Số 10,10.7414548,106.7099956,10.7498061,106.6287236,2.0,50.0,FRC4,tertiary,asphalt,yes,,,26.5,31.5,0.0,0.8412698412698413,1291.43,15.873015873015872,0,B,67.9245283018868,,,,,,,,,,0.089623,275.9785150520256,8.937414384343285,2512202200,5
6c4fef080a3fa7d2179b5e3f0ef490c6,Lý Chính Thắng,Đường Nam Kỳ Khởi Nghĩa,10.788335,106.6850959,10.7885356,106.6851801,3.0,60.0,FRC3,secondary,asphalt,yes,,,17.5,29.5,0.0,0.5932203389830508,3276.61,40.67796610169492,0,C,102.85714285714285,,,,,,,,,,0.000285,22.407417611106663,0.0240239190063426,2512202200,5
f6d6fdc8243654b3205cca9e58cd0e26,Ngô Quyền,Đường Ngô Quyền,10.7613478,106.6650929,10.756629,106.6661917,1.5,50.0,FRC4,residential,asphalt,yes,,,25.5,30.5,0.0,0.8360655737704918,982.62,16.393442622950815,0,B,70.58823529411765,,,,,,,,,,0.005818,167.1144940513077,0.5356178046849397,2512202200,5
e380c78f707437fc909242b77223c5c3,Đường số 18B,Đường Số 18B,10.7796339,106.5996935,10.7796381,106.5996261,1.0,50.0,FRC4,tertiary,,,,,28.5,33.0,0.0,0.8636363636363636,605.45,13.636363636363637,0,B,63.1578947368421,,,,,,,,,,7.2e-05,273.6296383576367,0.0073860236587901,2512202201,5
c130fe295990556b2f6683348393e9ca,Bắc Hải,Đường Thành Thái,10.7781305,106.6563416,10.7807392,106.6588525,1.5,50.0,FRC4,primary_link,asphalt,yes,,,27.5,31.5,0.0,0.873015873015873,882.86,12.698412698412698,0,B,65.45454545454545,,,,,,,,,,0.00512,43.395924985332215,0.3983423747729099,2512202201,5
d7f27be5c14169277ddc06ff1efcfaa9,Đường số 8,Đường Số 9A,10.7357728,106.6894218,10.7357633,106.6896458,2.0,50.0,FRC3,primary,asphalt,yes,,,23.0,33.5,0.0,0.6865671641791045,1848.36,31.343283582089555,0,C,78.26086956521739,,,,,,,,,,0.000233,92.47168958185568,0.02452448032415,2512202201,5
018afdc8dfe6405f1dceb1f30f73325d,Nguyễn Trãi,Đường Phú Hữu,10.7563856,106.6762478,10.7527545,106.6535477,1.5,50.0,FRC4,service,concrete,,,,24.0,31.0,0.0,0.7741935483870968,1149.68,22.580645161290324,0,B,75.0,,,,,,,,,,0.026331,260.7543983573348,2.5151449971516326,2512202201,5
d52d1561324c99a25f9400b5ad12ae71,Đường Phan Văn Trị,Đường Phan Văn Trị,10.83081,106.6778193,10.8308562,106.6777619,1.0,50.0,FRC3,residential,asphalt,,,,19.0,33.5,0.0,0.5671641791044776,1139.1,43.28358208955224,0,C,94.73684210526316,,,,,,,,,,0.000104,309.3338003871257,0.0080939492821181,2512202201,5
14be1c20c28108e1d0ee5b51f96f0b19,Kênh 10,Đường Cao Tốc Trung Lương,10.708894,106.5725739,10.7087587,106.5725888,3.0,60.0,FRC1,trunk,asphalt,yes,,,45.0,45.0,0.0,1.0,1080.0,0.0,0,A,40.0,,,,yes,,,,,,0.00015,173.82418224669982,0.0150543875479631,2512202202,5
ed7605973c49b176471c75042af01014,Lương Định Của,Đường Lương Định Của,10.7750334,106.7104127,10.7749435,106.7108802,1.0,50.0,FRC4,path,,,,,33.0,33.0,0.0,1.0,360.0,0.0,0,A,54.54545454545455,,,,,,,,,,0.000557,101.07559884334272,0.052088311382175,2512202202,5
cbadfd14b7db0b0b93dcc7c35c27bfea,Phường Thạnh Lộc,Đường Hà Huy Giáp,10.8587824,106.6796891,10.8587301,106.6795635,2.5,50.0,FRC3,primary,asphalt,yes,,,29.0,29.0,0.0,1.0,900.0,0.0,0,A,62.06896551724138,,,,,,,,,,0.000178,247.0234049063613,0.0149017758128695,2512202202,5
879656c05e81f52a10f4ca30dad28fa2,Trần Quý,Đường Trần Quý,10.7591573,106.6561005,10.7596357,106.6582987,2.0,50.0,FRC3,tertiary,asphalt,yes,,,21.0,30.5,0.0,0.6885245901639344,1841.31,31.14754098360656,0,C,85.71428571428571,,,no,,,,,,,0.002677,77.508945996612,0.2461831900573899,2512202203,5
7569516c09795e7aa477bfb1d0dd2468,Học Lạc,Đường Học Lạc,10.7519423,106.6544294,10.7516397,106.6544546,2.0,50.0,FRC4,tertiary,asphalt,,,,30.5,36.0,0.0,0.8472222222222222,1270.0,15.27777777777778,0,B,59.01639344262296,,,,,,,,,,0.000328,175.3226886434685,0.0335847704038934,2512202203,5
6ab60321f847c51e9299df7419d6dc51,Xuân Hồng,Đường Xuân Hồng,10.7944927,106.6525329,10.7937384,106.6517611,3.0,50.0,FRC2,primary,asphalt,yes,,,24.5,34.5,0.0,0.7101449275362319,2645.22,28.985507246376805,0,B,73.46938775510203,,,,,,,,,,0.001526,225.14569949813168,0.1186839819886138,2512202203,5
ed1ed85b3a4498dc0344c576708d092f,Quốc lộ 1K,Đường Quốc Lộ 1K,10.8757339,106.766068,10.8833914,106.7705975,2.0,50.0,FRC3,residential,asphalt,yes,,QL.1K,34.0,44.5,0.0,0.7640449438202247,1569.44,23.59550561797753,0,B,52.94117647058823,,,,,,,,,,0.012187,30.15101204068742,0.9811691659228092,2512202203,5
1e1e73a5851e5963e4ea83aa60ceacce,Quang Trung,Đường Quang Trung,10.8299958,106.6706701,10.835952,106.6605258,1.5,50.0,FRC4,primary,asphalt,yes,,,25.5,35.0,0.0,0.7285714285714285,1272.86,27.142857142857142,0,B,70.58823529411765,,,,,,,,,,0.0161,300.87196580818227,1.2901683967164497,2512202203,5
40077c6e55abef8381d592f810bc7d01,Đường số 54,Đường Trần Văn Giàu,10.7496063,106.5941698,10.7496222,106.594239,2.0,50.0,FRC1,secondary,asphalt,,,,52.0,52.0,0.0,1.0,720.0,0.0,0,A,34.61538461538462,,,,,,,,,,8.5e-05,76.8366578122401,0.0077706560406822,2512202204,5
ab4140bae34e4fa081cbfa58de1e6e37,Hương lộ 10,Đường Tỉnh Lộ 830C,10.6817688,106.5406723,10.681336,106.5412694,2.0,50.0,FRC4,secondary,asphalt,,,ĐT.830C,41.5,45.0,0.0,0.9222222222222224,1000.0,7.777777777777772,0,A,43.373493975903614,,,,,,,,,,0.00103,126.41308932186536,0.0809885106477968,2512202204,5
21f4bfbc30a9337fed4c0ef7a289e01b,Lê Quý Đôn,Lê Quý Đôn,10.8838307,106.8004621,10.8810953,106.8015806,2.0,40.0,FRC1,tertiary,asphalt,yes,,,57.0,57.0,0.0,1.0,720.0,0.0,0,A,31.57894736842105,,,,,,,,,,0.003854,158.12222596085064,0.3263502104272695,2512202204,5
a21d5b152387739bda788721c6a6b518,Nguyễn Văn Trỗi,Đường Nguyễn Văn Trỗi,10.7929933,106.6800466,10.7985035,106.6707041,2.5,55.0,FRC2,tertiary,asphalt,yes,,,24.0,34.0,0.0,0.7058823529411765,2223.53,29.411764705882348,0,B,75.0,,,,,,,,,,0.014853,300.9825816534716,1.1897033766482494,2512202204,5
cba453eaef49c45852cd4c04852540d0,Vĩnh Hội,Đường Vĩnh Hội,10.7557367,106.7008649,10.7558499,106.7009702,2.0,50.0,FRC4,tertiary,asphalt,no,,,20.0,35.0,0.0,0.5714285714285714,2262.86,42.85714285714286,0,C,90.0,,,,,,,,,,0.000219,42.42323154421882,0.017012773059136,2512202204,5
20ca31c84c747b68760945e40693c888,3 Tháng 2,Đường 3 Tháng 2,10.7674299,106.6665142,10.766037,106.6639913,1.5,50.0,FRC2,residential,concrete,,,,22.5,32.5,0.0,0.6923076923076923,1370.77,30.76923076923077,0,C,80.0,,,,,,,,,,0.003916,240.66441499783247,0.3160366869950672,2512202204,5
c801fe90087f87f5259cf31d5c9b79fd,Nguyễn Thông,Đường Nguyễn Thông,10.7778272,106.6849154,10.7759864,106.6869946,2.5,55.0,FRC2,primary,asphalt,yes,,,25.5,33.5,0.0,0.7611940298507462,1974.63,23.88059701492537,0,B,70.58823529411765,,,,,,,,,,0.00392,132.0261162413836,0.3052382922198964,2512202204,5
1f634d0600e8ef9268741fe5facb3c03,Đỗ Xuân Hợp,Đường Xa Lộ Hà Nội,10.8355189,106.7658175,10.8354781,106.7658807,2.5,50.0,FRC1,secondary,asphalt,,,,41.5,48.0,0.0,0.8645833333333334,1509.37,13.541666666666664,0,B,43.373493975903614,,,,,,,,,,0.000104,123.31644997259832,0.0082538639201561,2512202205,5
92a17ad1350b0cfcec303e7ff62e9253,Ngã Sáu Nguyễn Tri Phương,Vòng Xoay Ngã Sáu,10.7598992,106.6687226,10.7599392,106.6687397,2.0,50.0,FRC2,primary,asphalt,yes,,,28.0,35.0,0.0,0.8,1440.0,20.0,0,B,64.28571428571428,,,,,,,,,,5.7e-05,22.781611919971223,0.0048035866224848,2512202205,5
0b7b9e0a38b8c71f5a9bd524cf67aa2e,Cống Quỳnh,Đường Cống Quỳnh,10.7635026,106.6905496,10.7666744,106.688366,2.0,50.0,FRC4,tertiary,asphalt,no,,,21.0,25.5,0.0,0.8235294117647058,1355.29,17.647058823529417,0,B,85.71428571428571,,,,,,,,,,0.005355,325.9286856901901,0.4244158927133482,2512202205,5
81e23f422129017a89124e6745ee2365,cầu Rạch Ông,Đường Trần Xuân Soạn,10.7507792,106.6892692,10.7507855,106.6893325,2.0,50.0,FRC3,secondary,asphalt,,,,25.5,34.0,0.0,0.75,1620.0,25.0,0,B,70.58823529411765,,,,yes,,,,,,7e-05,84.21542682187646,0.0069586295612373,2512202205,5
19e455d9feca8246edf4ce3897d247ac,Nguyễn Thị Nhỏ,Đường Nguyễn Thị Nhỏ,10.7716614,106.6527803,10.753478,106.6507502,1.5,50.0,FRC4,tertiary,asphalt,no,,,24.5,32.5,0.0,0.7538461538461538,1204.62,24.615384615384617,0,B,73.46938775510203,,,,,,,,,,0.020213,186.2594782197154,2.0235395313436224,2512202205,5
06024a91e4cbfb9e2a00efbe60407906,Lạc Long Quân,Đường Lạc Long Quân,10.7790801,106.6498852,10.767159,106.6426234,1.0,50.0,FRC4,residential,asphalt,,,,23.5,32.0,0.0,0.734375,838.12,26.5625,0,B,76.59574468085106,,,,,,,,,,0.019183,210.89777690196087,1.5393432270070178,2512202205,5
3c39db0c557be235aff028b5bb55ca41,3 Tháng 2,Đường 3 Tháng 2,10.7711007,106.6734728,10.7674299,106.6665142,1.0,50.0,FRC2,service,concrete,,,,21.0,32.0,0.0,0.65625,978.75,34.375,0,C,85.71428571428571,,,,,,,,,,0.010629,241.76585897791853,0.8626125382169273,2512202205,5
db1ca1f601c3e4286cbd5fb8c9a2f971,Nguyễn Thị Tần,Đường Nguyễn Thị Tần,10.7492439,106.6845345,10.7486955,106.6848291,1.0,50.0,FRC4,service,,,,,19.5,28.0,0.0,0.6964285714285714,906.43,30.35714285714286,0,C,92.3076923076923,,,,,,,,,,0.000843,152.1760770090439,0.0686875174509008,2512202205,5
40069a147aa064b6f191feef3a66cff6,Phổ Quang,Đường Phổ Quang,10.8025366,106.6658741,10.8087826,106.6687556,2.0,50.0,FRC2,secondary,asphalt,,,,23.0,34.0,0.0,0.6764705882352942,1884.71,32.35294117647059,0,C,78.26086956521739,,,,,,,,,,0.009128,24.37763397244169,0.7593605849676858,2512202205,5
d840e5c8084a9478d71d3c792ab8ddf3,Nhánh A2,Đường Cao Tốc Thành phố Hồ Chí Minh-Long Thành-Dầu Giây,10.7932441,106.7532978,10.7938273,106.7522965,2.0,55.0,FRC0,motorway_link,asphalt,yes,,CT.29,38.5,43.0,0.0,0.8953488372093024,1096.74,10.465116279069765,0,B,46.75324675324676,,,,,,,,,,0.001584,300.6651843495291,0.1270938839401096,2512202206,5
a753b1bdb2fdfddde889ea1af3400b15,Hà Huy Giáp,Đường Hà Huy Giáp,10.8846445,106.6812882,10.8671779,106.679258,1.0,50.0,FRC1,residential,,,,,37.5,46.5,0.0,0.8064516129032258,708.39,19.354838709677423,0,B,48.0,,,,,,,,,,0.019497,186.5120631233753,1.944756151915342,2512202206,5
295d4adfd20e4e1fd791b42819f8d8c0,Xa Lộ Hà Nội,Đường Xa Lộ Hà Nội,10.8581167,106.7877131,10.8685319,106.804085,2.0,65.0,FRC1,trunk,asphalt,yes,,,49.5,52.5,0.0,0.9428571428571428,925.71,5.714285714285716,0,A,36.36363636363637,,,,,,,,,,0.026787,57.06443983497206,2.128751144637229,2512202206,5
f2aac3ceadf5ddf9868b1186db03d7ca,Trần Phú,Đường Trần Phú,10.7631515,106.6795568,10.7574203,106.674132,2.5,50.0,FRC4,primary,asphalt,yes,,,28.5,28.5,0.0,1.0,900.0,0.0,0,A,63.1578947368421,,,,,,,,,,0.011156,222.92011069283316,0.8682944724568921,2512202206,5
082271af9cca5bf56d0676b7cd0d99da,Tân Chánh Hiệp 39,Đường Nguyễn Ảnh Thủ,10.8821993,106.6167264,10.8776763,106.6236125,1.0,50.0,FRC4,tertiary,,,,,25.0,35.5,0.0,0.704225352112676,892.39,29.5774647887324,0,B,72.0,,,,,,,,,,0.011409,123.77605992876327,0.9039450688039764,2512202206,5
d937a0aea0c8f0a33bc429902f03b914,Mai Chí Thọ,Đường Mai Chí Thọ,10.7793052,106.7347388,10.7833905,106.7417533,3.0,65.0,FRC2,trunk,asphalt,yes,,,37.5,40.0,0.0,0.9375,1417.5,6.25,0,A,48.0,,,,,,,,,,0.0111,59.33678059699207,0.8903552740056114,2512202206,5
4e9b9bfd0bbeb0c9139122563e3d0a05,Cầu vượt Cộng Hòa - Hoàng Hoa Thám,Đường Cộng Hòa,10.8020955,106.6450548,10.8017925,106.6479549,1.0,50.0,FRC2,residential,,,,,30.5,35.0,0.0,0.8714285714285714,591.43,12.857142857142856,0,B,59.01639344262296,,,,,,,,,,0.003203,96.07109966639833,0.3189205524736799,2512202206,5
20da070f88980d7da773e1a6bea9fb42,Bùi Thị Xuân,Đường Lê Văn Sỹ,10.7984947,106.6626344,10.7979599,106.6628737,1.0,50.0,FRC2,residential,asphalt,,,,34.0,39.5,0.0,0.8607594936708861,610.63,13.924050632911388,0,B,52.94117647058823,,,,,,,,,,0.000774,156.27286120240217,0.0646862049455122,2512202207,5
264c6430eac425d239acf26cf6d07120,Tô Ngọc Vân,Đường Tô Ngọc Vân,10.8537487,106.7511235,10.8620076,106.6713827,1.5,65.0,FRC2,residential,,yes,,QL.1,35.5,44.5,0.0,0.797752808988764,1086.07,20.2247191011236,0,B,50.70422535211268,,,,,,,,,,0.088,276.0276597673524,8.766554828880011,2512202207,5
9a67b8cc52dc3dc21f96ad901c977ac2,Tân Thuận,Đường Tân Thuận,10.764817,106.7500323,10.7644644,106.749763,4.0,30.0,FRC1,residential,asphalt,no,,,44.0,44.0,0.0,1.0,1440.0,0.0,0,A,40.909090909090914,,,,,,,,,,0.000622,216.88146969883223,0.0488745342250614,2512202207,5
58730e0c9cdebd49ca7f46b865c30e72,Bạch Đằng,Đường Nguyễn Thái Sơn,10.8143903,106.6785067,10.8029569,106.710341,2.5,50.0,FRC2,primary,asphalt,yes,,,26.5,37.0,0.0,0.7162162162162162,2177.03,28.37837837837838,0,B,67.9245283018868,,,,,,,,,,0.043268,110.08146676459216,3.703917091720434,2512202207,5
d476c5d2a9203c68295ecf319b233371,Đường dẫn Ga Quốc tế,Đường Bạch Đằng,10.8133493,106.6648995,10.8130718,106.6649688,4.0,60.0,FRC2,primary,asphalt,yes,,,23.0,33.5,0.0,0.6865671641791045,3696.72,31.343283582089555,0,C,78.26086956521739,,,,,,,,,,0.000347,166.21771990750608,0.0316168842267898,2512202207,5
544c407a0eec14b0791ae6bd5c0310bd,Phường An Phú Đông,Đường Vườn Lài,10.8391657,106.6996423,10.8340778,106.6938042,1.0,50.0,FRC2,residential,,,,,28.0,36.0,0.0,0.7777777777777778,760.0,22.22222222222222,0,B,64.28571428571428,,,,,,,,,,0.010926,228.41717804221875,0.8510363626818898,2512202207,5
e79105746e9eb70d7876bb37723ea3a4,Nguyễn Ðình Chiểu,Đường Nguyễn Đình Chiểu,10.7803604,106.6918856,10.767872,106.6800536,1.5,50.0,FRC4,tertiary,asphalt,,,,16.0,24.5,0.0,0.6530612244897959,1476.73,34.693877551020414,0,C,112.5,,,,,,,,,,0.02432,222.94658373545175,1.8928328220422044,2512202207,5
350f7b53fede3656481d441c37a80d41,Trần Quốc Toản,Đường Trần Quốc Thảo,10.7893494,106.6892673,10.7831971,106.6863082,1.5,50.0,FRC3,tertiary,asphalt,,,,17.0,27.0,0.0,0.6296296296296297,1540.0,37.03703703703704,0,C,105.88235294117646,,,,,,,,,,0.009111,205.2899242064433,0.7535562837651846,2512202207,5
a850cbc6710f7832257a05bd733ab343,Nguyễn Văn Đậu,Đường Nguyễn Văn Đậu,10.8143614,106.6938401,10.8085648,106.6882022,1.0,50.0,FRC3,tertiary,,,,,28.0,39.0,0.0,0.717948717948718,867.69,28.205128205128204,0,B,64.28571428571428,,,,,,,,,,0.011434,223.69264667130736,0.8895143753408157,2512202207,5
c7695e86589d35c00b8cc3f8b4147749,Điện Biên Phủ,Đường Điện Biên Phủ,10.7973168,106.7040931,10.7938821,106.7008614,4.0,50.0,FRC2,primary,asphalt,yes,,,50.0,50.0,0.0,1.0,1440.0,0.0,0,A,36.0,,,,yes,,25.0,,,,0.006666,222.74580645691745,0.5188944390615582,2512202207,5
f926068beb9a7c651b071ac2c93118d9,Xa Lộ Hà Nội,Đường Xa Lộ Hà Nội,10.8043176,106.7516401,10.8603257,106.7918394,2.0,65.0,FRC2,trunk,asphalt,yes,,,46.0,46.0,0.0,1.0,720.0,0.0,0,A,39.130434782608695,,,,,,,,,,0.096207,35.17821205230524,7.596298149498573,2512202208,5
cc87908123841e95270c11abdbbb8628,Hiền Vương,Đường Đinh Liệt,10.7817224,106.6249308,10.7821668,106.6241211,1.0,50.0,FRC4,tertiary,asphalt,yes,,,23.0,30.5,0.0,0.7540983606557377,802.62,24.59016393442624,0,B,78.26086956521739,,,,,,,,,,0.001254,299.1925414944162,0.1012830974257282,2512202208,5
f4ccbc6cb56968e5336eefd9f1c336a0,Vườn Lài,Đường Vườn Lài,10.7880016,106.6313252,10.844574,106.6935088,1.0,50.0,FRC3,tertiary,asphalt,,,,28.0,40.5,0.0,0.691358024691358,915.56,30.864197530864203,0,C,64.28571428571428,,,,,,,,,,0.118756,47.187720090440905,9.241173136257652,2512202208,5
554c8c4dc064a89fa434b01dc3086741,Cầu vượt Tân Thới Hiệp,Đường Quốc Lộ 1A,10.8621176,106.6511715,10.8620995,106.6499973,1.0,80.0,FRC1,trunk,,yes,,QL.1,38.0,46.5,0.0,0.8172043010752689,689.03,18.279569892473116,0,B,47.368421052631575,,,,yes,,,,,,0.001192,269.10087184671386,0.1284003345810585,2512202208,5
f3b77211e4a2df3a18a8db9e5af46cf9,Vòng xoay Mỹ Thủy,Đường Đồng Văn Cống,10.7697992,106.7748933,10.7698665,106.7748651,2.0,60.0,FRC1,primary,asphalt,yes,,,49.0,49.0,0.0,1.0,720.0,0.0,0,A,36.73469387755102,,,,,,,,,,9.6e-05,337.62604497054826,0.008057899480913,2512202208,5
02862b37fd3ae1f424a8a25e660c1147,Đường Hàn Hải Nguyên,Đường Hàn Hải Nguyên,10.7580377,106.6496262,10.757963,106.6489515,2.5,50.0,FRC2,residential,asphalt,yes,,,24.5,33.0,0.0,0.7424242424242424,2059.09,25.75757575757576,0,B,73.46938775510203,,,,,,,,yes,,0.000749,263.5701534645715,0.0742569521826709,2512202208,5
40cd7049d45dadb9b1c2deba7d7e1f06,Cầu Tham Lương,Đường Trường Chinh,10.8249297,106.6275189,10.8251111,106.6277019,3.0,80.0,FRC2,primary,asphalt,yes,,,25.5,34.5,0.0,0.7391304347826086,2488.7,26.086956521739136,0,B,70.58823529411765,,,,yes,,,,,,0.000364,44.737191279024216,0.0283384657249093,2512202208,5
6112f9c317f9421f9f022913107f8ced,Trần Bình Trọng,Đường Trần Bình Trọng,10.7592606,106.6803749,10.7582717,106.6807561,2.0,50.0,FRC4,tertiary,asphalt,no,,,24.0,27.0,0.0,0.8888888888888888,1120.0,11.111111111111116,0,B,75.0,,,both,,,,,,,0.00137,159.2581467728719,0.117061949189984,2512202208,5
d9e1d8b94cec807a05fc468dc86b9c78,Đường Nguyễn Thái Học,Đường Hoàng Diệu,10.7610014,106.7004904,10.7610792,106.7004391,3.0,50.0,FRC3,primary,asphalt,yes,,,15.5,25.5,0.0,0.6078431372549019,3197.65,39.21568627450981,0,C,116.12903225806453,,,right,,,,,,,0.000129,327.0653464589302,0.0102732823484101,2512202208,5
d6b4558d6ca9da6200cea9f228821936,Hồ Văn Long,Đường Số 7,10.8253843,106.6005932,10.8252537,106.600561,1.0,50.0,FRC1,tertiary,,yes,,,39.5,47.0,0.0,0.8404255319148937,647.23,15.957446808510634,0,B,45.56962025316456,,,,,,,,,,0.000163,193.6130638070177,0.0148690467471473,2512202209,5
4b0ec3a549fc39fb024a03016afa5e1d,Ngô Tất Tố,Đường Ngô Tất Tố,10.7918618,106.7139268,10.7924353,106.7127835,1.0,50.0,FRC2,tertiary,asphalt,,,,33.0,37.0,0.0,0.8918918918918919,554.59,10.81081081081081,0,B,54.54545454545455,,,,,,,,,,0.001717,297.05123728298133,0.1402070257412203,2512202209,5
c68748ce02047283148440e0db8245b0,Quốc lộ 1,Đường Quốc Lộ 1A,10.8706221,106.7733958,10.8666505,106.7915871,1.0,50.0,FRC1,service,,,,,38.0,46.0,0.0,0.8260869565217391,673.04,17.391304347826086,0,B,47.368421052631575,,,,,,,,,,0.022163,102.53199203326938,2.036897089046421,2512202209,5
be2d989e54855044a68776ff4b143463,Nguyễn Thượng Hiền,Đường Nguyễn Thượng Hiền,10.7770101,106.6820734,10.776852,106.6821788,2.0,40.0,FRC2,tertiary,asphalt,yes,,,24.0,34.0,0.0,0.7058823529411765,1778.82,29.411764705882348,0,B,75.0,,,,,,,,,,0.000264,146.7788637003597,0.0209454205290614,2512202209,5
3e121d99cb433ec1d4c82ffd2797d0c0,Nguyễn Sơn,Đường Lê Khôi,10.7831843,106.6254206,10.7821283,106.6288258,1.5,50.0,FRC4,tertiary,asphalt,yes,,,19.0,31.5,0.0,0.6031746031746031,1611.43,39.68253968253968,0,C,94.73684210526316,,,,,,,,,,0.004461,107.51994982740638,0.390304543255373,2512202209,5
b045ce8b1239f0484ea7f11485b073c8,Dương Văn Cam,Đường Kha Vạn Cân,10.8495638,106.7534794,10.8494184,106.7536678,2.0,50.0,FRC3,secondary,asphalt,yes,,,32.5,45.0,0.0,0.7222222222222222,1720.0,27.77777777777778,0,B,55.38461538461539,,,,,,,,,,0.000334,128.16054679934223,0.026134961656295,2512202209,5
3ed64f82c279a4e8b3411ef3631d05e4,Phường Sơn Kỳ,Đường Bờ Bao Tân Thắng,10.8013922,106.6190596,10.8013405,106.6190675,1.0,50.0,FRC2,residential,,yes,,,23.5,34.0,0.0,0.6911764705882353,915.88,30.88235294117647,0,C,76.59574468085106,,,,,,,,,,6e-05,171.46377765698412,0.0057835980966102,2512202209,5
2331810cce9f2f72825928a584de44d2,Trần Phú,Đường Trần Phú,10.7529727,106.668592,10.7626244,106.6790625,3.0,50.0,FRC2,primary,asphalt,yes,,,24.0,28.5,0.0,0.8421052631578947,1932.63,15.789473684210533,0,B,75.0,,,,,,,,,,0.020122,46.82255884477661,1.5656641055376213,2512202209,5
d0c3adcbf72ef7a098ee15e241027b39,Cầu Sơn,Đường Xô Viết Nghệ Tĩnh,10.8055396,106.7115254,10.805844,106.7115501,3.0,50.0,FRC2,primary,asphalt,yes,,,31.0,41.0,0.0,0.7560975609756098,2397.07,24.390243902439025,0,B,58.064516129032256,,,,yes,,,,,,0.000329,4.557092583132089,0.0337788660181861,2512202210,5
ce03cb18a94ff79d8f1fb57c07cc0c71,Trần Não,Trần Não,10.7916195,106.7303648,10.7992203,106.7334587,1.0,55.0,FRC4,residential,asphalt,yes,,,16.5,16.5,0.0,1.0,360.0,0.0,0,A,109.0909090909091,,,,yes,,,,,,0.010695,21.793482829640936,0.9062801570350456,2512202210,5
f8be83903596d3581c3ed2722b904f55,Đường số 12,Đường Xa Lộ Hà Nội,10.8159526,106.7573234,10.8100275,106.756146,3.0,80.0,FRC1,trunk,asphalt,yes,,,42.5,48.0,0.0,0.8854166666666666,1698.75,11.458333333333336,0,B,42.35294117647059,,,no,yes,,,,,,0.007103,191.04457073321336,0.6679228582442687,2512202210,5
14cd7594142d9c3e798e5b9e2f7c0c75,Đào Trinh Nhất,Đào Trinh Nhất,10.8625105,106.7609449,10.8650568,106.7590353,1.0,50.0,FRC3,service,,,,,17.0,22.5,0.0,0.7555555555555555,800.0,24.444444444444446,0,B,105.88235294117646,,,,,,,,,,0.004456,323.628150646264,0.3506045278503562,2512202210,5
001a769ff6f9c3b6d437bcf693969aa4,Thị trấn Tân Túc,Thị trấn Tân Túc,10.6795155,106.5693537,10.6797073,106.5693331,1.0,50.0,FRC1,residential,,,,,17.5,21.5,0.0,0.813953488372093,694.88,18.6046511627907,0,B,102.85714285714285,,,,,,,,,,0.000212,353.97512773364247,0.0213348324482702,2512202210,5
57ea3c7bfa4eaa6b92261fdedaec2005,Nguyễn Lương Bằng,Đường Nguyễn Lương Bằng,10.7310052,106.7203264,10.7318083,106.7200097,2.0,65.0,FRC1,service,asphalt,yes,,,43.0,43.0,0.0,1.0,720.0,0.0,0,A,41.860465116279066,,,,,,,,,,0.00112,338.8211646507593,0.0953489137571674,2512202210,5
416cfd141b2e1f430ec55fda745aa785,Đại lộ ĐHQG TPHCM,Đại lộ ĐHQG TPHCM,10.8738915,106.8076326,10.8749777,106.8056563,1.5,50.0,FRC1,tertiary,asphalt,,,,28.5,28.5,0.0,1.0,540.0,0.0,0,A,63.1578947368421,,,,,,,,,,0.003063,299.2343021457507,0.2472337104516236,2512202210,5
e842a54217c2ffbbf2e95a3f78ac3cd3,Cầu Bình Triệu 2,Đường Quốc Lộ 13,10.8235017,106.7135696,10.8190196,106.7129039,2.0,50.0,FRC2,primary,asphalt,yes,,QL.13,16.5,21.5,0.0,0.7674418604651163,1557.21,23.25581395348837,0,B,109.0909090909091,,,,yes,,,,yes,,0.005148,188.2999950819577,0.5010963233568995,2512202210,5
1fb9c9a180180aeee163ef5ba2f67729,Hùng Vương,Đường Hùng Vương,10.7581844,106.6702787,10.7562461,106.666373,2.0,55.0,FRC4,primary,asphalt,yes,,,25.0,28.5,0.0,0.8771929824561403,1162.11,12.28070175438597,0,B,72.0,,,,,,,,,,0.005844,243.19966110750855,0.4779739095159837,2512202210,5
c525e84af64a6c3d7880ae21ff1084dc,Minh Phụng,Minh Phụng,10.7626846,106.6446172,10.7535751,106.6430363,1.0,50.0,FRC4,service,asphalt,,,,11.0,13.5,0.0,0.8148148148148148,693.33,18.518518518518523,0,B,163.63636363636363,,,,,,,,,,0.01069,189.6756929110762,1.0223573535425674,2512202210,5
b1bd78e9f106bd74d07a3f5fd05d2c7c,Đường Phạm Văn Đổng,Đường Phạm Văn Đổng,10.8139646,106.6791508,10.8193249,106.6899702,1.5,50.0,FRC3,primary,asphalt,yes,,,8.0,15.0,0.0,0.5333333333333333,1800.0,46.66666666666666,0,C,225.0,,,,,,,,,,0.01618,63.23279759205292,1.3234048911932057,2512202210,5
ce927ff13f3e18b838b75fbb2e93f71e,Cao tốc TP. Hồ Chí Minh - Long Thành - Dầu Giây,Đường Cao Tốc Thành phố Hồ Chí Minh-Long Thành-Dầu Giây,10.7860991,106.8473249,10.7866225,106.843937,1.0,50.0,FRC0,residential,,,,,69.5,76.0,0.0,0.9144736842105264,513.95,8.552631578947366,0,A,25.89928057553957,,,,,,,,,,0.003911,278.93799658729563,0.3750152464045412,2512202210,5
508a9779ce90220c358a80a5f1ea6562,Đường số 7,Đường Số 7,10.7515592,106.6190633,10.7516045,106.6193735,2.0,50.0,FRC2,secondary,asphalt,yes,,,31.5,35.5,0.0,0.8873239436619719,1125.63,11.267605633802813,0,B,57.14285714285714,,,,,,,,,,0.000355,81.54519114990478,0.0342970780957299,2512202211,5
72326b35bd9c08daaf1629d0d56ec69b,Đặng Văn Bi,Đặng Văn Bi,10.8422045,106.7634239,10.8421583,106.7634728,2.0,50.0,FRC1,residential,asphalt,,,,21.0,24.0,0.0,0.875,1170.0,12.5,0,B,85.71428571428571,,,,,,,,,,9.5e-05,133.8891545402505,0.0073963429302186,2512202211,5
a11e287ce64ba3fae05bc7620867b62e,Nam Kỳ Khởi Nghĩa,Đường Nam Kỳ Khởi Nghĩa,10.7898473,106.683905,10.781312,106.6931176,2.0,50.0,FRC2,residential,asphalt,yes,,,21.5,33.0,0.0,0.6515151515151515,1974.55,34.84848484848485,0,C,83.72093023255813,,,,,,,,,,0.017748,133.3231021635297,1.3807604668970237,2512202211,5
618e667432a660b6a6f1a5af21fd84fd,Nguyễn Ảnh Thủ,Đường Nguyễn Ảnh Thủ,10.8552391,106.6071961,10.8551791,106.6071458,2.0,50.0,FRC1,secondary,,,,,36.0,39.5,0.0,0.9113924050632912,1038.99,8.860759493670889,0,A,50.0,,,,,,,,,,0.00011,219.465737578441,0.0086194840902958,2512202211,5
348b6c53508366be7fb2d3d6e71b15c4,Tây Hòa,Đường Tây Hòa,10.8261485,106.7641935,10.8262034,106.7621148,2.0,40.0,FRC1,secondary,asphalt,,,,46.5,49.5,0.0,0.9393939393939394,938.18,6.060606060606055,0,A,38.70967741935484,,,,,,,,,,0.002134,271.5404689633347,0.2273892128899462,2512202211,5
565705c0eed96a1a9a86d19728864b8e,Thoại Ngọc Hầu,Đường Hồng Lạc,10.7842211,106.6392437,10.78599,106.6416689,1.0,50.0,FRC4,residential,asphalt,,,,21.5,31.0,0.0,0.6935483870967742,911.61,30.645161290322577,0,C,83.72093023255813,,,,,,,,,,0.004194,53.40593495744724,0.3295959604470879,2512202211,5
90702a5565c424aa1d6ee35909a3d731,Cầu Chà Và,Đường Vạn Kiếp,10.750294,106.6601636,10.7487665,106.6603921,2.5,50.0,FRC2,tertiary,asphalt,yes,,,16.5,16.5,0.0,1.0,900.0,0.0,0,A,109.0909090909091,,,,yes,,,,,,0.001756,171.63930945378638,0.1707997321384457,2512202211,5
b28e73faf97bb111111ad345d3f83c3f,Nguyễn Thi,Đường Nguyễn Thi,10.7505935,106.6591297,10.7505909,106.6591695,3.0,50.0,FRC4,primary,asphalt,yes,,,18.5,29.0,0.0,0.6379310344827587,3035.17,36.206896551724135,0,C,97.2972972972973,,,,,,,,,,4.2e-05,93.80420456070686,0.004362749880427,2512202211,5
a264b8cb890cb9e83830948e5a9a7670,Trần Văn Mười,Đường Phan Văn Hớn,10.8496569,106.5879562,10.8777391,106.5913288,1.5,50.0,FRC4,tertiary,asphalt,yes,,QL.22,31.5,42.0,0.0,0.75,1215.0,25.0,0,B,57.14285714285714,,,,,,,,yes,,0.031455,6.72636077942235,3.128087858772376,2512202212,5
8fff1a81cd95ffd00db5b2feff676f99,Phạm Hùng,Đường Nguyễn Tri Phương,10.7484337,106.6691251,10.740971,106.6689249,1.0,55.0,FRC3,primary,asphalt,yes,,,22.5,32.5,0.0,0.6923076923076923,913.85,30.76923076923077,0,C,80.0,,,,,,,,,,0.007663,181.50978050481908,0.8257611380765872,2512202212,5
10c32f2911bb190ca64b7c313ade54d0,Cầu Bến Cát 1,Đường Quốc Lộ 1A,10.8615207,106.6642282,10.8615229,106.6653693,2.0,80.0,FRC1,trunk,,yes,,QL.1,31.5,47.5,0.0,0.6631578947368421,1932.63,33.684210526315795,0,C,57.14285714285714,,,,yes,,,,,,0.001143,89.88741340697936,0.1247661163253383,2512202212,5
ce385110ddaf17e88fef5ca10f83a755,Cao Thắng,Đường Cao Thắng,10.7729223,106.678801,10.7716819,106.6802249,2.0,50.0,FRC4,secondary,asphalt,,,,17.0,27.0,0.0,0.6296296296296297,2053.33,37.03703703703704,0,C,105.88235294117646,,,,,,,,,,0.002664,131.56504300233155,0.2075518191097228,2512202212,5
dc5b08ac8f96170963f58e21ea5aa31e,Đướng Song Hành Xa Lộ Hà Nội,Đướng Song Hành Xa Lộ Hà Nội,10.8007157,106.7326817,10.8007639,106.732697,1.0,50.0,FRC4,trunk_link,asphalt,yes,,,16.5,16.5,0.0,1.0,360.0,0.0,0,A,109.0909090909091,,,,,,,,,,6.4e-05,17.31769154291476,0.0055879488897282,2512202212,5
a82b6cd023afa4cde99737b56ad45749,Ngô Gia Tự,Đường Ngô Gia Tự,10.7565017,106.6664916,10.7585909,106.6679699,1.0,50.0,FRC2,primary,asphalt,yes,,,18.0,20.5,0.0,0.8780487804878049,579.51,12.195121951219512,0,B,100.0,,,,,,,,,,0.003568,34.80519236958708,0.2820418062908489,2512202212,5
1071730efa20526feed9f75c8a65e075,Võ Văn Vân,Võ Văn Vân,10.8114752,106.5789943,10.8112677,106.578982,1.0,50.0,FRC1,residential,,,,,23.5,23.5,0.0,1.0,360.0,0.0,0,A,76.59574468085106,,,,,,,,,,0.00022,183.3322823696817,0.0229916506223532,2512202212,5
8365b8d2eabde3e12751af23962cfaef,Út Tịch,Út Tịch,10.8009968,106.6575383,10.7934217,106.6591633,1.0,50.0,FRC2,service,,yes,,,14.5,19.0,0.0,0.7631578947368421,786.32,23.684210526315784,0,B,124.13793103448276,,,,,,,,,,0.0092,168.10051648028104,0.8565447939649607,2512202212,5
407ec8a3c9e714e719d8b08cd136098c,Cầu Ông Đội,Đường Nguyễn Lương Bằng,10.713383,106.7312623,10.7135062,106.7312577,1.5,55.0,FRC4,secondary,,yes,,,13.5,18.5,0.0,0.7297297297297297,1269.73,27.027027027027028,0,B,133.33333333333331,,,,,,,,,,0.000128,357.89894178307213,0.0136367667769312,2512202212,5
af62fd96ae70b4a6d1e1fae7b2a6368f,Marie Curie,Lê Quý Đôn,10.8786289,106.8017773,10.8788557,106.8000739,1.5,45.0,FRC1,service,asphalt,yes,,,57.0,57.0,0.0,1.0,540.0,0.0,0,A,31.57894736842105,,,,,,,,,,0.00193,277.72135782596456,0.1879182079074157,2512202212,5
c92973a10f5c4e436f42e0922f3c7400,Phường Hiệp Bình Chánh,Đường Quốc Lộ 13,10.8260009,106.7145095,10.8374007,106.7326691,2.0,50.0,FRC2,trunk,asphalt,yes,,QL.13,15.5,20.5,0.0,0.7560975609756098,1598.05,24.390243902439025,0,B,116.12903225806453,,,,,,,,,,0.029559,57.41387984014256,2.352274620283481,2512202212,5
3c39db0c557be235aff028b5bb55ca41,3 Tháng 2,Đường 3 Tháng 2,10.7580658,106.6494435,10.7711007,106.6734728,1.5,50.0,FRC2,residential,asphalt,,,,24.0,32.5,0.0,0.7384615384615385,1246.15,26.15384615384615,0,B,75.0,,,,,,,,,,0.037064,61.09136239332747,2.9976867161454885,2512202212,5
03b477d928da55ca9ffa29542cabadf9,Cộng Hòa,Đường Trường Chinh,10.8073797,106.6348128,10.8009238,106.6600301,2.5,50.0,FRC2,primary,asphalt,yes,,,28.5,39.0,0.0,0.7307692307692307,2111.54,26.923076923076927,0,B,63.1578947368421,,,,,,,,,,0.031673,104.60569992706422,2.848698484079189,2512202212,5
f5cdb1dc0b32588465f04fff9d92924a,Hoàng Văn Thụ,Đường Phan Đình Giót,10.7999559,106.6710835,10.8002636,106.6676731,4.0,55.0,FRC2,primary,asphalt,yes,,,20.5,32.5,0.0,0.6307692307692307,4098.46,36.92307692307693,0,C,87.8048780487805,,,,,,,,,,0.003718,275.2482681988244,0.3745129401146804,2512202213,5
aab2cd3298bfd52af9f00a38ef2e5f6a,An Phú Đông,Hẻm 39 An Phú Đông 9,10.8581333,106.6884983,10.8580682,106.688522,1.0,50.0,FRC1,tertiary,,,,,32.0,48.0,0.0,0.6666666666666666,960.0,33.333333333333336,0,C,56.25,,,,,,,,,,8.9e-05,160.32612168372327,0.007653023712051,2512202213,5
2d6d573da4859ba592c3efe1ca1d020f,Tạ Uyên,Đường Hồng Bàng,10.7537462,106.6538517,10.7556925,106.6537349,2.5,50.0,FRC2,primary,asphalt,yes,,,25.5,30.0,0.0,0.85,1575.0,15.000000000000002,0,B,70.58823529411765,,,,,,,,,,0.002063,356.62591755478763,0.2156646982376226,2512202213,5
d71dd5fac508e54d226b3a5e3a350cea,3 Tháng 2,Đường 3 Tháng 2,10.7637713,106.6597513,10.7659517,106.6640311,1.5,50.0,FRC2,residential,asphalt,,,,11.0,16.5,0.0,0.6666666666666666,1440.0,33.333333333333336,0,C,163.63636363636363,,,,,,,,,,0.00646,62.58883332691562,0.5265754138129072,2512202213,5
e27d6a4a5936730ac37ebe037fc302d2,Cầu Văn Thánh 2,Đường Nguyễn Hữu Cảnh,10.7894924,106.7121753,10.7892164,106.7138262,1.0,50.0,FRC2,primary,asphalt,yes,,,19.5,19.5,0.0,1.0,360.0,0.0,0,A,92.3076923076923,,,,,,,,,,0.001927,99.65847925970849,0.1831126317503128,2512202213,5
401342ce24d86fd44bbc0b6591d9c796,Nguyễn Trọng Trí,Đường Nguyễn Trọng Trí,10.7407342,106.6176488,10.7406865,106.6175944,1.0,50.0,FRC2,service,asphalt,yes,,,27.0,35.0,0.0,0.7714285714285715,771.43,22.85714285714285,0,B,66.66666666666666,,,,,,,,,,0.000102,228.2519283814525,0.0079527127686264,2512202213,5
8fd77284e48fb199ce2e9b333fed3361,Lê Văn Chí,Lê Văn Chí,10.8660484,106.7816929,10.8504219,106.7739597,3.0,50.0,FRC1,secondary,asphalt,,,,22.0,22.0,0.0,1.0,1080.0,0.0,0,A,81.81818181818183,,,,,,,,,,0.02336,205.92127537028983,1.924233164410648,2512202213,5
46d0c6441317268ba24a8d4e830d1d5c,Nhánh A1,Nhánh A1,10.7932441,106.7532978,10.7926709,106.7524658,2.0,55.0,FRC0,motorway_link,asphalt,yes,,CT.29,26.5,32.0,0.0,0.828125,1338.75,17.1875,0,B,67.9245283018868,,,,,,,,,,0.001405,234.95621758363345,0.1109017783309221,2512202213,5
438d803e98b5e9edb01239ed9f38a441,Xa Lộ Hà Nội,Đường Xa Lộ Hà Nội,10.8329768,106.7645442,10.8385833,106.7675662,2.5,55.0,FRC1,trunk,asphalt,yes,,,41.0,48.0,0.0,0.8541666666666666,1556.25,14.583333333333336,0,B,43.90243902439025,,,,,,,,yes,,0.008629,27.8967540008008,0.7027005773813275,2512202213,5
3f79f4e2d4a12633ac5c041f5d1dc195,Tôn Thất Hiệp,Đường Tôn Thất Hiệp,10.7623556,106.6521869,10.7602645,106.6532907,2.0,50.0,FRC2,tertiary,asphalt,,,,22.5,33.0,0.0,0.6818181818181818,1865.45,31.818181818181824,0,C,80.0,,,,,,,,,,0.003195,152.5898595753423,0.2609140880364116,2512202213,5
92caadfa55c5aaf878bdd05a4f992321,Lý Thái Tổ,Lý Thái Tổ,10.7677321,106.6723696,10.7676423,106.6741538,2.0,50.0,FRC2,primary,asphalt,yes,,,12.5,17.0,0.0,0.7352941176470589,1672.94,26.470588235294112,0,B,144.0,,,,,,,,,,0.001874,92.93268926022364,0.1953945949489752,2512202213,5
c1d9c55ac84173f24d9850910ad301af,Đường Tạ Uyên,Đường Tạ Uyên,10.7537874,106.6537848,10.7537826,106.6537256,3.0,50.0,FRC2,primary,asphalt,yes,,,13.5,17.5,0.0,0.7714285714285715,2314.29,22.85714285714285,0,B,133.33333333333331,,,,,,,,,,6.4e-05,265.2820499951693,0.0064968647662687,2512202213,5
20b9106544ecc449efa13972605cfa53,Hoà Bình,Đường Kênh Tân Hóa,10.7696068,106.6355415,10.7667998,106.6421803,2.0,50.0,FRC4,tertiary,asphalt,yes,,,9.5,15.5,0.0,0.6129032258064516,2113.55,38.70967741935484,0,C,189.4736842105263,,,,,,,,,,0.009446,113.28623935943769,0.7896990592269767,2512202213,5
159d612f9b6a4d366e1a9c20f79f35ee,Nguyễn Thị Định,Đường Nguyễn Thị Định,10.7636062,106.7826284,10.7581359,106.7889248,1.0,50.0,FRC4,residential,,,,,20.0,25.0,0.0,0.8,720.0,20.0,0,B,90.0,,,,yes,,,,,,0.011767,131.48732784676707,0.916728655571558,2512202213,5
46df3fab6fa51b6145d3294fe13f6ae1,Cao tốc TP. Hồ Chí Minh - Long Thành - Dầu Giây,Cao tốc TP. Hồ Chí Minh - Long Thành - Dầu Giây,10.7883612,106.8358795,10.790253,106.8268185,2.0,120.0,FRC0,motorway,asphalt,yes,,CT.29,31.0,38.0,0.0,0.8157894736842105,1383.16,18.42105263157895,0,B,58.064516129032256,,,,viaduct,,,,,,0.010953,282.00005966441097,1.012804584076017,2512202213,5
6a45776a0cbbd487c673a10dbb3910df,Lê Văn Quới,Hẻm 264 Lê Văn Quới,10.7735866,106.6215672,10.7762952,106.6093332,2.0,50.0,FRC4,secondary,asphalt,,,,23.5,30.0,0.0,0.7833333333333333,1500.0,21.666666666666668,0,B,76.59574468085106,,,,,,,,,,0.014943,282.7018616766393,1.371161198285025,2512202214,5
56540f655ecaf0cd3e212d5b48709ef6,Nguyễn Văn Cừ,Vòng Xoay Ngã Sáu Cộng Hòa,10.7622438,106.683007,10.765251,106.6818405,2.5,55.0,FRC2,primary,asphalt,yes,,,24.0,34.5,0.0,0.6956521739130435,2269.57,30.434782608695656,0,C,75.0,,,,,,,,,,0.004174,339.139392664444,0.3562641176706433,2512202214,5
6c09fa4196b2f1d4ec150ea710a00331,Đường Hồng Bàng,Đường Hồng Bàng,10.7537647,106.6538338,10.7566007,106.6695824,3.0,55.0,FRC2,primary,asphalt,yes,,,14.0,17.5,0.0,0.8,2160.0,20.0,0,B,128.57142857142856,,,,,,,,,,0.018585,79.61155247035936,1.7508622385367874,2512202214,5
04844fa43c5c3f9a38385469ca969289,Phường 8,Đường An Dương Vương,10.7575894,106.674106,10.757428,106.6739837,2.0,50.0,FRC4,primary,asphalt,,,,14.0,14.0,0.0,1.0,720.0,0.0,0,A,128.57142857142856,,,,,,,,,,0.000284,216.66504383381277,0.0223083535648796,2512202214,5
56d965277710f2be9607a53c3c8ec30c,Bình Thới,Đường Bình Thới,10.7684923,106.6512531,10.7661016,106.6476679,1.0,50.0,FRC4,service,concrete,,,,12.5,15.5,0.0,0.8064516129032258,708.39,19.354838709677423,0,B,144.0,,,,,,,,,,0.005976,235.8326464681984,0.4729581843642002,2512202214,5
667c4599a90d2c4ecfdf5568b46cc8ed,Quốc lộ 1,Đường Quốc Lộ 1A,10.8666505,106.7915871,10.8752124,106.748644,1.0,50.0,FRC1,residential,,,,,36.5,41.5,0.0,0.8795180722891566,576.87,12.048192771084343,0,B,49.31506849315068,,,,,,,,,,0.051505,281.48032258361167,4.789740279187989,2512202214,5
413e109f5978d8f37bd40bd818e0401a,Trần Quốc Thảo,Đường Trần Quốc Thảo,10.7827317,106.6868337,10.7815324,106.6881451,2.0,50.0,FRC2,secondary,asphalt,,,,21.0,30.5,0.0,0.6885245901639344,1841.31,31.14754098360656,0,C,85.71428571428571,,,,,,,,,,0.002511,132.9520058875794,0.1953680062232221,2512202214,5
e60f6940bca29797062ec575599d5b16,Phan Đình Phùng,Đường Đào Duy Từ,10.7942586,106.6839488,10.7991177,106.6803031,1.5,50.0,FRC3,residential,asphalt,yes,,,8.0,15.5,0.0,0.5161290322580645,1846.45,48.38709677419355,0,C,225.0,,,,,,,,,,0.008505,323.61007014246354,0.6692140926114495,2512202214,5
03723a986c31cf1a234b8145447456ea,Hoàng Sĩ Khải,Đường Mễ Cốc,10.7390302,106.64357,10.7384808,106.6427235,1.5,50.0,FRC2,tertiary,asphalt,,,,43.0,43.0,0.0,1.0,540.0,0.0,0,A,41.860465116279066,,,,,,,,,,0.001396,236.55155131600844,0.1107539351768836,2512202214,5
2ee54e5ee76e59ff3f929020cdb1aca7,Ông Ích Khiêm,Đường Ông Ích Khiêm,10.7665422,106.6430415,10.7665527,106.6429996,2.0,50.0,FRC4,secondary,asphalt,,,,15.0,15.0,0.0,1.0,720.0,0.0,0,A,120.0,,,,,,,,,,5.2e-05,284.31024076161697,0.0047276003073343,2512202214,5
501fc6a5d6b1e1cad07deb6375d7585a,Phạm Văn Đồng,Đường Phạm Văn Đồng,10.8163711,106.6833531,10.8384481,106.7354087,1.0,50.0,FRC2,residential,,,,,16.5,21.0,0.0,0.7857142857142857,745.71,21.42857142857143,0,B,109.0909090909091,,,,,,,,,,0.074133,66.64085078772109,6.194018099763111,2512202214,5
f6a31de2c3be62adc910c8470df538d9,Sư Van Hạnh,Sư Van Hạnh,10.7633633,106.6725291,10.7696215,106.6710798,1.0,50.0,FRC2,service,concrete,,,,17.0,21.0,0.0,0.8095238095238095,702.86,19.047619047619047,0,B,105.88235294117646,,,,,,,,,,0.007708,347.1830786847614,0.7101554472370639,2512202215,5
664dcdfef1d5aec1a2702489cef533a1,Xa Lộ Hà Nội,Đường Xa Lộ Hà Nội,10.8000814,106.7343734,10.8019073,106.7457465,2.5,70.0,FRC4,trunk,asphalt,yes,,,38.0,43.0,0.0,0.8837209302325582,1423.26,11.627906976744184,0,B,47.368421052631575,,,no,,,,,,,0.013199,80.7165266595672,1.2600562646348807,2512202215,5
de3f61bf66722bfe12fa74c4e6f9ad41,Thiên Phước,Đường Thiên Phước,10.778088,106.6555539,10.7756928,106.6532873,1.5,50.0,FRC2,tertiary,asphalt,,,,19.0,30.5,0.0,0.6229508196721312,1558.03,37.704918032786885,0,C,94.73684210526316,,,,,,,,,,0.004662,222.911329087395,0.3628301317796972,2512202215,5
302b40b302ebe4e7abfb61128801822a,Đường Quang Trung,Đường Quang Trung,10.8388107,106.6491032,10.8408842,106.6452271,1.5,50.0,FRC4,primary,asphalt,yes,,,13.0,17.5,0.0,0.7428571428571429,1234.29,25.71428571428571,0,B,138.46153846153848,,,,,,,,,,0.00595,298.57588232245274,0.4819150704697074,2512202215,5
8561f0cc3713be07a3fa9692b8f97a73,Đinh Tiên Hoàng,Đường Nguyễn Phi Khanh,10.7918339,106.6958731,10.7858782,106.7024674,1.0,50.0,FRC2,residential,,,,,24.5,33.5,0.0,0.7313432835820896,843.58,26.86567164179105,0,B,73.46938775510203,,,,,,,,,,0.01255,132.5951432273299,0.9767776891563642,2512202215,5
3850c4334caa1fa9eb43a8b80bc98479,Quận 8,Hẻm 82 Dương Bá Trạc,10.7493268,106.6881377,10.7490054,106.6882437,1.5,50.0,FRC4,primary,asphalt,yes,,,31.0,31.0,0.0,1.0,540.0,0.0,0,A,58.064516129032256,,,,,,,,,,0.000427,162.0466284530322,0.0373938167508949,2512202215,5
303c7c39c3a97f956fed9066644c7f50,Cầu vượt Linh Xuân,Đường Quốc Lộ 1A,10.8727455,106.766864,10.8739107,106.7634192,1.5,50.0,FRC1,trunk,asphalt,yes,,QL.1,38.0,46.0,0.0,0.8260869565217391,1009.57,17.391304347826086,0,B,47.368421052631575,,,,,,,,,,0.00461,289.00570660822603,0.3980763531726686,2512202215,5
e28b4fd590f9e3807f503c1a41bf80ba,Cầu Phú Mỹ,Cầu Phú Mỹ,10.7450815,106.7441524,10.7347762,106.7279543,1.5,50.0,FRC1,trunk,,yes,,,22.0,22.0,0.0,1.0,540.0,0.0,0,A,81.81818181818183,,,,yes,,,,,,0.026503,237.07654624288216,2.1067958973872525,2512202215,5
ca4ba42b663a4d97bf4fcd4c9de1abb0,Phường 13,Hẻm 401 Đường Bình Lợi,10.8345705,106.7008658,10.8592742,106.6514144,1.5,50.0,FRC2,secondary,asphalt,yes,,,16.5,21.0,0.0,0.7857142857142857,1118.57,21.42857142857143,0,B,109.0909090909091,,,,,,,,,,0.074155,296.9644883975819,6.058435394456935,2512202215,5
2240efd49ce62f7cfe4d07268e4a2070,Huỳnh Văn Bánh,Đường Lê Văn Sỹ,10.7958652,106.681914,10.7918192,106.6716163,1.5,50.0,FRC3,tertiary,asphalt,,,,20.5,31.0,0.0,0.6612903225806451,1454.52,33.87096774193549,0,C,87.8048780487805,,,,,,,,,,0.014344,248.2005445839936,1.2118524376601991,2512202215,5
0e3f9a7458675955792ad89d4d670e37,Đinh Bộ Lĩnh,Đường Đinh Bộ Lĩnh,10.8180917,106.7127697,10.8029327,106.7093756,2.0,50.0,FRC2,primary,asphalt,yes,,,38.0,38.0,0.0,1.0,720.0,0.0,0,A,47.368421052631575,,,,,,,,,,0.018553,192.40371493694897,1.7173766861363178,2512202215,5
5656bf2ba7f66aa64aec7a8b486ebab9,Lý Thường Kiệt,Lý Thường Kiệt,10.765485,106.6595662,10.7738791,106.6572154,1.0,50.0,FRC2,residential,,,,,12.0,17.5,0.0,0.6857142857142857,925.71,31.428571428571427,0,C,150.0,,,,,,,,,,0.010745,344.61752037559535,0.963437929052115,2512202215,5
900ad9b82bb6e75e454ac498bc1e67e3,Cầu vượt Lý Thái Tổ - Nguyễn Tri Phương,Cầu vượt Lý Thái Tổ - Nguyễn Tri Phương,10.7666392,106.6652083,10.7692426,106.6699972,1.0,50.0,FRC2,residential,asphalt,,,,11.0,16.0,0.0,0.6875,922.5,31.25,0,C,163.63636363636363,,,,,,,,,,0.007392,61.04046238837293,0.5977157637072338,2512202215,5
11cd545a14b3f700ac39c4d5a330f3fa,Lê Đại Hành,Đường Lê Đại Hành,10.7648499,106.6551501,10.7626323,106.6568351,2.0,50.0,FRC3,secondary,asphalt,yes,,,11.0,15.0,0.0,0.7333333333333333,1680.0,26.66666666666667,0,B,163.63636363636363,,,,,,,,,,0.003903,143.25991199099894,0.3068132214788126,2512202215,5
f804c0bf2888c95589c44831e208fc2d,Quách Thị Trang,Đường Quách Thị Trang,10.7047386,106.8353721,10.7048398,106.8345554,1.5,55.0,FRC4,primary,,,,ĐT.769B,40.0,46.0,0.0,0.8695652173913043,892.17,13.043478260869568,0,B,45.0,,,,,,,,,,0.000918,277.187586837696,0.0900413161610143,2512202215,5
7b4a911bbd47627a4c3c6b8770466a8e,Điện Biên Phủ,Điện Biên Phủ,10.8009447,106.7151083,10.7984442,106.7051673,2.0,50.0,FRC2,primary,asphalt,yes,,,25.0,25.0,0.0,1.0,720.0,0.0,0,A,72.0,,,,,,,,,,0.012441,255.6378583216352,1.121787034559456,2512202215,5
cb19f4ec4fb65fd0ede65fb5ba4bb487,Lý Chính Thắng,Đường Lý Chính Thắng,10.7792426,106.6820441,10.788335,106.6850959,1.0,50.0,FRC3,service,,,,,15.5,26.5,0.0,0.5849056603773585,1107.17,41.50943396226416,0,C,116.12903225806453,,,,,,,,,,0.012144,18.24790735010504,1.059674387521062,2512202215,5
420037df86171068f7144183b30a00af,Hem 3m,Hẻm 1237 Đường Hoàng Sa,10.7908008,106.6641842,10.7907633,106.6642609,3.0,50.0,FRC2,tertiary,asphalt,yes,,,9.0,15.0,0.0,0.6,3240.0,40.0,0,C,200.0,,,,,,,,,,0.000114,116.4603875994872,0.0093577751068461,2512202215,5
3cfa64afe77bbd77b6f870cc2b6eacc3,Nguyễn Tri Phương,Đường Nguyễn Tri Phương,10.7546206,106.6696106,10.7522326,106.6695017,1.0,55.0,FRC3,primary,asphalt,yes,,,12.0,16.5,0.0,0.7272727272727273,850.91,27.27272727272727,0,B,150.0,,,,yes,,,,,,0.002497,182.5652712020576,0.2644121273906576,2512202215,5
16155de97876bdd1fe650e7744c21aa1,Nguyễn Văn Bá,Đường Hồng Đức,10.8415062,106.7687324,10.8496688,106.773359,1.5,50.0,FRC1,secondary,asphalt,yes,,,21.5,24.0,0.0,0.8958333333333334,821.25,10.416666666666664,0,B,83.72093023255813,,,,,,,,,,0.012789,29.103391521649428,1.034961089607837,2512202215,5
364573706454b6977a6ae34b10f00b3c,Bình Thới,Đường Bình Thới,10.7636884,106.643989,10.7628698,106.6422657,1.5,50.0,FRC4,residential,concrete,,,,15.5,15.5,0.0,1.0,540.0,0.0,0,A,116.12903225806453,,,,,,,,,,0.002542,244.19521194234824,0.2091054654449474,2512202215,5
b0f230622eb457f811a1e34934e66c5a,Vĩnh Phú 14,Đường Vĩnh Phú 14,10.8683289,106.706146,10.868702,106.7062328,1.0,50.0,FRC2,residential,asphalt,,,,39.0,49.0,0.0,0.7959183673469388,727.35,20.40816326530612,0,B,46.15384615384615,,,,,,,,,,0.00046,12.869596722019937,0.0423471256456021,2512202215,5
f16148691bd1eb33aed19cce28aafe05,Quách Thị Trang,Đường Quách Thị Trang,10.7052216,106.8287243,10.7054699,106.8257462,1.5,55.0,FRC4,primary,,,,ĐT.769B,44.0,47.0,0.0,0.9361702127659576,712.34,6.382978723404253,0,A,40.909090909090914,,,,,,,,,,0.003226,274.850327162258,0.3269438993046757,2512202215,5
43a99183d8178e3e85913a10ba11a473,Quang Trung,Đường Quang Trung,10.8430788,106.6419808,10.8374889,106.6544376,2.0,50.0,FRC4,primary,asphalt,yes,,,25.5,35.0,0.0,0.7285714285714285,1697.14,27.142857142857142,0,B,70.58823529411765,,,,,,,,,,0.018047,114.55430187155258,1.49587328587445,2512202215,5
0156bf10ae8471d6696389f5fbcfce3b,Lê Đức Thọ,Đường Lê Đức Thọ,10.8548517,106.655946,10.8527915,106.6599389,1.5,50.0,FRC1,residential,asphalt,,,,15.0,24.0,0.0,0.625,1552.5,37.5,0,C,120.0,,,,,,,,,,0.006053,117.71545210035184,0.492484649003015,2512202215,5
fff16b993097609c251d6367c38cca99,Tôn Đức Thắng,Đường Quách Thị Trang,10.7154014,106.8475443,10.7829212,106.7056039,1.0,55.0,FRC4,secondary,,,,ĐT.769B,37.0,44.0,0.0,0.8409090909090909,646.36,15.909090909090908,0,B,48.64864864864865,,,,,,,,,,0.20946,295.84889428415903,17.228288565566665,2512202215,5
a25cddb3055d03469e0df03c4b4e7b74,Hiệp Bình,Đường Kha Vạn Cân,10.8374629,106.7327377,10.8450502,106.7284891,1.5,50.0,FRC2,secondary,asphalt,,,,34.5,42.0,0.0,0.8214285714285714,1022.14,17.85714285714286,0,B,52.17391304347826,,,,,,,,,,0.011836,331.19101880378616,0.9592580001251936,2512202215,5
d69cf294f830fb191a1cc40998045761,Lê Đức Thọ,Đường Lê Đức Thọ,10.8472382,106.6693689,10.8428373,106.6753185,1.0,50.0,FRC3,residential,concrete,,,,27.0,34.5,0.0,0.782608695652174,751.3,21.73913043478261,0,B,66.66666666666666,,,,,,,,,,0.010351,126.98460856287824,0.8125237247949624,2512202215,5
51e315913bf3e64b6750e535df7ea2f3,Cầu vượt Ngã Tư Ga,Đường Hà Huy Giáp,10.8629755,106.6803378,10.8591758,106.6799122,1.5,50.0,FRC3,primary,,yes,,,27.0,34.5,0.0,0.782608695652174,1126.96,21.73913043478261,0,B,66.66666666666666,,,,,,,,,,0.004225,186.2774757424584,0.4228671556435677,2512202215,5
47d57b8fa5d938cb21fb54105483948a,Lê Văn Tách,Đường Quốc Lộ 1A,10.8761169,106.7542735,10.8783778,106.7609261,1.0,50.0,FRC1,trunk,asphalt,yes,,QL.1,31.0,42.0,0.0,0.7380952380952381,831.43,26.190476190476183,0,B,58.064516129032256,,,,,,,,,,0.008914,70.91018731005647,0.7691391179002409,2512202215,5
ad966e26648e05b8e1e20a288d61ccde,Tân Xuân 2,Đường Tô Ký,10.8819132,106.6077482,10.8822319,106.6079617,1.0,50.0,FRC4,residential,,,,,28.0,36.5,0.0,0.7671232876712328,779.18,23.28767123287672,0,B,64.28571428571428,,,,,,,,,,0.000532,33.339401630294844,0.042280054148949,2512202215,5
fabc03cf85b90641ee6d5b2fa3381963,Ngã Bảy Lý Thái Tổ,Ngã Bảy Lý Thái Tổ,10.7679102,106.6744532,10.7679102,106.6744532,1.5,50.0,FRC2,primary,asphalt,yes,,,12.0,17.5,0.0,0.6857142857142857,1388.57,31.428571428571427,0,C,150.0,,,,,,,,,,0.0,0.0,0.0,2512202215,5
565705c0eed96a1a9a86d19728864b8e,Thoại Ngọc Hầu,Đường Thoại Ngọc Hầu,10.7737359,106.621551,10.7842211,106.6392437,1.5,50.0,FRC4,secondary,asphalt,,,,23.0,30.5,0.0,0.7540983606557377,1203.93,24.59016393442624,0,B,78.26086956521739,,,,,,,,,,0.028178,58.89690841198808,2.255977178074464,2512202215,5
6dafc06acc66da4a12960ed2fcd60b6d,Tỉnh lộ 43,Đường Bình Chiểu,10.8770572,106.7319907,10.8772691,106.7319664,1.0,50.0,FRC3,secondary,,,,ĐT.43,15.5,18.0,0.0,0.8611111111111112,610.0,13.888888888888884,0,B,116.12903225806453,,,,,,,,,,0.000236,353.57462679958905,0.0235891601174914,2512202215,5
2599c94869c5b3c7e0bfb6e807ce8110,Lý Chiêu Hoàng,Đường Lý Chiêu Hoàng,10.7359493,106.6337742,10.7359829,106.633682,2.0,50.0,FRC2,secondary,asphalt,yes,,,42.0,42.0,0.0,1.0,720.0,0.0,0,A,42.85714285714285,,,,,,,,,,0.000126,290.3507166114374,0.010748199003289,2512202215,5
3832b5ff644d3e99f0d5ee7d62f4d159,Nguyễn Thị Thập,Đường Số 32,10.7394635,106.7068498,10.7399476,106.7035805,1.0,50.0,FRC4,service,,,,,12.0,14.5,0.0,0.8275862068965517,670.34,17.24137931034483,0,B,150.0,,,,,,,,,,0.003753,278.57109973356046,0.361590521569828,2512202215,5
a5f37f0263279eb53c979f4af8037db8,Bưng Ông Thòan,Bưng Ông Thòan,10.828493,106.7887386,10.8287562,106.7885591,1.0,50.0,FRC4,tertiary,asphalt,,,,15.5,15.5,0.0,1.0,360.0,0.0,0,A,116.12903225806453,,,,,,5.0,,,,0.000443,326.18398155756336,0.0351121993562675,2512202215,5
45c905175ebbfb9242c42145d1388648,Điện Biên Phủ,Đường Nguyễn Hữu Cảnh,10.7989146,106.7192459,10.7981813,106.7199137,2.0,50.0,FRC2,residential,asphalt,yes,,,43.5,43.5,0.0,1.0,720.0,0.0,0,A,41.37931034482759,,,,,5.0,,,,,0.001401,138.1856666867543,0.1091459919391498,2512202215,5
07c3b6b25b61229d668d7c4c6917d65c,Phường Bến Thành,Đường Lê Thị Riêng,10.7713876,106.6930624,10.7715326,106.6933233,1.5,50.0,FRC4,tertiary,asphalt,yes,,,8.5,13.5,0.0,0.6296296296296297,1540.0,37.03703703703704,0,C,211.76470588235293,,,,,,,,,,0.000406,60.50154990538459,0.0327335386537872,2512202215,5
077abce41d36295c50eedc27a6c8a57e,Linh Đông,Linh Đông,10.8415361,106.7438406,10.8415361,106.7438406,2.0,50.0,FRC2,primary,asphalt,yes,,,17.5,21.0,0.0,0.8333333333333334,1320.0,16.666666666666664,0,B,102.85714285714285,,,,,,,,,,0.0,0.0,0.0,2512202215,5
3dc3aeb6ac2cd4c7167f26a1d7f12ea3,Cầu vượt Sóng Thần 1,Đường Quốc Lộ 1A,10.8753473,106.7511683,10.8754506,106.7515008,1.5,50.0,FRC1,trunk,asphalt,yes,,QL.1,30.0,47.0,0.0,0.6382978723404256,1516.6,36.17021276595744,0,C,60.0,,,,,,,,,,0.000436,72.44475611265193,0.0381067500488708,2512202215,5
01f58867a108c33d5a3c9b604e9b80ad,Quận Gò Vấp,Đường Phạm Văn Đồng,10.8193084,106.6900639,10.8195596,106.6899222,2.5,65.0,FRC3,secondary,asphalt,yes,,,47.0,47.0,0.0,1.0,900.0,0.0,0,A,38.29787234042553,,,,,,,,,,0.000393,331.01071767325266,0.0318146827104098,2512202215,5
b3d2dfe0fb15f1fe7380b3d98be8ba80,Cầu Thị Nghè,Đường Nguyễn Thị Minh Khai,10.7910523,106.7058445,10.7924505,106.707195,1.5,50.0,FRC2,primary,asphalt,yes,,,31.5,41.0,0.0,0.7682926829268293,1165.61,23.17073170731707,0,B,57.14285714285714,,,,,,,,,,0.002749,43.494980726086965,0.2138538826531066,2512202215,5
f50386b00d8d2553086b779fc16fdd5d,Pham Ngũ Lão,Đường Phạm Ngũ Lão,10.8207556,106.6832697,10.8251544,106.6808708,1.5,50.0,FRC3,primary,asphalt,yes,,,26.0,35.5,0.0,0.7323943661971831,1262.54,26.76056338028169,0,B,69.23076923076924,,,,,,,,,,0.006798,331.82438190044013,0.5527760157046366,2512202215,5
d6cd77b733df1b8a42e6d92e31d647a2,Đường Long Thuận,Đường Long Thuận,10.8119329,106.8596808,10.8119103,106.8596881,1.0,50.0,FRC0,residential,,,,,74.0,74.0,0.0,1.0,360.0,0.0,0,A,24.324324324324326,,,,,,,,,,3e-05,162.39707434555953,0.0026242319753065,2512202215,5
27d44fb2b3217cd2af1197a6840ae28f,Bạch Đằng,Hẻm 46 Bạch Đằng,10.8029724,106.7101437,10.8033698,106.7048266,2.0,50.0,FRC2,primary,asphalt,yes,,,18.0,31.5,0.0,0.5714285714285714,2262.86,42.85714285714286,0,C,100.0,,,,,,,,,,0.005714,274.35166508503977,0.583134153695524,2512202215,5
51d905077b9a55d0a107c12a6f045eb1,Thành phố Thuận An,Đường Lái Thiêu 113,10.8877621,106.6998839,10.8886155,106.6944551,3.0,50.0,FRC2,primary,,yes,,,38.5,48.0,0.0,0.8020833333333334,2148.75,19.791666666666664,0,B,46.75324675324676,,,,yes,,,,,,0.006282,279.0952848260871,0.6009827323819156,2512202215,5
3b8503c98906d29b3dc213c8b61b3094,Nguyễn Tri Phương,Nguyễn Tri Phương,10.7614123,106.6684746,10.7666599,106.6674092,1.5,50.0,FRC2,primary,asphalt,yes,,,13.5,17.5,0.0,0.7714285714285715,1157.14,22.85714285714285,0,B,133.33333333333331,,,,,,,,,,0.006313,348.72025959141246,0.5920337639124053,2512202215,5
f3bd3e0952b04e44f2390f3158e257d0,Lê Văn Sỹ,Đường Lê Văn Sỹ,10.7970292,106.6645994,10.7889674,106.675853,1.0,50.0,FRC2,service,asphalt,,,,21.5,32.0,0.0,0.671875,950.62,32.8125,0,C,83.72093023255813,,,,,,,,,,0.019315,126.10131954585783,1.5198342433510048,2512202215,5
115016d4642e2c221204dff826979d47,Hồ Văn Huê,Hồ Văn Huê,10.8045481,106.677625,10.8054457,106.6781072,3.0,50.0,FRC2,secondary,asphalt,yes,,,9.0,15.5,0.0,0.5806451612903226,3344.52,41.93548387096774,0,C,200.0,,,,,,,,,,0.00138,27.819942016969208,0.1124213412141241,2512202215,5
077ca7cc4c2807768a3891b8e0026e82,Nguyễn Trãi,Đường An Bình,10.7548304,106.6708395,10.7562318,106.6758517,1.0,50.0,FRC6,service,,,,,17.5,26.0,0.0,0.6730769230769231,948.46,32.692307692307686,0,C,102.85714285714285,,,,,,,,,,0.006414,74.11331282037702,0.5697117451821434,2512202215,5
aedfcc521095d7d7ff4a56ad4969f6c6,Trường Chinh,Đường Trường Chinh,10.8373896,106.6187325,10.7959135,106.647854,1.0,50.0,FRC2,residential,,,,,24.0,34.5,0.0,0.6956521739130435,907.83,30.434782608695656,0,C,75.0,,,,,,,,,,0.070598,145.40508600678476,5.584755562783457,2512202215,5
b3f614c6deb5a73ca31654f6aff3780e,Nguyễn Chí Thanh,Đường Nguyễn Thị Nhỏ,10.7595294,106.6669516,10.756343,106.6510842,2.5,50.0,FRC4,secondary,asphalt,,,,20.0,27.5,0.0,0.7272727272727273,2127.27,27.27272727272727,0,B,90.0,,,,,,,,,,0.019054,258.448976289405,1.7709368076552727,2512202215,5
b0cadec1091304c426623c131ff84b47,Công Trường Mê Linh,Đường Tôn Đức Thắng,10.7748291,106.7065305,10.7748385,106.7065815,2.5,55.0,FRC2,primary,asphalt,yes,,,1.5,9.5,0.0,0.1578947368421052,4500.0,84.21052631578947,0,E,1200.0,,,,,,,,,,6e-05,79.37360980501046,0.0056739359814783,2512202215,5
2f743d00a75280e86e3a2fd3248fae97,Bạch Đằng,Hẻm 234 Bạch Đằng,10.8033698,106.7048266,10.8139316,106.6656805,2.5,40.0,FRC2,primary,asphalt,yes,,,20.5,32.0,0.0,0.640625,2517.19,35.9375,0,C,87.8048780487805,,,,yes,,,,,,0.049708,285.3627530997404,4.43746787089511,2512202215,5
7e414735915eb505134c1ae99ee1f5f8,Cầu Số 2,Cầu Số 2,10.7916133,106.661654,10.7915741,106.6616367,2.0,50.0,FRC2,tertiary,asphalt,yes,,,7.5,18.0,0.0,0.4166666666666667,2820.0,58.33333333333333,0,D,240.0,,,,,,,,,,5.6e-05,203.43777309040388,0.0047308406284431,2512202215,5
823a0dbc9b2b7b01d1fa23d547c80121,Đường Lãnh Binh Thăng,Đường 3 Tháng 2,10.7620808,106.6568525,10.7621391,106.6567535,1.5,50.0,FRC2,secondary,asphalt,yes,,,28.0,33.5,0.0,0.835820895522388,983.28,16.417910447761198,0,B,64.28571428571428,,,,,,,,,,0.000157,300.93984438922075,0.0126028930201831,2512202215,5
23f1e96430b534bcdc0d50fdcea09831,Công Trường Quốc Tế,Công Trường Quốc Tế,10.7829947,106.6962159,10.7826997,106.6955259,1.5,50.0,FRC3,tertiary,asphalt,,,,5.0,12.0,0.0,0.4166666666666667,2115.0,58.33333333333333,0,D,360.0,,,both,,,,,,,0.000985,246.48038755953385,0.0822158710173699,2512202216,5
f9534a14ca55def329c3d76ef4b88a70,Vòng xoay Dương Bá Trạc,Vòng Xoay,10.7388523,106.6893329,10.738675,106.6895522,1.5,50.0,FRC3,primary,asphalt,yes,,,23.5,29.5,0.0,0.7966101694915254,1089.15,20.33898305084746,0,B,76.59574468085106,,,,,,,,,,0.000397,129.45070100061974,0.0309842353716211,2512202216,5
d3909245c1ca175af9d20da52ea53220,Đường N,Đường Số 10,10.7246478,106.7159815,10.7255698,106.715968,1.0,50.0,FRC1,residential,,no,,,22.0,22.0,0.0,1.0,360.0,0.0,0,A,81.81818181818183,,,,,,,,,,0.000935,359.17578356541986,0.101995637585983,2512202216,5
f09e9c5468720a5fd76e0bf91db34785,Nguyễn Trãi,Nguyễn Trãi,10.7710906,106.6929369,10.7532859,106.6628252,1.0,50.0,FRC4,residential,,,,,13.5,13.5,0.0,1.0,360.0,0.0,0,A,133.33333333333331,,,,,,,,,,0.047916,238.96012867088197,3.837373071666618,2512202216,5
f1f6c3a4d7c5ef9e6d1116e1e7fb2619,Lý Thái Tổ,Đường Lý Thái Tổ,10.7677425,106.6740246,10.7669304,106.6770101,1.5,50.0,FRC2,primary,asphalt,yes,,,24.0,34.0,0.0,0.7058823529411765,1334.12,29.411764705882348,0,B,75.0,,,,,,,,,,0.003798,105.47658212160422,0.3386618531463757,2512202216,5
cd895fd509f55daf8729076c41d8fa39,Phường Tân Thuận Tây,Đường Nguyễn Tất Thành,10.7523982,106.7241939,10.7522526,106.7242338,2.0,50.0,FRC2,trunk_link,asphalt,yes,,,27.0,35.5,0.0,0.7605633802816901,1581.97,23.943661971830988,0,B,66.66666666666666,,,,,,,,,,0.000185,164.93170303525892,0.0166860680150407,2512202216,5
6b2c88b561aea1b33901f3e7621609a6,Phạm Văn Đồng,Đường Phạm Văn Đồng,10.8641108,106.7571974,10.8575701,106.7518877,1.0,50.0,FRC2,residential,,,,,34.5,41.5,0.0,0.8313253012048193,663.61,16.867469879518072,0,B,52.17391304347826,,,,,,,,,,0.01185,218.56420130644543,0.927622244532046,2512202216,5
a416cd413de34fbc6b7c43d9e6e71c86,Nguyễn Thông,Đường Nguyễn Thông,10.781667,106.679297,10.7781284,106.6843698,1.0,50.0,FRC2,service,,,,,9.0,15.5,0.0,0.5806451612903226,1114.84,41.93548387096774,0,C,200.0,,,,,,,,,,0.008611,125.3778794149083,0.678977547745854,2512202216,5
2602b0b1802d1ab2478d50934c97a0b5,Lý Thường Kiệt,Lý Thường Kiệt,10.7677013,106.6588507,10.7592404,106.6612178,1.5,50.0,FRC2,residential,asphalt,,,,9.0,15.5,0.0,0.5806451612903226,1672.26,41.93548387096774,0,C,200.0,,,,,,,,,,0.010828,164.63166859660578,0.971035753734684,2512202216,5
af1638d7752e8b881830970c73587a23,Hoàng Minh Giám,Đường Hoàng Minh Giám,10.8123044,106.6768879,10.80837,106.6736261,1.5,50.0,FRC3,secondary,asphalt,,,,7.5,15.0,0.0,0.5,1890.0,50.0,0,C,240.0,,,,,,,,,,0.007196,219.15739074969207,0.5627002095361479,2512202216,5
1379ec4a4dc70a809d7df14442eca710,Bảy Hiền,Đường Năm Châu,10.7894105,106.6516978,10.7897093,106.6518377,1.0,50.0,FRC4,residential,,,,,21.5,32.0,0.0,0.671875,950.62,32.8125,0,C,83.72093023255813,,,,,,,,,,0.000439,24.699055633744365,0.0364208126305638,2512202216,5
55cac50e20675ba4ab7f42d24408e5fb,Cầu Ông Dầu,Đường Quốc Lộ 13,10.8347246,106.7139796,10.8350834,106.7139479,1.5,50.0,FRC2,trunk,asphalt,yes,,QL.13,32.0,41.0,0.0,0.7804878048780488,1132.68,21.95121951219512,0,B,56.25,,,,,,,,,,0.000391,355.0405829680141,0.0398392175792483,2512202216,5
84b55ced01b46649bc0c300d9222f91f,Phạm Thái Bường,Đường Phạm Thái Bường,10.7273833,106.7086074,10.7274088,106.7097716,1.0,50.0,FRC1,residential,,,,,42.0,42.0,0.0,1.0,360.0,0.0,0,A,42.85714285714285,,,,,,,,,,0.00119,88.72280559873803,0.1273792843366883,2512202216,5
370350f3368ff088a2066af8a3feae97,Nguyễn Thái Bình,Đường Cộng Hòa,10.7964689,106.6523793,10.800764,106.6598663,1.0,50.0,FRC2,residential,asphalt,,,,25.5,36.0,0.0,0.7083333333333334,885.0,29.166666666666664,0,B,70.58823529411765,,,,,,,,,,0.011782,59.71367562077472,0.9466395018730216,2512202216,5
aedfcc521095d7d7ff4a56ad4969f6c6,Trường Chinh,Đường Trường Chinh,10.8311999,106.6227295,10.8373896,106.6187325,1.0,50.0,FRC2,residential,,,,,25.5,35.0,0.0,0.7285714285714285,848.57,27.142857142857142,0,B,70.58823529411765,,,,,,,,,,0.010187,327.61588535058974,0.8122751235406859,2512202216,5
32196ce38d97227596a014fe983dc5bf,Kha Vạn Cân,Kha Vạn Cân,10.8504341,106.7545053,10.8319797,106.725621,1.0,50.0,FRC2,residential,,,,,17.5,20.5,0.0,0.8536585365853658,623.41,14.634146341463415,0,B,102.85714285714285,,,,,,,,,,0.047339,236.957992955182,3.7606181402747656,2512202216,5
3ed425b7d9e8056f527d3a345c0cca5f,Hẻm 68 Trần Quang Khải,Hẻm 68 Trần Quang Khải,10.792788,106.6936394,10.7932473,106.6935778,1.0,50.0,FRC4,tertiary,,,,,9.5,12.5,0.0,0.76,792.0,24.0,0,B,189.4736842105263,,,,,,,,,,0.000521,352.49481791291254,0.0512493594487921,2512202216,5
478bfed0731f74043453209e13178182,Phạm Văn Đồng,Đường Phạm Văn Đồng,10.8529635,106.7511033,10.8667147,106.7620017,1.0,50.0,FRC3,tertiary,asphalt,,,,32.5,44.5,0.0,0.7303370786516854,845.39,26.96629213483146,0,B,55.38461538461539,,,,,,,,,,0.02465,37.89431269870949,1.9322557915437235,2512202216,5
99d0f7e3186590f9820064321287413b,Đường Hùng Vương,Đường Nguyễn Chí Thanh,10.7610783,106.6746115,10.760649,106.6740819,2.0,55.0,FRC4,primary,asphalt,yes,,,20.5,28.5,0.0,0.7192982456140351,1730.53,28.07017543859649,0,B,87.8048780487805,,,,,,,,,,0.000959,230.4732751145905,0.0749014192531278,2512202216,5
087c89dd2969a894f56ae36a06fb750b,Trung Mỹ Tây 2A,Đường Quốc Lộ 22,10.8471993,106.6123545,10.8472751,106.6124805,1.0,50.0,FRC1,residential,asphalt,,,,41.5,46.5,0.0,0.8924731182795699,553.55,10.752688172043012,0,B,43.373493975903614,,,,,,,,yes,,0.000202,58.51119574151926,0.016128028934367,2512202216,5
59511979ee7eb2dd5299ab6a5484d985,Phường Tân Thới Nhất,Đường Quốc Lộ 1A,10.8423995,106.6156611,10.842552,106.6155929,1.5,55.0,FRC4,trunk,asphalt,yes,,QL.1,18.5,18.5,0.0,1.0,540.0,0.0,0,A,97.2972972972973,,,,yes,,,,yes,,0.000221,336.28750852542686,0.0184434433806846,2512202216,5
70c4bc5a0849c2df4cb224daea730d5a,Vòng xoay An Lạc,Đường Quốc lộ 1A,10.7237483,106.6010824,10.7238063,106.6010908,3.0,60.0,FRC1,trunk,asphalt,yes,,QL.1,46.5,52.5,0.0,0.8857142857142857,1697.14,11.428571428571432,0,B,38.70967741935484,,,,,,,,,,6.6e-05,8.098718386147482,0.0064810057775018,2512202216,5
bd0bdfc59239b2c228e0d185d9029e5d,Quách Thị Trang,Đường Quách Thị Trang,10.7063918,106.8237646,10.7065115,106.8236348,1.0,50.0,FRC4,tertiary,,,,,39.5,46.5,0.0,0.8494623655913979,630.97,15.053763440860212,0,B,45.56962025316456,,,,,,,,,,0.00025,313.18367133191305,0.0194146488478267,2512202216,5
d6b8f09cbdb2633014691a86e7ad5c65,Đường số 48,Đường Số 48,10.758507,106.6987348,10.7557367,106.7008649,1.5,50.0,FRC4,tertiary,asphalt,no,,,21.0,34.5,0.0,0.6086956521739131,1596.52,39.13043478260869,0,C,85.71428571428571,,,,,,,,,,0.0049,142.93261840829632,0.384942332818907,2512202216,5
418de2d4cb47c9713d6fb6099c8c7795,Cầu Bình Lợi,Cầu Bình Lợi,10.8252486,106.7108326,10.8239671,106.706066,1.0,50.0,FRC2,residential,asphalt,yes,,,17.5,20.5,0.0,0.8536585365853658,623.41,14.634146341463415,0,B,102.85714285714285,,,,,,,,,,0.006048,254.69238461724652,0.540166593475048,2512202216,5
5e86fb51589ef18b6d58b7da9e4e479a,Phạm Văn Đồng,Đường Phan Văn Trị,10.8212703,106.6975926,10.8370873,106.7325701,1.0,50.0,FRC3,secondary,asphalt,,,,20.0,23.0,0.0,0.8695652173913043,594.78,13.043478260869568,0,B,90.0,,,,,,,,,,0.050795,65.27518258535986,4.205950890672308,2512202216,5
56d749878949f252ab47fce853218434,Đường 3 Tháng 2,Đường Thành Thái,10.767686,106.6667965,10.7579254,106.6489673,2.0,50.0,FRC2,primary,asphalt,yes,,,11.0,16.5,0.0,0.6666666666666666,1920.0,33.333333333333336,0,C,163.63636363636363,,,,,,,,yes,,0.02759,240.87279303889085,2.2289776594227813,2512202216,5
cb4335a416d83971695b8a9fe1614d99,Lý Thường Kiệt,Lý Thường Kiệt,10.8866826,106.5896647,10.7757808,106.6565902,1.0,50.0,FRC4,residential,,,,,13.5,18.5,0.0,0.7297297297297297,846.49,27.027027027027028,0,B,133.33333333333331,,,,,,,,,,0.177827,149.33782396045774,14.284323362102825,2512202216,5
c7f1805ac503309ccfe6e3892f45e7d9,Quốc lộ 1,Đường Quốc Lộ 1A,10.8620634,106.6494828,10.8725843,106.7668518,1.0,65.0,FRC1,trunk,,yes,,QL.1,32.0,40.5,0.0,0.7901234567901234,737.78,20.98765432098766,0,B,56.25,,,,,,,,,,0.12789,84.77363512562988,12.885334077654894,2512202216,5
92e19a071fbcba571548cd78247e6b2a,Cầu Rạch Chiếc 2,Đường Xa Lộ Hà Nội,10.8139606,106.7570201,10.8099928,106.7562309,3.0,80.0,FRC1,trunk,asphalt,yes,,,42.0,47.5,0.0,0.8842105263157894,1705.26,11.578947368421057,0,B,42.85714285714285,,,no,yes,,,,,,0.004757,191.05471953384156,0.4472966368199675,2512202216,5
b6b6f2553a423b0cca086a375421206a,Xa Lộ Hà Nội,Đường Xa Lộ Hà Nội,10.8006952,106.7363742,10.8336803,106.7646754,1.5,55.0,FRC2,trunk,asphalt,yes,,,21.0,25.0,0.0,0.84,972.0,16.000000000000004,0,B,85.71428571428571,,,,,,,,yes,,0.061286,40.11998426460849,4.784390367398653,2512202216,5
eec9f602f390a983b7168d8f462f8628,Trường Chinh,Đường Trường Chinh,10.7936226,106.6519615,10.8152248,106.6323883,2.0,50.0,FRC2,primary,asphalt,yes,,,25.5,34.5,0.0,0.7391304347826086,1659.13,26.086956521739136,0,B,70.58823529411765,,,,,,,,,,0.041175,318.3323613977312,3.2080254789629925,2512202216,5
6166f3e708c26c896b2f2ff43aa433b5,Nguyễn Kim,Đường Nguyễn Kim,10.7556227,106.6633772,10.7555118,106.6633989,2.0,55.0,FRC2,primary,asphalt,yes,,,28.0,35.0,0.0,0.8,1440.0,20.0,0,B,64.28571428571428,,,,,,,,,,0.000133,169.11852788414467,0.0124944825311056,2512202216,5
c6bdbee9943288bb1b2bcb5ad94530c5,Võ Hữu Lợi,Võ Hữu Lợi,10.7495136,106.5406398,10.749453,106.540609,1.0,50.0,FRC4,tertiary,,,,,23.0,23.0,0.0,1.0,360.0,0.0,0,A,78.26086956521739,,,,,,,,,,9.1e-05,206.53443067301535,0.0075020920885506,2512202216,5
c6b900a281c5b6673b89d20b01cdada9,Hẻm 312 Kinh Dương Vương,Đường Kinh Dương Vương,10.7433547,106.6207621,10.7433184,106.6207225,1.0,50.0,FRC2,residential,asphalt,,,,28.5,35.0,0.0,0.8142857142857143,694.29,18.571428571428573,0,B,63.1578947368421,,,,,,,,,,7.6e-05,226.98451630124305,0.0059062678405921,2512202216,5
7ac9e10ab273227210ba16ae4be9d1e9,Trang Tử,Đường Phú Hữu,10.7516644,106.6532793,10.7514819,106.6504956,2.0,50.0,FRC4,tertiary,asphalt,yes,,,20.5,28.5,0.0,0.7192982456140351,1730.53,28.07017543859649,0,B,87.8048780487805,,,,,,,,,,0.002966,266.1824762203601,0.3051441414999466,2512202216,5
8594247c7d6b09f93080d0dc64757d78,Dương Bá Trạc,Đường Dương Bá Trạc,10.7440266,106.688839,10.7415004,106.6884045,1.5,50.0,FRC3,primary,asphalt,yes,,,11.0,16.5,0.0,0.6666666666666666,1440.0,33.333333333333336,0,C,163.63636363636363,,,,yes,,,,,,0.002961,189.59144487369815,0.2834430853903039,2512202216,5
7a3f7790d7f71c90cdc27d7f12778138,Bưng Ông Thoàn,Đường Bưng Ông Thoàn,10.8139216,106.7973612,10.8144883,106.7970824,1.5,50.0,FRC2,tertiary,asphalt,,,,20.5,20.5,0.0,1.0,540.0,0.0,0,A,87.8048780487805,,,,yes,,5.0,,,,0.000846,334.20861201481137,0.0697057747776749,2512202216,5
303586b6502d05b20982c01c788a8863,Đường số 9A,Đường Số 9A,10.7292604,106.6884076,10.7288508,106.6880005,2.0,65.0,FRC3,primary_link,asphalt,yes,,,20.5,33.0,0.0,0.6212121212121212,2083.64,37.87878787878788,0,C,87.8048780487805,,,,,,,,,,0.000817,224.3194765238883,0.0635274931559574,2512202216,5
48ed2cb8bdec7fb5383149c4381dac31,Cầu Bình Phước 2,Đường Quốc Lộ 1A,10.8607907,106.7150626,10.8612059,106.7155477,1.5,50.0,FRC1,trunk,asphalt,yes,,QL.1,15.0,24.0,0.0,0.625,1552.5,37.5,0,C,120.0,,,,yes,,,,,,0.0009,48.92724011378516,0.070160686952433,2512202216,5
5c004ea2ebb15c29edb255aed69fafd1,Phạm Văn Đồng,Đường Phạm Văn Đồng,10.8316231,106.7254178,10.8402083,106.7418062,1.0,50.0,FRC2,residential,,,,,33.5,43.5,0.0,0.7701149425287356,773.79,22.98850574712644,0,B,53.73134328358209,,,,,,,,,,0.024974,61.92440348098262,2.028100491596636,2512202216,5
5f9c6156d0076b5f11f4c11f70e9b19d,Võ Thị Sáu,Đường Võ Thị Sáu,10.7915641,106.6955574,10.7825478,106.6866724,1.0,50.0,FRC2,residential,asphalt,yes,,,23.0,31.0,0.0,0.7419354838709677,824.52,25.806451612903224,0,B,78.26086956521739,,,,,,,,,,0.017901,224.0699957727841,1.3924335589031938,2512202216,5
1fe938e2d17aafebcc703e4d16744c64,Cầu Thầy Tiêu,Đường Nguyễn Văn Linh,10.7289172,106.716972,10.7294379,106.7153476,2.0,80.0,FRC1,trunk,asphalt,yes,,,35.0,37.5,0.0,0.9333333333333332,960.0,6.666666666666665,0,A,51.42857142857142,,,,,,,,,,0.002145,288.0692030528611,0.1867883918695916,2512202216,5
222b2069e78e15952a8c4886ce1eb4d5,Cầu Bùi Hữu Nghĩa,Cầu Bùi Hữu Nghĩa,10.7930658,106.6974031,10.7940986,106.6976069,2.0,50.0,FRC3,tertiary,asphalt,,,,13.0,17.5,0.0,0.7428571428571429,1645.71,25.71428571428571,0,B,138.46153846153848,,,,yes,,,,,,0.001237,10.969958613552194,0.1163952147379656,2512202216,5
416cfd141b2e1f430ec55fda745aa785,Phường Đông Hòa,Phường Đông Hòa,10.8674881,106.7842783,10.8738915,106.8076326,2.0,50.0,FRC1,trunk,asphalt,yes,,QL.1,19.0,23.0,0.0,0.8260869565217391,1346.09,17.391304347826086,0,B,94.73684210526316,,,,,,,,,,0.029758,74.39832394352874,2.6498590242602025,2512202216,5
7c460dcfcaee98eeba3d0aa19823f874,Trần Nhân Tôn,Đường Trần Nhân Tôn,10.7590354,106.6755174,10.7632459,106.6746392,1.5,50.0,FRC4,tertiary,asphalt,,,,25.0,29.5,0.0,0.847457627118644,951.86,15.254237288135595,0,B,72.0,,,,,,,,,,0.005089,348.4201328125097,0.4755377767110832,2512202216,5
37d7d0d6860cb8b4913237e08732d983,Kinh Dương Vương,Đường Kinh Dương Vương,10.7455465,106.6235109,10.7282004,106.6071858,1.5,50.0,FRC2,secondary,asphalt,,,,28.5,35.0,0.0,0.8142857142857143,1041.43,18.571428571428573,0,B,63.1578947368421,,,,,,,,,,0.033671,222.7599414901867,2.6210907735394637,2512202216,5
f2f81afbd87997f065cf79da637f73d2,Vòng xoay Lạc Long Quân,Vòng Xoay Lạc Long Quân,10.7669732,106.6423452,10.7669707,106.6423817,1.5,50.0,FRC4,secondary,asphalt,yes,,,22.0,32.0,0.0,0.6875,1383.75,31.25,0,C,81.81818181818183,,,,,,,,,,3.9e-05,93.98823737037054,0.0040016624951367,2512202216,5
9749b3c820de45bfa746ace7870c84be,Đường Phú Hòa,Đường Phú Hòa,10.785806,106.6544818,10.7856285,106.6538061,1.5,50.0,FRC2,primary,asphalt,yes,,,12.0,17.5,0.0,0.6857142857142857,1388.57,31.428571428571427,0,C,150.0,,,,,,,,,,0.000853,255.02863924147127,0.076462179987479,2512202216,5
76ad16bdde3e94469382285b76b17a4b,Lý Thường Kiệt,Lý Thường Kiệt,10.7887464,106.6529164,10.7805208,106.6552592,1.5,50.0,FRC2,primary,asphalt,yes,,,9.5,15.5,0.0,0.6129032258064516,1585.16,38.70967741935484,0,C,189.4736842105263,,,,,,,,,,0.010568,164.36882409822397,0.945248520805328,2512202216,5
9793e9678dd4c80b990793cdd330a5cb,Hà Huy Giáp,Hà Huy Giáp,10.8589939,106.6798911,10.8717216,106.6768789,2.0,50.0,FRC3,primary,,yes,,,17.5,17.5,0.0,1.0,720.0,0.0,0,A,102.85714285714285,,,,,,,,,,0.01574,346.91578081709594,1.4458676899254137,2512202217,5
e3d39cd84d4c0ef295ee5acb87566b98,Cầu Rạch Lăng,Đường Phạm Văn Đồng,10.821591,106.6983165,10.8218467,106.6992827,2.5,50.0,FRC3,trunk,asphalt,yes,,,44.5,46.5,0.0,0.956989247311828,1093.55,4.3010752688172005,0,A,40.44943820224719,,,,,,,,,,0.001222,74.92042438806118,0.1093768261601187,2512202217,5
b68cc61f0721ec77835b5c01818b3659,Đường Cộng Hòa,Đường Cộng Hòa,10.8021815,106.6453771,10.8022319,106.644295,1.0,50.0,FRC2,residential,,,,,26.5,39.5,0.0,0.6708860759493671,952.41,32.91139240506329,0,C,67.9245283018868,,,,,,,,,,0.001133,272.71482299062734,0.1184694530364686,2512202217,5
c10432c21f3605f30d3cd810f31923c3,Nguyễn Chí Thanh,Đường Sư Vạn Hạnh,10.7601722,106.6704457,10.760806,106.6731253,1.5,50.0,FRC4,residential,asphalt,,,,20.0,27.5,0.0,0.7272727272727273,1276.36,27.27272727272727,0,B,90.0,,,,,,,,,,0.003313,76.46277839722211,0.3013491112653665,2512202217,5
d1a299017f3767c5c0ce6f5ededa0f9d,Nguyễn Trọng Tuyển,Đường Nguyễn Trọng Tuyển,10.7980849,106.6699079,10.7984011,106.6665835,1.0,50.0,FRC2,service,,,,,21.0,31.5,0.0,0.6666666666666666,960.0,33.333333333333336,0,C,85.71428571428571,,,,,,,,,,0.003641,275.5309891391742,0.3652389257967301,2512202217,5
b52a8847dc58844ae1c266466e0f4c77,Quang Trung,Đường Quang Trung,10.835952,106.6605258,10.8395934,106.6466938,1.0,50.0,FRC4,residential,asphalt,,,,13.0,18.0,0.0,0.7222222222222222,860.0,27.77777777777778,0,B,138.46153846153848,,,,,,,,,,0.017473,285.00615478009945,1.5652004396667702,2512202217,5
ba73dfbc32d5dca66befe71067c49a08,Phạm Đình Hổ,Đường Phạm Đình Hổ,10.7521361,106.6496345,10.753419,106.649744,1.5,50.0,FRC4,secondary,asphalt,yes,,,24.0,30.0,0.0,0.8,1080.0,20.0,0,B,75.0,,,,,,,,,,0.001392,4.79330221650855,0.1424098644637614,2512202217,5
98c9357b3e508c6dca3ff35cc3c350f2,Lý Tự Trọng,Đường Lý Tự Trọng,10.7721656,106.6944832,10.7779424,106.7010583,2.5,50.0,FRC4,tertiary,asphalt,yes,,,10.5,25.0,0.0,0.42,3510.0,58.00000000000001,0,D,171.42857142857142,,,,,,,,,,0.012352,48.19133604990668,0.9619956472829648,2512202217,5
caeb9367aa7e3984284fcec14cdd6abb,Phường Đông Hưng Thuận,Đường Tỉnh Lộ 15,10.8502828,106.6308139,10.850249,106.6309142,1.5,50.0,FRC4,primary,asphalt,yes,,,34.5,43.0,0.0,0.8023255813953488,1073.72,19.76744186046512,0,B,52.17391304347826,,,,,,,,,,0.000134,108.9382756159419,0.0115868065639275,2512202217,5
547363d49bad58f120835e66b68860f2,Nguyễn Thị Minh Khai,Đường Nguyễn Thị Minh Khai,10.7660316,106.682324,10.7657285,106.6818889,1.5,55.0,FRC2,primary,asphalt,yes,,,25.5,37.0,0.0,0.6891891891891891,1379.19,31.081081081081084,0,C,70.58823529411765,,,,,,,,,,0.000738,234.65948721488456,0.0582123577307438,2512202217,5
c1bc92586eafb44a409bf6c1095b5a62,Hẻm 86 Ông Ích Khiêm,Hẻm 86 Ông Ích Khiêm,10.7699913,106.647032,10.7702268,106.6471393,1.0,50.0,FRC4,residential,concrete,,,,24.0,31.0,0.0,0.7741935483870968,766.45,22.580645161290324,0,B,75.0,,,,,,,,,,0.000343,24.11329896323275,0.0285708427486514,2512202217,5
97c4f983400827786f0659eb490f748d,Xa Lộ Hà Nội,Đường Xa Lộ Hà Nội,10.8458797,106.7715847,10.8584028,106.7887514,1.5,50.0,FRC1,secondary,asphalt,yes,,,21.5,24.0,0.0,0.8958333333333334,821.25,10.416666666666664,0,B,83.72093023255813,,,,,,,,,,0.02969,53.39403764748357,2.33283362572205,2512202217,5
a2ee134455a71b14e51573466977ae38,Trường Chinh,Đường Trường Chinh,10.8332849,106.6212255,10.8136617,106.6326825,2.0,65.0,FRC2,primary,asphalt,yes,,,12.5,17.0,0.0,0.7352941176470589,1672.94,26.470588235294112,0,B,144.0,,,,,,,,yes,,0.03108,150.1662364300903,2.5062091434423803,2512202217,5
a0616551a649b424c725bc667b4a8e72,Cầu Thị Nghè 2,Đường Nguyễn Hữu Cảnh,10.7875007,106.7093873,10.7876817,106.7096016,3.0,50.0,FRC2,primary,asphalt,yes,,,34.0,37.5,0.0,0.9066666666666666,1584.0,9.333333333333336,0,A,52.94117647058823,,,,yes,,,,yes,,0.000395,49.31087218336796,0.030824173298449,2512202217,5
e0854d4ff600c5a1deaab14736694bdd,Nguyễn Thái Học,Đường Nguyễn Thái Học,10.7651757,106.69714,10.7679022,106.6954254,1.0,50.0,FRC3,service,concrete,,,,24.0,31.0,0.0,0.7741935483870968,766.45,22.580645161290324,0,B,75.0,,,,,,,,,,0.004441,328.2926104301754,0.3551366142444033,2512202217,5
2db3c07cc93b9ea59e7913ba397c756b,Xa Lộ Hà Nội,Quốc Lộ 1,10.8594106,106.7904411,10.8581937,106.7878367,1.0,50.0,FRC1,secondary,asphalt,yes,,,21.5,24.5,0.0,0.8775510204081632,580.41,12.244897959183676,0,B,83.72093023255813,,,,,,,,,,0.003821,244.5567002643085,0.3149742157133478,2512202217,5
f521b9189379948467851f9a32299097,Đường Song Hành Xa lộ Hà Nội,Đường Xa Lộ Hà Nội,10.8575649,106.7860239,10.8378557,106.7676582,1.0,50.0,FRC1,secondary,asphalt,yes,,,46.0,48.5,0.0,0.9484536082474226,452.78,5.154639175257736,0,A,39.130434782608695,,,,,,,,,,0.038075,222.46594267848184,2.964049789517704,2512202217,5
b81f1d5593dc568ed2ee2a1d1d0fd283,Nguyễn Văn Cừ,Đường Nguyễn Văn Cừ,10.7643811,106.6819889,10.7622438,106.683007,2.0,45.0,FRC3,residential,asphalt,yes,,,10.5,16.0,0.0,0.65625,1957.5,34.375,0,C,171.42857142857142,,,,,,,,,,0.003155,154.92180190944953,0.2613250757446514,2512202217,5
e36b882b9c85d454a0300fea6df86f4e,Nguyễn Tuyển,Nguyễn Tuyển,10.7833422,106.7653756,10.7836471,106.7652891,1.0,50.0,FRC4,residential,,,,,9.5,15.0,0.0,0.6333333333333333,1020.0,36.66666666666667,0,C,189.4736842105263,,,,,,,,,,0.000391,344.42739793137235,0.0350276357289759,2512202217,5
23e19b9b24c80c1d54994897c9cb32ba,Quảng trường sáng tạo,Đường Số 621,10.8754861,106.8052044,10.8742918,106.805084,1.0,50.0,FRC1,tertiary,asphalt,,,,28.5,28.5,0.0,1.0,360.0,0.0,0,A,63.1578947368421,,,,,,,,,,0.001315,185.6539699706705,0.1327603047084073,2512202217,5
f846a9709ed4ed5e14da7fd0b44297ae,Lãnh Binh Thăng,Đường Bình Thới,10.7653269,106.6464629,10.7632537,106.6503161,1.5,50.0,FRC4,secondary,asphalt,,,,29.0,29.0,0.0,1.0,540.0,0.0,0,A,62.06896551724138,,,,,,,,,,0.005926,118.70843005344028,0.4797904256831437,2512202217,5
8e91f098c9fc9b9ce3b48432b280fa2e,Lăng Cha Cả,Lăng Cha Cả,10.8006191,106.6610875,10.8003982,106.6611458,1.0,50.0,FRC2,primary,,yes,,,27.0,35.0,0.0,0.7714285714285715,771.43,22.85714285714285,0,B,66.66666666666666,,,,,,,,,,0.000279,165.46629789265057,0.0252525869655835,2512202217,5
f85da89682a6ec3d59f053125b77e962,Đường Song Hành Xa lộ Hà Nội,Đường Xa Lộ Hà Nội,10.8389857,106.768291,10.8488622,106.7742039,2.0,50.0,FRC1,secondary,asphalt,yes,,,21.5,24.5,0.0,0.8775510204081632,1160.82,12.244897959183676,0,B,83.72093023255813,,,,,,,,,,0.015789,30.45468401896829,1.2694569475026742,2512202217,5
595ab3675628fa88dda774c1528560cd,Trường Chinh,Đường Trường Chinh,10.7984865,106.6430538,10.8284986,106.6246086,1.0,50.0,FRC2,service,,,,,27.0,35.5,0.0,0.7605633802816901,790.99,23.943661971830988,0,B,66.66666666666666,,,,,,,,,,0.048457,328.8832370552286,3.884496402164811,2512202217,5
d4bae69d9000469f93a269bf4795864f,Đường ven hồ trung tâm,Đường Lương Định Của,10.76937,106.71738,10.7786804,106.7229301,2.5,50.0,FRC2,tertiary,asphalt,,,,41.5,41.5,0.0,1.0,900.0,0.0,0,A,43.373493975903614,,,,,,,,,,0.01486,30.35314783503162,1.195433629218303,2512202217,5
94aadac0163a4195d344b2ff0cf5d166,Phan Đình Giót,Đường Nguyễn Văn Trỗi,10.8001795,106.6677637,10.8046866,106.6644615,4.5,55.0,FRC2,primary,asphalt,yes,,,23.0,33.5,0.0,0.6865671641791045,4158.81,31.343283582089555,0,C,78.26086956521739,,,,,,,,,,0.007809,324.25839052382463,0.6155975946869522,2512202217,5
b0f68ccf4a60e5a333d65ef16200c09e,Hàn Hải Nguyên,Hàn Hải Nguyên,10.7582635,106.6457587,10.7580428,106.648904,2.0,50.0,FRC2,primary,asphalt,yes,,,13.5,17.0,0.0,0.7941176470588235,1461.18,20.58823529411765,0,B,133.33333333333331,,,,,,,,yes,,0.003366,94.0850363259728,0.3448844077069571,2512202217,5
8b17cd945b85bbcd43656e3bf38630fb,Đường Cao tốc Tp. Hồ Chí Minh-Long Thành-Dầu Giây,Đường Cao Tốc Thành phố Hồ Chí Minh-Long Thành-Dầu Giây,10.7859271,106.8534308,10.7963832,106.7909752,1.5,85.0,FRC0,motorway,asphalt,yes,,CT.29,66.5,70.5,0.0,0.9432624113475178,693.19,5.6737588652482245,0,A,27.06766917293233,,,,,,,,,,0.072912,279.67785663016286,6.927609345465881,2512202217,5
083c1d1e1f533af54f36d1372bbcd36c,Vĩnh Phú,Đường Vĩnh Phú 41,10.8838911,106.7070109,10.8701485,106.7005955,1.0,50.0,FRC2,residential,asphalt,,,,15.5,20.5,0.0,0.7560975609756098,799.02,24.390243902439025,0,B,116.12903225806453,,,,,,,,,,0.020158,204.6291737965145,1.6741412464404588,2512202217,5
6989a713b71ab4d11d83bf019852bb1a,Xa lộ Hà Nội,Đường Xa Lộ Hà Nội,10.8557659,106.7838587,10.8069194,106.7548299,1.5,55.0,FRC1,trunk,asphalt,yes,,,39.5,45.0,0.0,0.8777777777777778,870.0,12.222222222222223,0,B,45.56962025316456,,,,,,,,,,0.077875,210.27478417014785,6.266524386997125,2512202217,5
2b4070260e2726ad3905ed6b34017434,Đường Song Hành Xa lộ Hà Nội,Hẻm 10 Xa Lộ Hà Nội,10.855961,106.7849851,10.8578137,106.788085,1.5,55.0,FRC1,trunk,asphalt,yes,,,42.0,45.0,0.0,0.9333333333333332,720.0,6.666666666666665,0,A,42.85714285714285,,,,,,,,,,0.004953,58.67680473268331,0.3960810528853401,2512202217,5
e6c235ab937f2d2476eb461312d549ac,Quốc lộ 1,Đường Quốc Lộ 1A,10.8678819,106.7813371,10.8617623,106.6586551,1.5,65.0,FRC1,trunk,,yes,,QL.1,17.5,22.0,0.0,0.7954545454545454,1092.27,20.45454545454546,0,B,102.85714285714285,,,,,,,,,,0.128802,267.1038789766513,13.430757046569086,2512202217,5
72585a7ac66f2d2a5a4b86cfd37ff736,Phạm Văn Đồng,Đường Phạm Văn Đồng,10.8395571,106.7384111,10.8353219,106.7301125,1.5,50.0,FRC2,primary,asphalt,yes,,,33.5,41.5,0.0,0.8072289156626506,1060.48,19.27710843373493,0,B,53.73134328358209,,,,,,,,,,0.012534,242.5435457356425,1.0212190804817276,2512202217,5
753deb00a601ebe86e4702c06bdd0ab0,Cầu 15B,Cầu 15B,10.7132819,106.7312394,10.7131905,106.7313098,2.0,60.0,FRC4,secondary,,yes,,,14.0,18.5,0.0,0.7567567567567568,1595.68,24.32432432432432,0,B,128.57142857142856,,,,,,,,,,0.000162,142.88099958332907,0.0127090631163981,2512202217,5
8ba1a8ba7ee78a0afd6d437da9159ef0,Đường Âu Cơ,Đường Âu Cơ,10.769155,106.6519481,10.7694423,106.6515852,1.5,50.0,FRC4,secondary,asphalt,yes,,,10.5,15.0,0.0,0.7,1350.0,30.000000000000004,0,B,171.42857142857142,,,,,,,,,,0.00065,308.86438648501513,0.0508457145237246,2512202217,5
91c1d62e3d990e9f6f7befb66bcbcb20,Nguyễn Duy,Đường Nguyễn Duy,10.7447602,106.6688752,10.7448407,106.6689569,2.0,50.0,FRC3,primary,,yes,,,21.5,32.5,0.0,0.6615384615384615,1938.46,33.84615384615385,0,C,83.72093023255813,,,,yes,,,,,,0.000162,44.91716056797543,0.0126153163792676,2512202217,5
046f52bf7e18ec415ae154d42c669d40,Quốc lộ 1,Đường Quốc Lộ 1A,10.8671103,106.7887782,10.8706221,106.7733958,1.0,50.0,FRC1,service,,,,,36.5,45.0,0.0,0.8111111111111111,700.0,18.88888888888889,0,B,49.31506849315068,,,,,,,,,,0.018894,283.0885566827288,1.726121082198376,2512202217,5
7aee36778afb77c0ca97a1d38825b797,Nguyễn Huệ,Nguyễn Huệ,10.7719889,106.7062982,10.7719977,106.7061791,3.0,60.0,FRC2,primary,asphalt,yes,,,8.5,18.0,0.0,0.4722222222222222,3930.0,52.77777777777778,0,D,211.76470588235293,,,,,,,,,,0.000128,274.30129062650417,0.0130623677204043,2512202217,5
60823706c378f8042fc9c5041b936b84,Lữ Gia,Đường Lữ Gia,10.7711526,106.6529443,10.7705227,106.6571756,2.0,50.0,FRC4,secondary,asphalt,,,,10.5,15.5,0.0,0.6774193548387096,1881.29,32.25806451612904,0,C,171.42857142857142,,,,,,,,,,0.004861,98.61644700831216,0.4679976179460747,2512202217,5
cdeed7be06733b87b81c81d61e056740,Hòa Hảo,Hòa Hảo,10.761856,106.66843,10.761856,106.66843,1.5,50.0,FRC2,primary,asphalt,yes,,,14.0,17.5,0.0,0.8,1080.0,20.0,0,B,128.57142857142856,,,,,,,,,,0.0,0.0,0.0,2512202217,5
f24c8c1555d3fef750e5bdb542f65384,Cầu Bình Triệu 1,Đường Quốc Lộ 13,10.8215874,106.7136257,10.8233581,106.713869,1.5,50.0,FRC2,primary,asphalt,yes,,QL.13,15.5,20.5,0.0,0.7560975609756098,1198.54,24.390243902439025,0,B,116.12903225806453,,,,yes,,,,yes,,0.002014,7.686139667822715,0.1976619481662742,2512202217,5
acbcadfb2e398c7d0d1e13ac3f5b4b63,Dương Bá Cung,Đường Kinh Dương Vương,10.7452866,106.6230902,10.7452699,106.6230775,1.5,50.0,FRC2,primary,asphalt,yes,,,31.5,35.0,0.0,0.9,810.0,9.999999999999998,0,A,57.14285714285714,,,,,,,,,,2.9e-05,216.76505062218,0.0023112680322516,2512202217,5
07f3066c0d104e00731877ae2cb21a8d,Xa lộ Hà Nội,Đường Xa Lộ Hà Nội,10.8045382,106.7521024,10.8454687,106.7714892,1.5,65.0,FRC2,trunk,asphalt,yes,,,45.0,49.0,0.0,0.9183673469387756,760.41,8.163265306122447,0,A,40.0,,,,,,,,,,0.060317,24.94712311699442,4.999222650856935,2512202217,5
43d35d74a03520d74e9ca1ef0fa9089d,Phạm Văn Đồng,Đường Kha Vạn Cân,10.8402083,106.7418062,10.8380903,106.7343264,2.5,50.0,FRC3,trunk,,yes,,,17.0,22.5,0.0,0.7555555555555555,2000.0,24.444444444444446,0,B,105.88235294117646,,,,,,,,,,0.009598,253.91809705636985,0.8507816510638108,2512202218,5
e36dfdc71f03ab92e089d1ea6e7673de,Đường An Dương Vương,Đường Trần Phú,10.7574828,106.6741653,10.7566055,106.6696815,2.0,55.0,FRC4,primary,asphalt,yes,,,13.5,13.5,0.0,1.0,720.0,0.0,0,A,133.33333333333331,,,,,,,,,,0.005361,258.73678882127405,0.4999291330001055,2512202218,5
3d0fa54c033be561ff58713143b26e73,Hồ Chí Minh - Trung Lương,Hồ Chí Minh - Trung Lương,10.6887747,106.5896523,10.6894658,106.5930448,1.0,45.0,FRC1,trunk_link,,yes,,,18.0,22.0,0.0,0.8181818181818182,687.27,18.181818181818176,0,B,100.0,,,,,,,,,,0.004084,78.28752833694199,0.378931998893574,2512202218,5
007f9819226a33e189c30b686ee15949,Quốc lộ 22,Đường Quốc Lộ 22,10.8575697,106.6057733,10.86564,106.6000503,1.5,50.0,FRC1,residential,asphalt,,,,45.0,45.0,0.0,1.0,540.0,0.0,0,A,40.0,,,,,,,,,,0.013793,325.14567172672884,1.0901568203683385,2512202218,5
a9cfcde1223c9981233b1fa047c080c0,Nguyễn Văn Lượng,Đường Nguyễn Văn Lượng,10.8384914,106.6799748,10.8386842,106.6659911,1.5,50.0,FRC3,tertiary,asphalt,yes,,,25.5,35.5,0.0,0.7183098591549296,1300.56,28.16901408450704,0,B,70.58823529411765,,,,,,,,,,0.014176,270.8055746877205,1.529218570455867,2512202218,5
4d11f4a065ea3f07c4e7dd8080ebb57b,Phường Tam Phú,Đường Tam Châu,10.8636069,106.7454594,10.8635251,106.7455177,1.5,50.0,FRC1,tertiary,asphalt,,,,31.5,47.5,0.0,0.6631578947368421,1449.47,33.684210526315795,0,C,57.14285714285714,,,,,,,,,,0.00014,145.0102347515657,0.0110680917732168,2512202218,5
c826b42694022219b7f6b340639c0d06,Nguyễn Văn Linh,Đường Nguyễn Văn Linh,10.7293691,106.7181438,10.7340089,106.7213386,2.0,65.0,FRC1,trunk,asphalt,yes,,,43.0,43.0,0.0,1.0,720.0,0.0,0,A,41.860465116279066,,,,,,,,,,0.007835,34.07888513050801,0.6209033684695267,2512202218,5
3be79d9a97f6122a70000c3736d01667,Cầu Rạch Chiếc 1,Đường Xa Lộ Hà Nội,10.8099607,106.7563406,10.815571,106.7575697,2.0,65.0,FRC1,trunk,asphalt,yes,,,46.5,49.5,0.0,0.9393939393939394,938.18,6.060606060606055,0,A,38.70967741935484,,,,,,,,,,0.006839,12.144144888576022,0.6349631265850332,2512202218,5
f1f8a3020a67de846fb9e86ae878e8ee,Phường Linh Đông,Đường Kha Vạn Cân,10.8413507,106.7438935,10.8408414,106.7442274,1.0,50.0,FRC2,residential,,,,,17.5,21.0,0.0,0.8333333333333334,660.0,16.666666666666664,0,B,102.85714285714285,,,,,,,,,,0.000843,147.22228608573516,0.0671320009381412,2512202218,5
24224b237d06edbff728a49224140b7d,Mạc Cửu,Mạc Cửu,10.750597,106.6592038,10.7506107,106.6592357,2.0,50.0,FRC4,primary,asphalt,yes,,,10.0,14.5,0.0,0.6896551724137931,1837.24,31.034482758620683,0,C,180.0,,,,,,,,,,4.6e-05,66.38795500902938,0.003804042828711,2512202218,5
51174ce5c31c72f6ed8ac6e0e5920cca,Nguyễn Thái Sơn,Đường Nguyễn Thái Sơn,10.8145897,106.6790274,10.8177209,106.6814029,1.5,50.0,FRC3,primary,asphalt,yes,,,9.5,16.5,0.0,0.5757575757575758,1685.45,42.42424242424242,0,C,189.4736842105263,,,,,,,,,,0.005507,36.6924035116682,0.4329453985465218,2512202218,5
363d1a8264d89a6d6301bf2c3e5dfd61,Lê Duẩn,Đường Lê Duẩn,10.7857663,106.7035568,10.7803753,106.6984806,2.0,50.0,FRC3,tertiary,asphalt,yes,,,13.0,17.5,0.0,0.7428571428571429,1645.71,25.71428571428571,0,B,138.46153846153848,,,,,,,,,,0.010467,222.7686838309276,0.8147409336301014,2512202218,5
a4072ff596e6d725ad0d820d46d29199,Đường Bình Thới,Đường Bình Thới,10.7629749,106.6424096,10.7630776,106.6422594,2.0,50.0,FRC4,secondary,asphalt,,,,15.5,15.5,0.0,1.0,720.0,0.0,0,A,116.12903225806453,,,,,,,,,,0.000253,304.8378934710495,0.019973146399524,2512202218,5
6270a26aabe5671399538bb8e15191fe,Bến Hàm Tử,Bến Hàm Tử,10.7494447,106.673072,10.7507824,106.6681836,1.5,50.0,FRC2,residential,asphalt,no,,,21.0,21.0,0.0,1.0,540.0,0.0,0,A,85.71428571428571,,,,,,1.0,,,,0.006226,285.56489638150265,0.5547824487741712,2512202218,5
3c45cb822d65c8e4e3364f4e7b3ae167,Đường Số 354/15 Đướng Lý Thường Kiêt,Hẻm 354 Lý Thường Kiệt,10.7760663,106.6587872,10.7760663,106.6587872,1.0,50.0,FRC2,residential,,,,,12.0,17.5,0.0,0.6857142857142857,925.71,31.428571428571427,0,C,150.0,,,,,,,,,,0.0,0.0,0.0,2512202218,5
43ccf1a8e1425f3a0fedfc6934db009d,Cầu Phú Mỹ,Cầu Phú Mỹ,10.7470262,106.7483935,10.7450815,106.7441524,2.0,50.0,FRC1,trunk,,yes,,,22.0,22.0,0.0,1.0,720.0,0.0,0,A,81.81818181818183,,,,yes,,,,,,0.006186,244.9809229407492,0.5113387510560188,2512202218,5
905aca3e6f949415084ac2a36c5c2447,Nguyễn Văn Luông,Đường Nguyễn Văn Luông,10.7357509,106.6337889,10.7485677,106.6353149,1.5,50.0,FRC2,secondary,asphalt,yes,,,35.0,38.0,0.0,0.9210526315789472,753.16,7.8947368421052655,0,A,51.42857142857142,,,,,,,,,,0.014343,6.671768810090441,1.4274952021471248,2512202218,5
cdeee4f593891197eb3578e34020930e,Phường Thảo Điền,Đường Xa Lộ Hà Nội,10.8005193,106.7293575,10.8025976,106.7464095,1.5,55.0,FRC4,secondary,asphalt,yes,,,27.5,35.0,0.0,0.7857142857142857,1118.57,21.42857142857143,0,B,65.45454545454545,,,,,,,,,,0.01913,82.9253755072587,1.87892330833714,2512202218,5
5f662f25fd725bdeb66d40dda83905f0,Võ Chí Công,Đường Vành Đai 2,10.7655125,106.770577,10.7588708,106.7634266,1.5,70.0,FRC1,trunk,asphalt,yes,,,44.0,44.0,0.0,1.0,540.0,0.0,0,A,40.909090909090914,,,,,,,,,,0.013792,226.60567050961225,1.073012379838619,2512202218,5
05805ce03634cee063f09b0aefa5d07b,Cầu vượt Bình Phước,Đường Quốc Lộ 1A,10.8653758,106.7238705,10.8648149,106.7227673,2.0,50.0,FRC2,trunk,asphalt,yes,,QL.1,18.5,18.5,0.0,1.0,720.0,0.0,0,A,97.2972972972973,,,,yes,,,,,,0.001664,242.62902038163892,0.1356417171489141,2512202218,5
a1dc2b04c5b20a0f8d70b443cb01fe12,Võ Chí Công,Đường Vành Đai 2,10.7568077,106.7614378,10.7917842,106.7927383,2.0,50.0,FRC1,trunk,asphalt,yes,,,33.0,37.5,0.0,0.88,1152.0,12.0,0,B,54.54545454545455,,,,yes,,,,,,0.066277,41.31658154427362,5.165971761704874,2512202218,5
7c692a4ed7f729cff7177e77909d7d48,Phạm Văn Đồng,Đường Phạm Văn Đồng,10.838735,106.7363075,10.8200201,106.6917234,1.0,50.0,FRC3,residential,,,,,34.0,43.5,0.0,0.7816091954022989,753.1,21.83908045977011,0,B,52.94117647058823,,,,,,,,,,0.063299,246.86342172214827,5.296568428334731,2512202218,5
b23cf7a2151170ab26baf9f070c25912,Thành Thái,Hẻm 101 Thành Thái,10.7739209,106.6645769,10.7697668,106.6661869,4.0,50.0,FRC4,secondary,asphalt,,,,10.0,15.5,0.0,0.6451612903225806,3994.84,35.483870967741936,0,C,180.0,,,,,,,,,,0.005764,159.15603668570122,0.4920820970934338,2512202218,5
2947ef039af0171030113c413b81cd0b,Phường Phú Thuận,Đường Đào Trí,10.7192661,106.7432344,10.7199382,106.7432765,1.0,50.0,FRC3,tertiary,,,,,13.0,17.5,0.0,0.7428571428571429,822.86,25.71428571428571,0,B,138.46153846153848,,,,yes,,,,,,0.000714,3.521901451285828,0.0744853018696405,2512202218,5
3f3172997a45be4a39c53a0697c17f35,Hẻm 602 Điện Biên Phủ,Hẻm 602 Điện Biên Phủ,10.7987712,106.7178735,10.7986979,106.7178674,1.0,50.0,FRC2,tertiary,asphalt,,,,17.0,21.0,0.0,0.8095238095238095,702.86,19.047619047619047,0,B,105.88235294117646,,,,,,,,,,7.9e-05,184.6733068292354,0.0081353497400646,2512202218,5
37b229997547e4069c007eb895371e01,Nguyễn Biểu,Nguyễn Biểu,10.757374,106.6831763,10.7545595,106.6841957,1.5,50.0,FRC4,secondary,asphalt,,,,12.0,15.0,0.0,0.8,1080.0,20.0,0,B,150.0,,,,,,,,,,0.003834,160.4127013855583,0.3306843475943026,2512202218,5
54b9591a7bccbe1918a73af3b9e8bba7,Phạm Văn Đồng,Đường Phạm Văn Đồng,10.8233047,106.7053644,10.8408851,106.7435101,1.0,50.0,FRC3,service,,,,,40.0,46.0,0.0,0.8695652173913043,594.78,13.043478260869568,0,B,45.0,,,,,,,,,,0.055726,64.8587660365717,4.602219740876687,2512202218,5
e10b662685d4fcf7bb61628a4071aeee,Nguyễn Văn Nghi,Đường Nguyễn Văn Nghi,10.8214371,106.6887972,10.8238312,106.6869947,1.0,50.0,FRC2,service,asphalt,,,,27.0,38.0,0.0,0.7105263157894737,881.05,28.947368421052637,0,B,66.66666666666666,,,,,,,,,,0.004197,323.5172088206557,0.3301224933438893,2512202218,5
3aba3d4a8dce782d6006d0fa4caac06e,Đường Thoại Ngọc Hầu,Đường Lũy Bán Bích,10.7815006,106.6357625,10.7820031,106.6361909,2.0,50.0,FRC4,secondary,asphalt,,,ĐH.2,19.0,24.5,0.0,0.7755102040816326,1528.16,22.44897959183674,0,B,94.73684210526316,,,,,,,,,,0.000931,39.94570855464087,0.0726957712313001,2512202218,5
ac1c4efbeecd268d1562a4cfe1d97564,Cầu vượt Lý Thái Tổ - Nguyễn Tri Phương,Đường 3 Tháng 2,10.7692426,106.6699972,10.7681372,106.667887,1.0,50.0,FRC2,residential,asphalt,,,,26.0,31.5,0.0,0.8253968253968254,674.29,17.460317460317466,0,B,69.23076923076924,,,,,,,,,,0.003216,241.93245382963585,0.2611846164244171,2512202218,5
a179566adbd5698884012c45a0a01aee,Trần Văn Trà,Đường Hùng Vương,10.7229109,106.7191654,10.7230616,106.8257234,1.0,50.0,FRC1,secondary,,,,,46.5,46.5,0.0,1.0,360.0,0.0,0,A,38.70967741935484,,,,,,,,,,0.106709,89.90761611386063,11.656213704347802,2512202218,5
402e56aecba078ede6afdcd11aaa165d,Đường Trần Hưng Ðạo,Đường Trần Hưng Đạo,10.7526979,106.6694499,10.7519097,106.658894,2.0,55.0,FRC2,primary,asphalt,yes,,,9.0,13.0,0.0,0.6923076923076923,1827.69,30.76923076923077,0,C,200.0,,,,,,,,,,0.011344,265.6546584159784,1.1578680735408355,2512202218,5
710295922d5db990b56d770e790aca74,Nguyễn Thị Diệu Hương,Nguyễn Thị Diệu Hương,10.7779274,106.655911,10.7779274,106.655911,2.0,50.0,FRC2,tertiary,asphalt,,,,9.5,15.5,0.0,0.6129032258064516,2113.55,38.70967741935484,0,C,189.4736842105263,,,,,,,,,,0.0,0.0,0.0,2512202218,5
f2c0d4bbdbacabe475e4ee39adfc39cc,Phường Nguyễn Cư Trinh,Đường Cống Quỳnh,10.7642694,106.6907611,10.7642807,106.690743,1.5,55.0,FRC4,tertiary,asphalt,yes,,,14.0,14.0,0.0,1.0,540.0,0.0,0,A,128.57142857142856,,,,,,,,,,2.9e-05,302.4356160262058,0.0023412327759758,2512202218,5
1379ec4a4dc70a809d7df14442eca710,Hẻm 1129 Lạc Long Quân,Hẻm 1129 Lạc Long Quân,10.7897093,106.6518377,10.7896403,106.6520158,1.0,50.0,FRC4,residential,,,,,10.5,16.0,0.0,0.65625,978.75,34.375,0,C,171.42857142857142,,,,,,,,,,0.000247,111.52402695283996,0.0209197556456065,2512202218,5
945f4133aaa997f4ea99a4b9f3d73e0b,Lê Quang Sung,Lê Quang Sung,10.7510631,106.6528193,10.7510631,106.6528193,1.0,50.0,FRC4,tertiary,asphalt,yes,,,13.5,18.0,0.0,0.75,810.0,25.0,0,B,133.33333333333331,,,,,,,,,,0.0,0.0,0.0,2512202218,5
0cb034fcb9cf583d3cfa7b9e3dcab0b6,Nguyễn Hậu,Đường Vườn Lài,10.7872262,106.6346835,10.7874845,106.634782,1.0,50.0,FRC3,tertiary,asphalt,,,,12.5,17.0,0.0,0.7352941176470589,836.47,26.470588235294112,0,B,144.0,,,,,,,,,,0.000357,20.53597660942978,0.0305347357005693,2512202218,5
c1a0037372386d5021b902f3ead79f51,Võ Thị Sáu,Đường Võ Thị Sáu,10.7823096,106.6864116,10.7785015,106.6826659,1.0,50.0,FRC2,primary_link,asphalt,yes,,,21.5,30.5,0.0,0.7049180327868853,891.15,29.508196721311474,0,B,83.72093023255813,,,,,,,,,,0.007554,224.01711344117632,0.5875808478286936,2512202218,5
1b5b958c37a611a63e7132e95820b427,Hải Thượng Lãn Ông,Đường Gò Công,10.7507545,106.6545334,10.7504376,106.6601575,1.5,50.0,FRC4,tertiary,asphalt,,,,25.5,25.5,0.0,1.0,540.0,0.0,0,A,70.58823529411765,,,,,,,,,,0.005941,93.2819891592531,0.6161529738234562,2512202218,5
b175b6ff434be2701bac1e919bbacf62,Nguyễn Nhược Thị,Đường Mễ Cốc,10.7369895,106.6402431,10.7369774,106.6403352,2.0,50.0,FRC2,tertiary,asphalt,,,,40.0,42.5,0.0,0.9411764705882352,931.76,5.882352941176472,0,A,45.0,,,,,,,,,,0.000104,97.61640140965189,0.0101627211308462,2512202218,5
0c807e769efb4db2eee959f1506594be,Thành Thái,Đường Nguyễn Tri Phương,10.7697668,106.6661869,10.7675961,106.6670725,2.5,50.0,FRC2,secondary,asphalt,,,,22.0,31.0,0.0,0.7096774193548387,2206.45,29.032258064516125,0,B,81.81818181818183,,,,,,,,,,0.003056,158.15928619652084,0.2589083615402287,2512202218,5
ef25d9a9d7773bc5b6e83284e06e705a,Cầu Chợ Cầu 1,Cầu Chợ Cầu 1,10.8457909,106.6378814,10.8474862,106.6353191,1.5,50.0,FRC4,primary,asphalt,yes,,,13.0,17.5,0.0,0.7428571428571429,1234.29,25.71428571428571,0,B,138.46153846153848,,,,yes,,,,,,0.004258,303.96711341593715,0.3371363326409594,2512202218,5
f661d7fe234a818fcb8118593f40f036,Đường A,Đường A,10.7495269,106.5938427,10.7495472,106.5939152,1.5,50.0,FRC1,secondary,asphalt,,,,26.0,26.0,0.0,1.0,540.0,0.0,0,A,69.23076923076924,,,,,,,,,,9.3e-05,74.09237619809113,0.0082417415619952,2512202218,5
37dd6c25e4d9c933516e59ba4174f3b6,Phường An Phú Đông,Đường Đê Bao,10.8521558,106.6874451,10.8523365,106.7000553,1.0,50.0,FRC3,residential,unpaved,,,,29.0,42.0,0.0,0.6904761904761905,917.14,30.952380952380956,0,C,62.06896551724138,,,,,,,,,,0.012791,89.16289192991093,1.3789646233753847,2512202218,5
52efa4a6ed66077d21676ae95c9d4dcc,Đường Tùng Thiện Vương,Đường Xóm Củi,10.746712,106.6604334,10.746844,106.6604618,1.0,50.0,FRC2,residential,asphalt,,,,16.5,16.5,0.0,1.0,360.0,0.0,0,A,109.0909090909091,,,,,,,,,,0.00016,11.93537141877323,0.0149276914530821,2512202219,5
b63a3f6fac8faca7140a180ce99caa70,Thế Lữ,Đường Thế Lữ,10.7202232,106.5386925,10.718012,106.542567,1.0,50.0,FRC4,tertiary,,,,,46.0,46.0,0.0,1.0,360.0,0.0,0,A,39.130434782608695,,,,,,,,,,0.006086,120.14942098591916,0.4893413658766914,2512202219,5
f51fd8888a8024569847fb00b50eb16b,Vòng xoay Ngã Sáu Nguyễ Thái Sơn,Đường Hoàng Minh Giám,10.8143542,106.6786185,10.8140447,106.6785004,1.5,50.0,FRC2,primary,asphalt,yes,,,23.0,32.5,0.0,0.7076923076923077,1329.23,29.230769230769223,0,B,78.26086956521739,,,,,,,,,,0.000428,200.546339804976,0.0365898655652493,2512202219,5
f2cca9ecbb9945a5cdf82c34e47e6227,Hẻm 373 Lý Thường Kiệt,Hẻm 373 Lý Thường Kiệt,10.7801804,106.654269,10.7803895,106.6547735,1.5,50.0,FRC2,residential,asphalt,,,,19.0,31.0,0.0,0.6129032258064516,1585.16,38.70967741935484,0,C,94.73684210526316,,,,,,,,,,0.000714,67.12429913756432,0.0598276809808253,2512202219,5
2d8cb620f39dbe159bb0d6cc57f76979,Đặng Văn Ngữ,Đường Lê Văn Sỹ,10.7937455,106.6690254,10.794193,106.6693074,1.0,50.0,FRC2,residential,,,,,10.5,16.5,0.0,0.6363636363636364,1014.55,36.36363636363637,0,C,171.42857142857142,,,,,,,,,,0.000729,31.758227714519137,0.0583208065452064,2512202219,5
87abcf45fa37e93b1ac1705e99397893,An Phú Đông 10,Đường An Phú Đông 10,10.8576365,106.6962199,10.8565038,106.6964506,1.0,50.0,FRC1,residential,,,,,15.5,23.5,0.0,0.6595744680851063,972.77,34.04255319148937,0,C,116.12903225806453,,,,,,,,,,0.001363,168.68856246342216,0.1278061052352744,2512202219,5
7f8b583c5b4428827747d1af9e579b87,Phạm Văn Đồng,Đường Phạm Văn Đồng,10.8289838,106.7222594,10.8705207,106.7634123,1.5,50.0,FRC2,tertiary,asphalt,,,,17.5,21.0,0.0,0.8333333333333334,990.0,16.666666666666664,0,B,102.85714285714285,,,,,,,,,,0.08269,44.21341321722309,6.430997102570999,2512202219,5
f0b893d556fe9601f4799f4ef12eeefe,Cầu vượt Ngã tư Thủ Đức,Đường Xa Lộ Hà Nội,10.8499117,106.7747696,10.8478386,106.7730798,1.5,55.0,FRC1,trunk,asphalt,yes,,,47.0,49.0,0.0,0.9591836734693876,650.2,4.081632653061229,0,A,38.29787234042553,,,,,,,,,,0.003763,218.6788080705101,0.2944886163656828,2512202219,5
b38f64d6ca9f83b275adfe80fb653f6f,Đường GS1,Đường Quốc Lộ 1K,10.8883021,106.7760528,10.8882135,106.7761239,2.5,50.0,FRC2,tertiary,asphalt,,,,16.5,22.0,0.0,0.75,2025.0,25.0,0,B,109.0909090909091,,,,,,,,,,0.00016,141.76059939988886,0.0125088454109538,2512202219,5
bbc9668a44f87c125ba8ae335da5cf53,Bờ Bao Tân Thắng,Hẻm 20 Bờ Bao Tân Thắng,10.8073924,106.6216983,10.8012197,106.6186403,1.0,50.0,FRC2,service,,yes,,,12.5,17.0,0.0,0.7352941176470589,836.47,26.470588235294112,0,B,144.0,,,,,,,,,,0.009231,205.9490082295016,0.7602821277901594,2512202219,5
edd04a4ad93a14c44c8817dc0837f268,Thuận Kiều,Đường Phạm Hữu Chí,10.7552474,106.6584197,10.7552474,106.6584197,1.5,50.0,FRC4,residential,asphalt,,,,18.5,29.0,0.0,0.6379310344827587,1517.59,36.206896551724135,0,C,97.2972972972973,,,,,,,,,,0.0,0.0,0.0,2512202219,5
2e6abadccb4cfeb3a8bb0d5c2f6e958e,Thánh Gióng,Thánh Gióng,10.8820255,106.8100261,10.8827193,106.8089551,1.5,45.0,FRC1,tertiary,asphalt,yes,,,28.5,28.5,0.0,1.0,540.0,0.0,0,A,63.1578947368421,,,,,,,,,,0.001765,303.4116884505675,0.140001530195082,2512202219,5
f2b9e01aa16f341cced2e96d0714ff2f,Phạm Phú Thứ,Phạm Phú Thứ,10.7444878,106.6438571,10.7897886,106.6466566,1.0,50.0,FRC2,service,,,,,21.0,21.0,0.0,1.0,360.0,0.0,0,A,85.71428571428571,,,,,,,,,,0.0481,3.473903836053239,5.020205244633848,2512202219,5
d69cf294f830fb191a1cc40998045761,Lê Hoàng Phái,Đường Lê Đức Thọ,10.8428373,106.6753185,10.8395688,106.6754115,1.5,50.0,FRC3,tertiary,asphalt,,,,26.0,34.0,0.0,0.7647058823529411,1175.29,23.529411764705888,0,B,69.23076923076924,,,,,,,,,,0.003361,178.39924354521168,0.3616834334868191,2512202219,5
f2b31c6d6e96c3002347c66bcbbbeb0e,Đường số 14,Đường Số 14,10.8671944,106.7747087,10.8675871,106.7749133,1.0,50.0,FRC1,tertiary,asphalt,,,,44.0,44.0,0.0,1.0,360.0,0.0,0,A,40.909090909090914,,,,,,,,,,0.000597,27.097205285380426,0.0488598630827311,2512202219,5
9e47c3bf4de719049094e4f0c1e32dfc,Quốc lộ 22,Đường Trường Chinh,10.8466302,106.6128986,10.843027,106.6149651,1.0,50.0,FRC1,residential,,,,,34.0,39.5,0.0,0.8607594936708861,610.63,13.924050632911388,0,B,52.94117647058823,,,,,,,,,,0.00567,150.60832534104406,0.4581597152941971,2512202219,5
5ca5ace82973143bf368482396401d12,Phường Bình Thắng,Thomas Edison,10.8853354,106.8049329,10.8852651,106.8048936,1.5,45.0,FRC1,tertiary,asphalt,yes,,,28.5,28.5,0.0,1.0,540.0,0.0,0,A,63.1578947368421,,,,,,,,,,0.00011,208.76565170475817,0.0088842461689224,2512202219,5
e99983bb87cba148ff3645de7da54618,Hầm chui Mỹ Thủy,Đường Đồng Văn Cống,10.7698762,106.7752086,10.7698083,106.775235,2.0,60.0,FRC4,primary,asphalt,yes,,,11.5,16.0,0.0,0.71875,1732.5,28.125,0,B,156.52173913043478,,,,,,,,,,9.4e-05,159.09521457525773,0.0080465290660846,2512202219,5
097e91beffcf15cc70db5bf684a1647e,Công Trường Quách Thị Trang,Đường Lê Lợi,10.7712269,106.6986125,10.7718767,106.6986499,2.0,55.0,FRC2,primary,asphalt,yes,,,19.0,28.5,0.0,0.6666666666666666,1920.0,33.333333333333336,0,C,94.73684210526316,,,,,,,,,,0.000687,3.2361710707621683,0.071992672975162,2512202219,5
aca6705b1d62342359f176619f7beaba,Nguyễn Ngọc Lộc,Đường Ngô Quyền,10.7659563,106.6640385,10.7659563,106.6640385,1.5,50.0,FRC2,tertiary,asphalt,,,,13.0,17.0,0.0,0.7647058823529411,1175.29,23.529411764705888,0,B,138.46153846153848,,,,,,,,,,0.0,0.0,0.0,2512202219,5
ee3a62132d60650c698f951d336fd4f7,Lạc Long Quân,Đường Lạc Long Quân,10.767159,106.6426234,10.7742613,106.6477025,1.0,50.0,FRC4,residential,asphalt,,,,23.0,31.5,0.0,0.7301587301587301,845.71,26.984126984126988,0,B,78.26086956521739,,,,,,,,,,0.012181,35.088945628055626,0.9621676908981622,2512202219,5
57cac10e5743ef4902afad6f54b8eeb3,Phạm Thiều,Đường Raymondienne,10.7266492,106.7230082,10.7267196,106.7231231,2.5,50.0,FRC1,residential,asphalt,no,,,42.0,42.0,0.0,1.0,900.0,0.0,0,A,42.85714285714285,,,,,,,,,,0.000185,58.052183737567134,0.0147854110995479,2512202219,5
e5e232dd1ecdfa053e24715dba274d25,Rạch Bùng Binh,Đường Cách Mạng Tháng 8,10.7794508,106.6785811,10.7840477,106.6803024,2.0,50.0,FRC2,primary,asphalt,no,,,21.0,31.0,0.0,0.6774193548387096,1881.29,32.25806451612904,0,C,85.71428571428571,,,,yes,,,,,,0.006318,20.195270083606715,0.5422074173756464,2512202219,5
581978fde927942f48e954f99363850b,Nguyễn Hữu Thọ,Nguyễn Hữu Thọ,10.7324712,106.7000037,10.7330629,106.6999333,1.0,50.0,FRC3,service,asphalt,yes,,,10.5,17.0,0.0,0.6176470588235294,1048.24,38.23529411764706,0,C,171.42857142857142,,,,,,,,,,0.000662,353.33251422723845,0.0659010588712888,2512202219,5
44b0a456b8ab0fb802669e4db97cfdd5,3 Tháng 2,Đường 3 Tháng 2,10.7776498,106.6811565,10.7575536,106.6482993,2.0,50.0,FRC2,primary,asphalt,yes,,,11.0,16.0,0.0,0.6875,1845.0,31.25,0,C,163.63636363636363,,,,,,,,yes,,0.052953,238.0973284960429,4.225604367695022,2512202219,5
7d70409c8767e15154aa1619fbcb954b,Cầu Calmette,Cầu Calmette,10.7671805,106.6998985,10.7645089,106.700715,2.0,55.0,FRC3,secondary,asphalt,yes,,,10.0,13.5,0.0,0.7407407407407407,1653.33,25.92592592592593,0,B,180.0,,,,,,,,,,0.003488,163.28791880985534,0.3087125044629598,2512202219,5
9364df0a65839c6b289e2c4469d3d22c,Nguyễn Thị Nghĩa,Đường Lê Lai,10.7701435,106.6940986,10.7693254,106.6945589,1.5,50.0,FRC4,primary,asphalt,yes,,,21.0,30.0,0.0,0.7,1350.0,30.000000000000004,0,B,85.71428571428571,,,,,,,,,,0.001278,151.06900194707288,0.1035537959420057,2512202219,5
5dc12115410d75d380e733bc87568957,Cao tốc TP. Hồ Chí Minh - Long Thành - Dầu Giây,Đường Cao Tốc Thành phố Hồ Chí Minh-Long Thành-Dầu Giây,10.7918961,106.8178943,10.792934,106.8117098,1.5,85.0,FRC0,motorway,asphalt,yes,,CT.29,76.0,76.0,0.0,1.0,540.0,0.0,0,A,23.684210526315788,,,,,,,,,,0.007222,279.6956547140675,0.6860318053816734,2512202219,5
892c20f6a6a2ead0bf7efc87233b05e8,Đi ga quốc tế,Đường Trường Sơn,10.8130678,106.6650669,10.8144166,106.6652668,1.0,40.0,FRC2,tertiary,,yes,,,11.5,17.0,0.0,0.6764705882352942,942.35,32.35294117647059,0,C,156.52173913043478,,,,,,,,,,0.001549,8.282577251723922,0.1507882944554907,2512202219,5
19c8635315668853c94cc17a523ee97f,Phường Bình Chiểu,Phường Bình Chiểu,10.8878174,106.7287564,10.8878003,106.728711,1.5,50.0,FRC3,secondary,,,,ĐT.43,19.0,19.0,0.0,1.0,540.0,0.0,0,A,94.73684210526316,,,,,,,,,,6.2e-05,249.01536786896853,0.0053117147700393,2512202219,5
ee8b2c3f4e5ec2107444452b0ab76d30,Mai Chí Thọ,Đường Mai Chí Thọ,10.7948062,106.7522864,10.7882091,106.7505717,2.0,55.0,FRC1,primary,asphalt,yes,,,32.5,37.0,0.0,0.8783783783783784,1157.84,12.16216216216216,0,B,55.38461538461539,,,,,,,,,,0.008312,194.3229587558566,0.7534365231207635,2512202219,5
c2fce3720560919f0edc308e66c79f50,Phó Cơ Điều,Phó Cơ Điều,10.7575292,106.657093,10.758013,106.6571078,1.5,50.0,FRC4,tertiary,asphalt,yes,,,12.5,12.5,0.0,1.0,540.0,0.0,0,A,144.0,,,,,,,,,,0.000499,1.7214201343633704,0.0535390334065459,2512202219,5
159f25108169fb3c404f3cfcec9c30d2,Phạm Văn Đồng,Đường Phạm Văn Đồng,10.8666573,106.7617638,10.8185142,106.6869633,1.0,50.0,FRC2,residential,,,,,18.0,21.0,0.0,0.8571428571428571,617.14,14.28571428571429,0,B,100.0,,,,,,,,,,0.122944,236.76945385103903,9.75990810371127,2512202219,5
1ef01f1af018ff06b9ba19eb43edf177,Lê Hồng Phong,Đường Lê Hồng Phong,10.7663147,106.6749228,10.7654291,106.6752055,1.0,50.0,FRC2,service,concrete,,,,26.0,35.5,0.0,0.7323943661971831,841.69,26.76056338028169,0,B,69.23076923076924,,,,,,,,,,0.001168,162.58855180550177,0.1027228062261774,2512202219,5
444c90dbab5fb43ac25e4e7b3069667e,Tên Lửa,Tên Lửa,10.7384659,106.6149043,10.7379148,106.6147828,1.5,50.0,FRC2,primary,asphalt,yes,,,13.5,17.5,0.0,0.7714285714285715,1157.14,22.85714285714285,0,B,133.33333333333331,,,,,,,,,,0.000673,192.22189583284307,0.0623906374524603,2512202219,5
5d32a1ba4488a059cc3625a11957843c,Nguyễn Ðình Chiểu,Đường Nguyễn Đình Chiểu,10.7924028,106.7031476,10.7851071,106.6963948,1.0,50.0,FRC2,tertiary,asphalt,,,,28.0,36.5,0.0,0.7671232876712328,779.18,23.28767123287672,0,B,64.28571428571428,,,,,,,,,,0.014049,222.27854757021868,1.0939187359892024,2512202219,5
8c8a5499ecc899d953ab6c1c66a1dab9,Tú Xương,Đường Trương Định,10.7807024,106.6863035,10.782002,106.6876354,2.5,55.0,FRC2,tertiary,asphalt,yes,,,11.5,15.5,0.0,0.7419354838709677,2061.29,25.806451612903224,0,B,156.52173913043478,,,,,,,,,,0.002632,45.19297515319965,0.2046547215326133,2512202219,5
93bc343a1674b87a9c94751ba59a31ee,Ngã tư Hàng Xanh,Đường Điện Biên Phủ,10.8013276,106.7110941,10.8012791,106.7111262,2.5,50.0,FRC2,primary,asphalt,yes,,,26.5,30.5,0.0,0.8688524590163934,1490.16,13.11475409836066,0,B,67.9245283018868,,,,,,,,,,8.1e-05,146.97091108885047,0.0064112248356872,2512202219,5
f1b98271d1e05b7d6be4385423534b68,T1 Loop,Đường Trường Sơn,10.8124942,106.6643618,10.812469,106.6648739,2.5,55.0,FRC2,primary,asphalt,yes,,,11.5,17.0,0.0,0.6764705882352942,2355.88,32.35294117647059,0,C,156.52173913043478,,,,,,,,,,0.000537,92.86799063516048,0.0560705641161751,2512202219,5
713582740c5657f37f5ed02a11ca7dd8,Tân Liễu,Đường Ấp 3 Xã Tân Quý Tây,10.6811514,106.5954928,10.6818,106.5958303,1.5,50.0,FRC1,unclassified,,,,,9.0,9.0,0.0,1.0,540.0,0.0,0,A,200.0,,,,,,,,,,0.000986,27.08223153462393,0.0806873048939906,2512202219,5
c8211d047c9c3e383930be241bcf7320,Xã Đông Thạnh,Hẻm 361/60 Thới Tam Thôn 4,10.8857251,106.6282581,10.8856777,106.6282883,1.5,45.0,FRC4,residential,,,,,24.5,35.0,0.0,0.7,1350.0,30.000000000000004,0,B,73.46938775510203,,,,,,,,,,7.8e-05,147.96717421391486,0.0061960977662013,2512202219,5
59648d6ae288eb33a93f20c1d4f3eeb7,Nguyễn Đình Chính,Nguyễn Đình Chính,10.7956505,106.6755726,10.7949615,106.6778016,1.0,50.0,FRC2,residential,asphalt,yes,,,11.5,17.0,0.0,0.6764705882352942,942.35,32.35294117647059,0,C,156.52173913043478,,,,,,,,,,0.002918,107.46733794003649,0.2554044391633195,2512202219,5
e3ceeae18f4f59cff15ec975feec319b,Phạm Văn Đồng,Đường Phạm Văn Đồng,10.8367273,106.7316781,10.8316231,106.7254178,1.5,50.0,FRC2,primary,,yes,,,35.5,42.0,0.0,0.8452380952380952,957.86,15.476190476190476,0,B,50.70422535211268,,,,,,,,,,0.011364,230.30367280069,0.8873431738469959,2512202219,5
a43855d734537d6695bde9802e663a0e,Đường Tên Lửa,Đường Tên Lửa,10.7383637,106.6150634,10.73825,106.6149888,1.5,50.0,FRC2,primary,asphalt,yes,,,27.0,35.0,0.0,0.7714285714285715,1157.14,22.85714285714285,0,B,66.66666666666666,,,,,,,,,,0.000188,212.80676707724223,0.014991924050483,2512202219,5
e3aae21f4d5f96ba007d0355dfde2112,Đường Nguyễn Trãi,Đường Nguyễn Trãi,10.7711638,106.6930476,10.7529979,106.6588732,1.0,50.0,FRC4,primary,asphalt,yes,,,2.0,14.5,0.0,0.1379310344827586,1800.0,86.20689655172413,0,E,900.0,,,,,,,,,,0.05234,241.5861858373429,4.243674647525991,2512202220,5
9d240270dccd9ed708ab919407c8f804,Trần Khắc Chân,Đường Hồ Văn Huê,10.7993219,106.6784691,10.8014439,106.6758626,2.0,50.0,FRC2,primary,asphalt,yes,,,18.5,32.0,0.0,0.578125,2238.75,42.1875,0,C,97.2972972972973,,,,,,,,,,0.004728,309.652180485992,0.3692512213136639,2512202220,5
297aa53831588423b2352487df6040c8,Lạc Long Quân,Vòng Xoay Lạc Long Quân,10.769814,106.6444321,10.7666571,106.6423879,1.0,50.0,FRC4,residential,asphalt,,,,22.5,31.0,0.0,0.7258064516129032,853.55,27.41935483870968,0,B,80.0,,,,,,,,,,0.005201,212.4619169721183,0.4146371295252201,2512202220,5
f09e9c5468720a5fd76e0bf91db34785,Nguyễn Trãi,Nguyễn Trãi,10.7532859,106.6628252,10.7548304,106.6708395,1.0,50.0,FRC6,residential,,,,,10.0,13.0,0.0,0.7692307692307693,775.38,23.076923076923077,0,B,180.0,,,,,,,,,,0.009559,78.90085260323434,0.8930743042691416,2512202220,5
76ad16bdde3e94469382285b76b17a4b,Lý Thường Kiệt,Lý Thường Kiệt,10.7820115,106.6549226,10.7887464,106.6529164,1.0,50.0,FRC2,residential,,,,,12.5,17.0,0.0,0.7352941176470589,836.47,26.470588235294112,0,B,144.0,,,,,,,,,,0.008741,343.6897024382773,0.7766073095837294,2512202220,5
fe84f77da96da5828f4d4bc487679148,Phường 10,Đường 3 Tháng 2,10.7681682,106.6677962,10.7681682,106.6677962,1.5,50.0,FRC2,primary,asphalt,,9.5,,20.0,32.5,0.0,0.6153846153846154,1578.46,38.46153846153846,0,C,90.0,,,,,,,,,,0.0,0.0,0.0,2512202220,5
4adadefb2f494e815b54b8b48c9e86cf,Phan Thúc Duyện,Phan Thúc Duyện,10.8052601,106.6589142,10.8026411,106.6635788,1.0,50.0,FRC3,service,asphalt,yes,,,21.0,21.0,0.0,1.0,360.0,0.0,0,A,85.71428571428571,,,,,,,,,,0.007284,119.75162491303502,0.5866369432581906,2512202220,5
f49dd934e1cd7e31bc6479d8921cfb8d,Đường Lý Thái Tổ,Đường Lý Thái Tổ,10.7680397,106.667873,10.7681015,106.6679949,2.0,50.0,FRC2,primary,asphalt,,9.5,,13.5,17.5,0.0,0.7714285714285715,1542.86,22.85714285714285,0,B,133.33333333333331,,,,yes,,10.0,,yes,,0.000184,62.70354156543351,0.0149827839520912,2512202220,5
2750d3a201062d7deb2e154049891644,Xa Lộ Hà Nội,Đường Xa Lộ Hà Nội,10.8030754,106.7498148,10.8084947,106.7555087,2.0,65.0,FRC4,trunk,asphalt,yes,,,21.5,21.5,0.0,1.0,720.0,0.0,0,A,83.72093023255813,,,no,,,,,,,0.011113,45.902813899461535,0.8643275284096859,2512202220,5
71d8ab4cb8c71743cfeafd484b7783ec,Đường số 1,Đường Quốc Lộ 1A,10.7443078,106.6957432,10.8671265,106.7881544,1.5,50.0,FRC4,secondary,asphalt,yes,,,32.0,39.5,0.0,0.810126582278481,1052.66,18.9873417721519,0,B,56.25,,,,,,,,,,0.21523,36.458644909193424,16.932006160275396,2512202220,5
d3c7e159184f07572d71181f2e57dc01,Cầu Hoàng Hoa Thám,Cầu Hoàng Hoa Thám,10.7946727,106.693204,10.7958364,106.6927968,1.0,50.0,FRC4,residential,,,,,12.5,12.5,0.0,1.0,360.0,0.0,0,A,144.0,,,,,,,,,,0.001571,341.0308715432691,0.136206194862502,2512202220,5
a3bdd2a7c4c008f49e416ee5957c5044,Cầu vượt Quang Trung,Đường Quang Trung,10.8502095,106.6314235,10.8509611,106.627222,1.5,50.0,FRC4,primary,asphalt,yes,,,30.5,35.5,0.0,0.8591549295774648,920.28,14.084507042253524,0,B,59.01639344262296,,,,,,,,,,0.004953,280.3233660647545,0.466863380584251,2512202220,5
52bfc8ecc2d72dbf0ce1c61199818d79,Xã Hưng Long,Đường Hưng Long-Qui Đức,10.6890588,106.6236614,10.6906363,106.6244123,1.0,50.0,FRC1,residential,,,,,40.0,53.0,0.0,0.7547169811320755,801.51,24.52830188679245,0,B,45.0,,,,,,,,,,0.002328,25.0675647904676,0.1928615477199114,2512202220,5
45a5f0ce435f0ecbc44a6cbfaf5a3440,Tam Bình,Đường Tô Ngọc Vân,10.8609748,106.7421212,10.8625757,106.743489,1.0,50.0,FRC3,service,,,,,32.5,41.5,0.0,0.7831325301204819,750.36,21.68674698795181,0,B,55.38461538461539,,,,,,,,,,0.002969,39.9994675251275,0.2317841171979261,2512202220,5
c89147228d920f596f87b65b4493588f,Phú Thuận,Đường Phú Thuận,10.729784,106.729495,10.729912,106.7298359,1.0,50.0,FRC4,tertiary,asphalt,yes,,,27.5,37.0,0.0,0.7432432432432432,822.16,25.67567567567568,0,B,65.45454545454545,,,,,,,,,,0.000469,69.08519391561157,0.039887073925499,2512202220,5
d619daa10f574702b0448f44d5ce36da,Trần Văn Ðang,Đường Nguyễn Phúc Nguyên,10.7822564,106.6795303,10.7830627,106.6784842,1.0,50.0,FRC3,service,,,,,18.0,29.5,0.0,0.6101694915254238,1061.69,38.983050847457626,0,C,100.0,,,,,,,,,,0.001852,308.1185714535737,0.1450645656426516,2512202220,5
dc3818d87383c460ac88e73daec72fbe,Cầu vượt Cây Gõ,Đường Hồng Bàng,10.7544547,106.6400826,10.7538631,106.6457375,1.0,50.0,FRC2,primary,asphalt,yes,,,30.5,34.5,0.0,0.8840579710144928,568.7,11.59420289855072,0,B,59.01639344262296,,,,,,,,,,0.006246,96.0778497772402,0.6219687125309522,2512202220,5
a564f038f5d9a89c41047d3ee5b510ff,Số 7,Số 7,10.8249576,106.6029789,10.8249497,106.6029143,1.0,50.0,FRC1,tertiary,,yes,,,19.5,23.5,0.0,0.8297872340425532,666.38,17.021276595744684,0,B,92.3076923076923,,,,,,,,,,7.3e-05,262.9028291941196,0.0071179521903283,2512202220,5
98c9357b3e508c6dca3ff35cc3c350f2,Lý Tự Trọng,Đường Đồng Khởi,10.7779424,106.7010583,10.7818664,106.7046426,1.0,50.0,FRC4,living_street,,,,,5.5,13.0,0.0,0.4230769230769231,1398.46,57.692307692307686,0,D,327.2727272727273,,,,,,,,,,0.007508,41.90163611186,0.5848636141316033,2512202220,5
2d31df119081d1ed317e851feebbace4,Kênh Nước Đen,Kênh Nước Đen,10.7884223,106.6172503,10.7881979,106.6166971,1.0,50.0,FRC3,tertiary,,yes,,,12.5,17.0,0.0,0.7352941176470589,836.47,26.470588235294112,0,B,144.0,,,,,,,,,,0.000778,247.5624412527624,0.0653944575528178,2512202220,5
0c5789508b78f3391791b84ee047f28d,Vườn Chuối,Đường Vườn Chuối,10.7722208,106.6838351,10.7720296,106.6840093,1.0,50.0,FRC4,residential,asphalt,,,,17.0,25.0,0.0,0.68,936.0,32.0,0,C,105.88235294117646,,,,,,,,,,0.000365,138.1703928418716,0.0284654551482773,2512202220,5
9481dce99f50fb19b75e08e6f96fe43f,Bình Thới,Đường Bình Thới,10.7661016,106.6476679,10.7636884,106.643989,1.0,50.0,FRC4,service,concrete,,,,11.0,14.5,0.0,0.7586206896551724,794.48,24.13793103448276,0,B,163.63636363636363,,,,,,,,,,0.006092,236.26901616135623,0.4828628922120954,2512202220,5
5b019332e6114b8ae49c3362815db79b,Trần Văn Quang,Đường Lạc Long Quân,10.7796593,106.6445172,10.7795043,106.6499053,1.0,50.0,FRC3,residential,asphalt,,,,23.0,31.0,0.0,0.7419354838709677,824.52,25.806451612903224,0,B,78.26086956521739,,,,,,,,,,0.005543,91.67685729688644,0.5895348096112603,2512202220,5
d2cb8d8154a77e0b6749f053ced9a6d3,Nhánh B1,Đường Cao Tốc Thành phố Hồ Chí Minh-Long Thành-Dầu Giây,10.7923857,106.7519936,10.7926848,106.7536837,2.0,65.0,FRC4,trunk,asphalt,yes,,,34.0,34.0,0.0,1.0,720.0,0.0,0,A,52.94117647058823,,,,,,,,,,0.001989,79.78707289539034,0.1877724808453984,2512202220,5
0b82b4afd40f0bef656c72b9d0ee6272,Tô Ký,Đường Tô Ký,10.8658854,106.6160443,10.8599399,106.61763,2.0,50.0,FRC4,primary,,,,ĐT.15,26.5,36.5,0.0,0.726027397260274,1706.3,27.3972602739726,0,B,67.9245283018868,,,,,,,,,,0.007531,165.32227665211224,0.6801236507550572,2512202220,5
9639ccbb53d7c7aa83a76252d96f6a30,Phường 14,Phường 14,10.7507925,106.6590186,10.8515609,106.6439339,1.0,50.0,FRC4,residential,,,,,13.5,17.5,0.0,0.7714285714285715,771.43,22.85714285714285,0,B,133.33333333333331,,,,,,,,,,0.115853,351.63632315155854,11.267738011423395,2512202220,5
cfdfe5236258e46748f0b5bd4c361605,Quang Trung,Đường Quang Trung,10.844692,106.6397062,10.8350079,106.6634568,1.5,50.0,FRC4,primary,asphalt,yes,,,26.5,36.5,0.0,0.726027397260274,1279.73,27.3972602739726,0,B,67.9245283018868,,,,,,,,,,0.033435,112.54349441566605,2.8092793820169857,2512202220,5
8f2c1be608e8e397156a1ce1e53da194,Lê Văn Lương,Đường Lê Văn Lương,10.6893503,106.7024735,10.7410217,106.7037515,1.5,50.0,FRC3,tertiary,asphalt,,,,19.5,19.5,0.0,1.0,540.0,0.0,0,A,92.3076923076923,,,,,,,,,,0.052949,1.392006883635247,5.717221052037002,2512202220,5
f1469859905d62780f9d5b0fe682cbf3,Trịnh Đình Trọng,Đường Trịnh Đình Trọng,10.7760645,106.6384349,10.7751926,106.6464389,1.5,50.0,FRC3,tertiary,asphalt,,,,25.0,32.5,0.0,0.7692307692307693,1163.08,23.076923076923077,0,B,72.0,,,,,,,,,,0.008876,96.32683514771036,0.8806891462487514,2512202220,5
d525c35205e1f0773e2935dcaa64e0b6,Đường Võ Văn Kiệt,Đường Võ Văn Kiệt,10.7502942,106.6630864,10.7500276,106.6634461,1.5,45.0,FRC3,residential,asphalt,yes,,,3.5,6.5,0.0,0.5384615384615384,1786.15,46.15384615384615,0,C,514.2857142857142,,,,,,,,,,0.000626,127.03135227186488,0.0491684184853778,2512202220,5
01324f6a9fa1d0fce5535efbfc86560f,Âu Cơ,Đường Âu Cơ,10.7760618,106.6470365,10.7722809,106.6496421,1.5,50.0,FRC3,secondary,asphalt,no,,,22.5,31.0,0.0,0.7258064516129032,1280.32,27.41935483870968,0,B,80.0,,,,,,,,,,0.006386,145.90177491705035,0.5060788355981531,2512202220,5
262cbdf1777be39dabf6d19c07b9a079,Quận Tân Bình,Đường Lý Thường Kiệt,10.7902723,106.6523466,10.8117157,106.6648526,1.5,40.0,FRC2,tertiary,asphalt,yes,,,9.5,15.5,0.0,0.6129032258064516,1585.16,38.70967741935484,0,C,189.4736842105263,,,,,,,,,,0.033949,29.806257755568765,2.73797696799543,2512202220,5
abfcf67d913fad9e43c3bf2068eb5422,Lý Thái Tổ,Lý Thái Tổ,10.7376092,106.8141974,10.7670409,106.6763647,1.0,50.0,FRC4,residential,,,,,21.5,21.5,0.0,1.0,360.0,0.0,0,A,83.72093023255813,,,,,,,,,,0.167264,282.2752600588648,15.423334041155789,2512202220,5
81348b71fac7c71d366ee0d44c6e95e7,Bắc Hải,Bắc Hải,10.7837858,106.6617536,10.7855566,106.6633132,1.0,50.0,FRC4,tertiary,,,,,13.0,17.0,0.0,0.7647058823529411,783.53,23.529411764705888,0,B,138.46153846153848,,,,,,,,,,0.00333,40.865421003904544,0.2597301974011401,2512202220,5
d5b497bab56ca0e0253e044357385973,Xa Lộ Hà Nội,Đường Xa Lộ Hà Nội,10.8025311,106.74573,10.817913,106.7579707,1.0,50.0,FRC4,residential,,,,,45.0,45.0,0.0,1.0,360.0,0.0,0,A,40.0,,,,,,,,,,0.027623,38.01230403572248,2.164895408098169,2512202220,5
b27d420fb851a52c8488abd8cc1361e9,Trần Quang Diệu,Đường Lê Văn Sỹ,10.787646,106.6782642,10.7835849,106.6784817,1.5,50.0,FRC2,service,asphalt,,,,10.0,16.0,0.0,0.625,1552.5,37.5,0,C,180.0,,,,,,,,,,0.004279,176.98837965047778,0.4498405037352179,2512202220,5
c2794fb970057d4089f07e2ba4f432cc,Cầu Lê Văn Sỹ,Đường Lê Văn Sỹ,10.785862,106.6815175,10.7861078,106.6810825,1.0,50.0,FRC3,service,,,,,15.0,27.0,0.0,0.5555555555555556,1160.0,44.44444444444444,0,C,120.0,,,,,,,,,,0.000681,299.9084081322434,0.0547952261392791,2512202220,5
58a425de8793636331d1cae226cbde24,Nguyễn Văn Trỗi,Đường Nguyễn Văn Trỗi,10.7985035,106.6707041,10.7941581,106.6777789,2.0,55.0,FRC2,primary,asphalt,yes,,,22.0,32.5,0.0,0.676923076923077,1883.08,32.30769230769231,0,C,81.81818181818183,,,,,,,,,,0.01142,122.01609202290058,0.9108597819174742,2512202220,5
e4a6494ab7cb6a9f183b915cbd16840c,Xã Tân Xuân,ấp Mới 1,10.8746132,106.6085312,10.8748532,106.6088444,1.0,50.0,FRC4,residential,,,,,28.5,36.5,0.0,0.7808219178082192,754.52,21.91780821917808,0,B,63.1578947368421,,,,,,,,,,0.000553,52.03519398901307,0.0433285006993311,2512202220,5
1c221f6e40451be98217be4aea879576,Xã Tân Thới Nhì,Đường Quốc Lộ 22,10.8598764,106.6039116,10.8590069,106.6045252,1.5,50.0,FRC1,trunk,asphalt,yes,,QL.22,39.5,48.0,0.0,0.8229166666666666,1018.12,17.708333333333336,0,B,45.56962025316456,,,,,,,,,,0.001483,145.27583065522526,0.1172665726710702,2512202220,5
401b3c340324b71f3c444195c73c3d6e,Đường dẫn sảnh đi Quốc tế,Đường Bạch Đằng,10.8153557,106.6659991,10.8154126,106.6660397,1.0,50.0,FRC2,residential,,,,,23.5,33.0,0.0,0.7121212121212122,878.18,28.787878787878785,0,B,76.59574468085106,,,,,,,,,,9.8e-05,35.024994918119035,0.0077022812124145,2512202220,5
e6c235ab937f2d2476eb461312d549ac,Quốc lộ 1,Đường Quốc Lộ 1A,10.8617623,106.6586551,10.8620129,106.6541628,2.0,50.0,FRC1,trunk,,yes,,QL.1,18.5,23.5,0.0,0.7872340425531915,1485.96,21.276595744680847,0,B,97.2972972972973,,,,,,,,,,0.004743,273.25144416975843,0.4919611939277294,2512202220,5
f96c06c220bb6aec5f6839606772eb70,Tân Chánh Hiệp 39,Tân Chánh Hiệp 39,10.877165,106.6248126,10.8825854,106.6163333,1.0,50.0,FRC1,tertiary,,,,,18.5,23.5,0.0,0.7872340425531915,742.98,21.276595744680847,0,B,97.2972972972973,,,,,,,,,,0.0139,303.0629835402649,1.104045754219961,2512202220,5
cad174e4d6df2d4a182ee087bceaa960,Bàu Cát,Đường Bàu Cát,10.7922881,106.6429867,10.7929669,106.6410455,1.0,50.0,FRC4,tertiary,,yes,,,19.5,31.0,0.0,0.6290322580645161,1027.74,37.096774193548384,0,C,92.3076923076923,,,,,,,,,,0.00262,289.5947603575444,0.2251825932464309,2512202220,5
b991be0a1f91f3eb050b949ffcda202f,Nguyễn Xuân Khoát,Đường Nguyễn Xuân Khoát,10.7951766,106.6345051,10.7954885,106.6345715,1.5,50.0,FRC3,residential,asphalt,,,,26.0,35.0,0.0,0.7428571428571429,1234.29,25.71428571428571,0,B,69.23076923076924,,,,,,,,,,0.000378,11.811536848299228,0.0352562081897828,2512202220,5
945aec7de09c136c6cd74a84b5782d39,Hoàng Sa,Hoàng Sa,10.7931923,106.659131,10.792888,106.7005738,1.0,45.0,FRC2,residential,asphalt,,,,9.5,15.5,0.0,0.6129032258064516,1056.77,38.70967741935484,0,C,189.4736842105263,,,,,,,,,,0.041747,90.42439081955956,4.532437522043847,2512202220,5
1df6c841bf4cb79d26287950faef5c2b,Nguyễn Đức Cảnh,Đường Nguyễn Văn Linh,10.7283976,106.7085848,10.7285196,106.7085817,4.0,50.0,FRC1,secondary,asphalt,,,,21.0,21.0,0.0,1.0,1440.0,0.0,0,A,85.71428571428571,,,,,,,,,,0.000125,358.5698690566208,0.0134990170011763,2512202220,5
bcdfbeb63259abe653c415f33f8e1fb7,Ðiện Biên Phủ,Ðiện Biên Phủ,10.7678833,106.6745229,10.78553,106.6927956,1.0,50.0,FRC2,service,,,,,13.5,17.5,0.0,0.7714285714285715,771.43,22.85714285714285,0,B,133.33333333333331,,,,,,,,,,0.035919,45.487153569081386,2.7935644915964257,2512202220,5
68b716fd84cc1f6a5e748d1076cfd25c,Cầu vượt An Sương,Quốc Lộ 1,10.8423388,106.6149893,10.8445156,106.6172944,1.5,55.0,FRC1,trunk,asphalt,yes,,QL.1,27.5,27.5,0.0,1.0,540.0,0.0,0,A,65.45454545454545,,,,yes,,,,yes,,0.004482,46.12397491309548,0.3485776153567733,2512202220,5
308ae609e5b64de9ce478c7a11dc35c0,Cầu Nguyễn Văn Cừ,Đường Bến Vân Đồn,10.7527375,106.6871934,10.7541132,106.6883922,1.5,50.0,FRC2,primary,asphalt,yes,,,29.0,34.5,0.0,0.8405797101449275,970.43,15.94202898550725,0,B,62.06896551724138,,,,,,,,,,0.002574,40.56699408741434,0.2008697402692227,2512202220,5
1672c01722daa83cae69a3a0af7eea45,Hồng Bàng,Đường Hồng Bàng,10.753623,106.6478806,10.7533034,106.6507117,2.0,50.0,FRC2,residential,asphalt,yes,,,15.0,17.5,0.0,0.8571428571428571,1234.29,14.28571428571429,0,B,120.0,,,,,,,,,,0.003151,96.5546646874219,0.3116696972769958,2512202221,5
f64084f5e90ce4ca4255d29ea3d64081,Tam Bình,Đường Tam Bình,10.845997,106.7287514,10.8560454,106.7381233,1.5,50.0,FRC2,secondary,asphalt,,,,35.5,42.0,0.0,0.8452380952380952,957.86,15.476190476190476,0,B,50.70422535211268,,,,,,,,,,0.01942,42.48878961839671,1.5117897682824366,2512202221,5
e70acbe9f7d46f0d61297b911d0ecb2c,Mai Chí Thọ,Mai Chí Thọ,10.7833905,106.7417533,10.7733243,106.7224129,2.0,55.0,FRC4,primary,asphalt,yes,,,16.0,19.0,0.0,0.8421052631578947,1288.42,15.789473684210533,0,B,112.5,,,,,,,,,,0.029407,242.0861627540652,2.390391317157587,2512202221,5
46fc423d727b252cc98937db8a8b6798,Lý Thường Kiệt,Đường Lý Thường Kiệt,10.7592404,106.6612178,10.7571594,106.6618976,1.5,50.0,FRC2,residential,asphalt,,,,22.0,33.0,0.0,0.6666666666666666,1440.0,33.333333333333336,0,C,81.81818181818183,,,,,,,,,,0.002761,162.20703490729386,0.2418963940447168,2512202221,5
b21b9defc7b6a2819b3490e827421fde,Cầu Kênh B,Cầu Kênh B,10.7447939,106.5384069,10.7446677,106.5386627,1.0,50.0,FRC4,tertiary,,,,,23.0,23.0,0.0,1.0,360.0,0.0,0,A,78.26086956521739,,,,yes,,,,,,0.000382,116.66386873854412,0.0312684780260041,2512202221,5
bcdfbeb63259abe653c415f33f8e1fb7,Ðiện Biên Phủ,Đường Phạm Ngọc Thạch,10.78553,106.6927956,10.7780742,106.685171,1.0,50.0,FRC2,service,,,,,34.5,42.0,0.0,0.8214285714285714,681.43,17.85714285714286,0,B,52.17391304347826,,,,,,,,,,0.01508,225.1318240600835,1.1728183272241064,2512202221,5
40d2596cbc0bc5cd951c9926ba80db2f,Phú Hòa,Đường Phú Hòa,10.7849204,106.6510434,10.7854926,106.6533302,1.0,50.0,FRC4,residential,,yes,,,22.0,31.5,0.0,0.6984126984126984,902.86,30.15873015873016,0,C,81.81818181818183,,,,,,,,,,0.002859,75.70940137036206,0.2579825296898232,2512202221,5
70f1b14a609deef6532cfd6eac842e1d,Trần Văn Kiểu,Đường Hậu Giang,10.7465385,106.6289013,10.7460179,106.6288456,1.0,50.0,FRC2,service,concrete,,,,28.5,35.0,0.0,0.8142857142857143,694.29,18.571428571428573,0,B,63.1578947368421,,,,,,,,,,0.000576,186.00064711043208,0.0579064633825122,2512202221,5
447fc8a6d3b68db5219765fc71d67198,Quốc lộ 1A,Đường Quốc Lộ 1A,10.8599881,106.6986862,10.859221,106.7052214,1.5,50.0,FRC1,residential,asphalt,,,,16.0,23.5,0.0,0.6808510638297872,1401.7,31.91489361702128,0,C,112.5,,,,,,,,,,0.007302,96.81505145145422,0.7195722623640338,2512202221,5
83eff32d809455af93e472143bd22c95,Phường 7,Đường 3 Tháng 2,10.7646858,106.6615305,10.7646858,106.6615305,1.0,50.0,FRC2,residential,concrete,yes,,,11.0,16.5,0.0,0.6666666666666666,960.0,33.333333333333336,0,C,163.63636363636363,,,,,,,,,,0.0,0.0,0.0,2512202221,5
400735b80522e4d3002a2062d74fbb13,18,Đường Tỉnh Lộ 830C,10.6812591,106.5374757,10.681695,106.5402437,2.0,50.0,FRC4,secondary,asphalt,,,ĐT.830C,41.0,45.0,0.0,0.9111111111111112,1040.0,8.888888888888891,0,A,43.90243902439025,,,,,,,,,,0.003204,80.895215755621,0.3066425172190089,2512202221,5
2b4070260e2726ad3905ed6b34017434,Đường Song Hành Xa lộ Hà Nội,Đường Lê Văn Việt,10.8488622,106.7742039,10.855961,106.7849851,1.5,55.0,FRC1,trunk,asphalt,yes,,,21.5,24.0,0.0,0.8958333333333334,821.25,10.416666666666664,0,B,83.72093023255813,,,,,,,,yes,,0.01788,56.15978555379763,1.416412679913675,2512202221,5
af4f9bffc8e9c8f8229437465291e32e,Số 12,Đường Phạm Văn Đồng,10.867114,106.7578623,10.8672756,106.7622334,1.5,50.0,FRC2,tertiary,asphalt,,,,36.0,42.0,0.0,0.8571428571428571,925.71,14.28571428571429,0,B,50.0,,,,,,,,,,0.004533,87.84369506742462,0.4782535763825671,2512202221,5
007f9819226a33e189c30b686ee15949,Quốc lộ 22,Quốc Lộ 1,10.8434511,106.6149314,10.8575697,106.6057733,1.5,50.0,FRC2,primary,,yes,,,35.5,40.0,0.0,0.8875,843.75,11.250000000000004,0,B,50.70422535211268,,,,,,,,,,0.023277,327.5013573279266,1.8551748033773687,2512202221,5
21f2a5bd885c29140b3db6a80aa34148,Đường Trần Văn Giàu,Đường Trần Văn Giàu,10.7520876,106.6082145,10.7519761,106.6081604,1.5,50.0,FRC1,residential,asphalt,,,,52.0,52.0,0.0,1.0,540.0,0.0,0,A,34.61538461538462,,,,,,,,,,0.000166,205.48637173229667,0.0136794106728825,2512202221,5
f5c555eb38a9c52cce12e48270504c85,Phan Đình Phùng,Đường Hoàng Văn Thụ,10.7991177,106.6803031,10.7991862,106.6802718,1.5,50.0,FRC2,primary,asphalt,yes,,,10.5,15.5,0.0,0.6774193548387096,1410.97,32.25806451612904,0,C,171.42857142857142,,,,,,,,,,0.0001,335.8274564685073,0.0083143225940707,2512202221,5
bd9febbafeeb285104a8c8f9a6feff3e,đường song hành cao tốc Long Thành Dầu Giây,đường song hành cao tốc Long Thành Dầu Giây,10.7957644,106.7806947,10.7957648,106.7808587,1.5,50.0,FRC4,secondary,asphalt,,,,13.0,18.0,0.0,0.7222222222222222,1290.0,27.77777777777778,0,B,138.46153846153848,,,,,,,,,,0.000164,89.85772121765473,0.0179354392807551,2512202221,5
9a8a0ab0d467f2a0b7a5ddaddc02581d,Hồng Hà,Hẻm 74 Bạch Đằng,10.8140069,106.6747486,10.8142573,106.6758031,1.0,50.0,FRC3,footway,paving_stones,,,,33.0,33.0,0.0,1.0,360.0,0.0,0,A,54.54545454545455,,,,,,,,,,0.001305,76.40930239970527,0.118595029359029,2512202221,5
c15265178536469ed1ba284720b67dff,Phường An Lạc A,Phường An Lạc A,10.7414323,106.61846,10.7413924,106.6184129,1.0,50.0,FRC2,residential,,yes,,,13.5,17.5,0.0,0.7714285714285715,771.43,22.85714285714285,0,B,133.33333333333331,,,,,,,,,,8.7e-05,229.23072339706363,0.0067838350688225,2512202221,5
018c801b805c535de3e65e1877a42922,Trường Chinh,Đường Trường Chinh,10.832788,106.6218498,10.8311999,106.6227295,1.0,50.0,FRC4,residential,,,,,18.5,18.5,0.0,1.0,360.0,0.0,0,A,97.2972972972973,,,,,,,,,,0.002468,151.4509562748956,0.2002789086512243,2512202221,5
b562b9ecd5bab3e0952cb15cc47e6a33,Bà Hom,Đường Bà Hom,10.7546911,106.6313514,10.754722,106.6311219,1.0,50.0,FRC2,service,,,,,27.0,35.0,0.0,0.7714285714285715,771.43,22.85714285714285,0,B,66.66666666666666,,,,,,,,,,0.00026,277.803665547431,0.0253336315685744,2512202221,5
d7bfc7525cd1edc14da4d3696f6fcac3,Lê Văn Thọ,Đường Quang Trung,10.8365053,106.6583227,10.8364665,106.658324,1.0,50.0,FRC4,residential,asphalt,,,,26.0,35.5,0.0,0.7323943661971831,841.69,26.76056338028169,0,B,69.23076923076924,,,,,,,,,,4e-05,178.11520877843338,0.0042941586231868,2512202221,5
148e250a25be8ebb375a477a09e79c50,Nam Hoà,Đường Nam Hòa,10.8324177,106.7672026,10.8188716,106.7582527,1.0,50.0,FRC4,residential,concrete,,,,37.5,42.5,0.0,0.8823529411764706,571.76,11.764705882352944,0,B,48.0,,,,,,,,,,0.022496,212.98203729951203,1.7896831949523482,2512202221,5
a4d23f755ffadbb80a311a3f1f5a0741,Tô Ký,Đường Tô Ký,10.8876775,106.6024445,10.8527736,106.6262305,1.5,50.0,FRC4,primary,asphalt,yes,,ĐT.15,27.5,36.5,0.0,0.7534246575342466,1205.75,24.65753424657534,0,B,65.45454545454545,,,,,,,,,,0.05869,146.2056015086905,4.655054258530311,2512202221,5
440742cf2bd4358e9ac77238e8514ada,Chợ Lớn,Chợ Lớn,10.7444411,106.6255188,10.7444479,106.6258206,1.5,45.0,FRC2,residential,asphalt,,,,17.0,17.0,0.0,1.0,540.0,0.0,0,A,105.88235294117646,,,,,,,,,,0.000309,88.68620724507718,0.033019638042615,2512202221,5
438d803e98b5e9edb01239ed9f38a441,Xa Lộ Hà Nội,Đường Xa Lộ Hà Nội,10.8385833,106.7675662,10.8633078,106.7965925,2.0,50.0,FRC1,trunk,asphalt,yes,,,21.5,24.0,0.0,0.8958333333333334,1095.0,10.416666666666664,0,B,83.72093023255813,,,,,,,,,,0.053751,49.06205020619922,4.1895681233152064,2512202221,5
bc56b10658d431cbf3782373345d71b3,Hoà Hảo,Đường Hòa Hảo,10.7597892,106.6590053,10.7603765,106.6617195,1.5,50.0,FRC4,secondary,asphalt,yes,,,22.0,33.0,0.0,0.6666666666666666,1440.0,33.333333333333336,0,C,81.81818181818183,,,,,,,,,,0.003301,77.57849649943392,0.303890384049354,2512202221,5
9f3832eca4caa286201aafaa1457afd0,Khánh Hội,Đường Khánh Hội,10.7606879,106.6977387,10.7565916,106.7008416,1.0,50.0,FRC4,service,asphalt,,,,9.5,17.0,0.0,0.5588235294117647,1154.12,44.11764705882353,0,C,189.4736842105263,,,,,,,,,,0.007199,143.3440634970902,0.5661120184551081,2512202221,5
e21729c0cd2cdefc32af516819160628,Tam Đảo nối dài,Hẻm 354 Lý Thường Kiệt,10.7748455,106.6578456,10.7762132,106.6589017,1.0,50.0,FRC2,residential,,,,,12.0,17.5,0.0,0.6857142857142857,925.71,31.428571428571427,0,C,150.0,,,,,,,,,,0.002424,37.18228033882724,0.1903384527380621,2512202221,5
8d6f6a6cbefdeba3d4ccf9b818a655ec,Kinh Dương Vương,Kinh Dương Vương,10.7282004,106.6071858,10.7265851,106.6050773,1.0,50.0,FRC2,footway,asphalt,,,,13.5,18.0,0.0,0.75,810.0,25.0,0,B,133.33333333333331,,,,,,,,,,0.003724,232.05608299928556,0.2917527681549944,2512202221,5
c2fce3720560919f0edc308e66c79f50,Phó Cơ Điều,Đường Nguyễn Chí Thanh,10.7620243,106.6570028,10.7575292,106.657093,1.5,50.0,FRC3,secondary,asphalt,yes,,,24.0,28.0,0.0,0.8571428571428571,925.71,14.28571428571429,0,B,75.0,,,,,,,,,,0.004585,178.87063751430264,0.4973143022088606,2512202221,5
564f596f23a465368cd92f0aae0f3bf2,Cách Mạng Tháng Tám,Cách Mạng Tháng Tám,10.7766471,106.6839026,10.7879441,106.662713,1.0,50.0,FRC2,residential,,,,,9.0,15.0,0.0,0.6,1080.0,40.0,0,C,200.0,,,,,,,,,,0.032487,298.4915762174919,2.632875029443652,2512202221,5
9f797eb0474a9398b1fb1540834a545b,Tân Sơn,Đường Tân Sơn,10.8385379,106.6467909,10.8248067,106.6412646,1.0,50.0,FRC4,service,,,,,30.0,30.0,0.0,1.0,360.0,0.0,0,A,60.0,,,,,,,,,,0.019258,201.5690363609863,1.6346551177800768,2512202221,5
59a09b8bcaecdc05468d4c15f26974e7,Cầu Số 7,Đường Trường Sa,10.7879997,106.6710981,10.7880524,106.6711168,1.0,50.0,FRC2,residential,,,,,18.5,30.5,0.0,0.6065573770491803,1068.2,39.34426229508197,0,C,97.2972972972973,,,,,,,,,,7.1e-05,19.216889062613063,0.0061776568329983,2512202221,5
1f44fb04b5944655da7f198ac258e82d,Cầu Sài Gòn 2,Đường Xa Lộ Hà Nội,10.7988988,106.728642,10.7994998,106.7320752,1.0,55.0,FRC2,trunk,asphalt,yes,,,39.0,42.0,0.0,0.9285714285714286,488.57,7.14285714285714,0,A,46.15384615384615,,,,,,,,,,0.004034,79.89499357771018,0.3812976367062461,2512202221,5
b054d86623fc5578e63fc284ad3db287,Núi Thành,Đường Bàu Bàng,10.8009799,106.643124,10.8007478,106.6429183,1.0,50.0,FRC2,residential,,,,,13.5,18.5,0.0,0.7297297297297297,846.49,27.027027027027028,0,B,133.33333333333331,,,,,,,,,,0.000438,221.04139566119383,0.0341344948949332,2512202221,5
8b7b56809af4395a2a2a9a0c41c89784,Cầu vượt Ngã tư Gò Mây,Cầu vượt Ngã tư Gò Mây,10.819436,106.6017747,10.8133227,106.6004668,1.5,65.0,FRC1,trunk,asphalt,yes,,QL.1,19.0,23.5,0.0,0.8085106382978723,1057.02,19.14893617021277,0,B,94.73684210526316,,,,,,,,,,0.007421,191.86771456885063,0.6911728689849779,2512202221,5
c9bf2ababcddcaa13b59651f018052f6,Ngô Quyền,Đường Ngô Quyền,10.7656858,106.664104,10.7613478,106.6650929,1.5,50.0,FRC2,tertiary,asphalt,,,,31.0,31.0,0.0,1.0,540.0,0.0,0,A,58.064516129032256,,,,,,,,,,0.005327,167.37671625908206,0.4918782647494179,2512202221,5
bbe60f9a46cf61aed393aa19886c8fe9,Trường Chinh,Đường Trường Chinh,10.8339258,106.6206709,10.83315,106.6211617,1.0,50.0,FRC4,service,,,,,34.0,38.0,0.0,0.8947368421052632,549.47,10.526315789473683,0,B,52.94117647058823,,,,,,,,,,0.001267,148.1447052203863,0.101214190878709,2512202221,5
22700581d6bd3daf2342f1772c11114c,Đường Nguyễn Oanh,Đường Hạnh Thông,10.8263467,106.6799853,10.8259802,106.6799069,1.0,50.0,FRC3,primary_link,asphalt,yes,,,14.0,17.5,0.0,0.8,720.0,20.0,0,B,128.57142857142856,,,,,,,,,,0.000445,191.8657162438378,0.0414364158543089,2512202221,5
04333fe7c5c67cf08d89fe0bc6d041fa,Nguyễn Cao Bắc,Nguyễn Cao Bắc,10.7311497,106.712272,10.7302354,106.7122946,1.5,50.0,FRC3,residential,asphalt,,,,13.5,17.0,0.0,0.7941176470588235,1095.88,20.58823529411765,0,B,133.33333333333331,,,,,,,,,,0.000937,178.60877927637137,0.1011634745958487,2512202221,5
7503210a0a9dd84ee47dc30be1b67873,Đường Kinh Dương Vương,Đường Kinh Dương Vương,10.737327,106.614443,10.7461636,106.6242766,1.0,50.0,FRC2,residential,asphalt,,,,13.5,17.5,0.0,0.7714285714285715,771.43,22.85714285714285,0,B,133.33333333333331,,,,,,,,,,0.01867,47.55180183962045,1.4533888686533276,2512202221,5
5f213b42de4f362898af7ede80ac28ef,Phường Cát Lái,Đường Nguyễn Thị Định,10.7581824,106.7888166,10.7581122,106.7889037,1.0,50.0,FRC4,primary,,,,,22.5,25.5,0.0,0.8823529411764706,571.76,11.764705882352944,0,B,80.0,,,,,,,,,,0.000157,129.36508349504982,0.0122903306610758,2512202221,5
4c9a41946bb244d0a1f0b542558b7816,Đường cao tốc Thành phố Hồ Chí Minh – Long Thành – Dầu Giây,Đường Võ Chí Công,10.796707,106.7886419,10.7961184,106.7760321,1.0,50.0,FRC2,motorway_link,asphalt,yes,,,45.5,45.5,0.0,1.0,360.0,0.0,0,A,39.56043956043956,,,,,,,,,,0.013198,267.28058270121016,1.3805673391740458,2512202221,5
b46fd97e3b4d293a43801eae18df099d,Xa Lộ Hà Nội,Đường Xa Lộ Hà Nội,10.8020857,106.7438001,10.8006952,106.7363742,1.5,55.0,FRC2,trunk,asphalt,yes,,,25.0,25.0,0.0,1.0,540.0,0.0,0,A,72.0,,,no,,,,,,,0.008816,259.2080360296418,0.8265338708828588,2512202221,5
db585c3051dd77e3cd88da25f7d29703,Đoàn Văn Bơ,Đoàn Văn Bơ,10.7633776,106.7037719,10.763364,106.7038326,1.0,50.0,FRC3,tertiary,asphalt,yes,,,10.5,14.5,0.0,0.7241379310344828,856.55,27.58620689655172,0,B,171.42857142857142,,,,,,,,,,7.4e-05,102.84742296007936,0.0068072911028033,2512202221,5
e3eef76fb76e773a3568b80626111e50,Vòng xoay Phú Lâm,Đường Bà Hom,10.7540208,106.6340806,10.7539125,106.6340886,2.0,50.0,FRC2,primary,asphalt,yes,,,13.5,17.5,0.0,0.7714285714285715,1542.86,22.85714285714285,0,B,133.33333333333331,,,,,,,,,,0.000116,175.84923185212892,0.0120112966914494,2512202221,5
23c3b821848dd456f7eaf4509b567d43,Nguyễn Văn Bá (nối dài),Hẻm 2 Đường Số 17,10.8565707,106.7843268,10.8603829,106.7908151,1.5,50.0,FRC1,tertiary,asphalt,,,,42.5,48.0,0.0,0.8854166666666666,849.38,11.458333333333336,0,B,42.35294117647059,,,,,,,,,,0.0103,59.1089313814029,0.8252886472221967,2512202221,5
beb72a2cfa3817e8ac8f13da3f0951b7,Quốc Lộ 1,Đường Quốc lộ 1A,10.7047068,106.597382,10.7045783,106.5973319,2.0,55.0,FRC1,trunk,,yes,,QL.1,40.0,40.0,0.0,1.0,720.0,0.0,0,A,45.0,,,,,,,,,,0.000179,200.96176212321097,0.0152337685678206,2512202221,5
669adfb273da5ee10f530c17145c6cbc,Đường số 17,Đường số 17,10.8599601,106.7899405,10.8599391,106.7903213,1.0,50.0,FRC1,tertiary,,no,,,21.5,24.0,0.0,0.8958333333333334,547.5,10.416666666666664,0,B,83.72093023255813,,,,,,,,,,0.000402,93.21390268829292,0.0417009707169905,2512202221,5
cd6d7444c4b39c9db881d0f8dbb3f3c4,Trần Quốc Hoàn,Đường Trường Sơn,10.8050283,106.6643387,10.8026411,106.6635788,2.5,55.0,FRC2,primary,asphalt,yes,,,27.5,37.0,0.0,0.7432432432432432,2055.41,25.67567567567568,0,B,65.45454545454545,,,,,,,,,,0.003147,197.3635097446789,0.2768240565407462,2512202221,5
bda6580c628de8cf21ce34626174dbf9,Hoàng Hoa Thám,Đường Phan Đăng Lưu,10.797138,106.6470466,10.8031077,106.6923844,1.0,50.0,FRC2,residential,asphalt,,,,22.5,33.0,0.0,0.6818181818181818,932.73,31.818181818181824,0,C,80.0,,,,,,,,,,0.051307,82.36099560608864,5.001943577340994,2512202221,5
109cf033e8c4c3ef6213cbb544d89d95,Tây Thạnh,Đường Tây Thạnh,10.810356,106.620154,10.813438,106.6228898,1.0,50.0,FRC2,tertiary,,yes,,,23.5,34.0,0.0,0.6911764705882353,915.88,30.88235294117647,0,C,76.59574468085106,,,,,,,,,,0.005818,41.08533026525959,0.4535710285672034,2512202221,5
27177fb89d9eddd6871cb5336d0f9396,Đường D2,Đường Bờ Bao Tân Thắng,10.8011202,106.6193571,10.8012387,106.6193967,1.0,50.0,FRC2,residential,,yes,,,23.5,34.0,0.0,0.6911764705882353,915.88,30.88235294117647,0,C,76.59574468085106,,,,,,,,,,0.000158,18.172766434692903,0.0138045552270648,2512202221,5
43a99183d8178e3e85913a10ba11a473,Quang Trung,Đường Quang Trung,10.8350079,106.6634568,10.8430788,106.6419808,1.5,50.0,FRC4,primary,asphalt,yes,,,13.5,18.5,0.0,0.7297297297297297,1269.73,27.027027027027028,0,B,133.33333333333331,,,,,,,,,,0.029547,290.9407039540092,2.512295472937345,2512202221,5
2612cb55d06e5399ec789f2dc1b3f036,Thăng Long,Thăng Long,10.8045573,106.6610854,10.8039431,106.6609131,1.0,50.0,FRC3,service,,,,,15.5,21.0,0.0,0.7380952380952381,831.43,26.190476190476183,0,B,116.12903225806453,,,,,,,,,,0.000787,195.4058107478161,0.070503247143415,2512202221,5
40bdc09d799d5156e887ecab50ad1479,Ngô Quyền,Đường Ngô Quyền,10.756629,106.6661917,10.7533937,106.6666573,1.5,50.0,FRC2,tertiary,asphalt,,,,14.0,17.5,0.0,0.8,1080.0,20.0,0,B,128.57142857142856,,,,,,,,,,0.003701,171.95255929005225,0.3614714055679125,2512202221,5
3f02cf00511ed6d52873fdc68a0c1b27,Nguyễn Thị Định,Đường Nguyễn Thị Định,10.7682878,106.7773201,10.7636062,106.7826284,1.0,50.0,FRC4,residential,,,,,9.5,12.5,0.0,0.76,792.0,24.0,0,B,189.4736842105263,,,,,,,,,,0.00999,131.91513517755294,0.7779731530778027,2512202221,5
3569d379d4fd684d7643c11f1ab33a61,Vũ Huy Tấn,Đường Vũ Huy Tấn,10.7959469,106.6927346,10.7956893,106.6961219,1.0,50.0,FRC2,residential,,,,,22.5,31.0,0.0,0.7258064516129032,853.55,27.41935483870968,0,B,80.0,,,,,,,,,,0.003645,94.4266350762673,0.3715364271563069,2512202222,5
f83d20d4d8ee9d902796d3da27d925da,Cộng Hòa,Hẻm 36A Cộng Hòa,10.8009238,106.6600301,10.8016842,106.6509196,1.0,50.0,FRC2,residential,,,,,13.5,20.5,0.0,0.6585365853658537,974.63,34.14634146341463,0,C,133.33333333333331,,,,,,,,,,0.009871,274.8575839414826,0.9998691932956164,2512202222,5
e5053e4123ff036f85da726f1676370c,D2,D2,10.8291371,106.8033886,10.8294096,106.8037053,2.0,60.0,FRC2,primary,asphalt,yes,,,20.5,20.5,0.0,1.0,720.0,0.0,0,A,87.8048780487805,,,,,,,,,,0.000589,48.78041930363816,0.0459115030524897,2512202222,5
81b575c76e07e31e195a8cc54482dc4e,Đường Lê Đại Hành,Đường Lê Đại Hành,10.7684337,106.652716,10.7623035,106.65706,1.5,50.0,FRC3,secondary,asphalt,yes,,,11.5,15.5,0.0,0.7419354838709677,1236.77,25.806451612903224,0,B,156.52173913043478,,,no,,,,,,,0.010474,145.15583585378772,0.8279663544052426,2512202222,5
6b0fbf6a2e4ef04b02bd48b90ded9f0e,Hẻm 297 Lý Thường Kiệt,Hẻm 297 Lý Thường Kiệt,10.7765701,106.656462,10.7765446,106.6563765,1.0,50.0,FRC2,residential,,,,,12.0,17.5,0.0,0.6857142857142857,925.71,31.428571428571427,0,C,150.0,,,,,,,,,,0.000111,253.1117204761973,0.009767198685867,2512202222,5
f96ffc235d76cdb65159ca62c66c920d,Xa Lộ Hà Nội,Đường Xa Lộ Hà Nội,10.8187919,106.7581999,10.8418294,106.7695847,3.0,55.0,FRC1,trunk,asphalt,yes,,,21.0,24.5,0.0,0.8571428571428571,1851.43,14.28571428571429,0,B,85.71428571428571,,,,,,,,yes,,0.034422,25.89008443560408,2.8360983774527666,2512202222,5
71d832d5c7789bae317a8c3fc2109c3e,Phường Trung Mỹ Tây,Đường Tô Ký,10.8521986,106.6264888,10.8521149,106.6265032,1.0,50.0,FRC4,residential,,,,,31.5,36.0,0.0,0.875,585.0,12.5,0,B,57.14285714285714,,,,,,,,,,9.8e-05,170.40952956723982,0.0093912929612274,2512202222,5
0011fbb6aaa8e16f8ec56fe7e1f253e0,Quách Thị Trang,Quách Thị Trang,10.7044998,106.847625,10.7041127,106.8398361,1.5,55.0,FRC4,residential,,,,ĐT.769B,19.5,23.0,0.0,0.8478260869565217,950.87,15.217391304347828,0,B,92.3076923076923,,,,,,,,,,0.008176,267.10522385447683,0.8531421655325446,2512202222,5
abfcf67d913fad9e43c3bf2068eb5422,Lý Thái Tổ,Đường Lý Thái Tổ,10.7670409,106.6763647,10.7312283,106.8238056,1.0,50.0,FRC2,service,,,,,32.5,39.0,0.0,0.8333333333333334,660.0,16.666666666666664,0,B,55.38461538461539,,,,,,,,,,0.183254,103.87316430555256,16.606322907492842,2512202222,5
19e455d9feca8246edf4ce3897d247ac,Nguyễn Thị Nhỏ,Đường Nguyễn Thị Nhỏ,10.7514819,106.6504956,10.7716614,106.6527803,1.5,50.0,FRC4,secondary,asphalt,yes,,,24.5,29.5,0.0,0.8305084745762712,997.63,16.94915254237288,0,B,73.46938775510203,,,,,,,,,,0.022464,6.346574003300702,2.246059077922712,2512202222,5
d89d49c51d21473ce100749241660614,Phường Linh Xuân,Phường Linh Xuân,10.8708535,106.7757156,10.8728261,106.7669177,2.5,45.0,FRC1,tertiary,asphalt,yes,,QL.1,19.0,23.0,0.0,0.8260869565217391,1682.61,17.391304347826086,0,B,94.73684210526316,,,,yes,,,,,,0.010771,282.8616181622988,0.986351003305546,2512202222,5
fa5588536cb07e17c55f04f99607236c,Hẻm 322 Hòa Hưng,Đường Hòa Hưng,10.7779568,106.6710033,10.7785872,106.6707568,1.0,50.0,FRC2,service,,,,,11.0,16.5,0.0,0.6666666666666666,960.0,33.333333333333336,0,C,163.63636363636363,,,,,,,,,,0.000877,338.98707890808095,0.0747606094009966,2512202222,5
6a00832a711b7b634d2304dea9532ce4,Nguyễn Kiệm,Nguyễn Kiệm,10.8192058,106.6787669,10.8132332,106.6786725,1.0,50.0,FRC3,primary,asphalt,,,,17.5,17.5,0.0,1.0,360.0,0.0,0,A,102.85714285714285,,,,,,,,,,0.006067,180.88943798273,0.660730175328525,2512202222,5
7050a07783c0e630eefbcd94933019af,Phạm Đăng Giảng,Hẻm 25 Phạm Đăng Giảng,10.8214287,106.60636,10.818044,106.6044259,1.0,50.0,FRC1,residential,,,,,44.0,47.0,0.0,0.9361702127659576,474.89,6.382978723404253,0,A,40.909090909090914,,,,,,,,,,0.005319,209.3041949623047,0.4300031731682036,2512202222,5
6d0c224e2356f6f5eb68580e5b2c3ff6,Đướng Nguyễn Hữu Cảnh,Đường Nguyễn Hữu Cảnh,10.7980288,106.720103,10.7979697,106.7201402,2.0,50.0,FRC2,primary_link,asphalt,yes,,,28.5,36.5,0.0,0.7808219178082192,1509.04,21.91780821917808,0,B,63.1578947368421,,,,yes,4.0,,,yes,,9.6e-05,148.2716355777331,0.0076997488063948,2512202222,5
f0b3593fdf6f1bfa47bd6d17ec2d759e,Trường Chinh,Đường Trường Chinh,10.8152248,106.6323883,10.8083021,106.6345381,2.5,50.0,FRC2,primary,asphalt,yes,,,24.5,35.0,0.0,0.7,2250.0,30.000000000000004,0,B,73.46938775510203,,,,,,,,,,0.009072,163.03646537834868,0.8010192008329566,2512202222,5
7426d7c0f84223578a026ff6a4aba075,Nguyễn Du,Lê Quý Đôn,10.8839415,106.8020366,10.8805839,106.7847868,1.5,45.0,FRC1,tertiary,asphalt,yes,,,28.5,28.5,0.0,1.0,540.0,0.0,0,A,63.1578947368421,,,,,,,,,,0.020607,258.79033874161473,1.9221545049490445,2512202222,5
5f4ad30047f2f96391c68e1f137624c7,Trường Chinh,Đường Trường Chinh,10.829463,106.6235423,10.8417386,106.6160676,1.5,65.0,FRC4,primary,asphalt,yes,,,19.0,19.0,0.0,1.0,540.0,0.0,0,A,94.73684210526316,,,,,,,,,,0.01975,329.1191403646251,1.584864656394446,2512202222,5
7356cb4343632525d15d1b42d3f73a71,Võ Văn Ngân,Võ Văn Ngân,10.8497041,106.7710929,10.8496933,106.7715732,1.0,50.0,FRC1,service,asphalt,,,,21.5,24.0,0.0,0.8958333333333334,547.5,10.416666666666664,0,B,83.72093023255813,,,,,,,,,,0.000491,91.31152474448707,0.0525308125415201,2512202222,5
c90813c363486064b31820dffa49a9cc,Đường Song Hành,Cầu Vượt Xa Lộ Hà Nội Cầu B,10.8055309,106.7528475,10.8031584,106.7489288,1.5,65.0,FRC2,trunk,asphalt,yes,,,21.5,21.5,0.0,1.0,540.0,0.0,0,A,83.72093023255813,,,no,,,,,,,0.006291,238.35249311383447,0.5025141252435477,2512202222,5
265f3cfde64bfa120f6891ed00051bf0,Phan Xích Long,Đường Phan Xích Long,10.8015575,106.6832089,10.799015,106.6869344,1.0,50.0,FRC2,tertiary,,,,,21.0,31.0,0.0,0.6774193548387096,940.65,32.25806451612904,0,C,85.71428571428571,,,,,,,,,,0.006268,124.78989414005925,0.4950613408290377,2512202222,5
acd351cc76318b50d74a9d44c833a44f,Đường số 6,Đường Số 6,10.8656041,106.7485967,10.8697421,106.7272126,1.0,50.0,FRC2,residential,,,,,36.5,44.5,0.0,0.8202247191011236,683.6,17.97752808988764,0,B,49.31506849315068,,,,,,,,,,0.025522,281.14890252621774,2.382434811469547,2512202222,5
69eca4cae67ba3461db78de85af8da4d,Phường Linh Trung,Đường Quốc Lộ 1A,10.8724231,106.7673863,10.867122,106.8026394,1.0,50.0,FRC1,residential,asphalt,yes,,,46.0,50.5,0.0,0.9108910891089108,520.4,8.910891089108908,0,A,39.130434782608695,,,,,,,,,,0.040554,98.70217968979551,3.898754216828233,2512202222,5
d3c7e159184f07572d71181f2e57dc01,Hẻm 92 Vũ Huy Tấn,Hẻm 92 Vũ Huy Tấn,10.7958364,106.6927968,10.7973608,106.6925024,1.0,50.0,FRC2,residential,,,,,11.0,15.5,0.0,0.7096774193548387,882.58,29.032258064516125,0,B,163.63636363636363,,,,,,,,,,0.001819,349.2582898508137,0.1716650863040787,2512202222,5
b12a1264b6847d3f14c9a26861dae40f,Hẻm 504 Kinh Dương Vương,Hẻm 504 Kinh Dương Vương,10.7379148,106.6147828,10.7377688,106.6146944,1.0,50.0,FRC2,residential,asphalt,,,,14.0,17.5,0.0,0.8,720.0,20.0,0,B,128.57142857142856,,,,,,,,,,0.000234,210.74746906466493,0.0188229614100835,2512202222,5
c5ba02c38f7cc53873ee9f364b07a153,Phạm Văn Đồng,Phạm Văn Đồng,10.8344857,106.7294684,10.8156051,106.6818266,2.5,50.0,FRC3,trunk,asphalt,yes,,,17.0,22.5,0.0,0.7555555555555555,2000.0,24.444444444444446,0,B,105.88235294117646,,,,,,,,,,0.066522,248.03123060451128,5.612718935005804,2512202222,5
247208f281ba2ead7ba54a16f3686e67,Dạ Nam,Dạ Nam,10.7536606,106.686888,10.7531123,106.6869589,1.5,50.0,FRC3,primary,asphalt,yes,,,11.0,16.5,0.0,0.6666666666666666,1440.0,33.333333333333336,0,C,163.63636363636363,,,,yes,,,,,,0.000619,172.7600320171066,0.0611428506998863,2512202222,5
d7a7550d4921fe13dd28d6c466df0475,Vân Côi,Đường Vân Côi,10.7883735,106.6565352,10.7877277,106.6560806,1.0,50.0,FRC2,residential,,,,,12.5,17.0,0.0,0.7352941176470589,836.47,26.470588235294112,0,B,144.0,,,,,,,,,,0.0011,214.6635910499961,0.0870323143789738,2512202222,5
a0f9b336cdde1225f168a0c44bf80a06,Cầu Trường Đai,Đường Lê Đức Thọ,10.8600761,106.6505875,10.860121,106.650645,1.5,50.0,FRC1,secondary,asphalt,yes,,,15.0,24.0,0.0,0.625,1552.5,37.5,0,C,120.0,,,,,,,,,,0.000102,51.51143870382958,0.0080120396496919,2512202222,5
2c2cf7de99d1512a422bc3afcdf54213,Hẻm 995 Hồng Bàng,Đường Kinh Dương Vương,10.7546298,106.636522,10.7543494,106.6365345,2.0,50.0,FRC2,primary,asphalt,yes,,,14.0,17.5,0.0,0.8,1440.0,20.0,0,B,128.57142857142856,,,,,,,,,,0.000293,177.49226544147325,0.0310459903745355,2512202222,5
d2489e0a065608647f6a4b4866e80c03,Nguyễn Văn Giai,Nguyễn Văn Giai,10.7926284,106.697328,10.7930658,106.6974031,1.5,50.0,FRC3,tertiary,,,,,13.0,17.5,0.0,0.7428571428571429,1234.29,25.71428571428571,0,B,138.46153846153848,,,,,,,,,,0.000513,9.573356725870497,0.0490743899829516,2512202222,5
45643833053c624086021bbba2dde705,Phường Tân Phú,Đường Xa Lộ Hà Nội,10.870652,106.8069619,10.7158518,106.7295974,1.0,50.0,FRC1,residential,,,,,26.5,26.5,0.0,1.0,360.0,0.0,0,A,67.9245283018868,,,,,,,,,,0.232165,206.15500312528576,19.099233856403504,2512202222,5
92f1cb670876b54073fe61492ce5ff52,Xa lộ Hà Nội,Xa lộ Hà Nội,10.8069194,106.7548299,10.8045382,106.7521024,1.5,65.0,FRC2,trunk,asphalt,yes,,,18.0,20.5,0.0,0.8780487804878049,869.27,12.195121951219512,0,B,100.0,,,,,,,,,,0.005109,228.3697680439091,0.397924268966521,2512202222,5
879656c05e81f52a10f4ca30dad28fa2,Trần Quý,Đường Trần Quý,10.7582245,106.6518136,10.7591573,106.6561005,1.5,50.0,FRC4,tertiary,asphalt,,,,13.5,13.5,0.0,1.0,540.0,0.0,0,A,133.33333333333331,,,,,,,,,,0.00522,77.51097396980651,0.4801001781148766,2512202222,5
19b4a156b48dd03667819ca43a83dbb8,Đường đất,Đường Đê Bao,10.8368731,106.7001735,10.830835,106.6929691,1.0,50.0,FRC2,tertiary,dirt,,,,16.0,21.5,0.0,0.7441860465116279,820.47,25.58139534883721,0,B,112.5,,,,,,,,,,0.013243,229.52581722197507,1.0328096344086215,2512202222,5
e2f527445f2b3116f23d71984f1d7284,Lũy Bán Bích,Lũy Bán Bích,10.7592472,106.6339978,10.7696046,106.6317019,1.5,50.0,FRC3,secondary,asphalt,yes,,,13.0,17.0,0.0,0.7647058823529411,1175.29,23.529411764705888,0,B,138.46153846153848,,,,,,,,,,0.012653,347.7148876096315,1.1728601037822748,2512202222,5
1fb9c9a180180aeee163ef5ba2f67729,Hùng Vương,Hùng Vương,10.763637,106.678648,10.7581844,106.6702787,2.0,55.0,FRC4,primary,asphalt,yes,,,14.5,14.5,0.0,1.0,720.0,0.0,0,A,124.13793103448276,,,,,,,,,,0.013822,236.4499591702573,1.096221656189611,2512202222,5
413e109f5978d8f37bd40bd818e0401a,Trần Quốc Thảo,Trần Quốc Thảo,10.7815324,106.6881451,10.7799599,106.689846,1.5,50.0,FRC2,tertiary,asphalt,,,,11.0,16.0,0.0,0.6875,1383.75,31.25,0,C,163.63636363636363,,,,,,,,,,0.003273,133.26245667038938,0.2546752288420123,2512202222,5
98a0390468d612a21c2a0f03c4b693fb,Đại lộ Bình Dương,Đại lộ Bình Dương,10.8690532,106.7145929,10.8882744,106.7005934,2.0,50.0,FRC2,trunk,asphalt,yes,,QL.13,15.0,20.5,0.0,0.7317073170731707,1685.85,26.82926829268293,0,B,120.0,,,,,,,,yes,,0.033221,324.4271691455765,2.619761067515538,2512202223,5
373575dcf77c2630d31bc5f414d50560,Cầu Vĩnh Bình,Cầu Vĩnh Bình,10.8684531,106.7160636,10.8684713,106.7161334,2.0,50.0,FRC2,trunk,asphalt,yes,,QL.13,15.0,20.5,0.0,0.7317073170731707,1685.85,26.82926829268293,0,B,120.0,,,,yes,,,,yes,,8.8e-05,75.1306008744508,0.0078926984005925,2512202223,5
8ccdc41e826b62aee68d239a63d9f13d,Tân Quý,Tân Quý,10.7987681,106.6196106,10.7951375,106.6203627,1.0,50.0,FRC1,tertiary,,,,,23.5,23.5,0.0,1.0,360.0,0.0,0,A,76.59574468085106,,,,,,,,,,0.004383,168.49793200003683,0.4099289273299881,2512202223,5
edf8ceb958fbd909078f7de6a72e40de,Ðiện Biên Phủ,Đường Điện Biên Phủ,10.7780742,106.685171,10.7903743,106.697507,2.5,50.0,FRC2,primary,asphalt,yes,,,17.0,21.0,0.0,0.8095238095238095,1757.14,19.047619047619047,0,B,105.88235294117646,,,,,,,,,,0.024636,44.57187686309544,1.916060893094504,2512202223,5
d4e002216f4edc3a77b11b9984c8c1e6,Đường Số 15,Đường Số 15,10.7738467,106.7398113,10.773475,106.7397513,2.5,40.0,FRC4,residential,asphalt,no,,,18.5,18.5,0.0,1.0,900.0,0.0,0,A,97.2972972972973,,,,,,,,,,0.000432,189.0106668548224,0.0416352760549154,2512202223,5
48172140970e69de3ba55a2a5a6b7508,Vòng xoay,Đường Phan Văn Trị,10.8207283,106.6940372,10.8204546,106.6941876,2.0,50.0,FRC3,secondary,asphalt,yes,,,23.5,23.5,0.0,1.0,720.0,0.0,0,A,76.59574468085106,,,,,,,,,,0.000424,151.64263231830228,0.0344537860150313,2512202223,5
4f735e9651a22406b096484436a338f8,Nguyễn Hữu Trí,Đường Nguyễn Hữu Trí,10.6929789,106.5802906,10.6903712,106.5689492,1.5,50.0,FRC4,secondary,,yes,,,23.0,23.0,0.0,1.0,540.0,0.0,0,A,78.26086956521739,,,,,,,,,,0.013949,256.8313730894756,1.273831320764586,2512202223,5
fdf6cb3c0bc809363f0b08b1abfeb5e2,Nguyễn Oanh,Nguyễn Oanh,10.8506971,106.6787535,10.8308983,106.6775689,1.0,50.0,FRC3,primary,asphalt,yes,,,13.5,17.0,0.0,0.7941176470588235,730.59,20.58823529411765,0,B,133.33333333333331,,,,,,,,,,0.020983,183.3631800913753,2.193843137042644,2512202223,5
17749bd0352f4a16ca94f60978992bf4,Hẻm 341 Lạc Long Quân,Hẻm 341 Lạc Long Quân,10.7691266,106.6405885,10.7684973,106.6414568,1.0,50.0,FRC4,residential,asphalt,,,,9.0,15.5,0.0,0.5806451612903226,1114.84,41.93548387096774,0,C,200.0,,,,,,,,,,0.001498,126.41766602834042,0.1177464332069316,2512202223,5
9a4282192c936b70eb0b0847abd98669,Nguyễn Cư Trinh,Nguyễn Cư Trinh,10.7646953,106.6921459,10.7639667,106.6902673,1.0,50.0,FRC4,residential,asphalt,,,,11.0,13.5,0.0,0.8148148148148148,693.33,18.518518518518523,0,B,163.63636363636363,,,,,,,,,,0.002607,248.45662255873688,0.220709472169753,2512202223,5
c9e93cbf8c75b64a0675bd2fc62a5449,Cầu Văn Thánh,Đường Điện Biên Phủ,10.8003961,106.7165178,10.8006159,106.716054,2.5,55.0,FRC2,trunk,asphalt,yes,,,25.0,25.0,0.0,1.0,900.0,0.0,0,A,72.0,,,,yes,,,,,,0.000684,295.7553828850519,0.0562473754742848,2512202223,5
4ad810afdb555ee60885a988876ec408,Lê Quang Định,Đường Lê Quang Định,10.802988,106.698423,10.820498,106.6894367,1.0,50.0,FRC2,residential,,,,,10.5,15.5,0.0,0.6774193548387096,940.65,32.25806451612904,0,C,171.42857142857142,,,,,,,,,,0.026496,333.2481915997161,2.171880545644658,2512202223,5
b3f614c6deb5a73ca31654f6aff3780e,Nguyễn Chí Thanh,Đường Nguyễn Thị Nhỏ,10.756343,106.6510842,10.7601722,106.6704457,1.0,50.0,FRC4,service,concrete,,,,14.0,14.0,0.0,1.0,360.0,0.0,0,A,128.57142857142856,,,,,,,,,,0.023191,78.6159816384772,2.159619431252239,2512202223,5
b21b9defc7b6a2819b3490e827421fde,Trần Đại Nghĩa,Trần Đại Nghĩa,10.8736394,106.7774485,10.7447939,106.5384069,2.0,45.0,FRC1,tertiary,asphalt,yes,,,19.5,23.5,0.0,0.8297872340425532,1332.77,17.021276595744684,0,B,92.3076923076923,,,,yes,,,,,,0.367887,241.2668958882888,29.77361530011458,2512202223,5
0e35dfac884bf618c653cc984ca40222,Đại Lộ III,Đại Lộ III,10.8136383,106.7753601,10.8131985,106.7686852,1.5,50.0,FRC4,tertiary,asphalt,yes,,,13.5,18.0,0.0,0.75,1215.0,25.0,0,B,133.33333333333331,,,,,,,,,,0.007115,266.16298934353523,0.7315577504720071,2512202223,5
9cb5b70a3d744a4404b960653bede876,Phú Châu,Phú Châu,10.8628859,106.7448654,10.8658949,106.7473789,1.5,50.0,FRC1,tertiary,asphalt,,,,19.5,23.5,0.0,0.8297872340425532,999.57,17.021276595744684,0,B,92.3076923076923,,,,,,,,,,0.005523,39.363675215942976,0.4316315659597421,2512202223,5
bad9590cb76fd6a92025e61282305a77,Hẻm 5 Hạnh Thông,Hẻm 5 Hạnh Thông,10.8265194,106.6800719,10.8280713,106.6792437,1.0,50.0,FRC3,residential,asphalt,,,,13.5,18.0,0.0,0.75,810.0,25.0,0,B,133.33333333333331,,,,,,,,,,0.00238,332.3379889661367,0.1940860479770982,2512202223,5
25257d8d791a2837985f008f621b90cc,Nguyễn Văn Quá,Đường Trường Chinh,10.8261451,106.6265884,10.8264064,106.6266087,2.0,50.0,FRC2,primary_link,asphalt,yes,,,12.0,17.5,0.0,0.6857142857142857,1851.43,31.428571428571427,0,C,150.0,,,,,,,,,,0.000282,4.363537922283967,0.028988415405186,2512202223,5
db9d31bddc50b8824845e7a0e7e568fa,Đặng Nguyên Cẩn,Đặng Nguyên Cẩn,10.7534511,106.6316452,10.7563978,106.6332036,1.5,50.0,FRC2,tertiary,asphalt,,,,13.5,17.5,0.0,0.7714285714285715,1157.14,22.85714285714285,0,B,133.33333333333331,,,,,,,,,,0.004505,27.455024173029244,0.3678221606739447,2512202223,5
74ef85fbba86aea448f55f140da46e7f,Lê Minh Xuân,Đường Lê Minh Xuân,10.786231,106.651613,10.7874965,106.6560086,1.0,50.0,FRC4,residential,,,,,11.5,15.5,0.0,0.7419354838709677,824.52,25.806451612903224,0,B,156.52173913043478,,,,,,,,,,0.005661,73.6647718759533,0.5006918722741983,2512202223,5
5c0ee164d2f247a7660b2fa34ac8345b,Thành Thái,Đường Thành Thái,10.7807392,106.6588525,10.7782236,106.6617292,1.5,50.0,FRC4,secondary,asphalt,yes,,,17.0,17.0,0.0,1.0,540.0,0.0,0,A,105.88235294117646,,,,,,,,,,0.005392,131.674635604439,0.4200152016026003,2512202223,5
97a95fcde2349eff9741611d6cb51a56,Quớc Lộ 22,Quớc Lộ 22,10.8449041,106.6140548,10.877854,106.5914673,1.0,50.0,FRC1,residential,,,,,22.5,22.5,0.0,1.0,360.0,0.0,0,A,80.0,,,,,,,,,,0.055537,326.0524984185484,4.402639030114611,2512202223,5
34d8285718521b3c88cc4a9bf1f44ba4,Trịnh Phong Đáng,Trịnh Phong Đáng,10.8670888,106.7575192,10.8663263,106.7546708,1.5,50.0,FRC2,tertiary,asphalt,,,,17.0,21.0,0.0,0.8095238095238095,1054.29,19.047619047619047,0,B,105.88235294117646,,,,,,,,,,0.003611,254.7528990300312,0.3226525831433307,2512202223,5
230102be62b945b3185f1c627a0c862c,vòng xoay Thái Bình,vòng xoay Thái Bình,10.7667749,106.6882291,10.7667953,106.6882753,2.0,50.0,FRC4,secondary,asphalt,no,,,13.5,13.5,0.0,1.0,720.0,0.0,0,A,133.33333333333331,,,,,,,,,,6.7e-05,65.79745790283448,0.0055339638148514,2512202223,5
89de86f0ef58b4a28077676eaf55c3f9,Đường D4,Đường D4,10.7452196,106.6957773,10.7452248,106.6957332,1.5,50.0,FRC4,secondary,asphalt,yes,,,10.0,17.5,0.0,0.5714285714285714,1697.14,42.85714285714286,0,C,180.0,,,,,,,,,,4.9e-05,276.8438076617149,0.0048578451645538,2512202223,5
7c3b51cee3a5d01b4520791f4e9bf61e,Nguyễn Đình Chiểu,Nguyễn Đình Chiểu,10.8033297,106.6789788,10.8034825,106.6796467,2.0,50.0,FRC3,primary,asphalt,yes,,,8.5,15.0,0.0,0.5666666666666667,2280.0,43.333333333333336,0,C,211.76470588235293,,,,,,,,,,0.000821,76.8892058985233,0.0749711303703293,2512202223,5
8ec1e95e83899eb20731578de84b57c7,Cầu vượt Ngã tư Gò Dưa,Đường Bình Chiểu,10.8708511,106.7329016,10.8717994,106.73325,1.5,50.0,FRC3,primary,,yes,,ĐT.43,19.0,19.0,0.0,1.0,540.0,0.0,0,A,94.73684210526316,,,,,,,,,,0.001297,19.83944853163172,0.1115974362909329,2512202223,5
3c5f99e1ae9591bff23b250b92c22484,THOI TAM THÔN 5,THOI TAM THÔN 5,10.8826122,106.6159517,10.8839449,106.6112355,1.0,50.0,FRC4,residential,asphalt,,,,13.0,17.5,0.0,0.7428571428571429,822.86,25.71428571428571,0,B,138.46153846153848,,,,,,,,,,0.006049,286.0538716868163,0.5362825844929494,2512202223,5
3b9f69a47969448ec90e6ff7dc849316,Hầm chui An Sương - N1,Hầm chui An Sương - N1,10.843311,106.6149367,10.8450745,106.6138112,1.0,50.0,FRC2,residential,,,,,12.5,17.0,0.0,0.7352941176470589,836.47,26.470588235294112,0,B,144.0,,,,,,,,,,0.002889,327.9196985665052,0.2306441373708251,2512202223,5
7109a723afaddcb0fa03a82dd564180f,Lê Thánh Tôn,Đường Nam Kỳ Khởi Nghĩa,10.7746928,106.6995607,10.7740594,106.6990287,1.0,50.0,FRC4,service,asphalt,,,,7.0,13.5,0.0,0.5185185185185185,1226.67,48.14814814814815,0,C,257.1428571428571,,,,,,,,,,0.001165,219.52625186973813,0.0910724727808177,2512202223,5
a69ac5661bf7c46f54054a7e97a9c640,Tống Văn Trân,Đường Tống Văn Trân,10.7719941,106.6411857,10.769814,106.6444321,1.0,50.0,FRC4,residential,asphalt,,,,10.5,16.0,0.0,0.65625,978.75,34.375,0,C,171.42857142857142,,,,,,,,,,0.005427,124.35570486620668,0.429210158652195,2512202223,5
d81af31114067415631b1c2307ba4261,Phú Thọ,Đường Phú Thọ,10.7589846,106.641575,10.7589257,106.641586,2.0,50.0,FRC4,secondary,asphalt,,,,15.5,15.5,0.0,1.0,720.0,0.0,0,A,116.12903225806453,,,,,,,,,,7e-05,169.60332975120218,0.0066252628348205,2512202223,5
f3bd3e0952b04e44f2390f3158e257d0,Phạm Văn Hai,Phạm Văn Hai,10.8000753,106.6653921,10.7970292,106.6645994,1.0,50.0,FRC2,footway,,,,,10.0,15.5,0.0,0.6451612903225806,998.71,35.483870967741936,0,C,180.0,,,,,,,,,,0.003839,194.33930714191357,0.3479126036824221,2512202223,5
b101076a1b960399d216c7244691d36b,Đường dẫn ga Quốc nội,Đường Trường Sơn,10.8125831,106.6647613,10.8140262,106.6643593,1.0,50.0,FRC2,service,,yes,,,11.0,17.0,0.0,0.6470588235294118,995.29,35.29411764705882,0,C,163.63636363636363,,,,,,,,,,0.001845,344.6972863123739,0.1655689554201987,2512202223,5
9a4bdd7e2e9674279af5d086d2f1ef93,Phường Bến Nghé,Đường Lê Duẩn,10.780376,106.6984933,10.7803753,106.6984806,2.0,50.0,FRC3,tertiary,asphalt,yes,,,5.5,12.0,0.0,0.4583333333333333,2670.0,54.16666666666667,0,D,327.2727272727273,,,,,,,,,,1.3e-05,266.7885969523263,0.0013911258183824,2512202223,5
8f34cd4295a3e0db72169eaed2e023ab,Trần Xuân Soạn,Đường Trần Xuân Soạn,10.7512278,106.6919615,10.7504862,106.6880473,1.5,50.0,FRC4,secondary,asphalt,,,,13.0,16.0,0.0,0.8125,1046.25,18.75,0,B,138.46153846153848,,,,,,,,,,0.004656,259.0849344838037,0.4359163725745861,2512202223,5
9150048419d1d6f8304dcb8a866e0322,Nguyễn Thiện Thuật,Hẻm 145 Nguyễn Thiện Thuật,10.7680707,106.679824,10.7676816,106.6802989,1.0,50.0,FRC4,service,asphalt,,,,7.0,12.0,0.0,0.5833333333333334,1110.0,41.66666666666666,0,C,257.1428571428571,,,,,,,,,,0.000864,129.82858918761417,0.0674555633827273,2512202223,5
730424c8a47306d8903e93f2926f995d,Hẻm 506 Lạc Long Quân,Hẻm 506 Lạc Long Quân,10.7711649,106.6460379,10.7705706,106.6472103,1.0,50.0,FRC4,residential,concrete,,,,12.0,15.5,0.0,0.7741935483870968,766.45,22.580645161290324,0,B,150.0,,,,,,,,,,0.001767,117.29360547904588,0.1440953772411892,2512202223,5
2af34f0361bde9c96846a777b2d42b51,Âu Cơ,Âu Cơ,10.7722809,106.6496421,10.7750261,106.6477936,1.5,50.0,FRC3,secondary,asphalt,no,,,11.0,15.0,0.0,0.7333333333333333,1260.0,26.66666666666667,0,B,163.63636363636363,,,,,,,,,,0.004594,326.51601208532355,0.364800411455354,2512202223,5
404fbcb2b61bbf198bf033d75564404b,Trương Công Định,Đường Trương Công Định,10.7983099,106.6417176,10.7937318,106.6402984,2.0,50.0,FRC2,tertiary,asphalt,,,,12.5,17.0,0.0,0.7352941176470589,1672.94,26.470588235294112,0,B,144.0,,,,,,,,,,0.005997,196.93618756579207,0.5296494258571615,2512202223,5
ebe8ea125e970e051c6915ee1c00489c,Lạc Long Quân,Lạc Long Quân,10.7662165,106.6422433,10.761987,106.642118,1.5,50.0,FRC4,secondary,asphalt,,,,11.0,16.0,0.0,0.6875,1383.75,31.25,0,C,163.63636363636363,,,,,,,,,,0.004355,181.6670762762401,0.4680384390306201,2512202223,5
40f4a50cdb1f1c6db5873ea913fa0a0e,Đường Thuận Kiều,Đường Phạm Hữu Chí,10.7552474,106.6584197,10.7546122,106.6583409,1.5,50.0,FRC4,secondary,asphalt,yes,,,9.5,14.5,0.0,0.6551724137931034,1471.03,34.48275862068966,0,C,189.4736842105263,,,,,,,,,,0.000714,186.94873517239884,0.0707880093267676,2512202223,5
d2815cdb6defdaf25bcf120055274711,Lê Thị Hà,Lê Thị Hà,10.887776,106.5981184,10.8865251,106.5982675,1.5,50.0,FRC4,tertiary,asphalt,,,,14.0,18.0,0.0,0.7777777777777778,1140.0,22.22222222222222,0,B,128.57142857142856,,,,,,,,,,0.0014,173.32396032774398,0.139323818989032,2512202223,5
9c728e896e4e645c05c7290ecd81ba08,Song Hành,Đường Song Hành B,10.7992821,106.7334658,10.8021502,106.7485095,1.0,55.0,FRC4,secondary,asphalt,yes,,,16.0,16.0,0.0,1.0,360.0,0.0,0,A,112.5,,,,,,,,,,0.017912,79.0146441185496,1.675493050808332,2512202223,5
669b4f82a96054836defd912dade0401,Phạm Văn Đồng,Đường Phạm Văn Đồng,10.849516,106.7489666,10.8414243,106.7439592,1.0,50.0,FRC2,residential,,,,,18.0,21.0,0.0,0.8571428571428571,617.14,14.28571428571429,0,B,100.0,,,,,,,,,,0.013099,211.2907939253303,1.049241069342425,2512202223,5
9a4098e379a9b102af2e32a4d82c34cb,Trịnh Đình Trọng,Đường Trịnh Đình Trọng,10.7751926,106.6464389,10.7752249,106.6474762,1.0,50.0,FRC3,service,asphalt,,,,11.5,16.0,0.0,0.71875,866.25,28.125,0,B,156.52173913043478,,,,,,,,,,0.00107,88.18438286028868,0.1135052559662925,2512202223,5
8d4eb560d7aac810bb215cd1225b48e4,Hầm sông Sài Gòn,Hầm sông Sài Gòn,10.76834,106.7031455,10.7684374,106.7033248,1.5,55.0,FRC2,trunk,concrete,yes,,,21.5,21.5,0.0,1.0,540.0,0.0,0,A,83.72093023255813,,,,,,,,,,0.000277,61.05909966725682,0.0223749981058668,2512202223,5
f8ba99351b6594850c8514d25d121706,Nguyễn Hữu Trí,Đường Nguyễn Hữu Trí,10.6903712,106.5689492,10.6854735,106.5540502,1.5,50.0,FRC4,secondary,,yes,,,23.0,23.0,0.0,1.0,540.0,0.0,0,A,78.26086956521739,,,,,,,,,,0.019797,251.5047361486898,1.7176357272766192,2512202223,5
5dcb49eb56272f22e7b44f699bc23285,Võ Văn Kiệt,Võ Văn Kiệt,10.7503613,106.6692116,10.7491553,106.6606556,2.0,55.0,FRC2,primary,asphalt,yes,,,21.0,21.0,0.0,1.0,720.0,0.0,0,A,85.71428571428571,,,,yes,,,,,,0.009762,261.83620411890206,0.94530401369909,2512202223,5
7b2ff4d3d8018b40ecdeef62ff619ec6,Đường số 41,Đường Khánh Hội,10.7579629,106.6997338,10.7579884,106.6997668,1.5,50.0,FRC4,tertiary,asphalt,no,,,10.0,17.5,0.0,0.5714285714285714,1697.14,42.85714285714286,0,C,180.0,,,,,,,,,,5.9e-05,51.81312816178979,0.0045807994080243,2512202223,5
49ecdc5552ce5a28149992c19a4c4a1d,Phạm Thế Hiển,Đường Phạm Thế Hiển,10.7404244,106.6548139,10.7508219,106.6874216,1.0,50.0,FRC3,secondary,asphalt,yes,,,13.0,17.0,0.0,0.7647058823529411,783.53,23.529411764705888,0,B,138.46153846153848,,,,,,,,,,0.043005,72.01572620446262,3.747481819562808,2512202223,5
a9b66452f50c1ce9f45f754a07a783c0,Đường Lê Hồng Phong,Đường 3 Tháng 2,10.7709488,106.6730236,10.7709488,106.6730236,1.5,50.0,FRC2,primary,asphalt,yes,,,11.0,16.0,0.0,0.6875,1383.75,31.25,0,C,163.63636363636363,,,,,,,,,,0.0,0.0,0.0,2512202223,5
6237c4a356ad9dae779897d9c87f4f64,Cao tốc TP. Hồ Chí Minh - Long Thành - Dầu Giây,Cao tốc TP. Hồ Chí Minh - Long Thành - Dầu Giây,10.7950193,106.7995037,10.785892,106.8557067,1.5,75.0,FRC0,motorway,asphalt,yes,,CT.29,42.0,42.0,0.0,1.0,540.0,0.0,0,A,42.85714285714285,,,,yes,,,,,,0.06533,99.38207994409164,6.228949529830073,2512202223,5
8e0ec580bda69359e38c2c292499b959,Hậu Giang,Hậu Giang,10.7453991,106.6239247,10.745339,106.6240715,1.5,50.0,FRC2,secondary,asphalt,,,,14.5,17.5,0.0,0.8285714285714286,1002.86,17.14285714285714,0,B,124.13793103448276,,,,,,,,,,0.000207,112.62183552665716,0.01737877362657,2512202224,5
44e91f11a43e9dfdbe7c1eb4c0c12b82,Lý Thường Kiệt,Lý Thường Kiệt,10.7571594,106.6618976,10.765485,106.6595662,1.0,50.0,FRC2,tertiary,asphalt,yes,,,12.5,17.0,0.0,0.7352941176470589,836.47,26.470588235294112,0,B,144.0,,,,,,,,,,0.010657,344.61847140215235,0.955570884705003,2512202224,5
f83d20d4d8ee9d902796d3da27d925da,Cộng Hòa,Đường Cộng Hòa,10.8016842,106.6509196,10.8041993,106.6376734,1.5,50.0,FRC2,primary,asphalt,yes,,,14.0,20.0,0.0,0.7,1350.0,30.000000000000004,0,B,128.57142857142856,,,,,,,,yes,,0.015761,280.9415326337296,1.4750705116402003,2512202224,5
f08358824c8faf5ad14cebc515baca10,Hẻm 86 Ông Ích Khiêm,Hẻm 86 Ông Ích Khiêm,10.7661735,106.6449394,10.7696411,106.6468344,1.0,50.0,FRC4,residential,concrete,,,,9.0,15.0,0.0,0.6,1080.0,40.0,0,C,200.0,,,,,,,,,,0.005363,28.2296157471672,0.4359775905842578,2512202224,5
697fbe7ce076a6f88372cf8346195822,Bến Vân Đồn,Hẻm 303 Bến Vân Đồn,10.7584116,106.6937223,10.7573004,106.6918919,2.0,55.0,FRC4,secondary,asphalt,yes,,,12.0,15.5,0.0,0.7741935483870968,1532.9,22.580645161290324,0,B,150.0,,,,,,,,,,0.002942,238.28655828150204,0.2349218064366415,2512202224,5
5b019332e6114b8ae49c3362815db79b,Lạc Long Quân,Lạc Long Quân,10.7832411,106.6506569,10.7795043,106.6499053,1.0,50.0,FRC4,service,,,,,10.5,15.5,0.0,0.6774193548387096,940.65,32.25806451612904,0,C,171.42857142857142,,,,,,,,,,0.004488,191.17685272177692,0.4214335020013836,2512202224,5
a179566adbd5698884012c45a0a01aee,Trần Văn Trà,Đường Hùng Vương,10.7230616,106.8257234,10.7256271,106.7236416,1.0,50.0,FRC4,residential,,,,,24.5,24.5,0.0,1.0,360.0,0.0,0,A,73.46938775510203,,,,,,,,,,0.104647,271.47472189489685,11.170113201139232,2512202224,5
c06a1b8efc6200d0966ed39c3cdeef25,Tôn Thất Hiệp,Đường Lê Đại Hành,10.7657693,106.6544961,10.7626655,106.6522037,1.5,50.0,FRC3,tertiary,asphalt,,,,11.5,15.5,0.0,0.7419354838709677,1236.77,25.806451612903224,0,B,156.52173913043478,,,,,,,,,,0.005396,215.96419794020264,0.4251276526140337,2512202224,5
4ed93ab0d545f2e012459b2bacc942ec,Phường Hiệp Bình Phước,Hẻm 6 Đường Số 12,10.8410074,106.7045433,10.8412473,106.7050813,1.0,50.0,FRC2,residential,asphalt,,,,18.0,21.0,0.0,0.8571428571428571,617.14,14.28571428571429,0,B,100.0,,,,,,,,,,0.000778,65.58124547664409,0.064536031557522,2512202224,5
6237c4a356ad9dae779897d9c87f4f64,Cao tốc TP. Hồ Chí Minh - Long Thành - Dầu Giây,Cao tốc TP. Hồ Chí Minh - Long Thành - Dầu Giây,10.794041,106.8052263,10.7950193,106.7995037,1.0,50.0,FRC0,tertiary,,,,,38.0,38.0,0.0,1.0,360.0,0.0,0,A,47.368421052631575,,,,,,,,,,0.006701,279.8730282192795,0.6351247028278337,2512202224,5
04edd61439bdc3ac6e47a41f3a4f9295,Hoàng Văn Thụ,Hoàng Văn Thụ,10.800283,106.6668173,10.7932413,106.6535674,1.0,55.0,FRC2,primary_link,asphalt,yes,,,6.0,12.0,0.0,0.5,1260.0,50.0,0,C,300.0,,,,,,,,,,0.020292,241.5865022861866,1.6451102164505405,2512202224,5
c2af0eda5cc2fc1fc69511c3a16cffb6,Ni Sư Huỳnh Liên,Ni Sư Huỳnh Liên,10.782654,106.6494573,10.7821504,106.6497547,1.0,30.0,FRC2,tertiary,asphalt,,,,9.5,15.5,0.0,0.6129032258064516,1056.77,38.70967741935484,0,C,189.4736842105263,,,,,,,,,,0.000801,149.881018016032,0.0645053908695066,2512202224,5
fee52e621307b13a43564a2266b89bda,Khuông Việt,Khuông Việt,10.7813924,106.6433121,10.7770894,106.6398819,1.5,50.0,FRC3,secondary,asphalt,no,,,11.5,15.5,0.0,0.7419354838709677,1236.77,25.806451612903224,0,B,156.52173913043478,,,,,,,,,,0.007733,218.06477600527737,0.6060417451784054,2512202224,5
7642b13b19d9c6929cf66e4bf469be97,Lê Qúy Đôn,Lê Quý Đôn,10.8832727,106.800583,10.8832727,106.800583,1.5,45.0,FRC1,tertiary,asphalt,yes,,,28.5,28.5,0.0,1.0,540.0,0.0,0,A,63.1578947368421,,,,,,,,,,0.0,0.0,0.0,2512202224,5
83a73c9070e3700c76821aa355df03d9,Lạc Long Quân,Lạc Long Quân,10.7617534,106.6421148,10.7832411,106.6506569,1.0,50.0,FRC4,service,,,,,11.0,15.5,0.0,0.7096774193548387,882.58,29.032258064516125,0,B,163.63636363636363,,,,,,,,,,0.03003,21.331273244599743,2.5538415011121325,2512202224,5
4b74658979eab14919bb70ba752ee66d,Trần Não,Trần Não,10.7912282,106.730462,10.7916195,106.7303648,1.0,50.0,FRC4,residential,asphalt,,,,16.0,16.0,0.0,1.0,360.0,0.0,0,A,112.5,,,,,,,,,,0.000488,346.2872407482637,0.0445692025312389,2512202224,5
2f323a943373bab14204858032901c4c,Lê Đức Thọ,Đường Lê Đức Thọ,10.8385342,106.680097,10.8404489,106.6787279,1.5,50.0,FRC3,tertiary,asphalt,yes,,,13.0,18.0,0.0,0.7222222222222222,1290.0,27.77777777777778,0,B,138.46153846153848,,,,,,,,,,0.003284,324.92019136163464,0.2593600411760078,2512202224,5
e6bfdb34e57b9f1bf56da5ac38cc12b5,Xã Bà Điểm,Xã Bà Điểm,10.8426751,106.6148154,10.8425774,106.6147804,2.0,60.0,FRC1,trunk,asphalt,yes,,QL.1,15.0,15.0,0.0,1.0,720.0,0.0,0,A,120.0,,,,yes,,,,yes,,0.000133,199.38412191653416,0.0114645815232106,2512202224,5
949aedf36205bae2a02199956ab9e470,Ngô Gia Tự,Đường Ngô Gia Tự,10.7565017,106.6664916,10.7615444,106.670086,1.0,50.0,FRC2,primary,asphalt,yes,,,17.5,20.5,0.0,0.8536585365853658,623.41,14.634146341463415,0,B,102.85714285714285,,,,,,,,,,0.008637,35.001780382784204,0.6824116574573804,2512202224,5
d7d66ec780f7229fc42a104fb9a5fc8d,Nguyễn Trọng Tuyển,Đường Nguyễn Trọng Tuyển,10.7983381,106.6674578,10.7980849,106.6699079,1.0,50.0,FRC2,service,,,,,10.5,16.5,0.0,0.6363636363636364,1014.55,36.36363636363637,0,C,171.42857142857142,,,,,,,,,,0.002703,96.005513920451,0.2694056836211883,2512202224,5
fd3679f127d3799d313a5db2a703ef9b,3 Tháng 2,Đường 3 Tháng 2,10.7618422,106.6562075,10.755822,106.6453021,1.0,50.0,FRC2,residential,concrete,,,,11.0,16.5,0.0,0.6666666666666666,960.0,33.333333333333336,0,C,163.63636363636363,,,,,,,,,,0.016926,240.66868879060385,1.3660783644781092,2512202224,5
7ad3cce7b24417a8603842e257daea43,Cao tốc TP. Hồ Chí Minh - Long Thành - Dầu Giây,Cao tốc TP. Hồ Chí Minh - Long Thành - Dầu Giây,10.7917928,106.8178476,10.786298,106.8450235,1.5,85.0,FRC0,motorway,asphalt,yes,,CT.29,37.0,37.0,0.0,1.0,540.0,0.0,0,A,48.64864864864865,,,,,,,,,,0.032671,101.6283412693342,3.033591027746564,2512202224,5
1591e903a4a408ad42787606d739855b,Cầu Cả Cấm,Cầu Cả Cấm,10.7225313,106.7257177,10.723735,106.7249535,1.0,50.0,FRC3,secondary,,yes,,,12.5,17.0,0.0,0.7352941176470589,836.47,26.470588235294112,0,B,144.0,,,,yes,,,,,,0.001968,328.0445917810511,0.1572116803515358,2512202224,5
80727db3633fbc28d7a447c9e2d85d3f,Âu Dương Lân,Đường Phạm Thế Hiển,10.7482816,106.6817654,10.7479796,106.6819277,1.5,50.0,FRC3,tertiary,asphalt,,,,13.0,17.0,0.0,0.7647058823529411,1175.29,23.529411764705888,0,B,138.46153846153848,,,,,,,,,,0.000464,152.1664224190729,0.0378291315024869,2512202224,5
bbef349bd93b88cb702e4838b30e02b5,Đường N - Bắc,Đường N - Bắc,10.7336611,106.7115662,10.7320511,106.7122498,1.5,50.0,FRC3,residential,asphalt,,,,14.5,17.0,0.0,0.8529411764705882,937.06,14.70588235294118,0,B,124.13793103448276,,,,,,,,,,0.002294,157.35557836377086,0.193148138898524,2512202224,5
ab5324396a6dc13b932dac13aac14dac,Hoà Hưng,Đường Hòa Hưng,10.7780404,106.6712231,10.7800043,106.676489,1.0,50.0,FRC4,tertiary,asphalt,,,,11.0,15.5,0.0,0.7096774193548387,882.58,29.032258064516125,0,B,163.63636363636363,,,,,,,,,,0.00723,69.21048042769115,0.6155291106173068,2512202224,5
e81c34176304c25be82ac6ec6b99009f,Lý Thái Tổ,Lý Thái Tổ,10.7438421,106.8044591,10.7376092,106.8141974,1.5,50.0,FRC4,primary,,,,ĐT.769B,21.5,21.5,0.0,1.0,540.0,0.0,0,A,83.72093023255813,,,,,,,,,,0.015971,123.08144231402122,1.2688438761485876,2512202224,5
5dc12115410d75d380e733bc87568957,Cao tốc TP. Hồ Chí Minh - Long Thành - Dầu Giây,Cao tốc TP. Hồ Chí Minh - Long Thành - Dầu Giây,10.790253,106.8268185,10.7918961,106.8178943,2.0,120.0,FRC0,motorway,asphalt,yes,,CT.29,31.0,38.0,0.0,0.8157894736842105,1383.16,18.42105263157895,0,B,58.064516129032256,,,,viaduct,,,,,,0.010567,280.61671619630533,0.9927628581369672,2512202224,5
29dea696b73d817af6c22452c91b2b3f,Đường Nguyễn Chí Thanh,Đường Nguyễn Chí Thanh,10.7607311,106.6727534,10.7607915,106.6740891,2.5,55.0,FRC4,tertiary,asphalt,yes,,,11.5,15.0,0.0,0.7666666666666667,1950.0,23.33333333333333,0,B,156.52173913043478,,,,,,,,,,0.001396,87.36445991997948,0.1462445265617346,2512202224,5
5607986b5ca983a49abe235ecaa49877,Lãnh Binh Thăng,Lãnh Binh Thăng,10.7631981,106.6504197,10.7622847,106.65559,1.5,50.0,FRC4,secondary,asphalt,,,,9.0,14.5,0.0,0.6206896551724138,1564.14,37.93103448275862,0,C,200.0,,,,,,,,,,0.006084,100.1938454312296,0.5744511913421295,2512202224,5
d732efee46606ea1b17a47a594fb8a0c,Tô Ký,Tô Ký,10.8527736,106.6262305,10.8661857,106.6159466,1.0,40.0,FRC4,residential,,yes,,,14.5,18.0,0.0,0.8055555555555556,710.0,19.444444444444443,0,B,124.13793103448276,,,,,,,,,,0.023696,323.0200582676662,1.8615321358457129,2512202224,5
a753b1bdb2fdfddde889ea1af3400b15,Hà Huy Giáp,Hà Huy Giáp,10.8706967,106.6769479,10.8846445,106.6812882,1.5,50.0,FRC1,primary,,,,,18.5,23.5,0.0,0.7872340425531915,1114.47,21.276595744680847,0,B,97.2972972972973,,,,,,,,,,0.018288,16.992244076557142,1.614148685439929,2512202224,5
2602b0b1802d1ab2478d50934c97a0b5,Lý Thường Kiệt,Lý Thường Kiệt,10.7757808,106.6565902,10.7677013,106.6588507,1.0,50.0,FRC2,residential,asphalt,,,,9.5,15.5,0.0,0.6129032258064516,1056.77,38.70967741935484,0,C,189.4736842105263,,,,,,,,,,0.01034,164.63140661506247,0.9272651493247844,2512202224,5
6ea17f272e9d92c4348b73e649fb543d,Vườn Lài,Đường Vườn Lài,10.845755,106.6932002,10.8606545,106.6917699,1.0,50.0,FRC3,secondary,asphalt,yes,,,13.5,16.5,0.0,0.8181818181818182,687.27,18.181818181818176,0,B,133.33333333333331,,,,,,,,,,0.01633,354.61424276175325,1.6554916480626714,2512202224,5
857042c7a828e83d74da9242dc0a4c23,Raymondienne,Raymondienne,10.7267486,106.7231704,10.7270427,106.7236852,1.0,50.0,FRC1,tertiary,,,,,21.0,21.0,0.0,1.0,360.0,0.0,0,A,85.71428571428571,,,,,,,,,,0.000809,59.82407662706351,0.0650335678407958,2512202224,5
7b83e57eef6b9b0d27df3954c0c6a10c,Hồng Bàng,Đường Hồng Bàng,10.7554182,106.6634172,10.7550108,106.6603376,2.0,55.0,FRC2,primary,asphalt,yes,,,15.0,17.5,0.0,0.8571428571428571,1234.29,14.28571428571429,0,B,120.0,,,,,,,,,,0.003487,262.3312344650785,0.3398376603091959,2512202224,5
713803d72db3be4d1ed05f4689594598,Phường An Bình,Đường Quốc Lộ 1A,10.8753861,106.7588382,10.8750874,106.7505911,1.5,50.0,FRC1,trunk,asphalt,yes,,QL.1,18.5,23.5,0.0,0.7872340425531915,1114.47,21.276595744680847,0,B,97.2972972972973,,,,yes,,,,,,0.008546,267.8886002317484,0.9022874677364008,2512202224,5
0c29b3b2d9fb79d0ba9b100c3778cd32,Lê Văn Thịnh,Đường Số 22,10.7765916,106.7657368,10.7769125,106.7659642,1.0,50.0,FRC4,tertiary,,,,,10.0,15.5,0.0,0.6451612903225806,998.71,35.483870967741936,0,C,180.0,,,,,,,,,,0.000548,34.843066318995284,0.0433415501255278,2512202224,5
6be66491f570c0e12dc9a63eb2d8f0a2,Tân Hoà Đông,Đường Tân Hòa Đông,10.7542847,106.6342541,10.7560579,106.6326357,2.0,50.0,FRC2,primary,asphalt,yes,,,14.0,17.5,0.0,0.8,1440.0,20.0,0,B,128.57142857142856,,,,,,,,,,0.003392,318.1186102717437,0.2642061581237374,2512202224,5
6dda8b1342ad7f1c3ee3790e2f3cadc2,Đường số 15,Đường Số 15,10.7451997,106.7025956,10.7452314,106.702546,1.0,50.0,FRC3,tertiary_link,asphalt,yes,,,10.0,16.5,0.0,0.6060606060606061,1069.09,39.39393939393939,0,C,180.0,,,,,,,,,,8.1e-05,303.0447766628079,0.0064597630151854,2512202224,5
220b4b77862c3de70562cc820ae0c922,Cao tốc TP. Hồ Chí Minh - Long Thành - Dầu Giây,Cao tốc TP. Hồ Chí Minh - Long Thành - Dầu Giây,10.7862476,106.8630211,10.7859557,106.8547623,1.5,75.0,FRC0,motorway,asphalt,yes,,CT.29,31.0,38.0,0.0,0.8157894736842105,1037.37,18.42105263157895,0,B,58.064516129032256,,,,yes,,,,,,0.008551,267.9401718759318,0.903805492239025,2512202224,5
71f93cf8ea9aaf48105f9b0698e6d2d9,Tô Hiến Thành,Tô Hiến Thành,10.7736176,106.6614007,10.7768372,106.664107,1.0,50.0,FRC4,residential,,,,,10.5,15.0,0.0,0.7,900.0,30.000000000000004,0,B,171.42857142857142,,,,,,,,,,0.005926,39.54791979742873,0.4630730738856473,2512202224,5
1233bba5ca25d8e284fd778f04ef644a,Nguyễn Văn Linh,Nguyễn Văn Linh,10.7311956,106.7192028,10.7526944,106.7269803,1.5,50.0,FRC3,residential,asphalt,,,,17.0,17.0,0.0,1.0,540.0,0.0,0,A,105.88235294117646,,,,,,,,,,0.029276,19.56576213435852,2.525630148404968,2512202224,5
b2c16b0585d24925d45b474129c80584,Đường số 1A,Đường Số 8,10.7356907,106.6934274,10.7357575,106.6934288,1.5,50.0,FRC2,residential,asphalt,yes,,,12.0,17.5,0.0,0.6857142857142857,1388.57,31.428571428571427,0,C,150.0,,,,,,,,,,6.8e-05,1.1796249573374098,0.0073905228220577,2512202224,5
d69cf294f830fb191a1cc40998045761,Lê Đức Thọ,Đường Lê Đức Thọ,10.8428373,106.6753185,10.8625349,106.6496727,1.5,50.0,FRC3,tertiary,asphalt,,,,13.5,16.5,0.0,0.8181818181818182,1030.91,18.181818181818176,0,B,133.33333333333331,,,,,,,,,,0.045343,308.02962490017387,3.5511300984908942,2512202224,5
1a30d0ec9edfb010337877f888337254,Mã Lò,Mã Lò,10.7834104,106.5989412,10.7764236,106.6008637,1.0,50.0,FRC1,residential,,,,,23.5,23.5,0.0,1.0,360.0,0.0,0,A,76.59574468085106,,,,,,,,,,0.008909,164.87390944289905,0.8009233031071288,2512202225,5
fb8420f9597b9d18133a0d38baa699e5,Cao tốc TP. Hồ Chí Minh - Long Thành - Dầu Giây,Cao tốc TP. Hồ Chí Minh - Long Thành - Dầu Giây,10.7949371,106.7599681,10.7962415,106.775074,1.5,65.0,FRC0,motorway,asphalt,yes,,CT.29,32.0,32.0,0.0,1.0,540.0,0.0,0,A,56.25,,,,,,,,yes,,0.01641,84.97484719181557,1.6583027102272945,2512202225,5
32196ce38d97227596a014fe983dc5bf,Kha Vạn Cân,Kha Vạn Cân,10.8319797,106.725621,10.8413672,106.7463168,1.5,50.0,FRC2,secondary,asphalt,,,,21.0,21.0,0.0,1.0,540.0,0.0,0,A,85.71428571428571,,,,,,,,,,0.030083,65.20913497519808,2.489888515524737,2512202225,5
bc868c424a36b3e6e0036f0b57031736,Cầu vượt Hàng Xanh,Cầu vượt Hàng Xanh,10.801349,106.7109178,10.8014241,106.7109087,6.0,50.0,FRC2,primary,asphalt,yes,,,17.0,20.5,0.0,0.8292682926829268,4003.9,17.07317073170732,0,B,105.88235294117646,,,,,,,,,,8.4e-05,353.21230774763296,0.0083664557535068,2512202225,5
0679a066d9c8f303377f37ac7a47c74d,Ngã sáu Cộng Hòa,Vòng Xoay Ngã Sáu Cộng Hòa,10.7651637,106.681627,10.765182,106.6815426,2.0,55.0,FRC3,primary,asphalt,yes,,,10.0,16.5,0.0,0.6060606060606061,2138.18,39.39393939393939,0,C,180.0,,,,,,,,,,0.000103,282.44616292204614,0.0094504260127423,2512202225,5
176e65c0c1d48b75b07ce408c37d051b,Nguyễn Ðình Chiểu,Đường Nguyễn Đình Chiểu,10.7851071,106.6963948,10.7704394,106.6824793,1.0,50.0,FRC2,,,,,,10.0,15.5,0.0,0.6451612903225806,998.71,35.483870967741936,0,C,180.0,,,,,,,,,,0.028583,222.984952259392,2.2245332718377124,2512202225,5
f1fe8c6487b8951009b7e4f5a032eebb,Nghĩa Phát,Nghĩa Phát,10.7836425,106.6543665,10.7857783,106.6579632,1.0,50.0,FRC2,residential,asphalt,,,,9.5,15.0,0.0,0.6333333333333333,1020.0,36.66666666666667,0,C,189.4736842105263,,,,,,,,,,0.005733,58.84673303167415,0.4588493095447494,2512202225,5
11cd545a14b3f700ac39c4d5a330f3fa,Lê Đại Hành,Đường Lê Đại Hành,10.766178,106.6543476,10.7648499,106.6551501,1.0,50.0,FRC4,,,,,,10.0,15.5,0.0,0.6451612903225806,998.71,35.483870967741936,0,C,180.0,,,,,,,,,,0.002131,149.30605552908366,0.1711286789305921,2512202225,5
9e18201f1be98d0c782e9d6cb8286cf4,Châu Văn Liêm,Đường Châu Văn Liêm,10.7519402,106.6590317,10.7520192,106.6589344,2.0,50.0,FRC3,primary,asphalt,yes,,,7.0,11.0,0.0,0.6363636363636364,2029.09,36.36363636363637,0,C,257.1428571428571,,,,,,,,,,0.000176,309.5713831129765,0.0137703369173709,2512202225,5
65d7b8d53f7cc3e30332b4876b5172e0,Cầu Phú Mỹ,Cầu Phú Mỹ,10.7449386,106.7441554,10.7469406,106.7484952,1.5,50.0,FRC1,trunk,,yes,,,22.0,22.0,0.0,1.0,540.0,0.0,0,A,81.81818181818183,,,,yes,,,,,,0.006342,64.84739377134349,0.5238006796144834,2512202225,5
4c92558bd4417d93aa2219f301e1ef14,Tân Xuân 1,Tân Xuân 1,10.8752155,106.6035093,10.8756688,106.6030332,1.0,50.0,FRC4,residential,,,,,13.5,18.5,0.0,0.7297297297297297,846.49,27.027027027027028,0,B,133.33333333333331,,,,,,,,,,0.000929,314.11352892917427,0.0722752655391646,2512202225,5
1184d7a8983d26d2dfdf9a31af40a31d,Nam Kỳ Khởi Nghĩa,Nam Kỳ Khởi Nghĩa,10.7758374,106.6990601,10.7898473,106.683905,2.0,50.0,FRC4,secondary,asphalt,yes,,,4.5,11.5,0.0,0.391304347826087,2911.3,60.86956521739131,0,D,400.0,,,,,,,,,,0.029165,313.2618855008798,2.269073307565568,2512202225,5
dde9586f3c1888aaba6c91fc8ec11ec1,Ấp Bắc,Đường Ấp Bắc,10.7997419,106.6413422,10.8000771,106.6415662,1.0,50.0,FRC2,residential,,,,,12.5,17.0,0.0,0.7352941176470589,836.47,26.470588235294112,0,B,144.0,,,,,,,,,,0.000559,33.28172563664839,0.0444391506122937,2512202225,5
ae62dda591b44e3574eade56c8fa2357,Tân Vĩnh,Tân Vĩnh,10.7564549,106.7023549,10.757461,106.7015563,1.0,50.0,FRC3,,,,,,11.0,17.0,0.0,0.6470588235294118,995.29,35.29411764705882,0,C,163.63636363636363,,,,,,,,,,0.001805,322.05261433175525,0.141472912061452,2512202225,5
73ed5536f3de172632a61cbc8cd9ce24,Sư Van Hạnh,Sư Van Hạnh,10.7575965,106.6738445,10.7589142,106.6735498,1.0,50.0,FRC4,,,,,,14.0,14.0,0.0,1.0,360.0,0.0,0,A,128.57142857142856,,,,,,,,,,0.001612,347.60811261398004,0.1492762683480435,2512202225,5
6809c850a7deedba242b8f5915efc051,Tô Hiến Thành,Tô Hiến Thành,10.7703883,106.6581461,10.7736176,106.6614007,1.5,50.0,FRC2,secondary,asphalt,,,,12.0,17.5,0.0,0.6857142857142857,1388.57,31.428571428571427,0,C,150.0,,,,,,,,,,0.006484,44.713954430404215,0.5042814860044006,2512202225,5
cbfe1ea941e24a51f694bcf52f0dd868,Nguyễn Văn Linh,Đường Nguyễn Cao-Bắc,10.7290654,106.7123109,10.7287779,106.6949806,1.0,50.0,FRC1,,,,,,22.0,22.0,0.0,1.0,360.0,0.0,0,A,81.81818181818183,,,,,,,,,,0.017618,269.0342886087186,1.8959623662038,2512202225,5
05679f6366bc9176fb5f49648782371b,Chu Văn An,Chu Văn An,10.8113215,106.6960454,10.811203,106.7048425,1.0,50.0,FRC2,tertiary,asphalt,yes,,,9.0,15.5,0.0,0.5806451612903226,1114.84,41.93548387096774,0,C,200.0,,,,,,,,,,0.008916,90.78486637398588,0.9621093042319984,2512202225,5
f2d459490aa10bfe84e2ce7c321b0772,Kha Vạn Cân,Kha Vạn Cân,10.8270992,106.7153558,10.8504341,106.7545053,1.0,50.0,FRC3,,,,,,17.5,17.5,0.0,1.0,360.0,0.0,0,A,102.85714285714285,,,,,,,,,,0.062484,58.743912978961305,4.998814160997063,2512202225,5
0e8d633e5e234caada2599cad8aef2d1,Đường cao tốc Tp. Hồ Chí Minh-Long Thành-Dầu Giây,Đường cao tốc Tp. Hồ Chí Minh-Long Thành-Dầu Giây,10.7942306,106.7570472,10.7939773,106.7555931,1.0,50.0,FRC0,,,,,,32.0,32.0,0.0,1.0,360.0,0.0,0,A,56.25,,,,,,,,,,0.001707,259.9441451406279,0.1614737025786867,2512202225,5
86f741a0057e73e46e4fe58d849b9794,Trần Hưng Ðạo,Trần Hưng Ðạo,10.7529032,106.6714119,10.752615,106.6684652,2.0,50.0,FRC3,primary,asphalt,yes,,,11.5,16.0,0.0,0.71875,1732.5,28.125,0,B,156.52173913043478,,,,,,,,,,0.003235,264.3150790038624,0.323875744704682,2512202225,5
480e682b47457301d6a5232e37bb2b1c,Nguyễn Bình,Nguyễn Bình,10.6764523,106.7460372,10.6764671,106.7461005,1.5,50.0,FRC3,secondary,,,,,19.5,19.5,0.0,1.0,540.0,0.0,0,A,92.3076923076923,,,,,,,,,,7.8e-05,76.61667287896432,0.0071161976897594,2512202225,5
51717c26bcfe2b2fa0c1ca30b5a7b48d,Phạm Văn Đồng,Đường Phạm Văn Đồng,10.8196001,106.6902882,10.837129,106.7326464,1.0,50.0,FRC2,,,,,,16.5,21.0,0.0,0.7857142857142857,745.71,21.42857142857143,0,B,109.0909090909091,,,,,,,,,,0.059887,67.14899576652829,5.021333219966742,2512202225,5
678b1e13d26ff3cc9050419d2852de23,Hoàng Diệu,Đường Khánh Hội,10.7596225,106.6985617,10.7597771,106.6987767,1.0,50.0,FRC3,,,,,,11.0,17.0,0.0,0.6470588235294118,995.29,35.29411764705882,0,C,163.63636363636363,,,,,,,,,,0.00037,53.79816104186557,0.0290761432229762,2512202225,5
b78d9d8b7dfe37e11e98fe569e27dd8a,Tây Thạnh,Đường Nguyễn Hữu Tiến,10.8131648,106.6226738,10.8157799,106.6249673,1.0,50.0,FRC2,,,,,,12.5,17.0,0.0,0.7352941176470589,836.47,26.470588235294112,0,B,144.0,,,,,,,,,,0.004909,40.7429044244933,0.3828552472909416,2512202225,5
6302f25e3364b7773f9fdd4fd81402de,Phường Bình Hưng Hòa B,Phường Bình Hưng Hòa B,10.8045394,106.5779904,10.785662,106.5934583,1.0,50.0,FRC1,,,,,,23.5,23.5,0.0,1.0,360.0,0.0,0,A,76.59574468085106,,,,,,,,,,0.034345,141.1684244167477,2.6873130324802896,2512202225,5
bb259e616f06ef8c507c6b087dadc63e,Nguyễn Bỉnh Khiêm,Hẻm 28 Mai Thị Lựu,10.7919424,106.6999228,10.7886038,106.7035492,1.0,45.0,FRC4,residential,asphalt,,,,5.0,12.5,0.0,0.4,1440.0,60.0,0,D,360.0,,,,,,,,,,0.006965,133.14315325137852,0.5419108906804024,2512202225,5
3ff2b88cd61445ae362d9d551f4378d6,Ngô Chí Quốc,Đường Ngô Chí Quốc,10.8740594,106.730453,10.8738081,106.7302504,1.0,50.0,FRC3,secondary,,,,,14.5,18.5,0.0,0.7837837837837838,749.19,21.62162162162162,0,B,124.13793103448276,,,,,,,,,,0.000454,218.3698044483681,0.0355436980758493,2512202225,5
bc8b674fa2656d9856cee71aa75df426,Đường Tô Hiệu,Đường Tô Hiệu,10.7639371,106.6269195,10.7639255,106.6269466,1.0,50.0,FRC3,,,,,,12.5,17.5,0.0,0.7142857142857143,874.29,28.57142857142857,0,B,144.0,,,,,,,,,,3.9e-05,113.5432649307113,0.0032298320100343,2512202225,5
3ef73e396466c2064083ffd1d6d7db30,Bành Văn Trân,Bành Văn Trân,10.7904195,106.6569689,10.7883571,106.657746,1.0,50.0,FRC2,tertiary,,,,,12.5,17.0,0.0,0.7352941176470589,836.47,26.470588235294112,0,B,144.0,,,,,,,,,,0.00284,159.68874917067615,0.2434450425535793,2512202225,5
b4bf24f08221cf29789dd8670dd2c61a,Xa Lộ Hà Nội,Đường Xa Lộ Hà Nội,10.8633078,106.7965925,10.8010884,106.7392519,2.5,55.0,FRC1,trunk,asphalt,yes,,,31.5,31.5,0.0,1.0,900.0,0.0,0,A,57.14285714285714,,,no,,,,,,,0.11956,222.1557193720376,9.310246084847297,2512202225,5
75b9ac0082e9b542bf2515fd064477dd,Nguyễn Văn Quý,Nguyễn Văn Quý,10.7402847,106.73585,10.7404302,106.7361197,1.5,50.0,FRC4,trunk,,yes,,,12.0,15.5,0.0,0.7741935483870968,1149.68,22.580645161290324,0,B,150.0,,,,,,,,,,0.000415,61.22844680292605,0.0336049530955288,2512202225,5
f2609aacda44e4aac4485abab0d13392,Đường số 13,Đường Số 13,10.8641797,106.7663628,10.8642639,106.766054,1.0,50.0,FRC3,residential,asphalt,,,,16.5,22.5,0.0,0.7333333333333333,840.0,26.66666666666667,0,B,109.0909090909091,,,,,,,,,,0.000393,285.5170628963582,0.0350243955950527,2512202225,5
67e2fc538cc2634d7f82c12196ed3f9c,Đường Vành đai ĐHQG,Đường Liên Khu 3,10.8804438,106.8104451,10.8780069,106.8088204,1.0,50.0,FRC1,,,,,,26.5,26.5,0.0,1.0,360.0,0.0,0,A,67.9245283018868,,,,,,,,,,0.004062,213.2139290474012,0.3228199749336073,2512202225,5
2a66e0efdaf3550d5849f40eb9ed089d,Cầu vượt Nguyễn Hữu Cảnh,Đường Nguyễn Hữu Cảnh,10.7976427,106.7237951,10.7976579,106.7205235,1.0,50.0,FRC2,,,,,,21.0,21.0,0.0,1.0,360.0,0.0,0,A,85.71428571428571,,,,,,,,,,0.003287,270.2713012027617,0.3577907718298373,2512202225,5
bdce1bfc0b89165c9a039761cedcc781,Thuận Kiều,Đường Lê Đại Hành,10.7597225,106.6587965,10.7552474,106.6584197,1.0,50.0,FRC4,,,,,,10.0,15.5,0.0,0.6451612903225806,998.71,35.483870967741936,0,C,180.0,,,,,,,,,,0.004852,184.72874873445065,0.4967167817430327,2512202225,5
943bb5ff6acb233381f4c26d82105def,Điện Biên Phủ,Điện Biên Phủ,10.7957979,106.7028286,10.8012607,106.7127424,2.0,50.0,FRC2,primary,asphalt,yes,,,17.5,20.5,0.0,0.8536585365853658,1246.83,14.634146341463415,0,B,102.85714285714285,,,,,,,,,,0.015377,60.70824203623704,1.241202254284702,2512202225,5
de5324453bfbe514a3a5401164d9b6d7,Phường An Phú Đông,Phường An Phú Đông,10.8643469,106.6941172,10.8519273,106.6913666,1.0,50.0,FRC1,,,,,,19.0,23.5,0.0,0.8085106382978723,704.68,19.14893617021277,0,B,94.73684210526316,,,,,,,,,,0.01517,192.27138445827487,1.4063127129549609,2512202225,5
73318dff2dc6874661d0bafd247488a4,Phạm Văn Chiêu,Phạm Văn Chiêu,10.8541753,106.665484,10.8523298,106.6602254,1.5,50.0,FRC1,secondary,asphalt,,,,15.0,23.5,0.0,0.6382978723404256,1516.6,36.17021276595744,0,C,120.0,,,,,,,,,,0.007104,250.33661357697443,0.6101445353024589,2512202225,5
7bc30df6b84e52e3c1f49f4fcee90763,Phạm Hữu Lầu,Phạm Hữu Lầu,10.7045223,106.7321155,10.7045223,106.7321155,1.0,50.0,FRC4,,,,,,20.0,20.0,0.0,1.0,360.0,0.0,0,A,90.0,,,,,,,,,,0.0,0.0,0.0,2512202225,5
8c39031fcfb5e60e3c246f21fe38154a,Bùi Hữu Nghĩa,Hẻm 205 Nguyễn Trãi,10.7555638,106.6742704,10.7940986,106.6976069,1.0,50.0,FRC4,,,,,,10.5,14.0,0.0,0.75,810.0,25.0,0,B,171.42857142857142,,,,,,,,,,0.061871,30.74701584553543,4.968175803640265,2512202225,5
b8f135fa2b5d4ab8d9b6072920257679,Cầu Tân Thuận 2,Cầu Tân Thuận 2,10.7537495,106.7224037,10.7537495,106.7224037,1.0,50.0,FRC2,,,,,,8.5,18.0,0.0,0.4722222222222222,1310.0,52.77777777777778,0,D,211.76470588235293,,,,,,,,,,0.0,0.0,0.0,2512202225,5
9e33da8c42099b753cc4afcb7e2f885c,Nguyễn Chí Thanh,Đường Nguyễn Chí Thanh,10.7584006,106.6614527,10.7595294,106.6669516,1.0,50.0,FRC4,,,,,,9.5,12.0,0.0,0.7916666666666666,735.0,20.833333333333336,0,B,189.4736842105263,,,,,,,,,,0.006628,78.19731086621476,0.6142680725154358,2512202225,5
35bd388c4c5d180e6304bb827612154f,Ung Văn Khiêm,Đường Ung Văn Khiêm,10.8070705,106.7184953,10.8069599,106.7190173,1.0,50.0,FRC2,,,,,,15.5,20.5,0.0,0.7560975609756098,799.02,24.390243902439025,0,B,116.12903225806453,,,,,,,,,,0.000633,102.17232709633834,0.0583810896119177,2512202225,5
afa8f615248c0900131651a2c05e12f2,Trần Hữu Trang,Trần Hữu Trang,10.7935553,106.6753149,10.7940624,106.673077,1.0,50.0,FRC2,tertiary,,,,,10.0,16.0,0.0,0.625,1035.0,37.5,0,C,180.0,,,,,,,,,,0.002745,282.98984317690304,0.2510885497469216,2512202225,5
416ab8efe59b1653f203084e57cf715e,Cây Bàng,Cây Bàng,10.7187059,106.5920538,10.7189172,106.5920047,1.0,50.0,FRC4,,,,,,18.0,18.0,0.0,1.0,360.0,0.0,0,A,100.0,,,,,,,,,,0.00026,347.13888071724546,0.0239816614754049,2512202225,5
6bcf7958157a9d3a991fc9aaa3836e34,Quận 11,Hẻm Lê Đại Hành,10.7673207,106.6534073,10.753578,106.6497631,1.0,50.0,FRC3,,,,,,11.5,15.5,0.0,0.7419354838709677,824.52,25.806451612903224,0,B,156.52173913043478,,,,,,,,,,0.017387,194.60196632092848,1.5715080034298723,2512202225,5
9bce5e8ee12dbc9b81fc6e256bd0b118,Ngô Gia Tự,Vòng Xoay Ngã Sáu,10.7598159,106.6687226,10.7669024,106.6738588,1.0,50.0,FRC2,,,,,,13.5,17.5,0.0,0.7714285714285715,771.43,22.85714285714285,0,B,133.33333333333331,,,,,,,,,,0.012223,35.451728996106795,0.9643732859071532,2512202225,5
7f0b87707f8fd7691c1458fe16a5f054,Ngô Gia Tự,Đường Ngô Gia Tự,10.7618189,106.6702758,10.7563976,106.666426,1.0,50.0,FRC2,,,,,,13.5,17.5,0.0,0.7714285714285715,771.43,22.85714285714285,0,B,133.33333333333331,,,,,,,,,,0.009271,214.9015826346088,0.7327360450100446,2512202225,5
931e092078f2614a71934d3a4ec00d60,Cầu Sài Gòn 2,Cầu Sài Gòn 2,10.7983208,106.7250464,10.7988988,106.728642,1.0,50.0,FRC2,,,,,,17.5,20.5,0.0,0.8536585365853658,623.41,14.634146341463415,0,B,102.85714285714285,,,,,,,,,,0.004174,80.70559491100937,0.3983824058041995,2512202225,5
a7c3f9d711cf939db279fdcfb5ff8d0d,Công Trường Dân Chủ,Công Trường Dân Chủ,10.7775778,106.6815724,10.7775778,106.6815724,1.0,50.0,FRC2,,,,,,12.5,17.0,0.0,0.7352941176470589,836.47,26.470588235294112,0,B,144.0,,,,,,,,,,0.0,0.0,0.0,2512202225,5
3f4a7dc85944903ea2b70fa37791230b,Ngô Nhân Tịnh,Ngô Nhân Tịnh,10.7504649,106.6533788,10.7504649,106.6533788,2.0,50.0,FRC4,secondary,asphalt,yes,,,10.5,14.5,0.0,0.7241379310344828,1713.1,27.58620689655172,0,B,171.42857142857142,,,,,,,,,,0.0,0.0,0.0,2512202225,5
d1e5a78b3acce6585c46e25516d7c517,Hẻm 200C Xóm Chiếu,Hẻm 92 Đường Tôn Thất Thuyết,10.7550068,106.7100356,10.7550302,106.710014,1.0,50.0,FRC3,residential,asphalt,,,,13.0,17.0,0.0,0.7647058823529411,783.53,23.529411764705888,0,B,138.46153846153848,,,,,,,,,,4.5e-05,317.79630523537844,0.0035044415844618,2512202225,5
b06987239bec5664387471206a5c176e,Hồ Xuân Hương,Hồ Xuân Hương,10.7752936,106.6864011,10.7756788,106.6867311,1.0,50.0,FRC2,,,,,,9.0,15.5,0.0,0.5806451612903226,1114.84,41.93548387096774,0,C,200.0,,,,,,,,,,0.000715,40.08366449311672,0.0558397871177959,2512202225,5
a37ff905c949d234313f2d4a4630f960,Võ Văn Ngân,Võ Văn Ngân,10.851171,106.7550306,10.8497041,106.7710929,1.5,50.0,FRC3,secondary,asphalt,yes,,,16.5,22.5,0.0,0.7333333333333333,1260.0,26.66666666666667,0,B,109.0909090909091,,,,,,,,,,0.017529,95.311036775744,1.7637679692183217,2512202225,5
ab2c4555571dab5a5fb56672015ee2fe,Quốc lộ 1,Quốc lộ 1,10.7226708,106.6008754,10.8684975,106.7794278,1.0,50.0,FRC1,,,,,,17.0,20.0,0.0,0.85,630.0,15.000000000000002,0,B,105.88235294117646,,,,,,,,,,0.324379,50.24210654666382,25.327600544924096,2512202225,5
6bf7cd756f6d8d56e519299551a7a4cc,Cầu Sài Gòn 1,Cầu Sài Gòn 1,10.7997621,106.7319201,10.7981356,106.7225975,1.0,55.0,FRC2,trunk,asphalt,yes,,,25.0,25.0,0.0,1.0,360.0,0.0,0,A,72.0,,,,,,,,,,0.010949,259.92937659445084,1.0352809505980494,2512202225,5
40d06e6195c86f447f9dba3952adacfa,Lý Thái Tổ,Lý Thái Tổ,10.7333357,106.8200297,10.7677321,106.6723696,1.0,50.0,FRC4,,,,,,21.5,21.5,0.0,1.0,360.0,0.0,0,A,83.72093023255813,,,,,,,,,,0.182057,283.3525355344907,16.592917220482438,2512202225,5
997aedfe6c626102e11c9aac6233d89a,Thống Nhất,Thống Nhất,10.8397244,106.6652733,10.8348284,106.6644581,1.0,50.0,FRC4,,,,,,12.5,17.5,0.0,0.7142857142857143,874.29,28.57142857142857,0,B,144.0,,,,,,,,,,0.005711,189.28765659659757,0.5488509253742619,2512202225,5
f2fbb2eef056e070163a8bae20780e93,Lê Đức Thọ,Đường Lê Đức Thọ,10.8515063,106.6622383,10.8472382,106.6693689,1.0,50.0,FRC1,,,,,,15.0,23.5,0.0,0.6382978723404256,1011.06,36.17021276595744,0,C,120.0,,,,,,,,,,0.011399,121.3597515298472,0.9114751547457088,2512202225,5
7ca45791104af98adf0106382bd6ddd5,Nguyễn Hoàng,Nguyễn Hoàng,10.801925,106.7438952,10.8017112,106.7439955,1.5,55.0,FRC2,trunk,asphalt,yes,,,17.5,20.5,0.0,0.8536585365853658,935.12,14.634146341463415,0,B,102.85714285714285,,,no,,,,,,,0.000314,155.25890596373847,0.0260690517804895,2512202225,5
893618cdc30588cd162a4c2b1133b71f,Cầu Đen 2,Cầu Đen 2,10.7994405,106.7334642,10.7997398,106.7334573,1.0,55.0,FRC4,secondary,asphalt,yes,,,16.0,16.0,0.0,1.0,360.0,0.0,0,A,112.5,,,,yes,,,,,,0.000306,358.702732110185,0.0331151502643743,2512202225,5
d5e1b6c3d3515823a2ffdbca37045835,Vạn Kiếp,Vạn Kiếp,10.7504541,106.6597273,10.7502217,106.659871,1.5,50.0,FRC3,residential,asphalt,yes,,,11.0,11.0,0.0,1.0,540.0,0.0,0,A,163.63636363636363,,,,,,,,,,0.000376,148.7222127818028,0.0301308306261385,2512202225,5
88c98c9b78471686e9082725625f649e,Cầu An Lập,Cầu An Lập,10.729901,106.602171,10.7277176,106.60178,1.5,50.0,FRC1,trunk,asphalt,yes,,QL.1,26.0,26.0,0.0,1.0,540.0,0.0,0,A,69.23076923076924,,,,,,,,,,0.002574,189.97898061240684,0.2452698096949974,2512202225,5
1fa4513ca059d14db0f34d5b0ed35743,Nguyễn Tri Phương,Đường Nguyễn Tri Phương,10.7590308,106.6690295,10.7614123,106.6684746,1.5,50.0,FRC2,primary,asphalt,yes,,,10.0,13.5,0.0,0.7407407407407407,1240.0,25.92592592592593,0,B,180.0,,,,,,,,,,0.002936,347.1067512150298,0.2703260641592207,2512202225,5
76b9a2f65e8ce0c7e59fc177f40147ed,Cầu Phước Long,Đường Phạm Hữu Lầu,10.703606,106.7265583,10.7028333,106.7247561,1.0,50.0,FRC4,residential,,,,,20.0,20.0,0.0,1.0,360.0,0.0,0,A,90.0,,,,,,,,,,0.002575,246.42635237218383,0.2148819738245694,2512202225,5
2f289be8da0abc2734fe794b028f9cc7,Cầu Bình Lợi,Cầu Bình Lợi,10.8235017,106.7061476,10.8242579,106.7074369,1.0,50.0,FRC3,,,,,,20.0,23.0,0.0,0.8695652173913043,594.78,13.043478260869568,0,B,90.0,,,,,,,,,,0.002046,59.15661387051159,0.163933189314911,2512202225,5
2c0ec269f75728253ce3e07a5c8fb229,Bắc Hải,Đường Thành Thái,10.780807,106.658922,10.7833862,106.6613755,1.0,50.0,FRC4,residential,,no,,,13.0,17.0,0.0,0.7647058823529411,783.53,23.529411764705888,0,B,138.46153846153848,,,,,,,,,,0.005033,43.059626313848526,0.3916559967136013,2512202225,5
dfcc1f958d389df3e113f76a5f7af8f7,Đường số 4,Vòng Xoay,10.7388679,106.6898242,10.7392345,106.6909482,1.0,50.0,FRC2,,,,,,12.0,17.0,0.0,0.7058823529411765,889.41,29.411764705882348,0,B,150.0,,,,,,,,,,0.001491,71.63524041561567,0.1294607044447885,2512202225,5
cf96a7ac012ae3bf2e474c3f90b39a19,Lê Đức Thọ,Đường Lê Đức Thọ,10.8398015,106.6791366,10.8610348,106.6499071,1.0,50.0,FRC3,,,,,,13.0,18.0,0.0,0.7222222222222222,860.0,27.77777777777778,0,B,138.46153846153848,,,,,,,,,,0.050463,306.4915101000587,3.96622022028932,2512202225,5
e3ceeae18f4f59cff15ec975feec319b,Phạm Văn Đồng,Đường Phạm Văn Đồng,10.8185142,106.6869633,10.8367273,106.7316781,1.5,50.0,FRC2,residential,,yes,,,17.5,21.0,0.0,0.8333333333333334,990.0,16.666666666666664,0,B,102.85714285714285,,,,,,,,,,0.062928,67.4720147627088,5.288359617704673,2512202225,5
6ba9c3f0ba5b44682018f75d1c8c54fa,Nguyễn Hữu Cầu,Nguyễn Hữu Cầu,10.791062,106.6911349,10.7900598,106.6904811,1.0,50.0,FRC4,,,,,,9.0,12.0,0.0,0.75,810.0,25.0,0,B,200.0,,,,,,,,,,0.001656,212.65301840430172,0.1319156412277197,2512202225,5
18fcbaee075713c5fc7d919b31f78ea7,Pasteur,Pasteur,10.7732727,106.7014834,10.7778266,106.6988251,1.0,50.0,FRC4,residential,asphalt,,,,4.5,12.0,0.0,0.375,1485.0,62.5,0,D,400.0,,,,,,,,,,0.007212,330.1682036034698,0.5816035242582889,2512202225,5
c182fc0e10dbac715c00b92ce423a21c,Tháp Mười,Đường Hậu Giang,10.7497109,106.6494313,10.7507545,106.6545334,1.0,50.0,FRC2,residential,asphalt,,,,17.0,17.0,0.0,1.0,360.0,0.0,0,A,105.88235294117646,,,,,,,,,,0.006146,78.2387129124213,0.5698741839981846,2512202225,5
845ae7048313c76a2823b14517852eea,Hồ Hảo Hớn,Đường Võ Văn Kiệt,10.7598239,106.6940131,10.763051,106.6908753,1.5,50.0,FRC2,tertiary,asphalt,,,,21.0,21.0,0.0,1.0,540.0,0.0,0,A,85.71428571428571,,,,,,,,,,0.006365,316.312060231861,0.4951796481750454,2512202225,5
302d4125efbb7c78066753c7a38c4015,Hẻm 341 Khuông Việt,Đường Khuông Việt,10.7693434,106.6376979,10.7719922,106.6410076,1.0,50.0,FRC4,,,,,,10.0,16.0,0.0,0.625,1035.0,37.5,0,C,180.0,,,,,,,,,,0.005958,50.831151946145326,0.4657015437158494,2512202225,5
a828dad6ef44da85028cdabab924f10c,Hai Bà Trưng,Hai Bà Trưng,10.7821327,106.6989225,10.78789,106.6919402,1.0,50.0,FRC3,,,,,,5.0,12.0,0.0,0.4166666666666667,1410.0,58.33333333333333,0,D,360.0,,,,,,,,,,0.01274,310.0101808943964,0.9943245874577552,2512202225,5
498a0fb95fa87cb3899ad58b8109fc9e,Dương Thị Mười,Đường Tân Chánh Hiệp 21,10.8703305,106.6368278,10.8704226,106.6368738,1.0,50.0,FRC1,tertiary,,,,,19.0,23.0,0.0,0.8260869565217391,673.04,17.391304347826086,0,B,94.73684210526316,,,,,,,,,,0.000138,26.127716735209788,0.0113613697688565,2512202225,5
268a920a92850452241197e08b870a5f,Trần Hưng Ðạo,Trần Hưng Ðạo,10.7520028,106.6580656,10.752179,106.6632877,1.0,50.0,FRC4,,,,,,9.5,14.5,0.0,0.6551724137931034,980.69,34.48275862068966,0,C,189.4736842105263,,,,,,,,,,0.005398,88.03250970074384,0.5715145636010752,2512202225,5
791e2278ccf9bb7011c4cab854078dca,Kha Vạn Cân,Kha Vạn Cân,10.8416342,106.7466044,10.8487665,106.7531191,1.0,50.0,FRC3,,,,,,16.5,22.5,0.0,0.7333333333333333,840.0,26.66666666666667,0,B,109.0909090909091,,,,,,,,,,0.013647,41.89446878502554,1.0629413433485582,2512202225,5
849475e29344d63175677faaf9f43a7f,Nguyễn Khoái,Đường Nguyễn Khoái,10.7558779,106.6939259,10.7533608,106.6952956,1.0,50.0,FRC4,,,,,,13.0,16.0,0.0,0.8125,697.5,18.75,0,B,138.46153846153848,,,,,,,,,,0.003887,151.8709113834649,0.3161707798698561,2512202225,5
1672c01722daa83cae69a3a0af7eea45,Hồng Bàng,Đường Hồng Bàng,10.7534697,106.6530134,10.753623,106.6478806,1.0,50.0,FRC2,,,,,,15.0,17.5,0.0,0.8571428571428571,617.14,14.28571428571429,0,B,120.0,,,,,,,,,,0.005286,271.7417691426313,0.5616680322433182,2512202225,5
b46fd97e3b4d293a43801eae18df099d,Xa Lộ Hà Nội,Đường Xa Lộ Hà Nội,10.8010884,106.7392519,10.8020857,106.7438001,1.0,50.0,FRC2,,,,,,17.5,20.5,0.0,0.8536585365853658,623.41,14.634146341463415,0,B,102.85714285714285,,,,,,,,,,0.005546,77.41582400988426,0.5094774347869659,2512202225,5
ad618e33678436ff8f07f7f837cacf90,Nguyễn Thị Nhỏ,Đường Nguyễn Thị Nhỏ,10.7544346,106.6508617,10.758499,106.6513356,1.0,50.0,FRC4,service,,,,,13.5,13.5,0.0,1.0,360.0,0.0,0,A,133.33333333333331,,,,,,,,,,0.004538,6.534652045400208,0.4525535089983097,2512202225,5
aa55d5db7a80a888fe5daa8bcf5af867,Nguyễn Tri Phương,Nguyễn Tri Phương,10.7666599,106.6674092,10.7546206,106.6696106,1.5,55.0,FRC2,primary,asphalt,yes,,,13.0,16.0,0.0,0.8125,1046.25,18.75,0,B,138.46153846153848,,,,,,,,,,0.014241,169.8160309267911,1.3532947815842284,2512202225,5
8c7601cef52f0670f5cb7a5ba1bbadac,Trần Hưng Ðạo,Trần Hưng Ðạo,10.7680299,106.6953474,10.7644448,106.692428,1.0,50.0,FRC3,residential,asphalt,,,,5.5,12.0,0.0,0.4583333333333333,1335.0,54.16666666666667,0,D,327.2727272727273,,,,,,,,,,0.006504,218.65941103427605,0.5091298245678124,2512202225,5
aecdc48bd5b765a23d6774bcb21df781,Pasteur,Pasteur,10.7778266,106.6988251,10.7743326,106.7010371,1.0,50.0,FRC4,,,,,,4.5,12.0,0.0,0.375,1485.0,62.5,0,D,400.0,,,,,,,,,,0.005706,148.1214415685656,0.4559561787218035,2512202225,5
f38b112f44d0cd8e293122b52eb6c5dd,Hoàng Văn Thụ,Hoàng Văn Thụ,10.8002745,106.666894,10.7999007,106.6717039,1.0,50.0,FRC2,,,,,,10.5,15.5,0.0,0.6774193548387096,940.65,32.25806451612904,0,C,171.42857142857142,,,,,,,,,,0.005184,94.52314539048632,0.5276357995357868,2512202225,5
ecdf13761c150a7cff9fccf24046e694,Đường số 9,Đường số 9,10.8629278,106.7549076,10.8629278,106.7549076,1.0,50.0,FRC2,,,,,,17.5,21.0,0.0,0.8333333333333334,660.0,16.666666666666664,0,B,102.85714285714285,,,,,,,,,,0.0,0.0,0.0,2512202225,5
5ccc43e9c3efe340d85bccfc615cf1d1,Cầu Bình Phú,Cầu Bình Phú,10.8547733,106.7343846,10.8550441,106.7349099,1.0,50.0,FRC2,,,,,,15.5,20.5,0.0,0.7560975609756098,799.02,24.390243902439025,0,B,116.12903225806453,,,,,,,,,,0.000796,62.30465567514318,0.0647782476138864,2512202225,5
c11a22a51386b6683718470043bdd752,Nguyễn Trãi,Đường Phú Hữu,10.7527545,106.6535477,10.7669665,106.6883289,1.5,50.0,FRC2,tertiary,asphalt,,,,17.0,17.0,0.0,1.0,540.0,0.0,0,A,105.88235294117646,,,,,,,,,,0.048993,67.41314533142446,4.1162107319089225,2512202225,5
59eda1ec8cfab93ee1da6d050a38ee3f,Nguyễn Lương Bằng,Nguyễn Lương Bằng,10.7348064,106.7180368,10.7232098,106.7253596,1.0,50.0,FRC3,,,,,,17.0,17.0,0.0,1.0,360.0,0.0,0,A,105.88235294117646,,,,,,,,,,0.018919,148.1829366161635,1.5122907540840438,2512202225,5
1a18ebf92c26b4fa90079e937e3a53c2,Đường Nguyễn Tri Phương,Đường Nguyễn Tri Phương,10.758935,106.6691456,10.756601,106.6695945,1.0,50.0,FRC3,,,,,,12.0,17.0,0.0,0.7058823529411765,889.41,29.411764705882348,0,B,150.0,,,,,,,,,,0.002783,169.30003515497583,0.2627980047940139,2512202225,5
6ed666ef1d3cf472b5247544173b129b,Đường Pham Ngũ Lão,Đường Pham Ngũ Lão,10.8251122,106.6808633,10.8262602,106.6801335,1.0,50.0,FRC3,residential,asphalt,,,,12.5,18.0,0.0,0.6944444444444444,910.0,30.55555555555556,0,C,144.0,,,,,,,,,,0.001878,328.0193892798449,0.1499792195360675,2512202225,5
5f4ad30047f2f96391c68e1f137624c7,Trường Chinh,Đường Trường Chinh,10.8083021,106.6345381,10.829463,106.6235423,2.0,50.0,FRC2,primary,asphalt,yes,,,12.0,17.5,0.0,0.6857142857142857,1851.43,31.428571428571427,0,C,150.0,,,,,,,,,,0.032157,332.9616280925952,2.6314675766749502,2512202225,5
b280124ab791b50deacdd99db1e18675,Huỳnh Thiện Lộc,Hẻm Số 1 Huỳnh Thiện Lộc,10.7803932,106.6363843,10.7789563,106.6401733,1.0,50.0,FRC3,residential,asphalt,,,,13.5,16.5,0.0,0.8181818181818182,687.27,18.181818181818176,0,B,133.33333333333331,,,,,,,,,,0.005226,111.10830676981236,0.443830112088922,2512202225,5
8f74804e41a4d09c93121dec7f75639b,Trần Minh Quyền,Đường 3 Tháng 2,10.771263,106.6737333,10.770053,106.6752791,1.0,50.0,FRC2,service,concrete,,,,13.0,16.0,0.0,0.8125,697.5,18.75,0,B,138.46153846153848,,,,,,,,,,0.002756,128.54781257100592,0.2156314600876284,2512202225,5
5656bf2ba7f66aa64aec7a8b486ebab9,Lý Thường Kiệt,Lý Thường Kiệt,10.7738791,106.6572154,10.7820115,106.6549226,1.0,50.0,FRC2,,,,,,12.0,17.5,0.0,0.6857142857142857,925.71,31.428571428571427,0,C,150.0,,,,,,,,,,0.010425,344.5195857560881,0.9338474514168768,2512202225,5
2750d3a201062d7deb2e154049891644,Xa Lộ Hà Nội,Đường Xa Lộ Hà Nội,10.8084947,106.7555087,10.8458797,106.7715847,1.0,50.0,FRC1,residential,asphalt,,,,21.5,24.0,0.0,0.8958333333333334,547.5,10.416666666666664,0,B,83.72093023255813,,,,,,,,,,0.053461,22.89559867648694,4.493424994448686,2512202225,5
5cfc596b6c752d76fc5c86c8835bccab,Huỳnh Mẫn Đạt,Huỳnh Mẫn Đạt,10.7518689,106.6773307,10.758139,106.6757437,1.0,50.0,FRC2,,,,,,21.5,21.5,0.0,1.0,360.0,0.0,0,A,83.72093023255813,,,,,,,,,,0.007857,346.036188673011,0.7149460796057276,2512202225,5
eaba44a5e58b2b3e5c467575c9db0f61,Võ Văn Kiệt,Võ Văn Kiệt,10.7169989,106.59955,10.7687081,106.7032148,1.0,50.0,FRC2,,,,,,21.0,21.0,0.0,1.0,360.0,0.0,0,A,85.71428571428571,,,,,,,,,,0.155374,63.07299162311301,12.699899044036826,2512202225,5
cc6a55c3ca041636c18d4f046557dea2,Bình Lợi,Đường Bình Lợi,10.8315214,106.7053404,10.8311762,106.7054531,1.0,50.0,FRC2,,,,,,17.5,21.0,0.0,0.8333333333333334,660.0,16.666666666666664,0,B,102.85714285714285,,,,,,,,,,0.000458,162.22096602415343,0.040123228997869,2512202225,5
f7939d1b9ed82e65492cb98f57275439,Trần Nhân Tôn,Đường Trần Nhân Tôn,10.7633139,106.6746238,10.7664111,106.673962,1.5,50.0,FRC4,tertiary,asphalt,,,,11.5,14.5,0.0,0.7931034482758621,1098.62,20.68965517241379,0,B,156.52173913043478,,,,,,,,,,0.003759,348.1448605117263,0.3501538054791571,2512202225,5
2998950011174f6a1230ef73425c0d12,Phan Văn Đối,Phan Văn Đối,10.8296291,106.5950621,10.8295371,106.5949971,1.0,50.0,FRC1,secondary,,,,,19.5,23.5,0.0,0.8297872340425532,666.38,17.021276595744684,0,B,92.3076923076923,,,,,,,,,,0.000157,214.7582892888676,0.0124128932188832,2512202225,5
24448e059d6d78bd72ea442a2f0350d4,Quốc lộ 1,Đường Quốc Lộ 1A,10.8741188,106.7474536,10.7226708,106.6008754,2.0,55.0,FRC1,trunk,asphalt,yes,,QL.1,15.0,23.5,0.0,0.6382978723404256,2022.13,36.17021276595744,0,C,120.0,,,,,,,,,,0.298026,223.56623732718407,23.18607865681329,2512202225,5
115016d4642e2c221204dff826979d47,Đào Duy Anh,Đào Duy Anh,10.8081046,106.6740205,10.8054457,106.6781072,1.0,50.0,FRC3,,,,,,7.5,14.5,0.0,0.5172413793103449,1228.97,48.27586206896552,0,C,240.0,,,,,,,,,,0.006746,123.51890630717048,0.535007024056402,2512202225,5
c35879175da769f5bcd97e8c2f9edcbd,Nguyễn Kiệm,Đường Nguyễn Kiệm,10.7998472,106.680033,10.8194173,106.6787757,1.0,50.0,FRC3,,,,,,7.5,14.5,0.0,0.5172413793103449,1228.97,48.27586206896552,0,C,240.0,,,,,,,,,,0.020827,356.3892004109875,2.169076346775784,2512202225,5
9bed430963e383e13407d12d27c15ef4,Nơ Trang Long,Nơ Trang Long,10.8112469,106.6954833,10.8252639,106.706678,1.0,50.0,FRC2,,,,,,9.0,15.0,0.0,0.6,1080.0,40.0,0,C,200.0,,,,,,,,,,0.025212,38.1116298765117,1.9754947828399587,2512202225,5
b6b6f2553a423b0cca086a375421206a,Xa Lộ Hà Nội,Đường Xa Lộ Hà Nội,10.8336803,106.7646754,10.8030754,106.7498148,1.0,50.0,FRC1,,,,,,21.0,23.5,0.0,0.8936170212765957,551.49,10.63829787234043,0,B,85.71428571428571,,,,,,,,,,0.045466,205.49940548247744,3.755153012537443,2512202225,5
bd4c3686a6ec2ba64706490b0b15d107,Đường Ðiện Biên Phủ,Đường Ðiện Biên Phủ,10.790616,106.6975675,10.7905389,106.6976523,1.0,50.0,FRC2,,,,,,25.0,25.0,0.0,1.0,360.0,0.0,0,A,72.0,,,,,,,,,,0.000162,132.7862235207628,0.0125991989935558,2512202225,5
48622f51c7f50e1ed00c3e5acf1e7011,Hẻm 574 Kinh Dương Vương,Hẻm 574 Kinh Dương Vương,10.7321249,106.6096162,10.731368,106.6109526,1.0,50.0,FRC2,,,,,,14.0,17.5,0.0,0.8,720.0,20.0,0,B,128.57142857142856,,,,,,,,,,0.002093,119.96137499725154,0.1684600624100633,2512202226,5
e91d050d81a15c1854aafa980d24fda9,Hàn Hải Nguyên,Hàn Hải Nguyên,10.7579867,106.6492826,10.7582635,106.6457587,2.0,50.0,FRC2,primary,asphalt,yes,,,13.5,16.5,0.0,0.8181818181818182,1374.55,18.181818181818176,0,B,133.33333333333331,,,,,,,,,,0.003801,274.57166670811785,0.3866431808170255,2512202226,5
5691ba95d95c1aa1bbdbfc3f0d552ef6,Nguyễn Phúc Nguyên,Đường Nguyễn Phúc Nguyên,10.7805493,106.6792239,10.7820636,106.6789157,1.5,50.0,FRC2,tertiary,asphalt,no,,,9.5,15.5,0.0,0.6129032258064516,1585.16,38.70967741935484,0,C,189.4736842105263,,,,,,,,,,0.001822,348.6937433762716,0.1708593210373853,2512202226,5
cc7d144f85014ae356f83dbfa6265cbf,Nguyễn Cơ Thạch,Nguyễn Cơ Thạch,10.7768151,106.7226291,10.779091,106.7220698,2.5,55.0,FRC4,secondary,asphalt,yes,,,20.0,20.0,0.0,1.0,900.0,0.0,0,A,90.0,,,,,,,,,,0.002835,346.42775350354265,0.2590694608115524,2512202226,5
8c3c368227b2950e1900d2e21e42131a,D1,D1,10.8488982,106.8011838,10.8492092,106.8008695,1.0,50.0,FRC2,,,,,,20.5,20.5,0.0,1.0,360.0,0.0,0,A,87.8048780487805,,,,,,,,,,0.000625,315.2143185145206,0.0486258121351081,2512202226,5
6fa98b4986519f38238f69e972acf5c1,Cầu Thủ Thiêm,Cầu Thủ Thiêm,10.7844433,106.7192073,10.7874118,106.7177091,2.0,55.0,FRC4,secondary,asphalt,yes,,,20.0,20.0,0.0,1.0,720.0,0.0,0,A,90.0,,,,,,,,,,0.004467,333.62871053311835,0.3669666139285359,2512202226,5
1fa36dd030c0bc95440c70597984b5d3,Cầu Bông,Cầu Bông,10.7929272,106.6959206,10.7941308,106.6960125,1.0,50.0,FRC2,,,,,,11.0,15.5,0.0,0.7096774193548387,882.58,29.032258064516125,0,B,163.63636363636363,,,,,,,,,,0.001296,4.289340825439865,0.1335129014655219,2512202226,5
b6fb62baf6936c2ab4c2ff0a26544458,Hàm Nghi,Hàm Nghi,10.7711901,106.6991751,10.770794,106.7059931,1.5,50.0,FRC2,primary,asphalt,yes,,,9.5,15.5,0.0,0.6129032258064516,1585.16,38.70967741935484,0,C,189.4736842105263,,,,yes,,,,,,0.007214,93.3837853170337,0.7469778700608433,2512202226,5
4ea94be526554335f1d9ce80bc93b90c,Đường số 7,Đường số 7,10.7390636,106.6046711,10.7388319,106.6048642,1.0,50.0,FRC1,,,,,,26.0,26.0,0.0,1.0,360.0,0.0,0,A,69.23076923076924,,,,,,,,,,0.000425,140.6890459488684,0.0332110661379488,2512202226,5
7ad2b14da2e3c4ad5c40c985979237d3,Quách Thị Trang,Quách Thị Trang,10.7130085,106.8474689,10.7086939,106.8475454,1.0,50.0,FRC4,,,,,,21.0,21.0,0.0,1.0,360.0,0.0,0,A,85.71428571428571,,,,,,,,,,0.004391,179.00191034112288,0.477322659252113,2512202226,5
4dbd824cfd5c8482767ec70bad40b790,Đường D1,Đường Xa Lộ Hà Nội,10.8578972,106.7878255,10.8579871,106.7879739,2.0,65.0,FRC1,trunk,asphalt,yes,,,21.5,24.5,0.0,0.8775510204081632,1160.82,12.244897959183676,0,B,83.72093023255813,,,,,,,,,,0.000238,58.33211310913066,0.0190307454359356,2512202226,5
48c4ed4b2189f7ffec64d2c3ba5e0fd7,Trần Não,Trần Não,10.7982738,106.7308494,10.7981949,106.7318819,1.0,50.0,FRC4,residential,,,,,13.0,17.0,0.0,0.7647058823529411,783.53,23.529411764705888,0,B,138.46153846153848,,,,,,,,,,0.001111,94.44820976286088,0.1132522214289136,2512202226,5
be843069d038ef1d12acf10321d69d80,Đông Hồ,Đông Hồ,10.7841856,106.6517538,10.7836106,106.6540868,1.0,50.0,FRC4,,,,,,12.0,15.5,0.0,0.7741935483870968,766.45,22.580645161290324,0,B,150.0,,,,,,,,,,0.002908,104.08425736260398,0.2629595443743113,2512202226,5
cec90236b5428cc561e75a4e2a5ae632,Dường An Phú,Dường An Phú,10.83809,106.6900349,10.852303,106.6820873,1.0,50.0,FRC3,,,,,,11.5,15.0,0.0,0.7666666666666667,780.0,23.33333333333333,0,B,156.52173913043478,,,,,,,,,,0.022161,331.22556155333785,1.7963466733411346,2512202226,5
b68ce6b2e73ca7d6d966cdc718ffa5de,Đường tỉnh 743,Đường Tỉnh Lộ 743,10.8873863,106.7382056,10.8874344,106.7383228,1.0,50.0,FRC4,,,,,,20.0,20.0,0.0,1.0,360.0,0.0,0,A,90.0,,,,,,,,,,0.000165,67.31836653710212,0.0138740641214438,2512202226,5
9fe2681384cc7911bbe192c9dbe7a28b,Phạm Văn Bạch,Phạm Văn Bạch,10.8138819,106.6330654,10.8374497,106.6464179,1.0,50.0,FRC2,,,,,,12.0,17.5,0.0,0.6857142857142857,925.71,31.428571428571427,0,C,150.0,,,,,,,,,,0.03692,29.09354755920856,2.987965819380135,2512202226,5
42207b521df1859c147c0601fb423ed8,Công Xã Paris,Đường Nguyễn Du,10.7791557,106.7000845,10.7792456,106.6999777,1.0,50.0,FRC4,,,,,,5.0,12.5,0.0,0.4,1440.0,60.0,0,D,360.0,,,,,,,,,,0.000197,310.5926137223091,0.0153401393294058,2512202226,5
0a11ca5d07cee6f0267dba8f752769c9,Quốc lộ 13,Đường Quốc Lộ 13,10.8513034,106.7200233,10.8180299,106.7132132,1.0,50.0,FRC2,,,,,,15.5,20.5,0.0,0.7560975609756098,799.02,24.390243902439025,0,B,116.12903225806453,,,,,,,,,,0.040084,191.3668584216218,3.75507756895751,2512202226,5
6c2fd4f2946bb41067465539909068c5,Võ Văn Tần,Công Trường Quốc Tế,10.782412,106.6956364,10.7746152,106.6884994,1.0,50.0,FRC4,,,,,,4.0,12.5,0.0,0.32,1584.0,68.0,0,D,450.0,,,,,,,,,,0.014934,221.9633688116475,1.1632108299897814,2512202226,5
60823706c378f8042fc9c5041b936b84,Lữ Gia,Đường Lữ Gia,10.7705044,106.6572944,10.7711526,106.6529443,1.5,50.0,FRC2,secondary,asphalt,,,,9.5,15.5,0.0,0.6129032258064516,1585.16,38.70967741935484,0,C,189.4736842105263,,,,,,,,,,0.004998,278.6253039602761,0.4811474831816125,2512202226,5
15f24a7106f91fb8dc5c821160cf281c,Kênh Tân Hoá,Đường Kênh Tân Hóa,10.7693744,106.6355574,10.7786413,106.6399809,1.0,50.0,FRC4,,,,,,12.0,15.5,0.0,0.7741935483870968,766.45,22.580645161290324,0,B,150.0,,,,,,,,,,0.01369,25.122855017068275,1.1334762459172911,2512202226,5
54ae9072ba7a089aa63f221944f17678,Cầu Băng Ky,Cầu Băng Ky,10.8182453,106.6985355,10.8184238,106.6989116,1.0,50.0,FRC3,,,,,,21.0,23.0,0.0,0.9130434782608696,516.52,8.695652173913048,0,A,85.71428571428571,,,,,,,,,,0.000555,64.21033863276011,0.0456219081953483,2512202226,5
bcbced11f42b439c245dea1d61eb96f7,Gò Dưa,Gò Dưa,10.8691182,106.73608,10.8665765,106.7267906,1.0,50.0,FRC3,tertiary,asphalt,yes,,QL.1,14.5,18.5,0.0,0.7837837837837838,749.19,21.62162162162162,0,B,124.13793103448276,,,,,,,,,,0.011831,254.4325127217409,1.0538594686068292,2512202226,5
559b144e6a275bb086c916d7499a26b0,Nguyễn Tất Thành,Đường Nguyễn Tất Thành,10.7650945,106.7071763,10.7578081,106.7164541,1.0,50.0,FRC2,,,,,,8.5,17.5,0.0,0.4857142857142857,1285.71,51.42857142857142,0,D,211.76470588235293,,,,,,,,,,0.016564,128.63859905566534,1.2958840707565094,2512202226,5
be434f6fcfd08bb95fd01faf85fc2b72,Phan Văn Trị,Phan Văn Trị,10.8319624,106.6745438,10.8269605,106.6885765,1.0,50.0,FRC3,,,,,,17.5,17.5,0.0,1.0,360.0,0.0,0,A,102.85714285714285,,,,,,,,,,0.019035,109.94497931801544,1.631173656648981,2512202226,5
3744e21c2023db0f4531107364d601a9,Trần Quang Khải,Trần Quang Khải,10.7916682,106.6898524,10.7915069,106.6888956,1.0,50.0,FRC4,,,,,,12.5,12.5,0.0,1.0,360.0,0.0,0,A,144.0,,,,,,,,,,0.001118,260.26197439461544,0.1061493094005031,2512202226,5
1b127c204972f9807d164c34f0723bfc,Lê Văn Ninh,Lê Văn Ninh,10.8510377,106.7547163,10.8495638,106.7534794,1.5,50.0,FRC3,secondary,asphalt,yes,,,17.0,22.5,0.0,0.7555555555555555,1200.0,24.444444444444446,0,B,105.88235294117646,,,,,,,,,,0.002711,219.49543509823235,0.2118283596429768,2512202226,5
30552af3a2fe8d6f783d9772e098f6ee,Võ Văn Kiệt,Võ Văn Kiệt,10.7186024,106.6036625,10.7581329,106.6915488,1.0,50.0,FRC2,residential,,yes,,,21.0,21.0,0.0,1.0,360.0,0.0,0,A,85.71428571428571,,,,,,,,,,0.127417,65.39311200298056,10.560967233632775,2512202226,5
61c36bba58e63f03d429f5069ede8f46,Cầu Bến Cát,Đường Quốc Lộ 1A,10.8614957,106.6652403,10.8614424,106.6653095,1.0,50.0,FRC1,,,,,,15.0,24.0,0.0,0.625,1035.0,37.5,0,C,120.0,,,,,,,,,,0.000123,128.10641281392958,0.009592023557221,2512202226,5
f633bf06989ace67548c52bce7130e95,Phan Văn Trị,Phan Văn Trị,10.8112469,106.6954833,10.831922,106.6746596,1.0,50.0,FRC2,,,,,,9.5,15.5,0.0,0.6129032258064516,1056.77,38.70967741935484,0,C,189.4736842105263,,,,,,,,,,0.041499,315.31082278617873,3.2272941510128983,2512202226,5
e5e232dd1ecdfa053e24715dba274d25,Trương Định,Trương Định,10.7824606,106.6835712,10.7840477,106.6803024,1.5,55.0,FRC3,secondary,asphalt,yes,,,6.5,14.0,0.0,0.4642857142857143,1986.43,53.57142857142857,0,D,276.92307692307696,,,,,,,,,,0.004856,296.301534578113,0.3982760369495962,2512202226,5
c71aeea884dc236f879d78a875a8499b,Phạm Hồng Thái,Đường Phạm Hồng Thái,10.7712522,106.6938843,10.7711253,106.6963858,1.0,50.0,FRC2,,,,,,12.5,17.0,0.0,0.7352941176470589,836.47,26.470588235294112,0,B,144.0,,,,,,,,,,0.002628,92.95585895320404,0.273951350511494,2512202226,5
01c24750d9990057198ca3095fd78201,Nguyễn Du,Đường Hai Bà Trưng,10.7801784,106.7010865,10.8802415,106.7933053,1.0,50.0,FRC3,,,,,,7.5,14.5,0.0,0.5172413793103449,1228.97,48.27586206896552,0,C,240.0,,,,,,,,,,0.192282,42.14245983303175,14.97320165330798,2512202226,5
905ee1f521b04a6705f932f24ac21d6a,Dồng Tâm,Đường Đồng Tâm,10.8630927,106.6107839,10.8632256,106.6104704,1.0,50.0,FRC5,residential,,,,,12.0,15.5,0.0,0.7741935483870968,766.45,22.580645161290324,0,B,150.0,,,,,,,,,,0.000446,293.3478937320838,0.0372966977247029,2512202226,5
fd613f1221173c7617c7db5cf43d7632,Cầu Trần Quang Diệu,Đường Trần Quang Diệu,10.7843732,106.6784372,10.7843732,106.6784372,1.5,50.0,FRC2,tertiary,asphalt,,,,9.5,15.5,0.0,0.6129032258064516,1585.16,38.70967741935484,0,C,189.4736842105263,,,,,,,,,,0.0,0.0,0.0,2512202226,5
8b552f8e88cb01f028e9b6af0f77967d,Phạm Văn Đồng,Đường Phạm Văn Đồng,10.8339731,106.7284081,10.8252909,106.7114115,1.0,50.0,FRC2,,,,,,17.0,21.0,0.0,0.8095238095238095,702.86,19.047619047619047,0,B,105.88235294117646,,,,,,,,,,0.025679,242.52345055871547,2.0920349084155787,2512202226,5
d616738bc5a306551c061325b843cddb,Nguyễn Thị Minh Khai,Nguyễn Thị Minh Khai,10.7657285,106.6818889,10.7897016,106.7045845,1.0,50.0,FRC3,,,,,,10.5,16.0,0.0,0.65625,978.75,34.375,0,C,171.42857142857142,,,,,,,,,,0.046669,42.92104714750593,3.632212951026253,2512202226,5
9d63c09781c0bd9e4d4195934b92e2d2,Phan Văn Đáng,Phan Văn Đáng,10.7468469,106.7929002,10.7471454,106.7931437,1.0,50.0,FRC4,,,,,,21.5,21.5,0.0,1.0,360.0,0.0,0,A,83.72093023255813,,,,,,,,,,0.000542,38.70996669463591,0.0424211340630758,2512202226,5
ec236910415bc7dd690175f42168ccbf,Lưu Hữu Phước,Đường Bình Đức,10.7232019,106.6337729,10.7231437,106.6337903,1.0,50.0,FRC2,,,,,,21.5,21.5,0.0,1.0,360.0,0.0,0,A,83.72093023255813,,,,,,,,,,7.6e-05,163.62993386899996,0.0067131392456606,2512202226,5
c3c013d289edec4813b34f41d283e138,Đường Ngô Quyền,Đường Ngô Quyền,10.7558381,106.6663734,10.7558381,106.6663734,1.0,50.0,FRC2,,,,,,17.0,17.0,0.0,1.0,360.0,0.0,0,A,105.88235294117646,,,,,,,,,,0.0,0.0,0.0,2512202226,5
cbb3cdb1ae52a7a0119f0ed40870900c,Lê Văn Sỹ,Lê Văn Sỹ,10.7915356,106.67201,10.7962369,106.6656372,1.0,50.0,FRC2,,,,,,10.0,16.5,0.0,0.6060606060606061,1069.09,39.39393939393939,0,C,180.0,,,,,,,,,,0.011074,306.9071710351099,0.8695759421943776,2512202226,5
d8fd416a649dbd26f73250e13f1b7328,Hòa Bình,Đường Hòa Bình,10.7728903,106.6238934,10.7731687,106.6229767,1.0,50.0,FRC4,,,,,,11.0,14.5,0.0,0.7586206896551724,794.48,24.13793103448276,0,B,163.63636363636363,,,,,,,,,,0.001195,287.1789044434228,0.1048824741235468,2512202226,5
043c55268d1b36486b49db01a7cfe9de,Lê Trọng Tấn,Lê Trọng Tấn,10.8077236,106.621088,10.809165,106.6156148,1.0,50.0,FRC2,secondary,asphalt,yes,,,12.5,17.0,0.0,0.7352941176470589,836.47,26.470588235294112,0,B,144.0,,,,,,,,,,0.006915,285.009237737445,0.619407212172693,2512202226,5
9b8f748464a27e77deaba78654baa271,Phạm Ngũ Lão,Phạm Ngũ Lão,10.7690424,106.6941176,10.7667354,106.6883701,1.5,50.0,FRC4,secondary,asphalt,no,,,7.5,12.0,0.0,0.625,1552.5,37.5,0,C,240.0,,,,,,,,,,0.008054,247.7762871721337,0.6784377501250242,2512202226,5
7c23b393f046b6029ce252341f60909c,Quốc lộ 1A,Đường Quốc Lộ 1A,10.8747377,106.7487214,10.8609657,106.6858709,1.0,50.0,FRC1,residential,,,,,19.0,23.0,0.0,0.8260869565217391,673.04,17.391304347826086,0,B,94.73684210526316,,,,,,,,,,0.076622,257.42783789716145,7.03864763542266,2512202226,5
295d4adfd20e4e1fd791b42819f8d8c0,Xa Lộ Hà Nội,Hẻm 20 Quốc Lộ 1A,10.8685319,106.804085,10.8752397,106.810076,1.0,50.0,FRC1,,,,,,28.5,28.5,0.0,1.0,360.0,0.0,0,A,63.1578947368421,,,,,,,,,,0.012699,41.2537179636285,0.989738402191124,2512202226,5
bd9be7bc6890594c19dea0d8b64f71e6,Hẻm Số 354,Hẻm 354 Lý Thường Kiệt,10.775411,106.6582765,10.7755941,106.6584192,1.0,50.0,FRC2,residential,,,,,12.5,17.5,0.0,0.7142857142857143,874.29,28.57142857142857,0,B,144.0,,,,,,,,,,0.000326,37.43813862853432,0.0255689936954097,2512202226,5
fd91ff459d18d4e151ebe8f48a7c84f1,Đường Số 10,Đường Số 10,10.7775374,106.7646391,10.7776559,106.7647651,1.0,50.0,FRC4,residential,,,,,9.5,15.0,0.0,0.6333333333333333,1020.0,36.66666666666667,0,C,189.4736842105263,,,,,,,,,,0.000245,46.247838127447096,0.0190187130887991,2512202226,5
a4a81e2375290beb6afe95542446bc64,Đường Nguyễn Văn Linh,Đường Nguyễn Văn Linh,10.7208632,106.6572305,10.7341285,106.7221401,1.5,50.0,FRC1,trunk,asphalt,yes,,,21.5,21.5,0.0,1.0,540.0,0.0,0,A,83.72093023255813,,,,,,,,,,0.078175,78.24392859698759,7.250277204321196,2512202226,5
8d9b8cb589242f7e5e723eaf2a76477b,Phan Đăng Lưu,Đường Phan Đăng Lưu,10.8037891,106.687792,10.7993486,106.6803694,1.5,50.0,FRC2,residential,asphalt,yes,,,9.5,15.5,0.0,0.6129032258064516,1585.16,38.70967741935484,0,C,189.4736842105263,,,,,,,,,,0.011863,238.65797466883043,0.9487732718433868,2512202226,5
37b6f4a32bbba0bdc623c18f9da1a428,Thạnh Lộc 29,Thạnh Lộc 29,10.8776731,106.678258,10.8774274,106.6801765,1.0,50.0,FRC1,residential,,,,,15.5,23.5,0.0,0.6595744680851063,972.77,34.04255319148937,0,C,116.12903225806453,,,,yes,,,,,,0.002164,97.42994065217266,0.2115076248758228,2512202226,5
9e87e65f14478d95d9cb204282304d19,Nguyễn Thị Nhung,Hẻm 6 Đường Số 12,10.8433563,106.7054307,10.8435122,106.7057848,1.0,50.0,FRC2,residential,asphalt,,,,15.5,20.5,0.0,0.7560975609756098,799.02,24.390243902439025,0,B,116.12903225806453,,,,,,,,,,0.00051,65.85446120988655,0.0423856038508941,2512202226,5
f6ed2d4c6e4db8d25250b835d732f70f,Đường Sư Vạn Hạnh,Đường 3 Tháng 2,10.7697703,106.6710427,10.769677,106.6710665,1.0,50.0,FRC2,,,,,,12.5,15.0,0.0,0.8333333333333334,660.0,16.666666666666664,0,B,144.0,,,,,,,,,,0.000117,165.9315134651057,0.0106434167008712,2512202226,5
49659a77c26e913c341cbca256c8cc7b,Cầu Thanh Lộc,Đường Tô Ngọc Vân,10.8608943,106.6696497,10.8610728,106.6698521,1.0,50.0,FRC1,,,,,,15.0,24.0,0.0,0.625,1035.0,37.5,0,C,120.0,,,,,,,,,,0.000381,48.076056316936445,0.0296578581167027,2512202226,5
46f5da33523dee74042c58e5d7affd5b,Transfer between the Metro and the HSR,Transfer between the Metro and the HSR,10.8081678,106.7557179,10.8085665,106.7559278,2.0,65.0,FRC1,trunk,asphalt,yes,,,22.0,25.0,0.0,0.88,1152.0,12.0,0,B,81.81818181818183,,,,,,,,,,0.000609,27.34443767802196,0.0497175862150415,2512202226,5
309416b616752c1e32c69af3a4c8917d,Nguyễn Hồng Đào,Nguyễn Hồng Đào,10.7924125,106.6418466,10.7926149,106.6419251,1.5,50.0,FRC4,tertiary,asphalt,,,,10.5,15.0,0.0,0.7,1350.0,30.000000000000004,0,B,171.42857142857142,,,,,,,,,,0.000281,20.85610906975592,0.0239777030947264,2512202226,5
b51d890ee4138f4e7c8443b9ee5e5f42,Đi ga trong nước,Đường Trường Sơn,10.8122766,106.6650353,10.8134346,106.6646772,1.0,50.0,FRC2,,,,,,11.5,16.5,0.0,0.696969696969697,905.45,30.303030303030297,0,C,156.52173913043478,,,,,,,,,,0.001516,343.10389751329967,0.1339427202334587,2512202226,5
3b1dafb6ae9c3305f6a35706e80af864,Hai Bà Trưng,Hai Bà Trưng,10.7756896,106.7060815,10.7914566,106.6874653,1.0,50.0,FRC2,,,,,,8.5,18.0,0.0,0.4722222222222222,1310.0,52.77777777777778,0,D,211.76470588235293,,,,,,,,,,0.034383,310.76885525429253,2.680842697454365,2512202226,5
2f289be8da0abc2734fe794b028f9cc7,Phạm Văn Đồng,Đường Phạm Văn Đồng,10.8242579,106.7074369,10.8262487,106.7157505,1.0,50.0,FRC2,,,,,,17.5,21.0,0.0,0.8333333333333334,660.0,16.666666666666664,0,B,102.85714285714285,,,,,,,,,,0.010304,76.29771148287915,0.9353941415084888,2512202226,5
a607cc7797f5992f2e24cd76b4ec324a,Nguyễn Hữu Thọ,Nguyễn Hữu Thọ,10.7365428,106.7002329,10.7303579,106.7003063,1.0,50.0,FRC4,,,,,,10.0,17.5,0.0,0.5714285714285714,1131.43,42.85714285714286,0,C,180.0,,,,,,,,,,0.006258,179.3319557908004,0.6841762151428311,2512202226,5
2c9483f432b8e6ee5257e25203c3c2d2,Phan Đăng Lưu,Đường Phan Đăng Lưu,10.8039468,106.6857885,10.8037891,106.687792,1.0,50.0,FRC2,,,,,,10.0,15.5,0.0,0.6451612903225806,998.71,35.483870967741936,0,C,180.0,,,,,,,,,,0.002161,94.581284599706,0.2197943913754398,2512202226,5
32828727293ddce09fe8e662a3796bae,Lê Khôi,Lê Khôi,10.7821969,106.6288442,10.779782,106.6280309,1.0,50.0,FRC4,,,,,,10.5,15.5,0.0,0.6774193548387096,940.65,32.25806451612904,0,C,171.42857142857142,,,,,,,,,,0.003228,198.30634058054204,0.2815399772267653,2512202226,5
a087bae8763010f3d9314b1be78089de,Nguyễn Văn Khối,Đường Phạm Văn Chiêu,10.8463002,106.6441247,10.8425938,106.6571611,1.0,50.0,FRC4,,,,,,13.0,18.0,0.0,0.7222222222222222,860.0,27.77777777777778,0,B,138.46153846153848,,,,,,,,,,0.016743,106.1435146548447,1.4832440548445311,2512202226,5
db233b3d414187907faf5ed39469d1dc,Đường B1,Đường C12,10.8077887,106.6402306,10.8073545,106.6403983,1.0,50.0,FRC3,,,,,,21.0,21.0,0.0,1.0,360.0,0.0,0,A,85.71428571428571,,,,,,,,,,0.000602,159.22439968102162,0.0514105871151152,2512202226,5
6a00832a711b7b634d2304dea9532ce4,Nguyễn Kiệm,Đường Nguyễn Kiệm,10.8132332,106.6786725,10.8135747,106.6787698,1.0,50.0,FRC3,primary,asphalt,,,,8.0,15.0,0.0,0.5333333333333333,1200.0,46.66666666666666,0,C,225.0,,,,,,,,,,0.000439,15.634813057843305,0.0392444450891587,2512202226,5
c7706cc5d08a764d028fbb62d5b39689,Nguyễn Văn Lạc,Nguyễn Văn Lạc,10.79196,106.7089225,10.7921268,106.708958,1.0,50.0,FRC2,,,,,,15.0,20.5,0.0,0.7317073170731707,842.93,26.82926829268293,0,B,120.0,,,,,,,,,,0.000202,11.808483267237648,0.0188543376074568,2512202226,5
ee3a62132d60650c698f951d336fd4f7,Lạc Long Quân,Lạc Long Quân,10.7742613,106.6477025,10.769814,106.6444321,1.0,50.0,FRC4,,,,,,11.5,15.5,0.0,0.7419354838709677,824.52,25.806451612903224,0,B,156.52173913043478,,,,,,,,,,0.007718,215.84500265200316,0.6082218521207906,2512202226,5
40069a147aa064b6f191feef3a66cff6,Phổ Quang,Đường Phổ Quang,10.8087826,106.6687556,10.8085272,106.6717917,1.0,50.0,FRC2,,,,,,11.5,17.0,0.0,0.6764705882352942,942.35,32.35294117647059,0,C,156.52173913043478,,,,,,,,,,0.003292,94.89460692343248,0.3332198329615051,2512202226,5
c00e8a42b8162fb5644d5427c2cae0c5,Vòng xoay Lê Đại Hành,Vòng Xoay Lê Đại Hành,10.7690082,106.6524868,10.7690082,106.6524868,1.0,50.0,FRC4,,,,,,10.5,15.5,0.0,0.6774193548387096,940.65,32.25806451612904,0,C,171.42857142857142,,,,,,,,,,0.0,0.0,0.0,2512202226,5
101b9cb0c97cb63b53f6d44500c5e699,Phạm Văn Đồng,Đường Phạm Văn Đồng,10.818071,106.6867094,10.823167,106.7030896,2.5,50.0,FRC3,trunk,asphalt,yes,,,23.5,23.5,0.0,1.0,900.0,0.0,0,A,76.59574468085106,,,,,,,,,,0.021476,72.42343665514949,1.877826257203002,2512202226,5
550260e29117fbbd7883acfc1a21b7d8,Cầu Chữ Y,Đường Hưng Phú,10.7509485,106.6836257,10.7536129,106.6842501,1.0,50.0,FRC4,secondary,asphalt,yes,,,17.0,17.0,0.0,1.0,360.0,0.0,0,A,105.88235294117646,,,,,,,,,,0.003289,12.965478479106537,0.3025267648249627,2512202226,5
c48510d1a47fb6dd2e7e963f7a8ac66a,Cầu Kênh Tẻ,Cầu Kênh Tẻ,10.7492889,106.7024382,10.754992,106.7019835,1.0,50.0,FRC3,service,,,,,11.0,17.0,0.0,0.6470588235294118,995.29,35.29411764705882,0,C,163.63636363636363,,,,,,,,,,0.006158,355.5212770152206,0.6327940545149221,2512202226,5
d0387cf978c41b8e86b4a57ea1fc3f55,Nguyễn Lương Bằng nối dài,Nguyễn Lương Bằng nối dài,10.7087139,106.7318964,10.7130973,106.7314656,1.0,50.0,FRC4,residential,,,,,13.5,18.0,0.0,0.75,810.0,25.0,0,B,133.33333333333331,,,,,,,,,,0.004814,354.48422796174646,0.4871443067250075,2512202226,5
00a557e18b7d44b4ae427c56423aa262,Lãnh Binh Thăng,Lãnh Binh Thăng,10.7622847,106.65559,10.7623992,106.6545324,1.0,50.0,FRC2,,,,,,11.5,16.5,0.0,0.696969696969697,905.45,30.303030303030297,0,C,156.52173913043478,,,,,,,,,,0.001172,276.28885688160733,0.1163654132846607,2512202226,5
0a443a9e6c28959b2d0b9a264f9217b9,Hưng Phú,Đường Hưng Phú,10.7461296,106.6682445,10.7462542,106.6689261,1.0,50.0,FRC4,,,,,,17.0,17.0,0.0,1.0,360.0,0.0,0,A,105.88235294117646,,,,,,,,,,0.000806,79.4595470906412,0.0758166404054772,2512202226,5
e254e5ddc7550b0040a2e8c4bcd412bd,Phạm Văn Đồng,Đường Phạm Văn Đồng,10.8398287,106.7394746,10.8251409,106.710872,2.0,65.0,FRC2,trunk,asphalt,yes,,,17.5,21.0,0.0,0.8333333333333334,1320.0,16.666666666666664,0,B,102.85714285714285,,,,yes,,,,,,0.04329,242.4008092470402,3.524458345423547,2512202226,5
73bda8328a14288c99df7d4bbc87c701,Cao Thắng,Cao Thắng,10.7720072,106.6798441,10.7725943,106.6791758,1.5,50.0,FRC4,secondary,asphalt,,,,9.5,14.0,0.0,0.6785714285714286,1407.86,32.14285714285714,0,C,189.4736842105263,,,,,,,,,,0.001255,311.8049441255227,0.0977743213661992,2512202226,5
1568b2d755aa981f391099308486ad94,Đất Thánh,Đất Thánh,10.7828795,106.6602062,10.7819,106.656532,1.0,50.0,FRC2,,,,,,12.5,17.5,0.0,0.7142857142857143,874.29,28.57142857142857,0,B,144.0,,,,,,,,,,0.004654,254.8171031045013,0.4161861727863303,2512202226,5
89408989c4a2c46351ba3ed6474d1b4a,Hẻm 84A Trần Hữu Trang,Hẻm 84A Trần Hữu Trang,10.79358,106.6724314,10.7938991,106.6717593,1.0,50.0,FRC2,,,,,,10.0,16.0,0.0,0.625,1035.0,37.5,0,C,180.0,,,,,,,,,,0.000991,295.7960172918847,0.0815384053625758,2512202226,5
cbaa5b6003c6cd929fa336eb0f8c8b5d,Nguyễn Kim,Nguyễn Kim,10.7643679,106.6616043,10.7607717,106.6623333,1.5,50.0,FRC2,tertiary,asphalt,,,,13.0,17.0,0.0,0.7647058823529411,1175.29,23.529411764705888,0,B,138.46153846153848,,,,,,,,,,0.004325,168.7369386456079,0.405698852904936,2512202226,5
ab4140bae34e4fa081cbfa58de1e6e37,Hương lộ 8,Đường Tỉnh Lộ 830C,10.6817688,106.5406723,10.6828162,106.5444885,1.5,50.0,FRC4,secondary,asphalt,,,ĐT.830C,23.0,23.0,0.0,1.0,540.0,0.0,0,A,78.26086956521739,,,,,,,,,,0.004864,74.39450382264346,0.4332800506309869,2512202226,5
846241f3681f2e83fdbfd0503d1f4547,Phạm Văn Đồng,Đường Phạm Văn Đồng,10.8218467,106.6992827,10.8173044,106.6849075,2.5,50.0,FRC3,trunk,asphalt,yes,,,23.5,23.5,0.0,1.0,900.0,0.0,0,A,76.59574468085106,,,,,,,,,,0.018918,252.16833988794264,1.6503213756098225,2512202226,5
edd1cb66ba061a4d7e7df40bdad581a4,3 Tháng 2,Đường 3 Tháng 2,10.766037,106.6639913,10.7580658,106.6494435,1.0,50.0,FRC2,,,,,,11.5,16.5,0.0,0.696969696969697,905.45,30.303030303030297,0,C,156.52173913043478,,,,,,,,,,0.022519,240.8511286794635,1.8191211386466224,2512202226,5
1fee7aa948b15b4c4027a2597b67d37d,Quốc lộ 22,Quốc lộ 22,10.8774435,106.5916776,10.8450745,106.6138112,1.5,50.0,FRC1,trunk,asphalt,yes,,QL.22,22.5,22.5,0.0,1.0,540.0,0.0,0,A,80.0,,,,,,,,,,0.054503,146.1149395764013,4.32160936877422,2512202226,5
cfc1d8a13eb70ffc6d5cf19f6e2839df,Tô Hiến Thành,Tô Hiến Thành,10.7797849,106.6679193,10.7825973,106.6716762,1.0,50.0,FRC4,residential,,,,,8.5,15.0,0.0,0.5666666666666667,1140.0,43.333333333333336,0,C,211.76470588235293,,,,,,,,,,0.006569,52.69054327082466,0.515364166699561,2512202226,5
87f615d7533f86fcc627fde6e8f03dd6,Đường CN2,Đường CN2,10.8155285,106.6245997,10.8155179,106.62442,1.0,50.0,FRC2,residential,,,,,12.5,17.0,0.0,0.7352941176470589,836.47,26.470588235294112,0,B,144.0,,,,,,,,,,0.00019,266.56330518627846,0.0196860327774685,2512202226,5
820c45be40784a8caf2d13c653dfbc91,Tân Chánh Hiệp 2,Đường Tân Chánh Hiệp 8,10.8745351,106.629111,10.8750882,106.6270618,1.0,50.0,FRC1,,,,,,15.5,24.0,0.0,0.6458333333333334,997.5,35.416666666666664,0,C,116.12903225806453,,,,,,,,,,0.002602,285.3682390176224,0.2322491717991681,2512202226,5
b3d2dfe0fb15f1fe7380b3d98be8ba80,Xô Viết Nghệ Tĩnh,Xô Viết Nghệ Tĩnh,10.7924505,106.707195,10.8011855,106.7113752,2.5,50.0,FRC2,primary,asphalt,yes,,,15.5,20.5,0.0,0.7560975609756098,1997.56,24.390243902439025,0,B,116.12903225806453,,,,,,,,,,0.012915,25.177165843009163,1.0688990259291653,2512202226,5
1a19e3c1482ed6ff74d99c361f5ff8e9,Đường Châu Văn Liêm,Đường Châu Văn Liêm,10.7545372,106.6583269,10.7541599,106.6583935,1.5,50.0,FRC4,secondary,asphalt,yes,,,10.0,14.5,0.0,0.6896551724137931,1377.93,31.034482758620683,0,C,180.0,,,,,,,,,,0.000444,170.1617731092274,0.04236523348019,2512202226,5
954bf983171d22823fca228e1460eaa6,Thân Nhân Trung,Đường Cộng Hòa,10.8023976,106.6423382,10.8029475,106.6424147,1.0,50.0,FRC2,,,,,,12.5,19.0,0.0,0.6578947368421053,975.79,34.210526315789465,0,C,144.0,,,,,,,,,,0.000626,7.781314304101386,0.0613988822304921,2512202226,5
9d4dfa0bc2b0894f70651b92575ada16,Quốc lộ 22,Quốc lộ 22,10.86564,106.6000503,10.8704157,106.5966668,1.0,50.0,FRC1,,,,,,22.5,22.5,0.0,1.0,360.0,0.0,0,A,80.0,,,,,,,,,,0.008159,325.1710784253314,0.6449114314223607,2512202226,5
d1af2b7b88243b91d552ea5321fc9744,Lê Hồng Phong,Đường Lê Hồng Phong,10.765331,106.6752404,10.761133,106.676833,1.0,50.0,FRC2,,,,,,12.5,18.0,0.0,0.6944444444444444,910.0,30.55555555555556,0,C,144.0,,,,,,,,,,0.005791,159.559579435317,0.4959494274785562,2512202226,5
0bd4180d287a829fb83c5c2fd9e73b87,Hưng Nhơn,Hưng Nhơn,10.7159649,106.5856745,10.7117174,106.5985988,1.5,50.0,FRC1,tertiary,asphalt,,,,22.5,22.5,0.0,1.0,540.0,0.0,0,A,80.0,,,,,,,,,,0.017172,108.49260324610437,1.489831041198299,2512202226,5
c3486a5672e29a8d91a857f094df9b58,Xã Vĩnh Lộc B,Xã Vĩnh Lộc B,10.7888288,106.5759596,10.7800867,106.5682102,1.0,50.0,FRC1,,,,,,19.0,23.5,0.0,0.8085106382978723,704.68,19.14893617021277,0,B,94.73684210526316,,,,,,,,,,0.016492,221.04973689741877,1.2858329372702118,2512202226,5
8c90c50b1eaab6b587c3385563ac3655,Cầu vượt Ngã Sáu Gò Vấp,Cầu vượt Ngã Sáu Gò Vấp,10.8280378,106.6792404,10.8260016,106.6798526,1.5,50.0,FRC3,primary,asphalt,yes,,,13.5,17.5,0.0,0.7714285714285715,1157.14,22.85714285714285,0,B,133.33333333333331,,,,,,,,,,0.002648,163.547755378984,0.2349694431813273,2512202226,5
639b9228395c1e55655b29a3fb4fb7f1,Tân Phú,Tân Phú,10.7336193,106.7236203,10.7336036,106.7238132,1.0,50.0,FRC1,,,,,,21.0,21.0,0.0,1.0,360.0,0.0,0,A,85.71428571428571,,,,,,,,,,0.000209,94.73547709547096,0.0211716167544384,2512202226,5
2cfd46861fadbb0b9d44d4cf99a2ab51,Cầu Phú Mỹ,Cầu Phú Mỹ,10.7342194,106.7271372,10.7399509,106.7344584,1.0,50.0,FRC1,,,,,,22.0,22.0,0.0,1.0,360.0,0.0,0,A,81.81818181818183,,,,,,,,,,0.013053,51.45099928953073,1.0213886749405292,2512202226,5
ea14fc6b6273dcb810b2b2df002c6e95,Cách Mạng Tháng Tám,Cách Mạng Tháng Tám,10.7752936,106.6864011,10.7766471,106.6839026,1.0,50.0,FRC2,,,,,,9.5,15.5,0.0,0.6129032258064516,1056.77,38.70967741935484,0,C,189.4736842105263,,,,,,,,,,0.003852,298.8747474402298,0.3115847487869516,2512202226,5
f59492720cc4552001643fc05a7e5c6f,Phạm Văn Đồng,Đường Phạm Văn Đồng,10.8575701,106.7518877,10.849516,106.7489666,1.0,50.0,FRC2,residential,,,,,17.5,21.0,0.0,0.8333333333333334,660.0,16.666666666666664,0,B,102.85714285714285,,,,,,,,,,0.010975,199.6060232790428,0.94641704649127,2512202226,5
0f0dcc16edd30788f7360e9790b36781,Phường Đông Hòa,Phường Đông Hòa,10.8762972,106.8030852,10.8674881,106.7842783,1.5,50.0,FRC1,trunk,asphalt,yes,,QL.1,28.5,28.5,0.0,1.0,540.0,0.0,0,A,63.1578947368421,,,,,,,,yes,,0.027616,244.5025929058124,2.2754349742301425,2512202226,5
0af145baf979acec1b8de72fdfafd6d4,Nguyễn Hữu Tự,Đường Nguyễn Huy Tự,10.7926663,106.6967184,10.7926985,106.6961576,1.5,50.0,FRC3,primary,asphalt,yes,,,12.5,17.5,0.0,0.7142857142857143,1311.43,28.57142857142857,0,B,144.0,,,,,,,,,,0.000593,273.3452944856376,0.061434227487725,2512202226,5
7cf876c357fdf469907fb0864acc8f94,Châu Văn Liêm,Châu Văn Liêm,10.7529881,106.6587484,10.7537895,106.6584782,1.0,50.0,FRC4,,,,,,10.0,14.5,0.0,0.6896551724137931,918.62,31.034482758620683,0,C,180.0,,,,,,,,,,0.001072,341.6731292735028,0.0934419547481223,2512202226,5
ae789259d7efa21cdf48bf04b0f30669,Vòng xoay Mũi Tàu,Vòng Xoay,10.745645,106.6236611,10.7456047,106.6236292,1.0,50.0,FRC2,,,,,,14.0,17.5,0.0,0.8,720.0,20.0,0,B,128.57142857142856,,,,,,,,,,7.2e-05,217.87160033113625,0.0056609006245055,2512202226,5
8143a893a938e9513f3f389525065a96,Nguyễn Thái Sơn,Đường Nguyễn Thái Sơn,10.8177209,106.6814029,10.819754,106.683148,1.0,50.0,FRC3,,,,,,9.5,16.5,0.0,0.5757575757575758,1123.64,42.42424242424242,0,C,189.4736842105263,,,,,,,,,,0.003778,40.13367616938069,0.2949440808696169,2512202226,5
08e4e553fc72136a576a8e051427df26,Thích Quảng Đức,Thích Quảng Đức,10.8082313,106.6785195,10.8033105,106.684482,1.0,50.0,FRC3,residential,,,,,8.5,15.0,0.0,0.5666666666666667,1140.0,43.333333333333336,0,C,211.76470588235293,,,,,,,,,,0.010883,130.03605979400584,0.8493751546363333,2512202226,5
5e86fb51589ef18b6d58b7da9e4e479a,Phạm Văn Đồng,Đường Phạm Văn Đồng,10.8154234,106.6814749,10.8212703,106.6975926,2.5,50.0,FRC2,trunk,asphalt,yes,,,17.0,21.0,0.0,0.8095238095238095,1757.14,19.047619047619047,0,B,105.88235294117646,,,,,,,,,,0.021965,69.72795591389166,1.8774464406447864,2512202226,5
26ab458d485349580f5ada61278363de,An Dương Vương,An Dương Vương,10.7566251,106.6697746,10.7566534,106.669461,1.0,50.0,FRC4,,,,,,11.0,13.5,0.0,0.8148148148148148,693.33,18.518518518518523,0,B,163.63636363636363,,,,,,,,,,0.000342,275.24828410350057,0.0344429298789684,2512202226,5
c694e7862fc1ac6adb6b4007bc39a2dc,Nguyễn Bỉnh Khiêm,Đường Nguyễn Bỉnh Khiêm,10.7886678,106.7034865,10.7918707,106.700004,1.0,50.0,FRC4,,,,,,4.5,13.0,0.0,0.3461538461538461,1536.92,65.38461538461539,0,D,400.0,,,,,,,,,,0.006685,313.11509103284845,0.520164530867115,2512202226,5
14f48e5cb2bca397a1c766825c9254b8,Tăng Nhơn Phú,Đường Tăng Nhơn Phú,10.8342567,106.7813494,10.827184,106.7687697,1.0,50.0,FRC4,,,,,,13.0,16.5,0.0,0.7878787878787878,741.82,21.21212121212121,0,B,138.46153846153848,,,,,,,,,,0.019652,240.21314831363665,1.5824913078040608,2512202226,5
d71dd5fac508e54d226b3a5e3a350cea,3 Tháng 2,3 Tháng 2,10.7667954,106.6656006,10.7637713,106.6597513,1.0,50.0,FRC2,,,,,,16.0,16.0,0.0,1.0,360.0,0.0,0,A,112.5,,,,,,,,,,0.008873,242.2443312027392,0.7219289409238135,2512202226,5
e5bf5cc758e1b8131a5d28b2f48b7e91,Nguyễn Chí Thanh,Đường Ngô Quyền,10.7592538,106.6655719,10.7584107,106.6615004,1.0,50.0,FRC4,service,concrete,,,,11.0,13.5,0.0,0.8148148148148148,693.33,18.518518518518523,0,B,163.63636363636363,,,,,,,,,,0.004915,258.09787555058955,0.4549821689008774,2512202226,5
c53e64beb6af8275a56b2b4a30d6f9f4,cầu vượt,Đường Nguyễn Thái Sơn,10.8146011,106.6790072,10.8157766,106.6800056,1.0,50.0,FRC3,,,,,,9.5,16.5,0.0,0.5757575757575758,1123.64,42.42424242424242,0,C,189.4736842105263,,,,,,,,,,0.002174,39.83660573412618,0.1697853454524619,2512202226,5
1ba26124e3c27b62dbde76e520784686,Cầu vượt Thủ Thiêm,Cầu Thủ Thiêm,10.7890182,106.716779,10.7891973,106.7150911,1.5,50.0,FRC4,secondary,asphalt,yes,,,20.0,20.0,0.0,1.0,540.0,0.0,0,A,90.0,,,,yes,,,,yes,,0.001867,276.1652086162488,0.1856563558977017,2512202226,5
bb3933dee270e2276ba40eb7efc5f3fb,Phạm Ngọc Thạch,Phạm Ngọc Thạch,10.78092,106.6978143,10.7817113,106.6969534,1.0,50.0,FRC4,,,,,,4.5,13.0,0.0,0.3461538461538461,1536.92,65.38461538461539,0,D,400.0,,,,,,,,,,0.001652,313.0966315031309,0.1285543444948885,2512202226,5
f8ba99351b6594850c8514d25d121706,Nguyễn Hữu Trí,Đường Nguyễn Hữu Trí,10.6854735,106.5540502,10.6963436,106.5939709,1.0,50.0,FRC4,,,,,,23.0,23.0,0.0,1.0,360.0,0.0,0,A,78.26086956521739,,,,,,,,,,0.050791,74.50812846682936,4.529807727959195,2512202226,5
b450ce12f0106fd3cf9fbefc7c6c31a7,Vòng xoay Ngã Sáu Gò Vấp,Đường Nguyễn Văn Nghi,10.8263771,106.6800231,10.8265667,106.6798028,1.0,50.0,FRC4,,,,,,7.5,13.5,0.0,0.5555555555555556,1160.0,44.44444444444444,0,C,240.0,,,,,,,,,,0.00041,311.22619785304016,0.0319400535356877,2512202226,5
69c525980d10121e1bb864818fe676bc,Đồng Đen,Đường Trường Chinh,10.7969579,106.6458983,10.7889094,106.6428981,1.0,50.0,FRC2,service,,,,,12.5,17.5,0.0,0.7142857142857143,874.29,28.57142857142857,0,B,144.0,,,,,,,,,,0.011049,200.111547844639,0.9488090414662368,2512202226,5
738526ef06112b5a346a6f5dc66f120d,Hẻm 131 Tô Hiến Thành,Đường Tô Hiến Thành,10.7808937,106.6698201,10.7793615,106.6704423,1.0,50.0,FRC4,,,,,,10.0,15.0,0.0,0.6666666666666666,960.0,33.333333333333336,0,C,180.0,,,,,,,,,,0.002154,158.25208028180623,0.1826323427380344,2512202226,5
95a40015cfa8df8f369c121ae448eb3f,Nguyễn Cao,Nguyễn Cao,10.7279406,106.7122757,10.7283925,106.712277,1.0,50.0,FRC1,residential,,,,,21.0,21.0,0.0,1.0,360.0,0.0,0,A,85.71428571428571,,,,,,,,,,0.000453,0.1619437458865604,0.0499861094721342,2512202226,5
7666417467a4d7983ca7cb8f8f3fc957,Xóm Củi,Xóm Củi,10.746712,106.6605461,10.7467638,106.6605397,1.0,50.0,FRC2,,,,,,16.5,16.5,0.0,1.0,360.0,0.0,0,A,109.0909090909091,,,,,,,,,,5.8e-05,353.0790036984518,0.0057723525529564,2512202226,5
41723ba1c376e35d2c57eeffc1efaf49,Cách Mạng Tháng Tám,Cách Mạng Tháng Tám,10.7827246,106.6724641,10.7822806,106.6732878,1.0,50.0,FRC2,,,,,,12.5,17.0,0.0,0.7352941176470589,836.47,26.470588235294112,0,B,144.0,,,,,,,,,,0.001268,118.7543428369969,0.1026031735686626,2512202226,5
bcdffcfc244c68b7f1e75048c879ca68,Đường dẫn Sảnh Đến Quốc tế,Đường dẫn Sảnh Đến Quốc tế,10.8153763,106.6636437,10.8152546,106.6633414,1.0,50.0,FRC3,service,,,,,14.0,20.5,0.0,0.6829268292682927,930.73,31.707317073170728,0,C,128.57142857142856,,,,,,,,,,0.000424,247.71324116733155,0.0356938223482197,2512202226,5
e01d7a4f0d50fd34ca505272a67c2ad9,Cầu Him Lam,Hẻm 1041/62 Trần Xuân Soạn,10.7405245,106.6937024,10.7407629,106.6949897,1.0,50.0,FRC4,,,,,,10.0,17.5,0.0,0.5714285714285714,1131.43,42.85714285714286,0,C,180.0,,,,,,,,,,0.001526,79.32510019763674,0.1432554156409482,2512202226,5
71f93cf8ea9aaf48105f9b0698e6d2d9,Tô Hiến Thành,Tô Hiến Thành,10.7768372,106.664107,10.7797849,106.6679193,1.0,50.0,FRC4,residential,,,,,9.0,15.0,0.0,0.6,1080.0,40.0,0,C,200.0,,,,,,,,,,0.00676,51.7935867020941,0.5292964057174593,2512202226,5
2b065232c5b3ce59f240ba6117083449,Phạm Văn Đồng,Đường Phạm Văn Đồng,10.8701199,106.7633832,10.8641108,106.7571974,1.0,50.0,FRC2,,,,,,17.5,21.0,0.0,0.8333333333333334,660.0,16.666666666666664,0,B,102.85714285714285,,,,,,,,,,0.012195,225.31242914840269,0.9482808331765754,2512202226,5
5950bd3636d25bc77bb4e9e9692c98e3,Nguyễn Hữu Cảnh,Nguyễn Hữu Cảnh,10.7896678,106.712201,10.7888202,106.7098683,1.0,50.0,FRC2,,,,,,16.0,18.5,0.0,0.8648648648648649,603.24,13.513513513513509,0,B,112.5,,,,,,,,,,0.00318,249.70105593342527,0.2717968625334482,2512202227,5
4d8509b103f3eae0d50bec454bd6d193,Hương Lộ 2,Hương Lộ 2,10.7735855,106.6211738,10.773618,106.6212579,1.0,50.0,FRC4,,,,,,12.0,15.0,0.0,0.8,720.0,20.0,0,B,150.0,,,,,,,,,,0.000117,68.52637753047941,0.0098755846210751,2512202227,5
60618a4bf35b8abac2d56907a609962c,Hẻm 416 Lạc Long Quân,Hẻm 416 Lạc Long Quân,10.7697921,106.6444644,10.7697654,106.6445026,1.0,50.0,FRC4,,,,,,11.0,16.0,0.0,0.6875,922.5,31.25,0,C,163.63636363636363,,,,,,,,,,6.5e-05,125.43127729031892,0.0051164434556512,2512202227,5
cc9a084f846574e6c335dc91da33e6e8,Trương Quốc Dung,Trương Quốc Dung,10.7950667,106.672673,10.7997004,106.6729603,1.0,50.0,FRC2,tertiary,,,,,10.0,16.5,0.0,0.6060606060606061,1069.09,39.39393939393939,0,C,180.0,,,,,,,,,,0.004921,3.4852437534838145,0.5135107545034335,2512202227,5
6fb1c5a1512f0a9ce53330be4603178e,Phường Tam Bình,Phường Tam Bình,10.8649833,106.728414,10.8648292,106.7285029,1.0,50.0,FRC1,,,,,,15.5,23.5,0.0,0.6595744680851063,972.77,34.04255319148937,0,C,116.12903225806453,,,,,,,,,,0.000243,150.46597252083745,0.0196222140271494,2512202227,5
d5f6c809df92853263e48f6c2134cf5e,Nguyễn Cửu Vân,Đường Nguyễn Cửu Vân,10.7963537,106.7058178,10.7960538,106.7063387,1.0,50.0,FRC2,,,,,,18.0,20.5,0.0,0.8780487804878049,579.51,12.195121951219512,0,B,100.0,,,,,,,,,,0.000821,120.37488655270649,0.0659214665970355,2512202227,5
d7d573ef43ad02a39c98a40c157414be,Vòng xoay Điện Biên Phủ,Đường Điện Biên Phủ,10.7921176,106.6992858,10.7921359,106.6992344,1.0,50.0,FRC2,residential,concrete,,,,18.0,20.5,0.0,0.8780487804878049,579.51,12.195121951219512,0,B,100.0,,,,,,,,,,7e-05,289.9226298490714,0.005974634631621,2512202227,5
1c06c9b1c35e32e20617999cff375488,Phường An Phú,Phường An Phú,10.8094109,106.7557929,10.8097169,106.7560287,1.0,50.0,FRC1,,,,,,21.5,24.0,0.0,0.8958333333333334,547.5,10.416666666666664,0,B,83.72093023255813,,,,,,,,,,0.000542,37.122599089111645,0.0425511969045804,2512202227,5
db64f28269cb08c2187871f04aa27ad4,Cầu Ðiện Biên Phủ,Cầu Ðiện Biên Phủ,10.7935904,106.7005728,10.7937716,106.70102,1.0,50.0,FRC2,tertiary,,no,,,25.0,25.0,0.0,1.0,360.0,0.0,0,A,72.0,,,,,,,,,,0.000628,67.58451735194075,0.0528547814471645,2512202227,5
cc6058562b9c182d7aa85fc32dad136f,Tô Hiệu,Đường Cây Keo,10.7723432,106.6271541,10.7732289,106.6274402,1.0,50.0,FRC4,,,,,,9.0,15.0,0.0,0.6,1080.0,40.0,0,C,200.0,,,,,,,,,,0.001172,17.605687466702534,0.1028457116995436,2512202227,5
6c7caac2b32332d6c200755c8743e122,Đất Thánh,Đất Thánh,10.7821462,106.6568445,10.7827199,106.6600419,1.5,50.0,FRC2,residential,asphalt,,,,12.5,17.5,0.0,0.7142857142857143,1311.43,28.57142857142857,0,B,144.0,,,,,,,,,,0.003771,79.64862600931144,0.3554011301484586,2512202227,5
c3558babbf99dd4193c778d95caeadb1,Hẻm 373 Lý Thường Kiệt,Hẻm 373/197 Lý Thường Kiệt,10.7790549,106.6503541,10.7799875,106.6539968,1.0,50.0,FRC4,service,,,,,12.0,16.0,0.0,0.75,810.0,25.0,0,B,150.0,,,,,,,,,,0.004575,75.39229726988015,0.4115335665498428,2512202227,5
fe89e81c704908a30c246e67aed9365a,Hương lộ 8,Đường Tỉnh Lộ 830C,10.6828162,106.5444885,10.6844568,106.550446,1.0,50.0,FRC4,,,,,,23.0,23.0,0.0,1.0,360.0,0.0,0,A,78.26086956521739,,,,,,,,,,0.007598,74.34435835098407,0.6765569526527494,2512202227,5
3f5aacc1931c055cc7a2cda0d227e7c2,Trần Ðình Xu,Trần Ðình Xu,10.75857,106.6924841,10.759772,106.6919236,1.0,50.0,FRC2,,,,,,21.5,21.5,0.0,1.0,360.0,0.0,0,A,83.72093023255813,,,,,,,,,,0.001763,335.3871226945296,0.1464096926680412,2512202227,5
26ab458d485349580f5ada61278363de,An Dương Vương,An Dương Vương,10.7560028,106.6664058,10.7566251,106.6697746,2.0,55.0,FRC2,primary,asphalt,yes,,,14.5,17.5,0.0,0.8285714285714286,1337.14,17.14285714285714,0,B,124.13793103448276,,,,,,,,,,0.003991,79.35079638906012,0.3748414681815747,2512202227,5
bb49d8c4f19075ee7fbca8ce4bac2c78,Xuân Thới Sơn 21,Xuân Thới Sơn 21,10.8668839,106.597713,10.8668923,106.5977254,1.0,50.0,FRC1,,,,,,19.5,24.0,0.0,0.8125,697.5,18.75,0,B,92.3076923076923,,,,,,,,,,2.1e-05,55.402523325150696,0.0016436065710037,2512202227,5
6c15256cf0002f82edd3c632b8618c01,Đường số 8,Đường số 8,10.8824106,106.7698521,10.8418186,106.6623835,1.0,50.0,FRC2,residential,,,,,16.5,22.0,0.0,0.75,810.0,25.0,0,B,109.0909090909091,,,,,,,,,,0.148061,248.97333809475825,12.579046586262796,2512202227,5
3bfb0cca1ad9b62fdd5a4997832e0d98,Đường Hòa Bình,Vòng Xoay Lạc Long Quân,10.7669237,106.6422282,10.7670183,106.641639,1.0,50.0,FRC4,service,asphalt,,,,10.5,15.5,0.0,0.6774193548387096,940.65,32.25806451612904,0,C,171.42857142857142,,,,,,,,,,0.000684,279.28206681175664,0.065286309747962,2512202227,5
2aead65d0da69f72d727b87193dba214,An Phú Đông 3,An Phú Đông 3,10.8547157,106.7063222,10.8547574,106.7068791,1.0,50.0,FRC1,,,,,,15.5,23.5,0.0,0.6595744680851063,972.77,34.04255319148937,0,C,116.12903225806453,,,,,,,,,,0.000599,85.63998350174734,0.0610662997620373,2512202227,5
ebf87b8e8bc1f1e41da85eb7a3176824,Cầu Kỳ Hà 4,Cầu Kỳ Hà 4,10.7559963,106.7606269,10.7550762,106.7597266,1.0,50.0,FRC1,,,,,,22.0,22.0,0.0,1.0,360.0,0.0,0,A,81.81818181818183,,,,,,,,,,0.00182,223.8694136726356,0.1416151011164791,2512202227,5
9bce5e8ee12dbc9b81fc6e256bd0b118,Ngô Gia Tự,Đường Ngô Gia Tự,10.7669024,106.6738588,10.7671362,106.6740191,1.0,50.0,FRC2,,,,,,13.5,17.5,0.0,0.7714285714285715,771.43,22.85714285714285,0,B,133.33333333333331,,,,,,,,,,0.000394,33.962545986797295,0.031244098127343,2512202227,5
efd4310b3dc2fcd73f2a9acdbcdfe582,Tôn Thất Thuyết,Tôn Thất Thuyết,10.7571329,106.717736,10.7530896,106.7022171,1.0,50.0,FRC2,,,,,,9.0,22.0,0.0,0.4090909090909091,1423.64,59.09090909090908,0,D,200.0,,,,,,,,,,0.019562,255.14857199108883,1.7553393277634817,2512202227,5
c29f9b4d54e14426755e2655b11fdb46,Cầu Phú Mỹ,Cầu Phú Mỹ,10.7428358,106.7400366,10.7449386,106.7441554,1.0,50.0,FRC1,,,,,,22.0,22.0,0.0,1.0,360.0,0.0,0,A,81.81818181818183,,,,,,,,,,0.006222,62.54113897461633,0.5070181986626177,2512202227,5
64bd1cacb24912186159135f5dabb552,Cách Mạng Tháng Tám,Cách Mạng Tháng Tám,10.7782417,106.68085,10.7752936,106.6864011,1.5,50.0,FRC2,primary,asphalt,yes,,,9.0,15.0,0.0,0.6,1620.0,40.0,0,C,200.0,,,,,,,,,,0.008499,118.39596774389828,0.6891535218595868,2512202227,5
26587c24a4b59833187889be00e10bef,Đường Hoàng Trọng Hậu,Đường Hoàng Trọng Hậu,10.7400283,106.6961929,10.7400256,106.6961154,1.0,50.0,FRC4,,,,,,10.0,17.5,0.0,0.5714285714285714,1131.43,42.85714285714286,0,C,180.0,,,,,,,,,,8e-05,267.9691574994944,0.0084823802206868,2512202227,5
3d02b982334a09910b9e3f9b126003ec,Tân Chánh Hiệp 2,Đường Tân Chánh Hiệp 8,10.870711,106.6364066,10.8741821,106.6306399,1.0,50.0,FRC1,,,,,,19.0,23.5,0.0,0.8085106382978723,704.68,19.14893617021277,0,B,94.73684210526316,,,,,,,,,,0.009238,301.5056608292545,0.7382048936759622,2512202227,5
944d4aba40f9b4698887e285fea8d66e,Hẻm 246/64 Hòa Hưng,Hẻm 246/64 Hòa Hưng,10.7789044,106.670628,10.7785872,106.6707568,1.0,50.0,FRC4,,,,,,11.0,15.5,0.0,0.7096774193548387,882.58,29.032258064516125,0,B,163.63636363636363,,,,,,,,,,0.000446,158.25348259786267,0.0378086550812852,2512202227,5
8fba7e31168ae20e00328be21fe2091a,Lê Lai,Đường Nguyễn Thị Nghĩa,10.7700912,106.6941287,10.76857,106.6902339,1.5,50.0,FRC3,primary,asphalt,yes,,,10.5,16.0,0.0,0.65625,1468.12,34.375,0,C,171.42857142857142,,,,,,,,,,0.005416,248.31886403983376,0.4580093060161106,2512202227,5
6166f3e708c26c896b2f2ff43aa433b5,Nguyễn Kim,Nguyễn Kim,10.7605205,106.6623843,10.7556227,106.6633772,2.0,55.0,FRC2,primary,asphalt,yes,,,12.5,17.5,0.0,0.7142857142857143,1748.57,28.57142857142857,0,B,144.0,,,,,,,,,,0.005891,168.73622533959465,0.5525377059524778,2512202227,5
38a661558bc6a99ae1fccf8a8bf061b0,Cầu Kênh Xáng,Cầu Kênh Xáng,10.7413597,106.6885411,10.7415302,106.6884693,1.5,50.0,FRC3,primary,asphalt,yes,,,10.0,16.5,0.0,0.6060606060606061,1603.64,39.39393939393939,0,C,180.0,,,,yes,,,,,,0.000242,337.523380330612,0.0204293798734332,2512202227,5
3283a06ce034f65eda092dffccc06d7b,Trương Định,Trương Định,10.7712056,106.6966242,10.7807024,106.6863035,1.0,50.0,FRC2,residential,asphalt,,,,9.0,15.0,0.0,0.6,1080.0,40.0,0,C,200.0,,,,,,,,,,0.019818,313.12857946057784,1.5419480939402654,2512202227,5
1b5b958c37a611a63e7132e95820b427,Hải Thượng Lãn Ông,Hải Thượng Lãn Ông,10.7504376,106.6601575,10.7507744,106.6593065,1.5,50.0,FRC3,tertiary,asphalt,yes,,,11.0,11.0,0.0,1.0,540.0,0.0,0,A,163.63636363636363,,,,,,,,,,0.001188,291.94163520258286,0.1002595051037345,2512202227,5
0c8c8deb6ff00aea42cec01b72e76bb8,Đường số 20,Đường số 20,10.8292498,106.7225448,10.8292319,106.7225292,1.0,50.0,FRC2,,,,,,18.0,21.0,0.0,0.8571428571428571,617.14,14.28571428571429,0,B,100.0,,,,,,,,,,3.3e-05,220.56313403960093,0.0026134810573339,2512202227,5
73ed5536f3de172632a61cbc8cd9ce24,Sư Van Hạnh,Sư Van Hạnh,10.7589142,106.6735498,10.7633633,106.6725291,1.0,50.0,FRC4,,,,,,11.0,14.0,0.0,0.7857142857142857,745.71,21.42857142857143,0,B,163.63636363636363,,,,,,,,,,0.00547,347.2988439732827,0.5046319804709956,2512202227,5
7d3e7728e0ffb113b4066d8f20fe2905,Cao Xuân Dục,Cao Xuân Dục,10.7470453,106.6603737,10.746165,106.6591277,1.0,50.0,FRC4,,,,,,9.5,14.5,0.0,0.6551724137931034,980.69,34.48275862068966,0,C,189.4736842105263,,,,,,,,,,0.002126,234.27971319655455,0.1674981548786777,2512202227,5
d9eec1e51c8d82b8c962493b9f272f9f,Đường Ông Ích Khiêm,Đường Ông Ích Khiêm,10.7665527,106.6429996,10.7666288,106.6427319,1.0,50.0,FRC4,,,,,,15.0,15.0,0.0,1.0,360.0,0.0,0,A,120.0,,,,,,,,,,0.000344,286.1387428786277,0.0304650607718458,2512202227,5
8e795d3fc416bd5da0d94ed82fc0ed5a,Vĩnh Lộc,Đường Quách Điêu,10.8125836,106.5775667,10.812224,106.577018,1.5,50.0,FRC1,secondary,,,,,19.0,23.5,0.0,0.8085106382978723,1057.02,19.14893617021277,0,B,94.73684210526316,,,,,,,,,,0.000908,236.288338983796,0.071990394392787,2512202227,5
7c70770083f1532697fa793c1e9247a0,Lê Lợi,Lê Lợi,10.7722079,106.6990769,10.7732655,106.6999404,1.0,50.0,FRC2,,,,,,9.0,12.5,0.0,0.72,864.0,28.000000000000004,0,B,200.0,,,,,,,,,,0.001921,38.73239185613323,0.1503479900076506,2512202227,5
78740639d5410ec885bd93d91e8f95e8,Đường số 5,Đường số 5,10.87865,106.7619572,10.8060161,106.6057636,1.0,50.0,FRC4,,,,,,15.5,15.5,0.0,1.0,360.0,0.0,0,A,116.12903225806453,,,,,,,,,,0.228827,244.678223725755,18.87439886316653,2512202227,5
b11770597d1bb3722013241f37a0ca4f,Đường Hải Thượng Lãn Ông,Đường Hải Thượng Lãn Ông,10.750916,106.6564736,10.7504187,106.6633972,1.0,50.0,FRC4,,,,,,13.0,18.0,0.0,0.7222222222222222,860.0,27.77777777777778,0,B,138.46153846153848,,,,,,,,,,0.007421,94.18080953957563,0.75928730964239,2512202227,5
5a7a6e6e530db33e7a015db8d90117ac,Âu Cơ,Âu Cơ,10.7745839,106.6479407,10.7762937,106.6468632,1.0,50.0,FRC4,,,,,,12.0,16.0,0.0,0.75,810.0,25.0,0,B,150.0,,,,,,,,,,0.002787,328.239328257635,0.2228369986932833,2512202227,5
d453936536487135042d948c2ef78def,X2,X2,10.7933726,106.755623,10.7935165,106.7559349,1.0,50.0,FRC0,,,,,,31.0,31.0,0.0,1.0,360.0,0.0,0,A,58.064516129032256,,,,,,,,,,0.000456,64.84170055323654,0.037641350704777,2512202227,5
5d8b247037cfbb3cd4864f4597a29aa7,Đường Lạc Long Quân,Đường Lạc Long Quân,10.7664078,106.6422822,10.7632226,106.6421549,1.0,50.0,FRC4,,,,,,10.5,15.5,0.0,0.6774193548387096,940.65,32.25806451612904,0,C,171.42857142857142,,,,,,,,,,0.003313,182.24844830662116,0.3525996018339855,2512202227,5
c5ba02c38f7cc53873ee9f364b07a153,Phạm Văn Đồng,Đường Phạm Văn Đồng,10.8270542,106.7181851,10.8344857,106.7294684,1.0,50.0,FRC2,,,,,,18.0,21.0,0.0,0.8571428571428571,617.14,14.28571428571429,0,B,100.0,,,,,,,,,,0.018715,56.15418155956229,1.482579281311356,2512202227,5
1ef01f1af018ff06b9ba19eb43edf177,Lê Hồng Phong,Đường Lê Hồng Phong,10.760492,106.6770991,10.7663147,106.6749228,1.0,50.0,FRC4,,,,,,15.0,15.0,0.0,1.0,360.0,0.0,0,A,120.0,,,,,,,,,,0.007999,339.8376935119911,0.6866439210241753,2512202227,5
5b019332e6114b8ae49c3362815db79b,Trần Văn Quang,Trần Văn Quang,10.7795043,106.6499053,10.779603,106.6486116,1.0,50.0,FRC4,residential,asphalt,,,,12.0,15.5,0.0,0.7741935483870968,766.45,22.580645161290324,0,B,150.0,,,,,,,,,,0.001392,274.4409829773384,0.1419099096547796,2512202227,5
93c02284c0d51d86197a2bdc052a0c3f,Cầu Chánh Hưng,Đường Phạm Hùng,10.7460556,106.6689199,10.7416454,106.668879,1.5,50.0,FRC3,primary,,yes,,,11.5,16.0,0.0,0.71875,1299.37,28.125,0,B,156.52173913043478,,,,,,,,,,0.004451,180.52203339897696,0.487845407279432,2512202227,5
43d35d74a03520d74e9ca1ef0fa9089d,Phạm Văn Đồng,Đường Phạm Văn Đồng,10.8380903,106.7343264,10.8667147,106.7620017,1.0,50.0,FRC3,service,,,,,17.5,22.5,0.0,0.7777777777777778,760.0,22.22222222222222,0,B,102.85714285714285,,,,,,,,,,0.0563,43.51508269837552,4.379746316195887,2512202227,5
ea3dc7f553e0877e391a9fd3277bc05f,Trường Sa,Trường Sa,10.7925479,106.6855754,10.7939608,106.7006919,3.0,50.0,FRC3,primary,,yes,,,11.5,14.5,0.0,0.7931034482758621,2197.24,20.68965517241379,0,B,156.52173913043478,,,,yes,,25.0,,,,0.016529,84.56321586559437,1.6605567930359535,2512202227,5
c4453b9f2d10111b0d1b59fd270efc2d,Cầu cụt,Đường Lê Đức Thọ,10.8552658,106.6556187,10.8551425,106.655734,1.0,50.0,FRC1,service,,,,,16.0,24.0,0.0,0.6666666666666666,960.0,33.333333333333336,0,C,112.5,,,,,,,,,,0.000239,137.43609360451558,0.0185727963981557,2512202227,5
3ba76ee7705c4123683536a4609d38c1,Tôn Ðức Thắng,Tôn Ðức Thắng,10.7704106,106.7062443,10.7705573,106.7062775,1.5,50.0,FRC3,primary,asphalt,yes,,,13.0,17.5,0.0,0.7428571428571429,1234.29,25.71428571428571,0,B,138.46153846153848,,,,,,,,,,0.00018,12.53443831707034,0.016628244963297,2512202227,5
d937a0aea0c8f0a33bc429902f03b914,Cầu Cá Trê Lớn,Cầu Cá Trê Lớn,10.7780689,106.7323124,10.7793052,106.7347388,1.0,50.0,FRC2,,,,,,21.5,21.5,0.0,1.0,360.0,0.0,0,A,83.72093023255813,,,,,,,,,,0.003663,62.58530132067938,0.2985342488290599,2512202227,5
c7c102c8e6c34a986cf645c6de46fb6a,Bà Huyện Thanh Quan,Đường Bà Huyện Thanh Quan,10.7807155,106.6832444,10.7767699,106.6884634,1.0,50.0,FRC3,,,,,,10.0,16.5,0.0,0.6060606060606061,1069.09,39.39393939393939,0,C,180.0,,,,,,,,,,0.009165,127.58084963362126,0.718526387943095,2512202227,5
334246ae637fa7a6c3b2f1fedb042d2d,Tân Kỳ Tân Quý,Đường Tân Kỳ Tân Quý,10.7994476,106.6193962,10.7916934,106.6052666,1.0,50.0,FRC2,,,,,,12.5,17.5,0.0,0.7142857142857143,874.29,28.57142857142857,0,B,144.0,,,,,,,,,,0.021884,240.81015520573052,1.767330479320397,2512202227,5
533d4363465fe3da773b88f3bcb892e5,Kinh Trung ương,Đường Kinh Trung Ương,10.7909507,106.5554753,10.7910811,106.5554064,1.0,50.0,FRC3,,,,,,17.0,21.0,0.0,0.8095238095238095,702.86,19.047619047619047,0,B,105.88235294117646,,,,,,,,,,0.000199,332.56930405189604,0.016273580943196,2512202227,5
418457226cadd3afae1b65cab44e1785,Nguyễn Văn Tăng,Đường Nguyễn Xiển,10.8428497,106.8286983,10.8424012,106.8281916,1.0,50.0,FRC4,,,,,,14.5,18.0,0.0,0.8055555555555556,710.0,19.444444444444443,0,B,124.13793103448276,,,,,,,,,,0.000955,227.9739786624524,0.0743700480771035,2512202227,5
b51d890ee4138f4e7c8443b9ee5e5f42,cầu vượt vào sân bay,Đường Trường Sơn,10.8101615,106.6648834,10.8122766,106.6650353,1.0,50.0,FRC2,,,,,,11.5,17.0,0.0,0.6764705882352942,942.35,32.35294117647059,0,C,156.52173913043478,,,,,,,,,,0.002267,4.035073162065942,0.2345472694897493,2512202227,5
1e1e73a5851e5963e4ea83aa60ceacce,Quang Trung,Đường Quang Trung,10.8266931,106.6794606,10.8299958,106.6706701,1.5,50.0,FRC4,primary,asphalt,yes,,,12.5,17.5,0.0,0.7142857142857143,1311.43,28.57142857142857,0,B,144.0,,,,,,,,,,0.012093,290.933851028774,1.0283242213231152,2512202227,5
46831dc8e0a786041740e6698f0993b3,THOI TAM THÔN 5,THOI TAM THÔN 5,10.8842932,106.6105297,10.8842093,106.6106839,1.0,50.0,FRC4,,,,,,12.5,17.5,0.0,0.7142857142857143,874.29,28.57142857142857,0,B,144.0,,,,,,,,,,0.000238,118.98932537872888,0.0192442957795948,2512202227,5
61befe6a24cb50fc81cd2d1620af1bc3,Đường Thành Thái,Đường Thành Thái,10.7681721,106.666908,10.7764553,106.6636154,2.5,50.0,FRC2,secondary,asphalt,,,,11.0,16.0,0.0,0.6875,2306.25,31.25,0,C,163.63636363636363,,,,,,,,,,0.011576,338.6697395641091,0.984459040124781,2512202227,5
2e3cc70791522bc368a202f945597c97,Xa Lộ Hà Nội,Đường Xa Lộ Hà Nội,10.8310841,106.7636119,10.8167282,106.757767,1.0,50.0,FRC1,,,,,,22.5,25.0,0.0,0.9,540.0,9.999999999999998,0,A,80.0,,,,,,,,,,0.020201,201.7969806045108,1.7117583918834094,2512202227,5
5393a9c02c36bc62daade632ac5e6ab9,Nguyễn Xí,Nguyễn Xí,10.8226293,106.7033547,10.8230448,106.7031447,1.0,50.0,FRC3,,,,,,22.0,23.5,0.0,0.9361702127659576,474.89,6.382978723404253,0,A,81.81818181818183,,,,,,,,,,0.000626,333.5990648605276,0.0513775762907338,2512202227,5
8e365e564f35d72bd965cbb878b47020,Số 18,Số 18,10.8226043,106.6066965,10.8232027,106.6059457,1.0,50.0,FRC1,tertiary,,yes,,,23.5,23.5,0.0,1.0,360.0,0.0,0,A,76.59574468085106,,,,,,,,,,0.001349,309.05768589352255,0.1054606393592867,2512202227,5
0ee37e521b02bef62f044fe871f320d9,Hồng Lạc,Hồng Lạc,10.7879176,106.6465073,10.7879756,106.6464872,1.0,50.0,FRC4,,,,,,11.0,15.5,0.0,0.7096774193548387,882.58,29.032258064516125,0,B,163.63636363636363,,,,,,,,,,7.8e-05,341.20004166204126,0.0067817187954798,2512202227,5
2fe66c5dbf2f0e0e4fb344e171835ad2,Lê Tuấn Mậu,Đường Lê Tuấn Mậu,10.7490204,106.625679,10.7482606,106.6267106,1.0,50.0,FRC2,,,,,,13.0,17.5,0.0,0.7428571428571429,822.86,25.71428571428571,0,B,138.46153846153848,,,,,,,,,,0.001791,126.85803012417084,0.1406953734748275,2512202227,5
1460ffb54a4898ecb221ae04c69097bb,Ngô Quyền,Ngô Quyền,10.752477,106.6667664,10.7517792,106.6668579,1.0,50.0,FRC4,,,,,,8.0,12.5,0.0,0.64,1008.0,36.0,0,C,225.0,,,,,,,,,,0.000789,172.65933394795297,0.0778318344354698,2512202227,5
0d75079eb78984f37854f4810843277e,Cầu Công Lý,Đường Nam Kỳ Khởi Nghĩa,10.7910679,106.6825988,10.7921893,106.681367,1.0,50.0,FRC2,primary_link,asphalt,,,,11.5,17.0,0.0,0.6764705882352942,942.35,32.35294117647059,0,C,156.52173913043478,,,,,,,,,,0.002353,312.8233983169923,0.1831234990905914,2512202227,5
9a1a3b5edeb34ad1ae2d0b1740da455b,Phó Ðức Chính,Phó Ðức Chính,10.7707145,106.6991208,10.7676642,106.7010097,1.0,50.0,FRC2,,,,,,12.0,12.0,0.0,1.0,360.0,0.0,0,A,150.0,,,,,,,,,,0.004939,148.6858239065915,0.3956275035271278,2512202227,5
111232965838e5858be71036527344fe,Ngã tư An Sương,Ngã tư An Sương,10.8428093,106.6150302,10.8429984,106.6152871,1.0,50.0,FRC1,,,,,,5.5,8.5,0.0,0.6470588235294118,995.29,35.29411764705882,0,C,327.2727272727273,,,,,,,,,,0.000446,53.14971880079287,0.0350230134880718,2512202227,5
bd0bdfc59239b2c228e0d185d9029e5d,Trần Nam Trung,Đường Hùng Vương,10.7085686,106.8191301,10.7065115,106.8236348,1.0,50.0,FRC4,,,,,,24.5,24.5,0.0,1.0,360.0,0.0,0,A,73.46938775510203,,,,,,,,,,0.006562,114.92615601168109,0.5427832252486371,2512202227,5
64991b3007d81e6b8fbb43f1a76dceeb,Đường Trần Phú,Đường Trần Phú,10.757428,106.6739837,10.7526071,106.6683833,1.0,50.0,FRC4,,,,,,11.0,14.0,0.0,0.7857142857142857,745.71,21.42857142857143,0,B,163.63636363636363,,,,,,,,,,0.010421,228.77552167085256,0.8121465806444373,2512202227,5
e1fda064de6cd569c93337cdac6a2683,Huỳnh Tấn Phát,Huỳnh Tấn Phát,10.6783267,106.753584,10.7525133,106.7282216,1.0,50.0,FRC3,,,,,,13.0,17.5,0.0,0.7428571428571429,822.86,25.71428571428571,0,B,138.46153846153848,,,,,,,,,,0.099549,341.43455141198854,8.662302131154227,2512202227,5
3eda83f2c7043f8944fe188f2437d03d,Cao tốc TP. Hồ Chí Minh - Long Thành - Dầu Giây,Cao tốc TP. Hồ Chí Minh - Long Thành - Dầu Giây,10.7964727,106.7824691,10.7949371,106.7599681,1.5,55.0,FRC0,motorway,asphalt,yes,,CT.29,27.0,31.5,0.0,0.8571428571428571,925.71,14.28571428571429,0,B,66.66666666666666,,,,,,,,,,0.024037,266.0278416436462,2.4666125222355797,2512202227,5
71bd2c75bf9049e44b14c5bd0dca7e4f,Sư Vạn Hạnh,Sư Vạn Hạnh,10.7740549,106.6683653,10.77004,106.6705481,1.0,50.0,FRC4,residential,asphalt,,,,9.5,14.5,0.0,0.6551724137931034,980.69,34.48275862068966,0,C,189.4736842105263,,,,,,,,,,0.006198,151.89336730732566,0.5042016031834343,2512202227,5
7377b854366a17ff6289843c7500a0bd,Lý Thường Kiệt,Lý Thường Kiệt,10.7805208,106.6552592,10.7787511,106.6557798,1.0,50.0,FRC2,,,,,,9.5,15.5,0.0,0.6129032258064516,1056.77,38.70967741935484,0,C,189.4736842105263,,,,,,,,,,0.00229,163.88155140313984,0.2038643709428306,2512202227,5
99df86c7a8625aa398a1ea291a4256a0,Bến Cát,Đường Bến Cát,10.7852199,106.6568031,10.7851391,106.6568613,1.0,50.0,FRC2,,,,,,13.0,17.5,0.0,0.7428571428571429,822.86,25.71428571428571,0,B,138.46153846153848,,,,,,,,,,0.000139,144.7177823037572,0.0109724268655245,2512202227,5
e8bfb4847314880bd096a72ac2395db0,Mai Chí Thọ,Mai Chí Thọ,10.7882923,106.7502508,10.7924075,106.7519,1.0,50.0,FRC1,,,,,,14.5,18.0,0.0,0.8055555555555556,710.0,19.444444444444443,0,B,124.13793103448276,,,,,,,,,,0.005764,21.488030167139243,0.4896261757362384,2512202227,5
e8b212948238c2edd102706d16576d8f,Quớc Lộ 22,Quớc Lộ 22,10.8798576,106.5900475,10.8851888,106.5863138,1.0,50.0,FRC1,,,,,,22.5,22.5,0.0,1.0,360.0,0.0,0,A,80.0,,,,,,,,,,0.009065,325.481946144111,0.7172064299713334,2512202227,5
bbe60f9a46cf61aed393aa19886c8fe9,Trường Chinh,Đường Trường Chinh,10.7959135,106.647854,10.8339258,106.6206709,1.0,50.0,FRC2,,,,,,13.0,17.5,0.0,0.7428571428571429,822.86,25.71428571428571,0,B,138.46153846153848,,,,,,,,,,0.065195,324.9178946598881,5.149336454023067,2512202227,5
65d7b8d53f7cc3e30332b4876b5172e0,Cầu Phú Mỹ,Cầu Phú Mỹ,10.7469406,106.7484952,10.7490341,106.7527933,1.0,50.0,FRC1,,,,,,22.0,22.0,0.0,1.0,360.0,0.0,0,A,81.81818181818183,,,,,,,,,,0.006392,63.62862427596701,0.5240608266359222,2512202227,5
ba4903aed055bfbb3e0fa9242f88926c,Cầu vượt Ngã tư Hàng Xanh,Đường Điện Biên Phủ,10.8012395,106.7098827,10.8010524,106.7094146,1.0,50.0,FRC2,,,,,,25.0,25.0,0.0,1.0,360.0,0.0,0,A,72.0,,,,,,,,,,0.000655,247.85814774414783,0.0552166857034823,2512202227,5
b886bd4f4dc50467f457ac903cb1c28d,Đường Lý Thường Kiệt,Đường Lý Thường Kiệt,10.773825,106.6615589,10.7758068,106.6566757,1.0,50.0,FRC4,,,,,,10.0,15.0,0.0,0.6666666666666666,960.0,33.333333333333336,0,C,180.0,,,,,,,,,,0.006865,292.4471512453768,0.5773121856148804,2512202227,5
7b5f63e6f2a62d406ff0994f07ad748c,Nguyễn Văn Quỳ,Nguyễn Văn Quỳ,10.7432943,106.7405148,10.7383028,106.7313895,2.0,50.0,FRC1,trunk,,yes,,,22.0,22.0,0.0,1.0,720.0,0.0,0,A,81.81818181818183,,,,yes,,,,,,0.014117,240.8939864217424,1.140670957304302,2512202227,5
59c8b0833a017a5271d076039dcbf6cb,Calmette,Calmette,10.7673072,106.6997404,10.7699124,106.6976851,1.0,50.0,FRC3,,,,,,15.0,15.0,0.0,1.0,360.0,0.0,0,A,120.0,,,,,,,,,,0.00466,322.22346787339814,0.3654762935269281,2512202227,5
2bce33fda4082d0b8462f80a91918a80,Quang Trung,Đường Quang Trung,10.8374889,106.6544376,10.8393084,106.6472307,1.0,50.0,FRC4,,,,,,12.5,18.0,0.0,0.6944444444444444,910.0,30.55555555555556,0,C,144.0,,,,,,,,,,0.009026,284.41655794677564,0.8133446834561556,2512202227,5
b66265abbaaf88ad76b7beb4d0d835cc,Tản Đà,Tản Đà,10.7510333,106.6646409,10.7548043,106.663899,1.0,50.0,FRC4,,,,,,9.5,12.5,0.0,0.76,792.0,24.0,0,B,189.4736842105263,,,,,,,,,,0.004513,349.0606241608229,0.4249413177155262,2512202227,5
87328aa0d1502a69d45f20b00705382d,Phú Hữu,Đường Phú Hữu,10.7535742,106.6537519,10.7510733,106.6533152,1.0,50.0,FRC2,,,,,,17.0,17.0,0.0,1.0,360.0,0.0,0,A,105.88235294117646,,,,,,,,,,0.002938,189.73445331227737,0.2807253494519094,2512202227,5
9a8a0ab0d467f2a0b7a5ddaddc02581d,Hồng Hà,Đường Trường Sơn,10.8134061,106.6652599,10.8140069,106.6747486,1.0,50.0,FRC2,footway,paving_stones,,,,12.0,16.5,0.0,0.7272727272727273,850.91,27.27272727272727,0,B,150.0,,,,,,,,,,0.01009,86.31080601779144,1.0397685107789985,2512202227,5
6a5ac31dbca60ac6d9564f5301e8e7cc,Sư Vạn Hạnh,Đường Sư Vạn Hạnh,10.7774435,106.6659013,10.7742735,106.6682193,1.0,50.0,FRC4,residential,,,,,9.0,15.5,0.0,0.5806451612903226,1114.84,41.93548387096774,0,C,200.0,,,,,,,,,,0.005488,144.3087410066429,0.4326918917727964,2512202227,5
dc93c8af5cdfc8db446940a3fa18c38c,Bến Bình Đông,Đường Bến Bình Đông,10.7482848,106.6604156,10.7482848,106.6604156,2.0,50.0,FRC4,primary,asphalt,yes,,,14.5,14.5,0.0,1.0,720.0,0.0,0,A,124.13793103448276,,,,yes,,,,,,0.0,0.0,0.0,2512202227,5
195265c71531f3f3a57772d5aadc4f58,Cầu vượt Thủ Đức,Cầu vượt Thủ Đức,10.8620872,106.7959178,10.8622393,106.7945633,2.0,50.0,FRC1,trunk,asphalt,yes,,QL.1,18.0,18.0,0.0,1.0,720.0,0.0,0,A,100.0,,,,,,,,,,0.001507,276.52305407659696,0.149050926444845,2512202227,5
63912295e9183a9f8c702bb66225df24,Phan Văn Trị,Phan Văn Trị,10.8269605,106.6885765,10.8112469,106.6954833,1.0,50.0,FRC3,,,,,,11.0,15.5,0.0,0.7096774193548387,882.58,29.032258064516125,0,B,163.63636363636363,,,,,,,,,,0.02262,156.64805407407653,1.895142864338763,2512202227,5
0b6d77b829081eb6542188990f40a7c4,Nguyễn Thị Thập,Đường Nguyễn Thị Thập,10.7406127,106.699903,10.7394635,106.7068498,1.0,50.0,FRC4,,,,,,9.5,17.5,0.0,0.5428571428571428,1182.86,45.71428571428572,0,C,189.4736842105263,,,,,,,,,,0.008096,99.55706156224232,0.7704155467523657,2512202227,5
db2114bc8fa4cf03dafb98634cd4dc80,Phan Văn Hớn,Đường Trường Chinh,10.8274348,106.6249037,10.8389566,106.6008101,1.0,50.0,FRC2,,,,,,12.5,17.0,0.0,0.7352941176470589,836.47,26.470588235294112,0,B,144.0,,,,,,,,,,0.035615,295.9631137548984,2.9266675465194285,2512202227,5
45afa7299dcd2a6ec8ea88afb77511a8,Xa Lộ Hà Nội,Đường Xa Lộ Hà Nội,10.8453128,106.7715728,10.8329768,106.7645442,1.0,50.0,FRC1,,,,,,21.5,24.0,0.0,0.8958333333333334,547.5,10.416666666666664,0,B,83.72093023255813,,,,,,,,,,0.019365,209.23195657131785,1.5660814117432464,2512202227,5
90498184b9db90ea772a2c8b99234878,Lê Văn Khương,Đường Quốc Lộ 1A,10.8619111,106.6498425,10.8621838,106.6494524,1.0,50.0,FRC1,,,,,,16.0,23.5,0.0,0.6808510638297872,934.47,31.91489361702128,0,C,112.5,,,,,,,,,,0.000663,305.44346474629566,0.0522412488042911,2512202227,5
d9b3562599d877999d7ee973975bd565,Liên Xã,Liên Xã,10.8884699,106.5839509,10.8885006,106.5840148,1.0,50.0,FRC1,,,,,,22.5,22.5,0.0,1.0,360.0,0.0,0,A,80.0,,,,,,,,,,9.5e-05,63.92997625354889,0.0077677013435755,2512202227,5
2cf525980f9ddf323e7108cf8319b212,Đường Nguyễn Sơn,Đường Nguyễn Sơn,10.7810287,106.6332492,10.7834192,106.6249141,1.0,50.0,FRC4,residential,,,,,11.5,15.5,0.0,0.7419354838709677,824.52,25.806451612903224,0,B,156.52173913043478,,,,,,,,,,0.010726,286.2761311327781,0.9491602843543973,2512202227,5
fe4430e497c205151edc3a563b03a7c2,Trần Huy Liệu,Đường Trần Huy Liệu,10.792161,106.6779981,10.794303,106.6778425,1.0,50.0,FRC2,tertiary,asphalt,,,,10.5,16.5,0.0,0.6363636363636364,1014.55,36.36363636363637,0,C,171.42857142857142,,,,,,,,,,0.002298,355.91846056298914,0.237543829655283,2512202227,5
d7aadd1b866976511f86901f6fd9416f,Tùng Thiện Vương,Tùng Thiện Vương,10.7463121,106.6599822,10.7463656,106.6600922,1.0,50.0,FRC2,residential,asphalt,,,,12.0,16.0,0.0,0.75,810.0,25.0,0,B,150.0,,,,,,,,,,0.000163,63.66248172296093,0.0134083657480706,2512202227,5
ffc45fc8323e15dc38fe196bf3e46a21,Cầu Kênh 2,Cầu Kênh 2,10.7745747,106.7248969,10.7742939,106.7240549,2.0,55.0,FRC2,primary,asphalt,yes,,,16.0,20.0,0.0,0.8,1440.0,20.0,0,B,112.5,,,,,,,,,,0.001123,251.2489413920973,0.0971863510479673,2512202227,5
eed11b04b9aca3ebf2eb6d2d785f30b5,Mai xuân Thưởng,Đường Lê Quang Sung,10.7512719,106.6476989,10.7512316,106.6476921,1.0,50.0,FRC4,,,,,,12.5,12.5,0.0,1.0,360.0,0.0,0,A,144.0,,,,,,,,,,4.7e-05,189.412472776646,0.0045193244583005,2512202227,5
fa678391a551977b9049b5334e5c9bb2,Đường dẫn Cầu Thủ Thiêm,Cầu Thủ Thiêm,10.7828466,106.7199382,10.7820242,106.7205208,1.0,50.0,FRC4,,,,,,19.0,19.0,0.0,1.0,360.0,0.0,0,A,94.73684210526316,,,,,,,,,,0.001405,145.16561495384292,0.1110634971466658,2512202227,5
8d32a165786a4dfa079281c6402de396,Phường 3,Phường 3,10.8146655,106.6786944,10.8120867,106.6767178,1.0,50.0,FRC3,residential,,,,,13.5,16.5,0.0,0.8181818181818182,687.27,18.181818181818176,0,B,133.33333333333331,,,,,,,,,,0.004555,216.97519754103752,0.3578957113514189,2512202227,5
96d2699795530b9bb0661850b4b7699d,Cầu Tư Dinh,Cầu Tư Dinh,10.728864,106.6980017,10.728815,106.6963878,1.5,65.0,FRC3,trunk,asphalt,yes,,,17.0,17.0,0.0,1.0,540.0,0.0,0,A,105.88235294117646,,,,,,,,,,0.001663,268.2301926400942,0.1766216166452431,2512202227,5
fd4cf0d2a65c51d63f6f1228c2ee4d01,Lê Văn Sỹ,Lê Văn Sỹ,10.7892124,106.6753896,10.800243,106.6609346,1.0,50.0,FRC2,residential,,yes,,,10.0,16.0,0.0,0.625,1035.0,37.5,0,C,180.0,,,,,,,,,,0.025486,307.8430564748286,1.996936683580332,2512202227,5
79e19c1649105ef8ca20fbe1590908a4,Nguyễn Văn Bá (nối dài),Hẻm 2 Đường Số 17,10.8603829,106.7908151,10.8599603,106.7901143,1.0,50.0,FRC1,,,,,,21.0,24.0,0.0,0.875,585.0,12.5,0,B,85.71428571428571,,,,,,,,,,0.001123,238.449213101108,0.0897577618321539,2512202227,5
9eb7d002bf67659a94abdec50d79d48d,Tô Ký,Đường Tô Ký,10.8599399,106.61763,10.8571859,106.6200389,1.0,50.0,FRC4,,,,,,14.5,18.0,0.0,0.8055555555555556,710.0,19.444444444444443,0,B,124.13793103448276,,,,,,,,,,0.005163,139.33619904449083,0.4027064464923388,2512202227,5
b55e682daf84d7d0f78c7de5786ed240,Cao tốc TP. Hồ Chí Minh - Long Thành - Dầu Giây,Cao tốc TP. Hồ Chí Minh - Long Thành - Dầu Giây,10.7866225,106.843937,10.7883612,106.8358795,1.0,50.0,FRC0,,,,,,31.0,38.0,0.0,0.8157894736842105,691.58,18.42105263157895,0,B,58.064516129032256,,,,,,,,,,0.009796,282.39005384390634,0.9019522713396656,2512202227,5
fd3679f127d3799d313a5db2a703ef9b,3 Tháng 2,Đường 3 Tháng 2,10.7575536,106.6482993,10.7618422,106.6562075,1.0,50.0,FRC2,,,,,,11.0,16.5,0.0,0.6666666666666666,960.0,33.333333333333336,0,C,163.63636363636363,,,,,,,,,,0.012197,61.10044429637725,0.9865028614360992,2512202227,5
89479dc4a7719faf7acf04a66a8cac89,Trường Sơn,Trường Sơn,10.8130718,106.6649688,10.8111229,106.6650145,1.0,50.0,FRC2,,,,,,12.0,16.5,0.0,0.7272727272727273,850.91,27.27272727272727,0,B,150.0,,,,,,,,,,0.001995,178.68054400355027,0.2156322972908082,2512202227,5
4a1e1f62c0f4ce9beafe5c16329f13aa,Minh Phụng,Minh Phụng,10.7577151,106.6438018,10.7626846,106.6446172,1.0,50.0,FRC2,,,,,,17.0,17.0,0.0,1.0,360.0,0.0,0,A,105.88235294117646,,,,,,,,,,0.005785,9.156997346191416,0.5568790863493209,2512202227,5
009679450cd5669cc80d7892fd165528,Sư Vạn Hạnh,Đường Sư Vạn Hạnh,10.77004,106.6705481,10.77004,106.6705481,1.0,50.0,FRC4,,,,,,9.0,15.5,0.0,0.5806451612903226,1114.84,41.93548387096774,0,C,200.0,,,,,,,,,,0.0,0.0,0.0,2512202227,5
8a99b97e381df6772ce46aedea08c14c,Mai Chí Thọ,Mai Chí Thọ,10.7784791,106.7322207,10.8012401,106.7529968,1.0,50.0,FRC4,,,,,,16.0,19.0,0.0,0.8421052631578947,644.21,15.789473684210533,0,B,112.5,,,,,,,,,,0.043537,41.87923681669963,3.391366828942598,2512202227,5
110e7cec58e4bd5ee1d6aa5e4e12f13a,Lê Văn Qưới,Hẻm 282 Lê Văn Quới,10.7763027,106.6087456,10.7763962,106.6028052,1.0,50.0,FRC4,,,,,,11.5,15.5,0.0,0.7419354838709677,824.52,25.806451612903224,0,B,156.52173913043478,,,,,,,,,,0.006034,270.9184835902165,0.6497786118757239,2512202227,5
bfc437a1fe8725c4ea25584d08ad8bb6,Cầu vượt Trạm 2,Đường Quốc Lộ 1A,10.8618381,106.7958668,10.8607361,106.795148,1.0,50.0,FRC1,,,,,,19.0,19.0,0.0,1.0,360.0,0.0,0,A,94.73684210526316,,,,,,,,,,0.001821,212.6430434145652,0.1450361173430776,2512202227,5
154a01acf0269ecc8c2f51c23dcb1755,Nguyễn Thị Đặng,Đường Tân Thới Hiệp 22,10.867202,106.6414169,10.8676811,106.6416344,1.0,50.0,FRC1,residential,,,,,18.5,23.5,0.0,0.7872340425531915,742.98,21.276595744680847,0,B,97.2972972972973,,,,,,,,,,0.000697,24.028946027000245,0.0580860772998386,2512202227,5
4ff07a09ef09e659f1c634d7433f9bf1,Tạ Uyên,Hẻm 143-145 Dương Tử Giang,10.7556925,106.6537349,10.754424,106.6537781,1.0,50.0,FRC4,service,concrete,,,,12.5,12.5,0.0,1.0,360.0,0.0,0,A,144.0,,,,,,,,,,0.001312,178.0837233894656,0.1403920678266319,2512202227,5
41760c86bd4b594a2d81c88e5a6af88a,Cao tốc TP. Hồ Chí Minh - Long Thành - Dầu Giây,Cao tốc TP. Hồ Chí Minh - Long Thành - Dầu Giây,10.792934,106.8117098,10.794041,106.8052263,1.0,50.0,FRC0,,,,,,31.0,38.0,0.0,0.8157894736842105,691.58,18.42105263157895,0,B,58.064516129032256,,,,,,,,,,0.007591,279.86102662296645,0.719549886470718,2512202227,5
4b75a324dd7eec04c8ac3738ff800766,Phan Đăng Lưu,Đường Phan Đăng Lưu,10.8025532,106.6965436,10.8032397,106.6845465,1.0,50.0,FRC2,,,,,,10.5,15.5,0.0,0.6774193548387096,940.65,32.25806451612904,0,C,171.42857142857142,,,,,,,,,,0.012684,273.33509688712854,1.3141928048713798,2512202227,5
be440cba554db7ed46d7936731b8bc40,Cầu Phú An,Cầu Phú An,10.7923372,106.7131767,10.792197,106.7134711,1.0,50.0,FRC2,,,,,,15.0,18.5,0.0,0.8108108108108109,700.54,18.91891891891892,0,B,120.0,,,,,,,,,,0.000435,115.86397184071336,0.0357367692726037,2512202227,5
35f67464148108fbc04f8b2f6c9c1fcb,Nguyễn Đức Thuận,Hẻm 91 Đường Thân Nhân Trung,10.8073545,106.6403983,10.8072353,106.6404336,1.0,50.0,FRC3,,,,,,15.5,21.0,0.0,0.7380952380952381,831.43,26.190476190476183,0,B,116.12903225806453,,,,,,,,,,0.000154,163.78089590768184,0.0137386050525288,2512202228,5
463837a37b7889b8a27a02938ccee6d3,Hòa Bình,Đường Hòa Bình,10.7695756,106.6353005,10.7723027,106.6257843,1.5,50.0,FRC4,tertiary,asphalt,yes,,,9.5,15.5,0.0,0.6129032258064516,1585.16,38.70967741935484,0,C,189.4736842105263,,,,,,,,,,0.012243,286.2635847324557,1.0836294523694114,2512202228,5
b99d1ebd5f548dc07398b33076af0e66,Nguyễn Xiển,Đường Số 7,10.8592096,106.8363216,10.8837836,106.8346037,1.0,50.0,FRC4,residential,,,,,14.5,18.5,0.0,0.7837837837837838,749.19,21.62162162162162,0,B,124.13793103448276,,,,,,,,,,0.026292,356.0728217750798,2.7247047036497385,2512202228,5
042d47f888a4c04594fb225b07cdf24f,Trần Văn Giàu,Trần Văn Giàu,10.7482734,106.5880278,10.7535831,106.5750441,1.5,50.0,FRC1,secondary,asphalt,yes,,ĐT.10B,21.0,26.0,0.0,0.8076923076923077,1059.23,19.23076923076923,0,B,85.71428571428571,,,,,,,,,,0.018293,292.60110410385505,1.5367918923923205,2512202228,5
d75b47a305d8110b0fa0afad065240ff,Xuân Diệu,Xuân Diệu,10.7954312,106.6557557,10.7955147,106.655546,1.5,50.0,FRC2,primary,asphalt,yes,,,11.5,16.5,0.0,0.696969696969697,1358.18,30.303030303030297,0,C,156.52173913043478,,,,,,,,,,0.000293,292.0657813945093,0.0247233022366069,2512202228,5
7819559c0527c6a6dbef960718e219a4,Tân Sơn Nhì,Tân Sơn Nhì,10.80264,106.6353988,10.8028848,106.636066,1.0,50.0,FRC2,residential,,,,,12.5,17.0,0.0,0.7352941176470589,836.47,26.470588235294112,0,B,144.0,,,,,,,,,,0.000912,69.51796882254501,0.0778272034292434,2512202228,5
0e9f671d4ab0b828b07244127ee5d67f,Cầu Hiệp Ân 2,Đường Nguyễn Duy,10.7433356,106.6613572,10.7433941,106.6616795,1.5,50.0,FRC3,construction,asphalt,,,,13.0,17.5,0.0,0.7428571428571429,1234.29,25.71428571428571,0,B,138.46153846153848,,,,yes,,,,,,0.000381,79.53281601495803,0.035842447553165,2512202228,5
af9ad0a5530a89a756d2beba300fbbbe,Xa Lộ Hà Nội,Xa Lộ Hà Nội,10.8054703,106.7542574,10.8303445,106.7632003,1.5,55.0,FRC2,trunk,asphalt,yes,,,21.5,21.5,0.0,1.0,540.0,0.0,0,A,83.72093023255813,,,,,,,,yes,,0.033817,19.44911510437032,2.9200484755259835,2512202228,5
5833b78afc4a3468366345421f21beda,Lê Đại Hành,Đường Lê Đại Hành,10.7587163,106.6592488,10.766178,106.6543476,1.5,50.0,FRC4,service,asphalt,,,,10.5,15.0,0.0,0.7,1350.0,30.000000000000004,0,B,171.42857142857142,,,,,,,,,,0.012363,327.16656377786785,0.9841676821158828,2512202228,5
3c43e715a0b495a18edeb14df619cf4b,Quốc lộ 1K,Đường Quốc Lộ 1K,10.8828952,106.7701845,10.8746157,106.765511,2.0,50.0,FRC2,primary,asphalt,yes,,QL.1K,17.0,22.0,0.0,0.7727272727272727,1538.18,22.72727272727273,0,B,105.88235294117646,,,,,,,,,,0.012953,209.0010213178356,1.0487243512588478,2512202228,5
4500eb560fbde7f2b33f070ca8bfadb4,Đường Nguyễn Thị Nhỏ,Đường Nguyễn Thị Nhỏ,10.753478,106.6507502,10.7533959,106.6507301,1.0,50.0,FRC2,,,,,,14.0,17.5,0.0,0.8,720.0,20.0,0,B,128.57142857142856,,,,,,,,,,0.000102,193.52412468215385,0.0093436478968527,2512202228,5
a7e8464abc9a8b7fa8ccfdb1d8c3e6bd,Lý Thái Tổ,Lý Thái Tổ,10.7669304,106.6770101,10.7461614,106.7956925,1.0,50.0,FRC2,service,,,,,11.5,17.0,0.0,0.6764705882352942,942.35,32.35294117647059,0,C,156.52173913043478,,,,,,,,,,0.139451,100.08887529995296,13.182753714366536,2512202228,5
1653868880a3e514ebcf372bc5775689,Hai Bà Trưng,Hai Bà Trưng,10.78789,106.6919402,10.7922848,106.6864092,1.0,50.0,FRC3,footway,,,,,8.0,15.5,0.0,0.5161290322580645,1230.97,48.38709677419355,0,C,225.0,,,,,,,,,,0.009926,308.96912553920254,0.7760226695143255,2512202228,5
e65d0a3dc4e7bf7a877798dd03730939,Nguyễn Thị Nhỏ,Đường Nguyễn Thị Nhỏ,10.7588735,106.6513792,10.7591706,106.6513758,1.0,50.0,FRC4,,,,,,12.0,14.0,0.0,0.8571428571428571,617.14,14.28571428571429,0,B,150.0,,,,,,,,,,0.0003,359.3558633211331,0.0328652207271178,2512202228,5
0601be6b859ed882ea97ee568f158edf,Phan Huy ích,Phan Huy ích,10.8442903,106.6401134,10.8231377,106.6297806,1.0,50.0,FRC4,,,,,,14.5,18.0,0.0,0.8055555555555556,710.0,19.444444444444443,0,B,124.13793103448276,,,,,,,,,,0.031485,205.63182450716693,2.598289755641854,2512202228,5
035b1873d845ded3f521e9b067468ac8,Bình Trị Đông,Bình Trị Đông,10.7614144,106.6100165,10.76138,106.6100099,1.0,50.0,FRC4,,,,,,12.0,14.5,0.0,0.8275862068965517,670.34,17.24137931034483,0,B,150.0,,,,,,,,,,4.1e-05,190.67423595107397,0.0038729558434851,2512202228,5
361b4883e8c6ea8df1ebd9a0d1142a31,Xuân Thới 15,Xuân Thới 15,10.8691692,106.5938542,10.8689519,106.5939939,1.0,50.0,FRC1,,,,,,19.5,24.0,0.0,0.8125,697.5,18.75,0,B,92.3076923076923,,,,,,,,,,0.000357,147.733433764835,0.0284788948182933,2512202228,5
d519d510f092a4abf0a1500a25695c64,Phạm Văn Đồng,Phạm Văn Đồng,10.8344857,106.7294684,10.8156051,106.6818266,4.0,65.0,,trunk,asphalt,yes,,,0.0,0.0,0.0,1.0,1440.0,0.0,0,A,,,,,,,,,,,0.066522,248.03123060451128,5.6127189350058035,2512202237,5
be2d989e54855044a68776ff4b143463,Nguyễn Thượng Hiền,Nguyễn Thượng Hiền,10.7770101,106.6820734,10.776852,106.6821788,2.0,40.0,,tertiary,asphalt,yes,,,0.0,0.0,0.0,1.0,720.0,0.0,0,A,,,,,,,,,,,0.000264,146.7788637003597,0.020945420529061485,2512202237,5
5d212d7c449189e142f8a351a928feed,Nguyễn Trãi,Nguyễn Trãi,10.7532859,106.6628252,10.7548304,106.6708395,1.0,50.0,,residential,,,,,0.0,0.0,0.0,1.0,360.0,0.0,0,A,,,,,,,,,,,0.009559,78.90085260323434,0.8930743042691416,2512202237,5
26587c24a4b59833187889be00e10bef,Đường Hoàng Trọng Hậu,Đường Hoàng Trọng Hậu,10.7400283,106.6961929,10.7400256,106.6961154,1.0,50.0,,secondary_link,,,,,0.0,0.0,0.0,1.0,360.0,0.0,0,A,,,,,,,,,,,8e-05,267.9691574994944,0.008482380220686887,2512202238,5
df0613230b902b46a833311e4547b083,Phan Văn Hớn,Phan Văn Hớn,10.8274348,106.6249037,10.8389566,106.6008101,1.5,50.0,,primary,asphalt,yes,,,0.0,0.0,0.0,1.0,540.0,0.0,0,A,,,,,,,,,,,0.035615,295.9631137548984,2.9266675465194285,2512202238,5
2455f4a20916171bdbe19dbb45a76fd7,Tô Hiến Thành,Tô Hiến Thành,10.7703883,106.6581461,10.7736176,106.6614007,2.0,50.0,,secondary,asphalt,,,,0.0,0.0,0.0,1.0,720.0,0.0,0,A,,,,,,,,,,,0.006484,44.713954430404215,0.5042814860044006,2512202238,5
7d0ed010c6635b8310ee001039d8d447,Nguyễn Thái Bình,Nguyễn Thái Bình,10.7964689,106.6523793,10.800764,106.6598663,1.5,50.0,,residential,asphalt,,,,0.0,0.0,0.0,1.0,540.0,0.0,0,A,,,,,,,,,,,0.011782,59.71367562077472,0.9466395018730215,2512202238,5
51f7836e378c5d826cafa0ac7ff82474,Cao Xuân Dục,Cao Xuân Dục,10.7470453,106.6603737,10.746165,106.6591277,2.0,50.0,,primary,asphalt,yes,,,0.0,0.0,0.0,1.0,720.0,0.0,0,A,,,,,,,,,,,0.002126,234.27971319655458,0.16749815487867772,2512202238,5
401342ce24d86fd44bbc0b6591d9c796,Nguyễn Trọng Trí,Nguyễn Trọng Trí,10.7407342,106.6176488,10.7406865,106.6175944,1.0,50.0,,service,asphalt,yes,,,0.0,0.0,0.0,1.0,360.0,0.0,0,A,,,,,,,,,,,0.000102,228.2519283814525,0.00795271276862648,2512202238,5
6237c4a356ad9dae779897d9c87f4f64,Cao tốc TP. Hồ Chí Minh - Long Thành - Dầu Giây,Cao tốc TP. Hồ Chí Minh - Long Thành - Dầu Giây,10.794041,106.8052263,10.7950193,106.7995037,1.5,85.0,,motorway,asphalt,yes,,CT.29,0.0,0.0,0.0,1.0,540.0,0.0,0,A,,,,,,,,,,,0.006701,279.8730282192795,0.6351247028278337,2512202238,5
6b584a04b44c9d951cfa8ccf3c5c490c,Cầu vượt Ngã tư Gò Dưa,Cầu vượt Ngã tư Gò Dưa,10.8708511,106.7329016,10.8717994,106.73325,2.0,50.0,,primary,,yes,,ĐT.43,0.0,0.0,0.0,1.0,720.0,0.0,0,A,,,,,,,,,,,0.001297,19.839448531631717,0.11159743629093292,2512202238,5
f646a37cbb7ee7d6fa858ecd8ebae314,Trần Quang Diệu,Trần Quang Diệu,10.787646,106.6782642,10.7835849,106.6784817,1.5,50.0,,service,asphalt,,,,0.0,0.0,0.0,1.0,540.0,0.0,0,A,,,,,,,,,,,0.004279,176.98837965047778,0.44984050373521794,2512202239,5
75da623bca56eca7dae342ddfcbab9be,Quốc lộ 1,Quốc lộ 1,10.8678819,106.7813371,10.8617623,106.6586551,2.0,65.0,,trunk,asphalt,yes,,QL.1,0.0,0.0,0.0,1.0,720.0,0.0,0,A,,,,,,,,,,,0.128802,267.1038789766513,13.430757046569086,2512202239,5
a37ff905c949d234313f2d4a4630f960,Võ Văn Ngân,Võ Văn Ngân,10.851171,106.7550306,10.8497041,106.7710929,1.5,50.0,,secondary,asphalt,yes,,,0.0,0.0,0.0,1.0,540.0,0.0,0,A,,,,,,,,,,,0.017529,95.31103677574401,1.7637679692183217,2512202239,5
aae34676b0a35a0545d443405302fd8c,Trần Khắc Chân,Trần Khắc Chân,10.7993219,106.6784691,10.8014439,106.6758626,3.0,50.0,,primary,asphalt,yes,,,0.0,0.0,0.0,1.0,1080.0,0.0,0,A,,,,,,,,,,,0.004728,309.652180485992,0.36925122131366395,2512202239,5
96aa53044924ad12b8cb081060a5ead3,Nguyễn Văn Bá (nối dài),Nguyễn Văn Bá (nối dài),10.8565707,106.7843268,10.8603829,106.7908151,1.5,50.0,,tertiary,asphalt,,,,0.0,0.0,0.0,1.0,540.0,0.0,0,A,,,,,,,,,,,0.0103,59.1089313814029,0.8252886472221967,2512202239,5
a313ec8fa96b3dfbec97ed9360fa1226,Hẻm 373 Lý Thường Kiệt,Hẻm 373 Lý Thường Kiệt,10.7801804,106.654269,10.7803895,106.6547735,2.0,50.0,,residential,asphalt,,,,0.0,0.0,0.0,1.0,720.0,0.0,0,A,,,,,,,,,,,0.000714,67.12429913756432,0.05982768098082533,2512202239,5
c95548f592ae75b176d1b311b379afb2,Tô Ký,Tô Ký,10.8876775,106.6024445,10.8527736,106.6262305,1.5,40.0,,primary,asphalt,yes,,ĐT.15,0.0,0.0,0.0,1.0,540.0,0.0,0,A,,,,,,,,,,,0.05869,146.2056015086905,4.655054258530311,2512202239,5
a753b1bdb2fdfddde889ea1af3400b15,Hà Huy Giáp,Hà Huy Giáp,10.8846445,106.6812882,10.8671779,106.679258,1.0,50.0,,residential,,,,,0.0,0.0,0.0,1.0,360.0,0.0,0,A,,,,,,,,,,,0.019497,186.5120631233753,1.944756151915342,2512202239,5
639b9228395c1e55655b29a3fb4fb7f1,Tân Phú,Tân Phú,10.7336193,106.7236203,10.7336036,106.7238132,2.0,60.0,,primary_link,asphalt,yes,,,0.0,0.0,0.0,1.0,720.0,0.0,0,A,,,,,,,,,,,0.000209,94.73547709547097,0.021171616754438464,2512202240,5
0a11ca5d07cee6f0267dba8f752769c9,Quốc lộ 13,Quốc lộ 13,10.8513034,106.7200233,10.8180299,106.7132132,2.0,50.0,,trunk,asphalt,yes,,QL.13,0.0,0.0,0.0,1.0,720.0,0.0,0,A,,,,,yes,,,,yes,,0.040084,191.3668584216218,3.75507756895751,2512202240,5
5b068f2599657f98ab48176a2693afd4,Quốc lộ 1K,Quốc lộ 1K,10.8828952,106.7701845,10.8746157,106.765511,3.0,50.0,,primary,asphalt,yes,,QL.1K,0.0,0.0,0.0,1.0,1080.0,0.0,0,A,,,,,,,,,,,0.012953,209.00102131783558,1.0487243512588478,2512202240,5
ecdf13761c150a7cff9fccf24046e694,Đường số 9,Đường số 9,10.8629278,106.7549076,10.8629278,106.7549076,2.0,50.0,,tertiary,asphalt,,,,0.0,0.0,0.0,1.0,720.0,0.0,0,A,,,,,,,,,,,0.0,0.0,0.0,2512202240,5
8606fcfa7637f55b9401a94f1745d159,Phạm Văn Đồng,Phạm Văn Đồng,10.8398287,106.7394746,10.8251409,106.710872,2.5,65.0,,primary,asphalt,yes,,,0.0,0.0,0.0,1.0,900.0,0.0,0,A,,,,,yes,,,,,,0.04329,242.4008092470402,3.524458345423547,2512202240,5
0239f300f8d0fef3e5e31b4a2bc3b676,Xa lộ Hà Nội,Xa lộ Hà Nội,10.8045382,106.7521024,10.8454687,106.7714892,2.0,70.0,,trunk,asphalt,yes,,,0.0,0.0,0.0,1.0,720.0,0.0,0,A,,,,,,,,,yes,,0.060317,24.94712311699442,4.999222650856935,2512202240,5
2c13b08f45398838cbdc9f0c9a8d89e2,Vạn Kiếp,Vạn Kiếp,10.7504541,106.6597273,10.7502217,106.659871,2.0,50.0,,residential,asphalt,yes,,,0.0,0.0,0.0,1.0,720.0,0.0,0,A,,,,,,,,,,,0.000376,148.7222127818028,0.030130830626138583,2512202241,5
a9cfcde1223c9981233b1fa047c080c0,Nguyễn Văn Lượng,Nguyễn Văn Lượng,10.8384914,106.6799748,10.8386842,106.6659911,1.5,50.0,,tertiary,asphalt,yes,,,0.0,0.0,0.0,1.0,540.0,0.0,0,A,,,,,,,,,,,0.014176,270.8055746877205,1.529218570455867,2512202241,5
3b0c65fbbda8e0cd59cdefaf2c9c1cac,Đường dẫn sảnh đi Quốc tế,Đường dẫn sảnh đi Quốc tế,10.8153557,106.6659991,10.8154126,106.6660397,1.0,50.0,,residential,,,,,0.0,0.0,0.0,1.0,360.0,0.0,0,A,,,,,,,,,,,9.8e-05,35.024994918119035,0.007702281212414586,2512202241,5
376075e39c6e7d0a8df99fb9356f61b0,Đi ga quốc tế,Đi ga quốc tế,10.8130678,106.6650669,10.8144166,106.6652668,2.5,45.0,,primary,asphalt,yes,,,0.0,0.0,0.0,1.0,900.0,0.0,0,A,,,,,,,,,,,0.001549,8.282577251723922,0.1507882944554907,2512202241,5
ab78c1a3514ea5c67317dbb2ee112fe9,Đường Ðiện Biên Phủ,Đường Ðiện Biên Phủ,10.790616,106.6975675,10.7905389,106.6976523,4.0,50.0,,primary,asphalt,yes,,,0.0,0.0,0.0,1.0,1440.0,0.0,0,A,,,,,,,,,,,0.000162,132.7862235207628,0.012599198993555803,2512202242,5
effeb9ef423badbcb38fb35e6244d543,Quách Thị Trang,Quách Thị Trang,10.7130085,106.8474689,10.7086939,106.8475454,1.0,50.0,,service,,,,,0.0,0.0,0.0,1.0,360.0,0.0,0,A,,,,,,,,,,,0.004391,179.00191034112288,0.477322659252113,2512202242,5
d1353b9f804072b489f953c63f1b591e,Cao tốc TP. Hồ Chí Minh - Long Thành - Dầu Giây,Cao tốc TP. Hồ Chí Minh - Long Thành - Dầu Giây,10.792934,106.8117098,10.794041,106.8052263,2.0,120.0,,motorway,asphalt,yes,,CT.29,0.0,0.0,0.0,1.0,720.0,0.0,0,A,,,,,viaduct,,,,,,0.007591,279.86102662296645,0.719549886470718,2512202242,5
d52d1561324c99a25f9400b5ad12ae71,Đường Phan Văn Trị,Đường Phan Văn Trị,10.83081,106.6778193,10.8308562,106.6777619,1.0,50.0,,residential,asphalt,,,,0.0,0.0,0.0,1.0,360.0,0.0,0,A,,,,,,,,,,,0.000104,309.3338003871257,0.008093949282118105,2512202242,5
b562b9ecd5bab3e0952cb15cc47e6a33,Bà Hom,Bà Hom,10.7546911,106.6313514,10.754722,106.6311219,1.0,50.0,,service,,,,,0.0,0.0,0.0,1.0,360.0,0.0,0,A,,,,,,,,,,,0.00026,277.803665547431,0.025333631568574464,2512202242,5
91c1d62e3d990e9f6f7befb66bcbcb20,Nguyễn Duy,Nguyễn Duy,10.7447602,106.6688752,10.7448407,106.6689569,2.0,50.0,,primary,,yes,,,0.0,0.0,0.0,1.0,720.0,0.0,0,A,,,,,yes,,,,,,0.000162,44.91716056797543,0.012615316379267659,2512202242,5
51813b2e07a7cf41ad1b62c7dd2b9030,Cầu Nguyễn Văn Cừ,Cầu Nguyễn Văn Cừ,10.7527375,106.6871934,10.7541132,106.6883922,1.5,50.0,,primary,asphalt,yes,,,0.0,0.0,0.0,1.0,540.0,0.0,0,A,,,,,,,13.0,,,,0.002574,40.56699408741434,0.20086974026922277,2512202242,5
25257d8d791a2837985f008f621b90cc,Nguyễn Văn Quá,Nguyễn Văn Quá,10.8261451,106.6265884,10.8264064,106.6266087,2.0,50.0,,primary_link,asphalt,yes,,,0.0,0.0,0.0,1.0,720.0,0.0,0,A,,,,,,,,,,,0.000282,4.363537922283967,0.02898841540518602,2512202242,5
1e451e288c8c3755f9b6d46f70b02cb3,Đướng Nguyễn Hữu Cảnh,Đướng Nguyễn Hữu Cảnh,10.7980288,106.720103,10.7979697,106.7201402,2.0,50.0,,primary_link,asphalt,yes,,,0.0,0.0,0.0,1.0,720.0,0.0,0,A,,,,,yes,4.0,,,yes,,9.6e-05,148.2716355777331,0.0076997488063948434,2512202242,5
905bc8bda150d1615ee1f18008f93d4d,Lương Định Của,Lương Định Của,10.7750334,106.7104127,10.7749435,106.7108802,1.0,50.0,,path,,,,,0.0,0.0,0.0,1.0,360.0,0.0,0,A,,,,,,,,,,,0.000557,101.07559884334273,0.052088311382175075,2512202242,5
009679450cd5669cc80d7892fd165528,Sư Vạn Hạnh,Sư Vạn Hạnh,10.77004,106.6705481,10.77004,106.6705481,1.0,50.0,,residential,asphalt,,,,0.0,0.0,0.0,1.0,360.0,0.0,0,A,,,,,,,,,,,0.0,0.0,0.0,2512202242,5
f7939d1b9ed82e65492cb98f57275439,Trần Nhân Tôn,Trần Nhân Tôn,10.7633139,106.6746238,10.7664111,106.673962,2.0,50.0,,tertiary,asphalt,,,,0.0,0.0,0.0,1.0,720.0,0.0,0,A,,,,,,,,,,,0.003759,348.1448605117263,0.3501538054791571,2512202242,5
7109a723afaddcb0fa03a82dd564180f,Lê Thánh Tôn,Lê Thánh Tôn,10.7746928,106.6995607,10.7740594,106.6990287,1.0,50.0,,service,asphalt,,,,0.0,0.0,0.0,1.0,360.0,0.0,0,A,,,,,,,,,,,0.001165,219.52625186973813,0.09107247278081772,2512202243,5
be5ebda5e8e596bb3f87eaf935c74b04,Hai Bà Trưng,Hai Bà Trưng,10.7756896,106.7060815,10.7914566,106.6874653,2.5,55.0,,primary,asphalt,yes,,,0.0,0.0,0.0,1.0,900.0,0.0,0,A,,,,,,,,,,,0.034383,310.76885525429253,2.680842697454365,2512202243,5
c694e7862fc1ac6adb6b4007bc39a2dc,Nguyễn Bỉnh Khiêm,Nguyễn Bỉnh Khiêm,10.7886678,106.7034865,10.7918707,106.700004,1.5,50.0,,primary,asphalt,yes,,,0.0,0.0,0.0,1.0,540.0,0.0,0,A,,,,,,,,,,,0.006685,313.11509103284845,0.520164530867115,2512202243,5
1b127c204972f9807d164c34f0723bfc,Dương Văn Cam,Dương Văn Cam,10.8495638,106.7534794,10.8494184,106.7536678,2.0,50.0,,secondary,asphalt,yes,,,0.0,0.0,0.0,1.0,720.0,0.0,0,A,,,,,,,,,,,0.000334,128.16054679934223,0.026134961656295023,2512202243,5
eab4b6dd4bf708bfef88efdc1d3585f2,Cầu Bình Phước 2,Cầu Bình Phước 2,10.8607907,106.7150626,10.8612059,106.7155477,2.0,50.0,,trunk,asphalt,yes,,QL.1,0.0,0.0,0.0,1.0,720.0,0.0,0,A,,,,,yes,,,,,,0.0009,48.92724011378516,0.07016068695243301,2512202243,5
97c4f983400827786f0659eb490f748d,Xa Lộ Hà Nội,Xa Lộ Hà Nội,10.8084947,106.7555087,10.8458797,106.7715847,2.0,65.0,,trunk,asphalt,yes,,,0.0,0.0,0.0,1.0,720.0,0.0,0,A,,,,,,,,,,,0.053461,22.89559867648694,4.493424994448686,2512202243,5
f804c0bf2888c95589c44831e208fc2d,Quách Thị Trang,Quách Thị Trang,10.7047386,106.8353721,10.7048398,106.8345554,2.0,60.0,,primary,,,,ĐT.769B,0.0,0.0,0.0,1.0,720.0,0.0,0,A,,,,,,,,,,,0.000918,277.187586837696,0.0900413161610143,2512202243,5
2602b0b1802d1ab2478d50934c97a0b5,Lý Thường Kiệt,Lý Thường Kiệt,10.7757808,106.6565902,10.7677013,106.6588507,1.0,50.0,,residential,asphalt,,,,0.0,0.0,0.0,1.0,360.0,0.0,0,A,,,,,,,,,,,0.01034,164.63140661506247,0.9272651493247845,2512202244,5
a354da459413cc117dd993c476b53db2,Nhánh A2,Nhánh A2,10.7932441,106.7532978,10.7938273,106.7522965,2.0,55.0,,motorway_link,asphalt,yes,,CT.29,0.0,0.0,0.0,1.0,720.0,0.0,0,A,,,,,,,,,,,0.001584,300.6651843495291,0.12709388394010968,2512202244,5
b7556d52344c71a481335b2dd6128029,Đường Số 10,Đường Số 10,10.7775374,106.7646391,10.7776559,106.7647651,1.0,50.0,,residential,,,,,0.0,0.0,0.0,1.0,360.0,0.0,0,A,,,,,,,,,,,0.000245,46.247838127447096,0.019018713088799134,2512202244,5
ecf695bbcf2f116ccdbb9fc7593cf055,Xã Bà Điểm,Xã Bà Điểm,10.8426751,106.6148154,10.8425774,106.6147804,2.0,60.0,,trunk,asphalt,yes,,QL.1,0.0,0.0,0.0,1.0,720.0,0.0,0,A,,,,,yes,,,,yes,,0.000133,199.38412191653416,0.011464581523210615,2512202244,5
aed05b4a8b12657ed5b95a0b9cc53203,Cầu Bình Lợi,Cầu Bình Lợi,10.8235017,106.7061476,10.8242579,106.7074369,1.0,50.0,,residential,asphalt,yes,,,0.0,0.0,0.0,1.0,360.0,0.0,0,A,,,,,,,,,,,0.002046,59.15661387051159,0.16393318931491108,2512202244,5
5dc12115410d75d380e733bc87568957,Cao tốc TP. Hồ Chí Minh - Long Thành - Dầu Giây,Cao tốc TP. Hồ Chí Minh - Long Thành - Dầu Giây,10.7918961,106.8178943,10.792934,106.8117098,2.0,120.0,,motorway,asphalt,yes,,CT.29,0.0,0.0,0.0,1.0,720.0,0.0,0,A,,,,,viaduct,,,,,,0.007222,279.6956547140675,0.6860318053816734,2512202244,5
43a99183d8178e3e85913a10ba11a473,Quang Trung,Quang Trung,10.8430788,106.6419808,10.8374889,106.6544376,2.0,50.0,,primary,asphalt,yes,,,0.0,0.0,0.0,1.0,720.0,0.0,0,A,,,,,,,,,,,0.018047,114.55430187155258,1.49587328587445,2512202244,5
2a66e0efdaf3550d5849f40eb9ed089d,Cầu vượt Nguyễn Hữu Cảnh,Cầu vượt Nguyễn Hữu Cảnh,10.7976427,106.7237951,10.7976579,106.7205235,3.0,50.0,,primary,asphalt,yes,,,0.0,0.0,0.0,1.0,1080.0,0.0,0,A,,,,,yes,4.0,,,yes,,0.003287,270.2713012027617,0.3577907718298373,2512202245,5
04edd61439bdc3ac6e47a41f3a4f9295,Hoàng Văn Thụ,Hoàng Văn Thụ,10.800283,106.6668173,10.7932413,106.6535674,1.5,55.0,,primary_link,asphalt,yes,,,0.0,0.0,0.0,1.0,540.0,0.0,0,A,,,,,,,,,,,0.020292,241.5865022861866,1.6451102164505405,2512202245,5
c4453b9f2d10111b0d1b59fd270efc2d,Cầu cụt,Cầu cụt,10.8552658,106.6556187,10.8551425,106.655734,1.0,50.0,,service,,,,,0.0,0.0,0.0,1.0,360.0,0.0,0,A,,,,,,,,,,,0.000239,137.43609360451558,0.018572796398155747,2512202245,5
2c60bbdef24cce8102b3c8e25ffb97e4,Cao tốc TP. Hồ Chí Minh - Long Thành - Dầu Giây,Cao tốc TP. Hồ Chí Minh - Long Thành - Dầu Giây,10.7883612,106.8358795,10.790253,106.8268185,2.0,120.0,,motorway,asphalt,yes,,CT.29,0.0,0.0,0.0,1.0,720.0,0.0,0,A,,,,,viaduct,,,,,,0.010953,282.00005966441097,1.012804584076017,2512202245,5
4e9b9bfd0bbeb0c9139122563e3d0a05,Cầu vượt Cộng Hòa - Hoàng Hoa Thám,Cầu vượt Cộng Hòa - Hoàng Hoa Thám,10.8020955,106.6450548,10.8017925,106.6479549,1.0,50.0,,residential,,,,,0.0,0.0,0.0,1.0,360.0,0.0,0,A,,,,,,,,,,,0.003203,96.07109966639831,0.3189205524736799,2512202245,5
7f3d106ec08adf7614d3eeaba6187d43,Hẻm 246/64 Hòa Hưng,Hẻm 246/64 Hòa Hưng,10.7789044,106.670628,10.7785872,106.6707568,1.0,50.0,,service,,,,,0.0,0.0,0.0,1.0,360.0,0.0,0,A,,,,,,,,,,,0.000446,158.25348259786267,0.037808655081285274,2512202245,5
57cac10e5743ef4902afad6f54b8eeb3,Phạm Thiều,Phạm Thiều,10.7266492,106.7230082,10.7267196,106.7231231,4.0,50.0,,residential,asphalt,no,,,0.0,0.0,0.0,1.0,1440.0,0.0,0,A,,,,,,,,,,,0.000185,58.052183737567134,0.01478541109954796,2512202245,5
7356cb4343632525d15d1b42d3f73a71,Võ Văn Ngân,Võ Văn Ngân,10.8497041,106.7710929,10.8496933,106.7715732,1.0,50.0,,service,asphalt,,,,0.0,0.0,0.0,1.0,360.0,0.0,0,A,,,,,,,,,,,0.000491,91.31152474448709,0.05253081254152018,2512202245,5
095ad12d2a69e3d431676f5d00db8a29,Tân Thuận,Tân Thuận,10.764817,106.7500323,10.7644644,106.749763,4.0,30.0,,residential,asphalt,no,,,0.0,0.0,0.0,1.0,1440.0,0.0,0,A,,,,,,,,,,,0.000622,216.88146969883226,0.048874534225061446,2512202245,5
c1d462a1c4850c61eadcf64e9a0f8fc1,Lê Đại Hành,Lê Đại Hành,10.7587163,106.6592488,10.766178,106.6543476,1.5,50.0,,service,asphalt,,,,0.0,0.0,0.0,1.0,540.0,0.0,0,A,,,,,,,,,,,0.012363,327.16656377786785,0.9841676821158827,2512202245,5
a3a5b42c729268c13efcf7aa4a7894aa,Đại Lộ III,Đại Lộ III,10.8136383,106.7753601,10.8131985,106.7686852,2.0,50.0,,tertiary,asphalt,yes,,,0.0,0.0,0.0,1.0,720.0,0.0,0,A,,,,,,,,,,,0.007115,266.16298934353523,0.7315577504720071,2512202246,5
64991b3007d81e6b8fbb43f1a76dceeb,Phường 8,Phường 8,10.7575894,106.674106,10.757428,106.6739837,2.0,50.0,,primary,asphalt,,,,0.0,0.0,0.0,1.0,720.0,0.0,0,A,,,,,,,,,,,0.000284,216.66504383381275,0.022308353564879674,2512202246,5
4dbd824cfd5c8482767ec70bad40b790,Đường D1,Đường D1,10.8578972,106.7878255,10.8579871,106.7879739,2.0,65.0,,trunk,asphalt,yes,,,0.0,0.0,0.0,1.0,720.0,0.0,0,A,,,,,,,,,,,0.000238,58.33211310913066,0.01903074543593568,2512202246,5
8c7601cef52f0670f5cb7a5ba1bbadac,Trần Hưng Ðạo,Trần Hưng Ðạo,10.7680299,106.6953474,10.7644448,106.692428,2.0,50.0,,primary,asphalt,yes,,,0.0,0.0,0.0,1.0,720.0,0.0,0,A,,,,,,,,,,,0.006504,218.65941103427605,0.5091298245678124,2512202246,5
b280124ab791b50deacdd99db1e18675,Huỳnh Thiện Lộc,Huỳnh Thiện Lộc,10.7803932,106.6363843,10.7789563,106.6401733,1.0,50.0,,residential,asphalt,,,,0.0,0.0,0.0,1.0,360.0,0.0,0,A,,,,,,,,,,,0.005226,111.10830676981237,0.443830112088922,2512202246,5
7bc30df6b84e52e3c1f49f4fcee90763,Phạm Hữu Lầu,Phạm Hữu Lầu,10.7045223,106.7321155,10.7045223,106.7321155,1.0,50.0,,residential,,,,,0.0,0.0,0.0,1.0,360.0,0.0,0,A,,,,,,,,,,,0.0,0.0,0.0,2512202246,5
c1d462a1c4850c61eadcf64e9a0f8fc1,Lê Đại Hành,Lê Đại Hành,10.766178,106.6543476,10.7648499,106.6551501,2.5,50.0,,tertiary,asphalt,yes,,,0.0,0.0,0.0,1.0,900.0,0.0,0,A,,,,,,,,,,,0.002131,149.30605552908366,0.1711286789305921,2512202246,5
ea5ba25b162c6aad49fd8a3d166ddde2,Marie Curie,Marie Curie,10.8786289,106.8017773,10.8788557,106.8000739,1.5,45.0,,service,asphalt,yes,,,0.0,0.0,0.0,1.0,540.0,0.0,0,A,,,,,,,,,,,0.00193,277.72135782596456,0.18791820790741573,2512202246,5
ce594929665cfa4da77b08cbace9a6ae,Ni Sư Huỳnh Liên,Ni Sư Huỳnh Liên,10.782654,106.6494573,10.7821504,106.6497547,1.0,30.0,,tertiary,asphalt,,,,0.0,0.0,0.0,1.0,360.0,0.0,0,A,,,,,,,,,,,0.000801,149.881018016032,0.06450539086950668,2512202246,5
6ea17f272e9d92c4348b73e649fb543d,Vườn Lài,Vườn Lài,10.845755,106.6932002,10.8606545,106.6917699,1.0,50.0,,residential,asphalt,yes,,,0.0,0.0,0.0,1.0,360.0,0.0,0,A,,,,,,,,,,,0.01633,354.61424276175325,1.6554916480626714,2512202246,5
db64f28269cb08c2187871f04aa27ad4,Cầu Ðiện Biên Phủ,Cầu Ðiện Biên Phủ,10.7935904,106.7005728,10.7937716,106.70102,3.0,50.0,,tertiary,,no,,,0.0,0.0,0.0,1.0,1080.0,0.0,0,A,,,,,yes,,25.0,,,,0.000628,67.58451735194075,0.05285478144716451,2512202247,5
51ab0e06b695b53d79589b63bbc694ea,Phạm Văn Bạch,Phạm Văn Bạch,10.8138819,106.6330654,10.8374497,106.6464179,2.0,65.0,,primary,asphalt,yes,,,0.0,0.0,0.0,1.0,720.0,0.0,0,A,,,,,,,,,,,0.03692,29.09354755920856,2.987965819380135,2512202247,5
55842aeaeb4e96c02f236781dc0f177b,Đường số 17,Đường số 17,10.8599601,106.7899405,10.8599391,106.7903213,1.0,50.0,,tertiary,,no,,,0.0,0.0,0.0,1.0,360.0,0.0,0,A,,,,,,,,,,,0.000402,93.21390268829293,0.04170097071699053,2512202247,5
3f4a7dc85944903ea2b70fa37791230b,Ngô Nhân Tịnh,Ngô Nhân Tịnh,10.7504649,106.6533788,10.7504649,106.6533788,3.0,50.0,,secondary,asphalt,yes,,,0.0,0.0,0.0,1.0,1080.0,0.0,0,A,,,,,,,,,,,0.0,0.0,0.0,2512202247,5
5f0fb26464ee8d3480258c0b366b64a2,Đường Liên Ấp 6-2,Đường Liên Ấp 6-2,10.8195165,106.5507126,10.8195126,106.5508201,1.0,50.0,,tertiary,,,,,0.0,0.0,0.0,1.0,360.0,0.0,0,A,,,,,,,,,,,0.000111,92.11528583731206,0.011763414459228011,2512202247,5
6166f3e708c26c896b2f2ff43aa433b5,Nguyễn Kim,Nguyễn Kim,10.7556227,106.6633772,10.7555118,106.6633989,3.0,60.0,,primary,asphalt,yes,,,0.0,0.0,0.0,1.0,1080.0,0.0,0,A,,,,,,,,,,,0.000133,169.11852788414467,0.0124944825311056,2512202247,5
0fa29b6c488bc2c9af0fbfc042e9cd67,Xa Lộ Hà Nội,Xa Lộ Hà Nội,10.8043176,106.7516401,10.8603257,106.7918394,2.0,65.0,,trunk,asphalt,yes,,,0.0,0.0,0.0,1.0,720.0,0.0,0,A,,,,,,,,,,,0.096207,35.17821205230524,7.596298149498573,2512202247,5
eb7db68e1472770b808a2181c54828b9,Tên Lửa,Tên Lửa,10.7384659,106.6149043,10.7379148,106.6147828,1.5,50.0,,primary,asphalt,yes,,,0.0,0.0,0.0,1.0,540.0,0.0,0,A,,,,,,,,,,,0.000673,192.22189583284307,0.06239063745246039,2512202247,5
c0df7ab6395377be90f3f3e34633d252,Cầu Ông Đội,Cầu Ông Đội,10.713383,106.7312623,10.7135062,106.7312577,1.5,55.0,,secondary,,yes,,,0.0,0.0,0.0,1.0,540.0,0.0,0,A,,,,,,,,,,,0.000128,357.89894178307213,0.013636766776931252,2512202247,5
148e250a25be8ebb375a477a09e79c50,Nam Hoà,Nam Hoà,10.8324177,106.7672026,10.8188716,106.7582527,2.0,55.0,,residential,concrete,yes,,,0.0,0.0,0.0,1.0,720.0,0.0,0,A,,,,,,,,,,,0.022496,212.98203729951203,1.7896831949523482,2512202248,5
3b44d63b3bc134e06b0cb4e26a5d3304,Tôn Ðức Thắng,Tôn Ðức Thắng,10.7704106,106.7062443,10.7705573,106.7062775,2.0,50.0,,primary,asphalt,yes,,,0.0,0.0,0.0,1.0,720.0,0.0,0,A,,,,,yes,,,,,,0.00018,12.53443831707034,0.016628244963297064,2512202248,5
825f23a7733d072ca8abdaf46deff460,Ðiện Biên Phủ,Ðiện Biên Phủ,10.7678833,106.6745229,10.78553,106.6927956,1.5,50.0,,primary,asphalt,yes,,,0.0,0.0,0.0,1.0,540.0,0.0,0,A,,,,,,,,,,,0.035919,45.487153569081386,2.7935644915964257,2512202248,5
f27d392adb5daeb407269666383bc04f,Nguyễn Thông,Nguyễn Thông,10.781667,106.679297,10.7781284,106.6843698,1.0,50.0,,residential,,,,,0.0,0.0,0.0,1.0,360.0,0.0,0,A,,,,,,,,,,,0.008611,125.3778794149083,0.678977547745854,2512202248,5
47d57b8fa5d938cb21fb54105483948a,Lê Văn Tách,Lê Văn Tách,10.8761169,106.7542735,10.8783778,106.7609261,1.0,50.0,,trunk,asphalt,yes,,QL.1,0.0,0.0,0.0,1.0,360.0,0.0,0,A,,,,,,,,,,,0.008914,70.91018731005647,0.7691391179002409,2512202248,5
9d4dfa0bc2b0894f70651b92575ada16,Quốc lộ 22,Quốc lộ 22,10.86564,106.6000503,10.8704157,106.5966668,3.0,50.0,,residential,asphalt,,,,0.0,0.0,0.0,1.0,1080.0,0.0,0,A,,,,,,,,,,,0.008159,325.1710784253314,0.6449114314223607,2512202248,5
52f8833263ea5244b4ba18915d2cc4c7,Cầu Phú Mỹ,Cầu Phú Mỹ,10.7470262,106.7483935,10.7450815,106.7441524,2.0,50.0,,trunk,,yes,,,0.0,0.0,0.0,1.0,720.0,0.0,0,A,,,,,yes,,,,,,0.006186,244.98092294074922,0.5113387510560188,2512202248,5
543810792cf0d10958b11c5ba771b10b,Cầu Đen 2,Cầu Đen 2,10.7994405,106.7334642,10.7997398,106.7334573,1.0,60.0,,secondary,asphalt,yes,,,0.0,0.0,0.0,1.0,360.0,0.0,0,A,,,,,yes,,,,,,0.000306,358.702732110185,0.03311515026437432,2512202248,5
0a60d9b8c8faa3dd63ef9ea253cdc80f,Phường Cát Lái,Phường Cát Lái,10.7581824,106.7888166,10.7581122,106.7889037,1.0,50.0,,primary,,,,,0.0,0.0,0.0,1.0,360.0,0.0,0,A,,,,,yes,,,,,,0.000157,129.36508349504982,0.012290330661075866,2512202248,5
29dea696b73d817af6c22452c91b2b3f,Đường Nguyễn Chí Thanh,Đường Nguyễn Chí Thanh,10.7607311,106.6727534,10.7607915,106.6740891,2.5,55.0,,tertiary,asphalt,yes,,,0.0,0.0,0.0,1.0,900.0,0.0,0,A,,,,,,,,,,,0.001396,87.36445991997948,0.14624452656173467,2512202248,5
dc6fa3969a8402ca99063b4d13544eaf,Quách Thị Trang,Quách Thị Trang,10.7044998,106.847625,10.7041127,106.8398361,1.5,55.0,,residential,,,,ĐT.769B,0.0,0.0,0.0,1.0,540.0,0.0,0,A,,,,,,,,,,,0.008176,267.10522385447683,0.8531421655325446,2512202248,5
94b51b0dd3b8272a114c6caf4e088f24,Nguyễn Văn Linh,Nguyễn Văn Linh,10.7311956,106.7192028,10.7526944,106.7269803,1.5,50.0,,residential,asphalt,,,,0.0,0.0,0.0,1.0,540.0,0.0,0,A,,,,,,,,,,,0.029276,19.565762134358522,2.525630148404968,2512202248,5
043c55268d1b36486b49db01a7cfe9de,Lê Trọng Tấn,Lê Trọng Tấn,10.8077236,106.621088,10.809165,106.6156148,1.0,50.0,,secondary,asphalt,yes,,,0.0,0.0,0.0,1.0,360.0,0.0,0,A,,,,,,,,,,,0.006915,285.009237737445,0.619407212172693,2512202248,5
33659cfa335ae26ebb27ec2d943d073d,Nguyễn Văn Trỗi,Nguyễn Văn Trỗi,10.7985035,106.6707041,10.7941581,106.6777789,2.0,55.0,,primary,asphalt,yes,,,0.0,0.0,0.0,1.0,720.0,0.0,0,A,,,,,,,,,,,0.01142,122.01609202290058,0.9108597819174742,2512202249,5
c9e93cbf8c75b64a0675bd2fc62a5449,Cầu Văn Thánh,Cầu Văn Thánh,10.8003961,106.7165178,10.8006159,106.716054,4.0,60.0,,trunk,asphalt,yes,,,0.0,0.0,0.0,1.0,1440.0,0.0,0,A,,,,,yes,,,,,,0.000684,295.7553828850519,0.05624737547428485,2512202249,5
f3b77211e4a2df3a18a8db9e5af46cf9,Vòng xoay Mỹ Thủy,Vòng xoay Mỹ Thủy,10.7697992,106.7748933,10.7698665,106.7748651,2.0,60.0,,primary,asphalt,yes,,,0.0,0.0,0.0,1.0,720.0,0.0,0,A,,,,,,,,,,,9.6e-05,337.62604497054826,0.00805789948091306,2512202249,5
8c8a5499ecc899d953ab6c1c66a1dab9,Trương Định,Trương Định,10.7712056,106.6966242,10.7807024,106.6863035,2.0,55.0,,residential,asphalt,yes,,,0.0,0.0,0.0,1.0,720.0,0.0,0,A,,,,,,,,,,,0.019818,313.12857946057784,1.5419480939402654,2512202249,5
210150fe2e47c8bccfd9494c5efd494d,Dường An Phú,Dường An Phú,10.83809,106.6900349,10.852303,106.6820873,1.0,50.0,,unclassified,unpaved,,,,0.0,0.0,0.0,1.0,360.0,0.0,0,A,,,,,,,,,,,0.022161,331.22556155333785,1.7963466733411346,2512202249,5
845ae7048313c76a2823b14517852eea,Hồ Hảo Hớn,Hồ Hảo Hớn,10.7598239,106.6940131,10.763051,106.6908753,2.0,50.0,,tertiary,asphalt,,,,0.0,0.0,0.0,1.0,720.0,0.0,0,A,,,,,,,3.0,,,,0.006365,316.312060231861,0.4951796481750454,2512202249,5
745c19b541bdadd331a6485c6e92a834,Quận Gò Vấp,Quận Gò Vấp,10.8193084,106.6900639,10.8195596,106.6899222,2.5,65.0,,secondary,asphalt,yes,,,0.0,0.0,0.0,1.0,900.0,0.0,0,A,,,,,,,,,,,0.000393,331.01071767325266,0.031814682710409874,2512202249,5
0b6d77b829081eb6542188990f40a7c4,Nguyễn Thị Thập,Nguyễn Thị Thập,10.7406127,106.699903,10.7394635,106.7068498,1.0,50.0,,residential,asphalt,,,,0.0,0.0,0.0,1.0,360.0,0.0,0,A,,,,,,,,,,,0.008096,99.55706156224232,0.7704155467523657,2512202249,5
2fe66c5dbf2f0e0e4fb344e171835ad2,Lê Tuấn Mậu,Lê Tuấn Mậu,10.7490204,106.625679,10.7482606,106.6267106,2.0,50.0,,service,asphalt,,,,0.0,0.0,0.0,1.0,720.0,0.0,0,A,,,,,,,,,,,0.001791,126.85803012417085,0.14069537347482752,2512202249,5
9e8ff4d9311cdcda6c25a592b28ef761,Lý Thái Tổ,Lý Thái Tổ,10.7438421,106.8044591,10.7376092,106.8141974,1.5,50.0,,primary,,,,ĐT.769B,0.0,0.0,0.0,1.0,540.0,0.0,0,A,,,,,,,,,,,0.015971,123.08144231402122,1.2688438761485876,2512202249,5
d4bae69d9000469f93a269bf4795864f,Đường ven hồ trung tâm,Đường ven hồ trung tâm,10.76937,106.71738,10.7786804,106.7229301,2.5,50.0,,tertiary,asphalt,,,,0.0,0.0,0.0,1.0,900.0,0.0,0,A,,,,,,,,,,,0.01486,30.35314783503162,1.195433629218303,2512202249,5
bc94aeffd098c8bc40f404954c2d385c,Phan Xích Long,Phan Xích Long,10.8015575,106.6832089,10.799015,106.6869344,1.0,50.0,,tertiary,,,,,0.0,0.0,0.0,1.0,360.0,0.0,0,A,,,,,,,,,,,0.006268,124.78989414005923,0.49506134082903774,2512202249,5
d71dd5fac508e54d226b3a5e3a350cea,3 Tháng 2,3 Tháng 2,10.7667954,106.6656006,10.7637713,106.6597513,1.0,50.0,,residential,asphalt,,,,0.0,0.0,0.0,1.0,360.0,0.0,0,A,,,,,,,,,,,0.008873,242.2443312027392,0.7219289409238135,2512202249,5
fee33ae4b742737a9c531680f3ca0eda,Quang Trung,Quang Trung,10.844692,106.6397062,10.8350079,106.6634568,1.5,50.0,,primary,asphalt,yes,,,0.0,0.0,0.0,1.0,540.0,0.0,0,A,,,,,,,,,,,0.033435,112.54349441566603,2.8092793820169857,2512202250,5
713582740c5657f37f5ed02a11ca7dd8,Tân Liễu,Tân Liễu,10.6811514,106.5954928,10.6818,106.5958303,1.5,50.0,,unclassified,,,,,0.0,0.0,0.0,1.0,540.0,0.0,0,A,,,,,,,,,,,0.000986,27.08223153462393,0.08068730489399062,2512202250,5
a6046a1a61622971d701d21428890290,Đường Vành đai ĐHQG,Đường Vành đai ĐHQG,10.8804438,106.8104451,10.8780069,106.8088204,2.0,50.0,,residential,asphalt,,,,0.0,0.0,0.0,1.0,720.0,0.0,0,A,,,,,,,,,,,0.004062,213.21392904740117,0.32281997493360737,2512202250,5
0061b758a42f099e6d194fe2d6e75c78,Phường Tam Bình,Phường Tam Bình,10.8649833,106.728414,10.8648292,106.7285029,1.0,50.0,,residential,,,,,0.0,0.0,0.0,1.0,360.0,0.0,0,A,,,,,,,,,,,0.000243,150.46597252083745,0.01962221402714941,2512202250,5
69612fa73726b3617315f5dbcb75d523,Phạm Văn Đồng,Phạm Văn Đồng,10.8218467,106.6992827,10.8173044,106.6849075,4.0,65.0,,trunk,asphalt,yes,,,0.0,0.0,0.0,1.0,1440.0,0.0,0,A,,,,,,,,,,,0.018918,252.16833988794264,1.6503213756098223,2512202250,5
cd6d7444c4b39c9db881d0f8dbb3f3c4,Trần Quốc Hoàn,Trần Quốc Hoàn,10.8050283,106.6643387,10.8026411,106.6635788,2.5,55.0,,primary,asphalt,yes,,,0.0,0.0,0.0,1.0,900.0,0.0,0,A,,,,,,,,,,,0.003147,197.3635097446789,0.2768240565407462,2512202250,5
cba453eaef49c45852cd4c04852540d0,Vĩnh Hội,Vĩnh Hội,10.7557367,106.7008649,10.7558499,106.7009702,2.0,50.0,,tertiary,asphalt,no,,,0.0,0.0,0.0,1.0,720.0,0.0,0,A,,,,,,,,,,,0.000219,42.42323154421882,0.017012773059136094,2512202250,5
d21e230286ed05f3b67dd652c64f0201,Xa Lộ Hà Nội,Xa Lộ Hà Nội,10.8010884,106.7392519,10.8020857,106.7438001,2.0,60.0,,trunk,asphalt,yes,,,0.0,0.0,0.0,1.0,720.0,0.0,0,A,,,,no,,,,,,,0.005546,77.41582400988426,0.5094774347869659,2512202250,5
51c378dc170a6f6ecbf82daa1844e6b7,Số 12,Số 12,10.867114,106.7578623,10.8672756,106.7622334,1.5,50.0,,tertiary,asphalt,,,,0.0,0.0,0.0,1.0,540.0,0.0,0,A,,,,,,,,,,,0.004533,87.84369506742462,0.4782535763825671,2512202250,5
a264b8cb890cb9e83830948e5a9a7670,Trần Văn Mười,Trần Văn Mười,10.8496569,106.5879562,10.8777391,106.5913288,1.5,50.0,,tertiary,asphalt,yes,,QL.22,0.0,0.0,0.0,1.0,540.0,0.0,0,A,,,,,,,,,yes,,0.031455,6.72636077942235,3.128087858772376,2512202250,5
ec78cff62300b277c94662459ad20e79,Đường số 13,Đường số 13,10.8641797,106.7663628,10.8642639,106.766054,1.0,50.0,,residential,asphalt,,,,0.0,0.0,0.0,1.0,360.0,0.0,0,A,,,,,,,,,,,0.000393,285.5170628963582,0.035024395595052736,2512202250,5
2f1bdbe2cf4979978d49925cf2871b35,Bến Vân Đồn,Bến Vân Đồn,10.7584116,106.6937223,10.7573004,106.6918919,2.5,60.0,,secondary,asphalt,yes,,,0.0,0.0,0.0,1.0,900.0,0.0,0,A,,,,,,,,,,,0.002942,238.28655828150204,0.23492180643664154,2512202250,5
f661d7fe234a818fcb8118593f40f036,Đường A,Đường A,10.7495269,106.5938427,10.7495472,106.5939152,2.0,50.0,,secondary,asphalt,,,,0.0,0.0,0.0,1.0,720.0,0.0,0,A,,,,,,,,,,,9.3e-05,74.09237619809113,0.008241741561995258,2512202251,5
997d78e071529c77b516901bdfd5ec4b,Xa Lộ Hà Nội,Xa Lộ Hà Nội,10.8685319,106.804085,10.8752397,106.810076,2.0,50.0,,residential,asphalt,yes,,QL.1,0.0,0.0,0.0,1.0,720.0,0.0,0,A,,,,,,,,,yes,,0.012699,41.2537179636285,0.9897384021911239,2512202251,5
a3e6271e60e93a92876b893df4668fb0,Phó Cơ Điều,Phó Cơ Điều,10.7575292,106.657093,10.758013,106.6571078,2.0,50.0,,tertiary,asphalt,yes,,,0.0,0.0,0.0,1.0,720.0,0.0,0,A,,,,,,,,,,,0.000499,1.7214201343633704,0.05353903340654597,2512202251,5
03a32720a21696ddc4450a75c1855641,Tống Văn Trân,Tống Văn Trân,10.7719941,106.6411857,10.769814,106.6444321,1.0,50.0,,residential,asphalt,,,,0.0,0.0,0.0,1.0,360.0,0.0,0,A,,,,,,,,,,,0.005427,124.35570486620668,0.42921015865219503,2512202251,5
19159488838aabb5e7b22630b92d0b76,Nguyễn Thị Thập,Nguyễn Thị Thập,10.7394635,106.7068498,10.7399476,106.7035805,1.0,50.0,,residential,asphalt,,,,0.0,0.0,0.0,1.0,360.0,0.0,0,A,,,,,,,,,,,0.003753,278.57109973356046,0.36159052156982807,2512202251,5
34b694fa39d720c50e59d25c063bdac1,Cầu Bình Phú,Cầu Bình Phú,10.8547733,106.7343846,10.8550441,106.7349099,2.0,50.0,,secondary,asphalt,,,,0.0,0.0,0.0,1.0,720.0,0.0,0,A,,,,,yes,,25.0,,,,0.000796,62.30465567514318,0.06477824761388641,2512202251,5
54ae9072ba7a089aa63f221944f17678,Cầu Băng Ky,Cầu Băng Ky,10.8182453,106.6985355,10.8184238,106.6989116,1.0,50.0,,secondary,asphalt,yes,,,0.0,0.0,0.0,1.0,360.0,0.0,0,A,,,,,yes,,,,,,0.000555,64.21033863276011,0.04562190819534834,2512202251,5
68b716fd84cc1f6a5e748d1076cfd25c,Cầu vượt An Sương,Cầu vượt An Sương,10.8423388,106.6149893,10.8445156,106.6172944,2.0,60.0,,trunk,asphalt,yes,,QL.1,0.0,0.0,0.0,1.0,720.0,0.0,0,A,,,,,yes,,,,yes,,0.004482,46.12397491309548,0.3485776153567733,2512202251,5
8b552f8e88cb01f028e9b6af0f77967d,Phạm Văn Đồng,Phạm Văn Đồng,10.8339731,106.7284081,10.8252909,106.7114115,3.5,50.0,,trunk,asphalt,yes,,,0.0,0.0,0.0,1.0,1260.0,0.0,0,A,,,,,yes,,,,,,0.025679,242.52345055871547,2.0920349084155787,2512202251,5
bcbced11f42b439c245dea1d61eb96f7,Gò Dưa,Gò Dưa,10.8691182,106.73608,10.8665765,106.7267906,1.0,50.0,,tertiary,asphalt,yes,,QL.1,0.0,0.0,0.0,1.0,360.0,0.0,0,A,,,,,,,,,,,0.011831,254.43251272174092,1.0538594686068292,2512202251,5
b78d9d8b7dfe37e11e98fe569e27dd8a,Tây Thạnh,Tây Thạnh,10.8131648,106.6226738,10.8157799,106.6249673,2.5,50.0,,tertiary,asphalt,yes,,,0.0,0.0,0.0,1.0,900.0,0.0,0,A,,,,,,,,,,,0.004909,40.742904424493304,0.38285524729094167,2512202251,5
98bf4ddfa98280fdc683c279a96e34c7,Cầu vượt Hàng Xanh,Cầu vượt Hàng Xanh,10.801349,106.7109178,10.8014241,106.7109087,6.0,50.0,,primary,asphalt,yes,,,0.0,0.0,0.0,1.0,2160.0,0.0,0,A,,,,,,,,,,,8.4e-05,353.21230774763296,0.008366455753506877,2512202251,5
49659a77c26e913c341cbca256c8cc7b,Cầu Thanh Lộc,Cầu Thanh Lộc,10.8608943,106.6696497,10.8610728,106.6698521,1.0,50.0,,secondary,,,,,0.0,0.0,0.0,1.0,360.0,0.0,0,A,,,,,,,,,,,0.000381,48.076056316936445,0.02965785811670279,2512202251,5
033917c1a30a4170547643656b2e2087,Kênh Tân Hoá,Kênh Tân Hoá,10.7693744,106.6355574,10.7786413,106.6399809,1.5,50.0,,tertiary,asphalt,yes,,,0.0,0.0,0.0,1.0,540.0,0.0,0,A,,,,,,,,,,,0.01369,25.122855017068275,1.1334762459172913,2512202251,5
7050a07783c0e630eefbcd94933019af,Phạm Đăng Giảng,Phạm Đăng Giảng,10.8214287,106.60636,10.818044,106.6044259,1.0,50.0,,residential,,,,,0.0,0.0,0.0,1.0,360.0,0.0,0,A,,,,,,,,,,,0.005319,209.3041949623047,0.43000317316820363,2512202251,5
c35879175da769f5bcd97e8c2f9edcbd,Nguyễn Kiệm,Nguyễn Kiệm,10.7998472,106.680033,10.8194173,106.6787757,1.5,50.0,,primary,asphalt,yes,,,0.0,0.0,0.0,1.0,540.0,0.0,0,A,,,,,,,,,,,0.020827,356.3892004109875,2.1690763467757836,2512202252,5
8e0ec580bda69359e38c2c292499b959,Hậu Giang,Hậu Giang,10.7453991,106.6239247,10.745339,106.6240715,1.5,50.0,,secondary,asphalt,,,,0.0,0.0,0.0,1.0,540.0,0.0,0,A,,,,,,,,,,,0.000207,112.62183552665715,0.017378773626570063,2512202252,5
bbf4640b7a0850b3737a3ac90ebed255,Hương lộ 8,Hương lộ 8,10.6828162,106.5444885,10.6844568,106.550446,1.5,50.0,,secondary,asphalt,,,ĐT.830C,0.0,0.0,0.0,1.0,540.0,0.0,0,A,,,,,,,,,,,0.007598,74.34435835098407,0.6765569526527494,2512202252,5
3d4e866d3bc5c188f49992bb3a26fed2,Tô Hiệu,Tô Hiệu,10.7723432,106.6271541,10.7732289,106.6274402,1.5,50.0,,tertiary,asphalt,,,,0.0,0.0,0.0,1.0,540.0,0.0,0,A,,,,,,,,,,,0.001172,17.605687466702534,0.10284571169954365,2512202252,5
5dc12115410d75d380e733bc87568957,Cao tốc TP. Hồ Chí Minh - Long Thành - Dầu Giây,Cao tốc TP. Hồ Chí Minh - Long Thành - Dầu Giây,10.790253,106.8268185,10.7918961,106.8178943,1.5,85.0,,motorway,asphalt,yes,,CT.29,0.0,0.0,0.0,1.0,540.0,0.0,0,A,,,,,viaduct,,,,,,0.010567,280.61671619630533,0.9927628581369672,2512202252,5
ffe0fbd1321fd7e77e1c401476d71054,Trường Sơn,Trường Sơn,10.8130718,106.6649688,10.8111229,106.6650145,2.5,55.0,,primary,asphalt,yes,,,0.0,0.0,0.0,1.0,900.0,0.0,0,A,,,,,,,,,,,0.001995,178.68054400355027,0.21563229729080827,2512202252,5
7d70409c8767e15154aa1619fbcb954b,Cầu Calmette,Cầu Calmette,10.7671805,106.6998985,10.7645089,106.700715,1.5,55.0,,secondary,asphalt,yes,,,0.0,0.0,0.0,1.0,540.0,0.0,0,A,,,,,,,,,,,0.003488,163.28791880985534,0.3087125044629598,2512202252,5
53924faefb7652b3bdaf1cc16ed31414,Nguyễn Tri Phương,Nguyễn Tri Phương,10.7614123,106.6684746,10.7666599,106.6674092,2.0,50.0,,residential,asphalt,yes,,,0.0,0.0,0.0,1.0,720.0,0.0,0,A,,,,,,,,,,,0.006313,348.72025959141246,0.5920337639124053,2512202252,5
d81af31114067415631b1c2307ba4261,Phú Thọ,Phú Thọ,10.7589846,106.641575,10.7589257,106.641586,2.0,50.0,,secondary,asphalt,,,,0.0,0.0,0.0,1.0,720.0,0.0,0,A,,,,,,,,,,,7e-05,169.60332975120218,0.006625262834820572,2512202252,5
6a00832a711b7b634d2304dea9532ce4,Nguyễn Kiệm,Nguyễn Kiệm,10.8132332,106.6786725,10.8135747,106.6787698,1.0,50.0,,primary,asphalt,,,,0.0,0.0,0.0,1.0,360.0,0.0,0,A,,,,,,,,,,,0.000439,15.634813057843303,0.03924444508915874,2512202252,5
bdce1bfc0b89165c9a039761cedcc781,Thuận Kiều,Thuận Kiều,10.7597225,106.6587965,10.7552474,106.6584197,1.5,50.0,,secondary,asphalt,yes,,,0.0,0.0,0.0,1.0,540.0,0.0,0,A,,,,,,,,,,,0.004852,184.72874873445062,0.49671678174303274,2512202252,5
077abce41d36295c50eedc27a6c8a57e,Linh Đông,Linh Đông,10.8415361,106.7438406,10.8415361,106.7438406,2.0,50.0,,primary,asphalt,yes,,,0.0,0.0,0.0,1.0,720.0,0.0,0,A,,,,,,,,,,,0.0,0.0,0.0,2512202252,5
deb41e409d227136251629f2882ac34f,Mai Chí Thọ,Mai Chí Thọ,10.7784791,106.7322207,10.8012401,106.7529968,2.0,65.0,,trunk,asphalt,yes,,,0.0,0.0,0.0,1.0,720.0,0.0,0,A,,,,,,,,,,,0.043537,41.87923681669963,3.391366828942598,2512202252,5
61befe6a24cb50fc81cd2d1620af1bc3,Đường Thành Thái,Đường Thành Thái,10.7681721,106.666908,10.7764553,106.6636154,1.5,50.0,,primary,asphalt,yes,,,0.0,0.0,0.0,1.0,540.0,0.0,0,A,,,,,,,,,,,0.011576,338.6697395641091,0.984459040124781,2512202252,5
c10432c21f3605f30d3cd810f31923c3,Nguyễn Chí Thanh,Nguyễn Chí Thanh,10.7601722,106.6704457,10.760806,106.6731253,1.5,50.0,,tertiary,asphalt,,,,0.0,0.0,0.0,1.0,540.0,0.0,0,A,,,,,,,,,,,0.003313,76.46277839722211,0.30134911126536656,2512202252,5
905ee1f521b04a6705f932f24ac21d6a,Dồng Tâm,Dồng Tâm,10.8630927,106.6107839,10.8632256,106.6104704,1.0,50.0,,residential,,,,,0.0,0.0,0.0,1.0,360.0,0.0,0,A,,,,,,,,,,,0.000446,293.3478937320838,0.037296697724702996,2512202252,5
bd0bdfc59239b2c228e0d185d9029e5d,Trần Nam Trung,Trần Nam Trung,10.7085686,106.8191301,10.7065115,106.8236348,1.0,50.0,,tertiary,,,,,0.0,0.0,0.0,1.0,360.0,0.0,0,A,,,,,,,,,,,0.006562,114.92615601168109,0.5427832252486371,2512202252,5
a828dad6ef44da85028cdabab924f10c,Hai Bà Trưng,Hai Bà Trưng,10.7821327,106.6989225,10.78789,106.6919402,1.0,50.0,,residential,asphalt,,,,0.0,0.0,0.0,1.0,360.0,0.0,0,A,,,,,,,,,,,0.01274,310.0101808943964,0.9943245874577551,2512202252,5
c887cc41c12d77baa78fbd1b92c9577e,Vòng xoay Ngã Sáu Nguyễ Thái Sơn,Vòng xoay Ngã Sáu Nguyễ Thái Sơn,10.8143542,106.6786185,10.8140447,106.6785004,1.5,50.0,,primary,asphalt,yes,,,0.0,0.0,0.0,1.0,540.0,0.0,0,A,,,,,,,,,,,0.000428,200.54633980497596,0.0365898655652493,2512202252,5
c9bf2ababcddcaa13b59651f018052f6,Ngô Quyền,Ngô Quyền,10.7656858,106.664104,10.7613478,106.6650929,1.5,50.0,,residential,asphalt,,,,0.0,0.0,0.0,1.0,540.0,0.0,0,A,,,,,,,,,,,0.005327,167.37671625908206,0.4918782647494179,2512202252,5
268a920a92850452241197e08b870a5f,Trần Hưng Ðạo,Trần Hưng Ðạo,10.7520028,106.6580656,10.752179,106.6632877,1.0,50.0,,residential,,,,,0.0,0.0,0.0,1.0,360.0,0.0,0,A,,,,,,,,,,,0.005398,88.03250970074384,0.5715145636010752,2512202252,5
df91e99c6228fca17cfad0853bd36ed5,Quang Trung,Quang Trung,10.8374889,106.6544376,10.8393084,106.6472307,1.5,50.0,,residential,asphalt,,,,0.0,0.0,0.0,1.0,540.0,0.0,0,A,,,,,,,,,,,0.009026,284.41655794677564,0.8133446834561556,2512202252,5
730424c8a47306d8903e93f2926f995d,Hẻm 506 Lạc Long Quân,Hẻm 506 Lạc Long Quân,10.7711649,106.6460379,10.7705706,106.6472103,1.5,50.0,,secondary,asphalt,yes,,,0.0,0.0,0.0,1.0,540.0,0.0,0,A,,,,,,,,,,,0.001767,117.29360547904588,0.14409537724118923,2512202252,5
fe89e81c704908a30c246e67aed9365a,Hương lộ 8,Hương lộ 8,10.6817688,106.5406723,10.6828162,106.5444885,1.5,50.0,,secondary,asphalt,,,ĐT.830C,0.0,0.0,0.0,1.0,540.0,0.0,0,A,,,,,,,,,,,0.004864,74.39450382264346,0.4332800506309869,2512202252,5
318f23911d6daa73f4e4a048f9752dd5,vòng xoay Thái Bình,vòng xoay Thái Bình,10.7667749,106.6882291,10.7667953,106.6882753,1.5,50.0,,secondary,asphalt,no,,,0.0,0.0,0.0,1.0,540.0,0.0,0,A,,,,,,,,,,,6.7e-05,65.79745790283448,0.005533963814851491,2512202252,5
547363d49bad58f120835e66b68860f2,Nguyễn Thị Minh Khai,Nguyễn Thị Minh Khai,10.7660316,106.682324,10.7657285,106.6818889,1.5,50.0,,tertiary,asphalt,,,,0.0,0.0,0.0,1.0,540.0,0.0,0,A,,,,,,,,,,,0.000738,234.65948721488456,0.058212357730743805,2512202252,5
386ef53d909bc4061a83e53a1f50d4d7,Cầu vượt Lý Thái Tổ - Nguyễn Tri Phương,Cầu vượt Lý Thái Tổ - Nguyễn Tri Phương,10.7692426,106.6699972,10.7681372,106.667887,1.5,50.0,,primary,asphalt,,9.5,,0.0,0.0,0.0,1.0,540.0,0.0,0,A,,,,,yes,,10.0,,yes,,0.003216,241.93245382963585,0.2611846164244171,2512202252,5
573db5c9e513464ec598b4100d46964e,Tản Đà,Tản Đà,10.7510333,106.6646409,10.7548043,106.663899,1.5,50.0,,tertiary,asphalt,,,,0.0,0.0,0.0,1.0,540.0,0.0,0,A,,,,,,,,,,,0.004513,349.0606241608229,0.42494131771552623,2512202252,5
175ae2ba6f1197c63b44b93c36cd637d,Trường Chinh,Trường Chinh,10.832788,106.6218498,10.8311999,106.6227295,1.0,50.0,,primary,asphalt,yes,,,0.0,0.0,0.0,1.0,360.0,0.0,0,A,,,,,,,,,,,0.002468,151.4509562748956,0.20027890865122436,2512202252,5
e29478f607afdcf40384533ee444e45d,Trường Chinh,Trường Chinh,10.8373896,106.6187325,10.7959135,106.647854,1.0,50.0,,residential,,,,,0.0,0.0,0.0,1.0,360.0,0.0,0,A,,,,,,,,,,,0.070598,145.40508600678476,5.584755562783457,2512202252,5
a333685ffb8d0df90a7394f1e42a388a,Bến Cát,Bến Cát,10.7852199,106.6568031,10.7851391,106.6568613,1.0,50.0,,residential,asphalt,,,,0.0,0.0,0.0,1.0,360.0,0.0,0,A,,,,,,,,,,,0.000139,144.7177823037572,0.01097242686552452,2512202252,5
8ccdc41e826b62aee68d239a63d9f13d,Tân Quý,Tân Quý,10.7987681,106.6196106,10.7951375,106.6203627,1.0,50.0,,tertiary,,,,,0.0,0.0,0.0,1.0,360.0,0.0,0,A,,,,,,,,,,,0.004383,168.49793200003683,0.4099289273299881,2512202252,5
51717c26bcfe2b2fa0c1ca30b5a7b48d,Phạm Văn Đồng,Phạm Văn Đồng,10.8196001,106.6902882,10.837129,106.7326464,2.5,65.0,,trunk,asphalt,yes,,,0.0,0.0,0.0,1.0,900.0,0.0,0,A,,,,,,,,,,,0.059887,67.14899576652829,5.021333219966742,2512202252,5
edd04a4ad93a14c44c8817dc0837f268,Thuận Kiều,Thuận Kiều,10.7552474,106.6584197,10.7552474,106.6584197,1.5,50.0,,residential,asphalt,,,,0.0,0.0,0.0,1.0,540.0,0.0,0,A,,,,,,,,,,,0.0,0.0,0.0,2512202252,5
b001fef67f6c2ecbf851f1f2f2485b76,Dương Thị Mười,Dương Thị Mười,10.8703305,106.6368278,10.8704226,106.6368738,1.0,50.0,,tertiary,,,,,0.0,0.0,0.0,1.0,360.0,0.0,0,A,,,,,,,,,,,0.000138,26.127716735209788,0.011361369768856521,2512202252,5
08f80b05cadf30c51835ffd69d35ec5c,Cao Thắng,Cao Thắng,10.7729223,106.678801,10.7716819,106.6802249,2.0,50.0,,secondary,asphalt,,,,0.0,0.0,0.0,1.0,720.0,0.0,0,A,,,,,,,,,,,0.002664,131.56504300233155,0.20755181910972287,2512202252,5
a4f9a1f5403307daea1bb661fc36e527,Võ Chí Công,Võ Chí Công,10.7655125,106.770577,10.7588708,106.7634266,1.5,70.0,,trunk,asphalt,yes,,,0.0,0.0,0.0,1.0,540.0,0.0,0,A,,,,,,,,,,,0.013792,226.60567050961222,1.073012379838619,2512202252,5
3db382745fa236a7c2c11d60a79200c7,Xuân Hồng,Xuân Hồng,10.7944927,106.6525329,10.7937384,106.6517611,2.0,50.0,,primary,asphalt,yes,,,0.0,0.0,0.0,1.0,720.0,0.0,0,A,,,,,,,,,,,0.001526,225.14569949813168,0.11868398198861381,2512202252,5
c7d7260e52bed314656b87bc6a0c6cb2,Hưng Phú,Hưng Phú,10.7461296,106.6682445,10.7462542,106.6689261,1.0,50.0,,service,asphalt,,,,0.0,0.0,0.0,1.0,360.0,0.0,0,A,,,,,,,,,,,0.000806,79.4595470906412,0.07581664040547728,2512202252,5
077ca7cc4c2807768a3891b8e0026e82,Nguyễn Trãi,Nguyễn Trãi,10.7548304,106.6708395,10.7562318,106.6758517,1.0,50.0,,service,,,,,0.0,0.0,0.0,1.0,360.0,0.0,0,A,,,,,,,,,,,0.006414,74.11331282037702,0.5697117451821434,2512202252,5
89010c15e8cbc3096319f581489764f3,Hồng Lạc,Hồng Lạc,10.7879176,106.6465073,10.7879756,106.6464872,1.0,50.0,,tertiary,,yes,,,0.0,0.0,0.0,1.0,360.0,0.0,0,A,,,,,,,,,,,7.8e-05,341.20004166204126,0.006781718795479882,2512202252,5
84eb11d4f026108d6c4e5416dbe7c21c,Quận 8,Quận 8,10.7493268,106.6881377,10.7490054,106.6882437,2.0,50.0,,primary,asphalt,yes,,,0.0,0.0,0.0,1.0,720.0,0.0,0,A,,,,,yes,,,,,,0.000427,162.0466284530322,0.03739381675089494,2512202252,5
9b1017f69eb0df6c948c7c8b77e3b590,Đường số 7,Đường số 7,10.7515592,106.6190633,10.7516045,106.6193735,1.5,50.0,,secondary,asphalt,yes,,,0.0,0.0,0.0,1.0,540.0,0.0,0,A,,,,,,,,,,,0.000355,81.54519114990478,0.034297078095729926,2512202252,5
a58e07d18315aac3e74d827d93e44442,Mai Chí Thọ,Mai Chí Thọ,10.7948062,106.7522864,10.7882091,106.7505717,1.0,50.0,,residential,,,,,0.0,0.0,0.0,1.0,360.0,0.0,0,A,,,,,,,,,,,0.008312,194.3229587558566,0.7534365231207635,2512202252,5
96c090961a22dae72ce4fb51ac84e273,Hẻm 1129 Lạc Long Quân,Hẻm 1129 Lạc Long Quân,10.7897093,106.6518377,10.7896403,106.6520158,1.0,50.0,,residential,,,,,0.0,0.0,0.0,1.0,360.0,0.0,0,A,,,,,,,,,,,0.000247,111.52402695283996,0.020919755645606514,2512202252,5
5691ba95d95c1aa1bbdbfc3f0d552ef6,Nguyễn Phúc Nguyên,Nguyễn Phúc Nguyên,10.7805493,106.6792239,10.7820636,106.6789157,1.5,50.0,,tertiary,asphalt,no,,,0.0,0.0,0.0,1.0,540.0,0.0,0,A,,,,,,,,,,,0.001822,348.6937433762716,0.17085932103738538,2512202252,5
e60f6940bca29797062ec575599d5b16,Phan Đình Phùng,Phan Đình Phùng,10.7991177,106.6803031,10.7991862,106.6802718,1.5,50.0,,primary,asphalt,yes,,,0.0,0.0,0.0,1.0,540.0,0.0,0,A,,,,,,,,,,,0.0001,335.8274564685073,0.008314322594070708,2512202252,5
08548f32e9cf934f62b6185f8b6b5ace,Lý Chính Thắng,Lý Chính Thắng,10.7792426,106.6820441,10.788335,106.6850959,1.0,50.0,,service,,,,,0.0,0.0,0.0,1.0,360.0,0.0,0,A,,,,,,,,,,,0.012144,18.247907350105038,1.0596743875210621,2512202252,5
cfc1d8a13eb70ffc6d5cf19f6e2839df,Tô Hiến Thành,Tô Hiến Thành,10.7797849,106.6679193,10.7825973,106.6716762,1.0,50.0,,service,,,,,0.0,0.0,0.0,1.0,360.0,0.0,0,A,,,,,,,,,,,0.006569,52.69054327082466,0.515364166699561,2512202252,5
e3eef76fb76e773a3568b80626111e50,Vòng xoay Phú Lâm,Vòng xoay Phú Lâm,10.7540208,106.6340806,10.7539125,106.6340886,3.0,50.0,,primary,asphalt,yes,,,0.0,0.0,0.0,1.0,1080.0,0.0,0,A,,,,,,,,,,,0.000116,175.84923185212892,0.012011296691449406,2512202252,5
e43d788acc4b6cb765356f6885197d48,Đường số 8,Đường số 8,10.7357728,106.6894218,10.7357633,106.6896458,1.5,50.0,,primary,asphalt,yes,,,0.0,0.0,0.0,1.0,540.0,0.0,0,A,,,,,,,,,,,0.000233,92.47168958185568,0.024524480324150066,2512202252,5
2599c94869c5b3c7e0bfb6e807ce8110,Lý Chiêu Hoàng,Lý Chiêu Hoàng,10.7359493,106.6337742,10.7359829,106.633682,1.5,50.0,,secondary,asphalt,yes,,,0.0,0.0,0.0,1.0,540.0,0.0,0,A,,,,,,,,,,,0.000126,290.3507166114374,0.01074819900328903,2512202252,5
93bdcc286e942a3b47805574bcf14902,Cầu Kênh 2,Cầu Kênh 2,10.7745747,106.7248969,10.7742939,106.7240549,2.0,55.0,,primary,asphalt,yes,,,0.0,0.0,0.0,1.0,720.0,0.0,0,A,,,,,,,,,,,0.001123,251.2489413920973,0.09718635104796734,2512202253,5
52bfc8ecc2d72dbf0ce1c61199818d79,Xã Hưng Long,Xã Hưng Long,10.6890588,106.6236614,10.6906363,106.6244123,1.0,50.0,,unclassified,,,,,0.0,0.0,0.0,1.0,360.0,0.0,0,A,,,,,,,,,,,0.002328,25.0675647904676,0.19286154771991143,2512202253,5
f38b112f44d0cd8e293122b52eb6c5dd,Hoàng Văn Thụ,Hoàng Văn Thụ,10.7932413,106.6535674,10.8002745,106.666894,1.0,55.0,,primary_link,asphalt,yes,,,0.0,0.0,0.0,1.0,360.0,0.0,0,A,,,,,,,,,,,0.02036,61.75106742314017,1.652060334472364,2512202253,5
e43538d8c2cafb6c92cd81166c383ffd,Lãnh Binh Thăng,Lãnh Binh Thăng,10.7653269,106.6464629,10.7632537,106.6503161,1.5,50.0,,secondary,asphalt,,,,0.0,0.0,0.0,1.0,540.0,0.0,0,A,,,,,,,,,,,0.005926,118.70843005344028,0.47979042568314373,2512202253,5
6c4fef080a3fa7d2179b5e3f0ef490c6,Lý Chính Thắng,Lý Chính Thắng,10.788335,106.6850959,10.7885356,106.6851801,2.0,55.0,,secondary,asphalt,yes,,,0.0,0.0,0.0,1.0,720.0,0.0,0,A,,,,,,,,,,,0.000285,22.407417611106666,0.02402391900634263,2512202253,5
d17e93aa70957e8c5bd2f8194ccecd7b,Phan Đăng Lưu,Phan Đăng Lưu,10.8025532,106.6965436,10.8032397,106.6845465,2.0,50.0,,primary,asphalt,yes,,,0.0,0.0,0.0,1.0,720.0,0.0,0,A,,,,,,,,,,,0.012684,273.33509688712854,1.3141928048713798,2512202253,5
aba4377b4889f81082fabd3c38f70d04,Phạm Văn Đồng,Phạm Văn Đồng,10.8529635,106.7511033,10.8667147,106.7620017,1.0,50.0,,tertiary,asphalt,,,,0.0,0.0,0.0,1.0,360.0,0.0,0,A,,,,,,,,,,,0.02465,37.894312698709484,1.9322557915437235,2512202253,5
2ea509c2ea03cfaec16ecdab5eb5ec6a,Hẻm 341 Khuông Việt,Hẻm 341 Khuông Việt,10.7693434,106.6376979,10.7719922,106.6410076,1.0,50.0,,residential,asphalt,,,,0.0,0.0,0.0,1.0,360.0,0.0,0,A,,,,,,,,,,,0.005958,50.831151946145326,0.46570154371584943,2512202253,5
76ad16bdde3e94469382285b76b17a4b,Lý Thường Kiệt,Lý Thường Kiệt,10.7887464,106.6529164,10.7805208,106.6552592,1.5,50.0,,primary,asphalt,yes,,,0.0,0.0,0.0,1.0,540.0,0.0,0,A,,,,,,,,,,,0.010568,164.36882409822397,0.945248520805328,2512202253,5
59eda1ec8cfab93ee1da6d050a38ee3f,Nguyễn Lương Bằng,Nguyễn Lương Bằng,10.7348064,106.7180368,10.7232098,106.7253596,1.0,50.0,,residential,,yes,,,0.0,0.0,0.0,1.0,360.0,0.0,0,A,,,,,yes,,,,,,0.018919,148.1829366161635,1.5122907540840438,2512202253,5
db233b3d414187907faf5ed39469d1dc,Đường B1,Đường B1,10.8077887,106.6402306,10.8073545,106.6403983,1.0,50.0,,residential,,,,,0.0,0.0,0.0,1.0,360.0,0.0,0,A,,,,,,,,,,,0.000602,159.22439968102162,0.0514105871151152,2512202253,5
565705c0eed96a1a9a86d19728864b8e,Thoại Ngọc Hầu,Thoại Ngọc Hầu,10.7737359,106.621551,10.7842211,106.6392437,1.0,50.0,,residential,asphalt,,,,0.0,0.0,0.0,1.0,360.0,0.0,0,A,,,,,,,,,,,0.028178,58.89690841198808,2.255977178074464,2512202253,5
d7312f3cc8ef732b0ce454135f4a3d5e,Hoàng Diệu,Hoàng Diệu,10.7596225,106.6985617,10.7597771,106.6987767,1.0,50.0,,service,asphalt,,,,0.0,0.0,0.0,1.0,360.0,0.0,0,A,,,,,,,,,,,0.00037,53.79816104186557,0.029076143222976258,2512202253,5
c8211d047c9c3e383930be241bcf7320,Xã Đông Thạnh,Xã Đông Thạnh,10.8857251,106.6282581,10.8856777,106.6282883,1.5,45.0,,residential,,,,,0.0,0.0,0.0,1.0,540.0,0.0,0,A,,,,,,,,,,,7.8e-05,147.96717421391486,0.006196097766201387,2512202253,5
bc8b674fa2656d9856cee71aa75df426,Đường Tô Hiệu,Đường Tô Hiệu,10.7639371,106.6269195,10.7639255,106.6269466,1.0,50.0,,residential,asphalt,,,,0.0,0.0,0.0,1.0,360.0,0.0,0,A,,,,,,,,,,,3.9e-05,113.5432649307113,0.00322983201003434,2512202253,5
ce03cb18a94ff79d8f1fb57c07cc0c71,Trần Não,Trần Não,10.7916195,106.7303648,10.7992203,106.7334587,1.0,55.0,,secondary,asphalt,yes,,,0.0,0.0,0.0,1.0,360.0,0.0,0,A,,,,,yes,,,,,,0.010695,21.793482829640936,0.9062801570350457,2512202253,5
18d7ce6ec8a1000b894ff94bbc417c96,Ngô Gia Tự,Ngô Gia Tự,10.7618189,106.6702758,10.7563976,106.666426,1.0,50.0,,primary,asphalt,yes,,,0.0,0.0,0.0,1.0,360.0,0.0,0,A,,,,,,,,,,,0.009271,214.9015826346088,0.7327360450100446,2512202253,5
bda6580c628de8cf21ce34626174dbf9,Hoàng Hoa Thám,Hoàng Hoa Thám,10.797138,106.6470466,10.8031077,106.6923844,1.0,50.0,,residential,asphalt,,,,0.0,0.0,0.0,1.0,360.0,0.0,0,A,,,,,,,,,,,0.051307,82.36099560608864,5.001943577340994,2512202253,5
8256096af366d97e3a13cc32ca0b8317,cầu vượt,cầu vượt,10.8146011,106.6790072,10.8157766,106.6800056,1.5,50.0,,primary,asphalt,yes,,,0.0,0.0,0.0,1.0,540.0,0.0,0,A,,,,,yes,,,,,,0.002174,39.83660573412618,0.1697853454524619,2512202253,5
220b4b77862c3de70562cc820ae0c922,Cao tốc TP. Hồ Chí Minh - Long Thành - Dầu Giây,Cao tốc TP. Hồ Chí Minh - Long Thành - Dầu Giây,10.7862476,106.8630211,10.7859557,106.8547623,2.0,100.0,,motorway,asphalt,yes,,CT.29,0.0,0.0,0.0,1.0,720.0,0.0,0,A,,,,,yes,,,,,,0.008551,267.9401718759318,0.903805492239025,2512202253,5
a4072ff596e6d725ad0d820d46d29199,Đường Bình Thới,Đường Bình Thới,10.7629749,106.6424096,10.7630776,106.6422594,1.5,50.0,,secondary,asphalt,,,,0.0,0.0,0.0,1.0,540.0,0.0,0,A,,,,,,,,,,,0.000253,304.8378934710495,0.019973146399524015,2512202253,5
51174ce5c31c72f6ed8ac6e0e5920cca,Nguyễn Thái Sơn,Nguyễn Thái Sơn,10.8145897,106.6790274,10.8177209,106.6814029,1.0,50.0,,primary,asphalt,yes,,,0.0,0.0,0.0,1.0,360.0,0.0,0,A,,,,,,,,,,,0.005507,36.6924035116682,0.4329453985465218,2512202253,5
42d38218242c47283340f4bf54a67bac,Tân Sơn,Tân Sơn,10.8385379,106.6467909,10.8248067,106.6412646,1.0,50.0,,service,,,,,0.0,0.0,0.0,1.0,360.0,0.0,0,A,,,,,,,,,,,0.019258,201.5690363609863,1.6346551177800768,2512202253,5
79037020ed90451ae530934b3fea8415,Lạc Long Quân,Lạc Long Quân,10.7790801,106.6498852,10.767159,106.6426234,1.0,50.0,,residential,asphalt,,,,0.0,0.0,0.0,1.0,360.0,0.0,0,A,,,,,,,,,,,0.019183,210.89777690196092,1.5393432270070178,2512202253,5
d732efee46606ea1b17a47a594fb8a0c,Tô Ký,Tô Ký,10.8527736,106.6262305,10.8661857,106.6159466,1.5,40.0,,residential,,yes,,ĐT.15,0.0,0.0,0.0,1.0,540.0,0.0,0,A,,,,,,,,,,,0.023696,323.0200582676662,1.8615321358457129,2512202253,5
72548d296167e0108602dcb5321ed5d4,Kha Vạn Cân,Kha Vạn Cân,10.8504341,106.7545053,10.8319797,106.725621,1.0,50.0,,residential,,,,,0.0,0.0,0.0,1.0,360.0,0.0,0,A,,,,,,,,,,,0.047339,236.957992955182,3.7606181402747656,2512202253,5
966e74ba8bac07af8b625e406f86ea8b,Phường Đông Hưng Thuận,Phường Đông Hưng Thuận,10.8502828,106.6308139,10.850249,106.6309142,1.5,50.0,,primary,asphalt,yes,,,0.0,0.0,0.0,1.0,540.0,0.0,0,A,,,,,,,,,,,0.000134,108.9382756159419,0.011586806563927588,2512202253,5
8d4eb560d7aac810bb215cd1225b48e4,Hầm sông Sài Gòn,Hầm sông Sài Gòn,10.76834,106.7031455,10.7684374,106.7033248,1.5,55.0,,trunk,concrete,yes,,,0.0,0.0,0.0,1.0,540.0,0.0,0,A,,,,both,yes,,30.0,,24/7,,0.000277,61.05909966725682,0.022374998105866812,2512202253,5
2e6abadccb4cfeb3a8bb0d5c2f6e958e,Thánh Gióng,Thánh Gióng,10.8820255,106.8100261,10.8827193,106.8089551,1.5,45.0,,tertiary,asphalt,yes,,,0.0,0.0,0.0,1.0,540.0,0.0,0,A,,,,,,,,,,,0.001765,303.4116884505675,0.14000153019508205,2512202253,5
38094a1b942b79e5625ffb721389a3f1,18,18,10.6812591,106.5374757,10.681695,106.5402437,1.5,50.0,,secondary,asphalt,,,ĐT.830C,0.0,0.0,0.0,1.0,540.0,0.0,0,A,,,,,,,,,,,0.003204,80.895215755621,0.3066425172190089,2512202253,5
e0854d4ff600c5a1deaab14736694bdd,Nguyễn Thái Học,Nguyễn Thái Học,10.7651757,106.69714,10.7679022,106.6954254,2.0,50.0,,primary,asphalt,yes,,,0.0,0.0,0.0,1.0,720.0,0.0,0,A,,,,,,,,,,,0.004441,328.2926104301754,0.35513661424440335,2512202253,5
d7bfc7525cd1edc14da4d3696f6fcac3,Lê Văn Thọ,Lê Văn Thọ,10.8365053,106.6583227,10.8364665,106.658324,1.0,50.0,,residential,asphalt,,,,0.0,0.0,0.0,1.0,360.0,0.0,0,A,,,,,,,,,,,4e-05,178.11520877843338,0.004294158623186839,2512202253,5
ec6453c74b464799b6d912ddcec99433,Quốc lộ 1,Quốc lộ 1,10.8620634,106.6494828,10.8725843,106.7668518,1.0,65.0,,trunk,asphalt,yes,,QL.1,0.0,0.0,0.0,1.0,360.0,0.0,0,A,,,,,,,,,,,0.12789,84.77363512562988,12.885334077654894,2512202253,5
18473a097b08708c365e5b3514d74640,Mai Chí Thọ,Mai Chí Thọ,10.7882923,106.7502508,10.7924075,106.7519,2.0,65.0,,trunk,asphalt,yes,,,0.0,0.0,0.0,1.0,720.0,0.0,0,A,,,,,,,,,,,0.005764,21.488030167139243,0.4896261757362384,2512202253,5
6c2fd4f2946bb41067465539909068c5,Võ Văn Tần,Võ Văn Tần,10.782412,106.6956364,10.7746152,106.6884994,1.0,50.0,,steps,concrete,,,,0.0,0.0,0.0,1.0,360.0,0.0,0,A,,,,,,,,,,,0.014934,221.9633688116475,1.1632108299897814,2512202253,5
ba4903aed055bfbb3e0fa9242f88926c,Cầu vượt Ngã tư Hàng Xanh,Cầu vượt Ngã tư Hàng Xanh,10.8012395,106.7098827,10.8010524,106.7094146,3.5,50.0,,primary,asphalt,yes,,,0.0,0.0,0.0,1.0,1260.0,0.0,0,A,,,,,,,,,,,0.000655,247.85814774414786,0.05521668570348235,2512202253,5
c1d9c55ac84173f24d9850910ad301af,Đường Tạ Uyên,Đường Tạ Uyên,10.7537874,106.6537848,10.7537826,106.6537256,2.0,50.0,,primary,asphalt,yes,,,0.0,0.0,0.0,1.0,720.0,0.0,0,A,,,,,,,,,,,6.4e-05,265.2820499951693,0.006496864766268766,2512202253,5
e62c4fd68cff6b858de508e76941e900,Cầu Phú Mỹ,Cầu Phú Mỹ,10.7428358,106.7400366,10.7449386,106.7441554,1.5,50.0,,trunk,,yes,,,0.0,0.0,0.0,1.0,540.0,0.0,0,A,,,,,,,,,,,0.006222,62.54113897461633,0.5070181986626177,2512202253,5
0b82b4afd40f0bef656c72b9d0ee6272,Tô Ký,Tô Ký,10.8658854,106.6160443,10.8599399,106.61763,2.0,50.0,,primary,,,,ĐT.15,0.0,0.0,0.0,1.0,720.0,0.0,0,A,,,,,,,,,,,0.007531,165.32227665211224,0.6801236507550572,2512202253,5
65d7b8d53f7cc3e30332b4876b5172e0,Cầu Phú Mỹ,Cầu Phú Mỹ,10.7469406,106.7484952,10.7490341,106.7527933,1.5,50.0,,trunk,,yes,,,0.0,0.0,0.0,1.0,540.0,0.0,0,A,,,,,,,,,,,0.006392,63.62862427596701,0.5240608266359222,2512202253,5
bf932f37da2e4499c04b7920fd832bb5,Huỳnh Mẫn Đạt,Huỳnh Mẫn Đạt,10.7518689,106.6773307,10.758139,106.6757437,1.5,50.0,,tertiary,asphalt,,,,0.0,0.0,0.0,1.0,540.0,0.0,0,A,,,,,,,,,,,0.007857,346.036188673011,0.7149460796057276,2512202253,5
6c7caac2b32332d6c200755c8743e122,Đất Thánh,Đất Thánh,10.7821462,106.6568445,10.7827199,106.6600419,2.0,50.0,,residential,asphalt,,,,0.0,0.0,0.0,1.0,720.0,0.0,0,A,,,,,,,,,,,0.003771,79.64862600931144,0.35540113014845864,2512202253,5
37d7d0d6860cb8b4913237e08732d983,Kinh Dương Vương,Kinh Dương Vương,10.7455465,106.6235109,10.7282004,106.6071858,1.5,50.0,,secondary,asphalt,,,,0.0,0.0,0.0,1.0,540.0,0.0,0,A,,,,,,,,,,,0.033671,222.7599414901867,2.6210907735394633,2512202253,5
1c2bf9347be936f80216dc222fa5197d,Trần Não,Trần Não,10.7982738,106.7308494,10.7981949,106.7318819,1.5,45.0,,secondary,asphalt,yes,,,0.0,0.0,0.0,1.0,540.0,0.0,0,A,,,,,,,,,,,0.001111,94.44820976286087,0.11325222142891364,2512202253,5
c15265178536469ed1ba284720b67dff,Phường An Lạc A,Phường An Lạc A,10.7414323,106.61846,10.7413924,106.6184129,1.0,50.0,,residential,,yes,,,0.0,0.0,0.0,1.0,360.0,0.0,0,A,,,,,,,,,,,8.7e-05,229.23072339706363,0.006783835068822589,2512202253,5
c7c102c8e6c34a986cf645c6de46fb6a,Bà Huyện Thanh Quan,Bà Huyện Thanh Quan,10.7807155,106.6832444,10.7767699,106.6884634,1.0,50.0,,secondary,,yes,,,0.0,0.0,0.0,1.0,360.0,0.0,0,A,,,,,,,,,,,0.009165,127.58084963362126,0.718526387943095,2512202253,5
f6d6fdc8243654b3205cca9e58cd0e26,Ngô Quyền,Ngô Quyền,10.7613478,106.6650929,10.756629,106.6661917,1.5,50.0,,residential,asphalt,,,,0.0,0.0,0.0,1.0,540.0,0.0,0,A,,,,,,,,,,,0.005818,167.1144940513077,0.5356178046849397,2512202253,5
e77cd0dfaeb77e9030f6ebb1e2149b6a,Hồng Bàng,Hồng Bàng,10.75373,106.65443,10.7554182,106.6634172,1.0,50.0,,primary_link,,,,,0.0,0.0,0.0,1.0,360.0,0.0,0,A,,,,,,,,,,,0.010675,79.17466588883764,1.000572466500804,2512202253,5
4ad810afdb555ee60885a988876ec408,Lê Quang Định,Lê Quang Định,10.802988,106.698423,10.820498,106.6894367,1.5,50.0,,primary,asphalt,yes,,,0.0,0.0,0.0,1.0,540.0,0.0,0,A,,,,,,,,,,,0.026496,333.2481915997161,2.171880545644658,2512202253,5
e8c79d619669b25ac8a8b5c6cd0d1892,Phạm Hồng Thái,Phạm Hồng Thái,10.7712522,106.6938843,10.7711253,106.6963858,1.0,50.0,,residential,asphalt,,,,0.0,0.0,0.0,1.0,360.0,0.0,0,A,,,,,,,,,,,0.002628,92.95585895320403,0.27395135051149405,2512202253,5
0a18a7c5a064407259fdcbe8fd300c3c,Minh Phụng,Minh Phụng,10.7577151,106.6438018,10.7626846,106.6446172,1.5,50.0,,secondary,asphalt,yes,,,0.0,0.0,0.0,1.0,540.0,0.0,0,A,,,,,,,,,,,0.005785,9.156997346191417,0.5568790863493209,2512202253,5
1568b2d755aa981f391099308486ad94,Đất Thánh,Đất Thánh,10.7828795,106.6602062,10.7819,106.656532,1.5,50.0,,residential,asphalt,,,,0.0,0.0,0.0,1.0,540.0,0.0,0,A,,,,,,,,,,,0.004654,254.8171031045013,0.4161861727863303,2512202253,5
d476c5d2a9203c68295ecf319b233371,Đường dẫn Ga Quốc tế,Đường dẫn Ga Quốc tế,10.8133493,106.6648995,10.8130718,106.6649688,4.0,60.0,,primary,asphalt,yes,,,0.0,0.0,0.0,1.0,1440.0,0.0,0,A,,,,,,,,,,,0.000347,166.21771990750608,0.031616884226789856,2512202253,5
a753b1bdb2fdfddde889ea1af3400b15,Hà Huy Giáp,Hà Huy Giáp,10.8706967,106.6769479,10.8846445,106.6812882,1.5,50.0,,primary,,,,,0.0,0.0,0.0,1.0,540.0,0.0,0,A,,,,,,,,,,,0.018288,16.992244076557142,1.614148685439929,2512202253,5
d2489e0a065608647f6a4b4866e80c03,Nguyễn Văn Giai,Nguyễn Văn Giai,10.7926284,106.697328,10.7930658,106.6974031,1.5,50.0,,tertiary,,,,,0.0,0.0,0.0,1.0,540.0,0.0,0,A,,,,,,,,,,,0.000513,9.573356725870497,0.04907438998295169,2512202253,5
1a5504d6a2adb1836800212ee7749c31,Cầu vượt Trạm 2,Cầu vượt Trạm 2,10.8618381,106.7958668,10.8607361,106.795148,1.5,50.0,,trunk_link,asphalt,yes,,,0.0,0.0,0.0,1.0,540.0,0.0,0,A,,,,,,,,,,,0.001821,212.64304341456517,0.14503611734307764,2512202253,5
379b3cd8c9b5927199db8d8e5854f5c0,Tôn Thất Hiệp,Tôn Thất Hiệp,10.7623556,106.6521869,10.7602645,106.6532907,1.5,50.0,,residential,asphalt,,,,0.0,0.0,0.0,1.0,540.0,0.0,0,A,,,,,,,,,,,0.003195,152.5898595753423,0.26091408803641164,2512202254,5
c68748ce02047283148440e0db8245b0,Quốc lộ 1,Quốc lộ 1,10.8706221,106.7733958,10.8666505,106.7915871,1.0,50.0,,service,,,,,0.0,0.0,0.0,1.0,360.0,0.0,0,A,,,,,,,,,,,0.022163,102.53199203326938,2.036897089046421,2512202254,5
415a7cf2c625d07630e911dddd050b57,Thế Lữ,Thế Lữ,10.7202232,106.5386925,10.718012,106.542567,1.0,50.0,,tertiary,,,,,0.0,0.0,0.0,1.0,360.0,0.0,0,A,,,,,,,,,,,0.006086,120.14942098591916,0.48934136587669147,2512202254,5
6afd746a49d0b1813739926e3782a98c,Thăng Long,Thăng Long,10.8045573,106.6610854,10.8039431,106.6609131,1.0,50.0,,tertiary,,,,,0.0,0.0,0.0,1.0,360.0,0.0,0,A,,,,,,,,,,,0.000787,195.4058107478161,0.07050324714341503,2512202254,5
2947ef039af0171030113c413b81cd0b,Phường Phú Thuận,Phường Phú Thuận,10.7192661,106.7432344,10.7199382,106.7432765,1.0,50.0,,tertiary,,,,,0.0,0.0,0.0,1.0,360.0,0.0,0,A,,,,,yes,,,,,,0.000714,3.521901451285828,0.07448530186964056,2512202254,5
22199fcb2bc57588c2c3b7b231bd2c12,Nguyễn Văn Quý,Nguyễn Văn Quý,10.7402847,106.73585,10.7404302,106.7361197,1.5,50.0,,trunk,,yes,,,0.0,0.0,0.0,1.0,540.0,0.0,0,A,,,,,,,,,,,0.000415,61.228446802926044,0.03360495309552887,2512202254,5
447fc8a6d3b68db5219765fc71d67198,Quốc lộ 1A,Quốc lộ 1A,10.8599881,106.6986862,10.859221,106.7052214,1.0,50.0,,residential,asphalt,,,,0.0,0.0,0.0,1.0,360.0,0.0,0,A,,,,,,,,,,,0.007302,96.81505145145422,0.7195722623640338,2512202254,5
3cf3fa6ba158c7445816f2f92b3da0a6,Lê Thị Hà,Lê Thị Hà,10.887776,106.5981184,10.8865251,106.5982675,1.5,50.0,,tertiary,asphalt,,,,0.0,0.0,0.0,1.0,540.0,0.0,0,A,,,,,,,,,,,0.0014,173.32396032774398,0.139323818989032,2512202254,5
3c39db0c557be235aff028b5bb55ca41,3 Tháng 2,3 Tháng 2,10.7580658,106.6494435,10.7711007,106.6734728,1.5,50.0,,residential,asphalt,,,,0.0,0.0,0.0,1.0,540.0,0.0,0,A,,,,,,,,,,,0.037064,61.09136239332747,2.9976867161454885,2512202254,5
b5a62738d1aa1fb87e965e4b30a49172,Trần Đại Nghĩa,Trần Đại Nghĩa,10.8736394,106.7774485,10.7447939,106.5384069,1.0,50.0,,tertiary,,,,,0.0,0.0,0.0,1.0,360.0,0.0,0,A,,,,,yes,,,,,,0.367887,241.2668958882888,29.77361530011458,2512202254,5
cbb3cdb1ae52a7a0119f0ed40870900c,Lê Văn Sỹ,Lê Văn Sỹ,10.7915356,106.67201,10.7962369,106.6656372,1.0,50.0,,residential,,,,,0.0,0.0,0.0,1.0,360.0,0.0,0,A,,,,,,,,,,,0.011074,306.9071710351099,0.8695759421943776,2512202254,5
b735a8d0930fb7584bff1435f4a8e3c6,Nguyễn Văn Quỳ,Nguyễn Văn Quỳ,10.7432943,106.7405148,10.7383028,106.7313895,2.0,50.0,,trunk,,yes,,,0.0,0.0,0.0,1.0,720.0,0.0,0,A,,,,,yes,,,,,,0.014117,240.8939864217424,1.140670957304302,2512202254,5
350f7b53fede3656481d441c37a80d41,Trần Quốc Toản,Trần Quốc Toản,10.7893494,106.6892673,10.7831971,106.6863082,1.0,50.0,,residential,,,,,0.0,0.0,0.0,1.0,360.0,0.0,0,A,,,,,,,,,,,0.009111,205.2899242064433,0.7535562837651846,2512202254,5
949aedf36205bae2a02199956ab9e470,Ngô Gia Tự,Ngô Gia Tự,10.7565017,106.6664916,10.7615444,106.670086,1.0,50.0,,primary,asphalt,yes,,,0.0,0.0,0.0,1.0,360.0,0.0,0,A,,,,,,,,,,,0.008637,35.001780382784204,0.6824116574573804,2512202254,5
738526ef06112b5a346a6f5dc66f120d,Hẻm 131 Tô Hiến Thành,Hẻm 131 Tô Hiến Thành,10.7808937,106.6698201,10.7793615,106.6704423,1.5,50.0,,residential,asphalt,,,,0.0,0.0,0.0,1.0,540.0,0.0,0,A,,,,,,,,,,,0.002154,158.25208028180623,0.18263234273803447,2512202254,5
e7cd71415050cd2dc0bdbf81b87342e0,Nguyễn Hữu Trí,Nguyễn Hữu Trí,10.6903712,106.5689492,10.6854735,106.5540502,1.5,50.0,,secondary,,yes,,,0.0,0.0,0.0,1.0,540.0,0.0,0,A,,,,,,,,,,,0.019797,251.5047361486898,1.7176357272766192,2512202254,5
6b24d4fe1eb93ff1c5e718a5f00f1eb8,Quốc lộ 22,Quốc lộ 22,10.8434511,106.6149314,10.8575697,106.6057733,1.5,50.0,,primary,,yes,,,0.0,0.0,0.0,1.0,540.0,0.0,0,A,,,,,,,,,,,0.023277,327.5013573279266,1.8551748033773687,2512202254,5
b6fb62baf6936c2ab4c2ff0a26544458,Hàm Nghi,Hàm Nghi,10.7711901,106.6991751,10.770794,106.7059931,1.5,50.0,,busway,asphalt,yes,,,0.0,0.0,0.0,1.0,540.0,0.0,0,A,,,,,,,,,,,0.007214,93.3837853170337,0.7469778700608433,2512202254,5
a7c3f9d711cf939db279fdcfb5ff8d0d,Công Trường Dân Chủ,Công Trường Dân Chủ,10.7775778,106.6815724,10.7775778,106.6815724,1.5,50.0,,primary,asphalt,no,,,0.0,0.0,0.0,1.0,540.0,0.0,0,A,,,,both,,,,,,,0.0,0.0,0.0,2512202254,5
f8ba99351b6594850c8514d25d121706,Nguyễn Hữu Trí,Nguyễn Hữu Trí,10.6854735,106.5540502,10.6963436,106.5939709,1.0,50.0,,residential,,,,,0.0,0.0,0.0,1.0,360.0,0.0,0,A,,,,,,,,,,,0.050791,74.50812846682936,4.529807727959195,2512202254,5
e4a6494ab7cb6a9f183b915cbd16840c,Xã Tân Xuân,Xã Tân Xuân,10.8746132,106.6085312,10.8748532,106.6088444,1.0,50.0,,residential,,,,,0.0,0.0,0.0,1.0,360.0,0.0,0,A,,,,,,,,,,,0.000553,52.03519398901307,0.043328500699331175,2512202254,5
ba7f7c3490fb2dcff2bca07b64fdd373,Công Trường Quách Thị Trang,Công Trường Quách Thị Trang,10.7712269,106.6986125,10.7718767,106.6986499,1.5,50.0,,tertiary,asphalt,yes,,,0.0,0.0,0.0,1.0,540.0,0.0,0,A,,,,,,,,,,,0.000687,3.2361710707621683,0.07199267297516206,2512202254,5
c3558babbf99dd4193c778d95caeadb1,Hẻm 373 Lý Thường Kiệt,Hẻm 373 Lý Thường Kiệt,10.7790549,106.6503541,10.7799875,106.6539968,1.0,50.0,,service,,,,,0.0,0.0,0.0,1.0,360.0,0.0,0,A,,,,,,,,,,,0.004575,75.39229726988015,0.4115335665498428,2512202254,5
413e109f5978d8f37bd40bd818e0401a,Trần Quốc Thảo,Trần Quốc Thảo,10.7815324,106.6881451,10.7799599,106.689846,1.5,50.0,,tertiary,asphalt,,,,0.0,0.0,0.0,1.0,540.0,0.0,0,A,,,,,,,,,,,0.003273,133.26245667038938,0.2546752288420123,2512202254,5
11cd545a14b3f700ac39c4d5a330f3fa,Lê Đại Hành,Lê Đại Hành,10.7648499,106.6551501,10.7626323,106.6568351,3.0,50.0,,secondary,asphalt,yes,,,0.0,0.0,0.0,1.0,1080.0,0.0,0,A,,,,,,,,,,,0.003903,143.25991199099894,0.3068132214788126,2512202254,5
db585c3051dd77e3cd88da25f7d29703,Đoàn Văn Bơ,Đoàn Văn Bơ,10.7633776,106.7037719,10.763364,106.7038326,1.0,50.0,,tertiary,asphalt,yes,,,0.0,0.0,0.0,1.0,360.0,0.0,0,A,,,,,,,,,,,7.4e-05,102.84742296007937,0.006807291102803345,2512202254,5
d6583cef8c19683b634ea1233c2d9b03,Nguyễn Đình Chính,Nguyễn Đình Chính,10.7956505,106.6755726,10.7949615,106.6778016,1.0,50.0,,residential,asphalt,,,,0.0,0.0,0.0,1.0,360.0,0.0,0,A,,,,,,,,,,,0.002918,107.46733794003649,0.25540443916331956,2512202254,5
6166f3e708c26c896b2f2ff43aa433b5,Nguyễn Kim,Nguyễn Kim,10.7605205,106.6623843,10.7556227,106.6633772,1.5,50.0,,tertiary,asphalt,,,,0.0,0.0,0.0,1.0,540.0,0.0,0,A,,,,,,,,,,,0.005891,168.73622533959463,0.5525377059524778,2512202254,5
835a94e91589c19f1cb1320947313fa9,Lê Hồng Phong,Lê Hồng Phong,10.7663147,106.6749228,10.7654291,106.6752055,1.0,50.0,,service,concrete,,,,0.0,0.0,0.0,1.0,360.0,0.0,0,A,,,,,,,,,,,0.001168,162.58855180550177,0.10272280622617744,2512202254,5
9d130c830bfd99fbe740630fa2a717f9,Phạm Văn Đồng,Phạm Văn Đồng,10.8641108,106.7571974,10.8575701,106.7518877,1.0,50.0,,residential,,,,,0.0,0.0,0.0,1.0,360.0,0.0,0,A,,,,,,,,,,,0.01185,218.56420130644545,0.9276222445320459,2512202254,5
ebc31b6ef32a57d11f594403a5d7a7e5,Cầu Ông Dầu,Cầu Ông Dầu,10.8347246,106.7139796,10.8350834,106.7139479,1.5,50.0,,trunk,asphalt,yes,,QL.13,0.0,0.0,0.0,1.0,540.0,0.0,0,A,,,,,yes,,10.0,,yes,,0.000391,355.0405829680141,0.039839217579248326,2512202254,5
60618a4bf35b8abac2d56907a609962c,Hẻm 416 Lạc Long Quân,Hẻm 416 Lạc Long Quân,10.7697921,106.6444644,10.7697654,106.6445026,1.0,50.0,,residential,asphalt,,,,0.0,0.0,0.0,1.0,360.0,0.0,0,A,,,,,,,,,,,6.5e-05,125.43127729031892,0.005116443455651254,2512202254,5
fabc03cf85b90641ee6d5b2fa3381963,Ngã Bảy Lý Thái Tổ,Ngã Bảy Lý Thái Tổ,10.7679102,106.6744532,10.7679102,106.6744532,1.5,50.0,,primary,asphalt,yes,,,0.0,0.0,0.0,1.0,540.0,0.0,0,A,,,,,,,,,,,0.0,0.0,0.0,2512202254,5
3ed64f82c279a4e8b3411ef3631d05e4,Phường Sơn Kỳ,Phường Sơn Kỳ,10.8013922,106.6190596,10.8013405,106.6190675,1.0,50.0,,residential,,yes,,,0.0,0.0,0.0,1.0,360.0,0.0,0,A,,,,,,,,,,,6e-05,171.46377765698412,0.005783598096610238,2512202254,5
6a5ac31dbca60ac6d9564f5301e8e7cc,Sư Vạn Hạnh,Sư Vạn Hạnh,10.7774435,106.6659013,10.7742735,106.6682193,1.0,50.0,,residential,,,,,0.0,0.0,0.0,1.0,360.0,0.0,0,A,,,,,,,,,,,0.005488,144.3087410066429,0.43269189177279643,2512202254,5
0b7b9e0a38b8c71f5a9bd524cf67aa2e,Cống Quỳnh,Cống Quỳnh,10.7635026,106.6905496,10.7666744,106.688366,1.5,50.0,,secondary,asphalt,no,,,0.0,0.0,0.0,1.0,540.0,0.0,0,A,,,,,,,,,,,0.005355,325.9286856901901,0.42441589271334823,2512202254,5
42207b521df1859c147c0601fb423ed8,Công Xã Paris,Công Xã Paris,10.7791557,106.7000845,10.7792456,106.6999777,1.0,50.0,,footway,asphalt,,,,0.0,0.0,0.0,1.0,360.0,0.0,0,A,,,,,,,,,,,0.000197,310.5926137223091,0.015340139329405858,2512202254,5
ffad333659b83792733c6f2d686ddd6f,Thành Thái,Thành Thái,10.7697668,106.6661869,10.7675961,106.6670725,3.0,50.0,,secondary,asphalt,yes,,,0.0,0.0,0.0,1.0,1080.0,0.0,0,A,,,,,,,,,,,0.003056,158.15928619652084,0.2589083615402287,2512202254,5
f92b3d0350a5ebeec92b2332dd10257e,Nguyễn Oanh,Nguyễn Oanh,10.8506971,106.6787535,10.8308983,106.6775689,1.0,50.0,,primary,asphalt,yes,,,0.0,0.0,0.0,1.0,360.0,0.0,0,A,,,,,,,,,,,0.020983,183.3631800913753,2.1938431370426437,2512202254,5
823a0dbc9b2b7b01d1fa23d547c80121,Đường Lãnh Binh Thăng,Đường Lãnh Binh Thăng,10.7620808,106.6568525,10.7621391,106.6567535,1.5,50.0,,secondary,asphalt,yes,,,0.0,0.0,0.0,1.0,540.0,0.0,0,A,,,,,,,,,,,0.000157,300.93984438922075,0.012602893020183154,2512202254,5
ee133f9569ef33b262dce20ed7e5217f,Thống Nhất,Thống Nhất,10.8397244,106.6652733,10.8348284,106.6644581,2.0,50.0,,residential,asphalt,,,,0.0,0.0,0.0,1.0,720.0,0.0,0,A,,,,,,,,,,,0.005711,189.28765659659754,0.5488509253742619,2512202254,5
2c63fbf4dc77cb37ee333f4e25e765f7,Xa Lộ Hà Nội,Xa Lộ Hà Nội,10.8453128,106.7715728,10.8329768,106.7645442,2.0,60.0,,trunk,asphalt,yes,,,0.0,0.0,0.0,1.0,720.0,0.0,0,A,,,,,,,,,yes,,0.019365,209.23195657131785,1.5660814117432464,2512202254,5
c8fcbffac85a53be69921d344e0b43c9,Ngô Gia Tự,Ngô Gia Tự,10.7565017,106.6664916,10.7585909,106.6679699,1.0,50.0,,primary,asphalt,yes,,,0.0,0.0,0.0,1.0,360.0,0.0,0,A,,,,,,,,,,,0.003568,34.805192369587076,0.28204180629084896,2512202254,5
1265859dbdd78f907bbf04739172186d,Cầu Rạch Chiếc 1,Cầu Rạch Chiếc 1,10.8099607,106.7563406,10.815571,106.7575697,2.0,65.0,,trunk,asphalt,yes,,,0.0,0.0,0.0,1.0,720.0,0.0,0,A,,,,no,yes,,,,,,0.006839,12.144144888576022,0.6349631265850332,2512202254,5
f5175d15ddba119b025d41f4d096e548,Đường N,Đường N,10.7246478,106.7159815,10.7255698,106.715968,2.5,50.0,,residential,asphalt,no,,,0.0,0.0,0.0,1.0,900.0,0.0,0,A,,,,,,,,,,,0.000935,359.17578356541986,0.10199563758598301,2512202254,5
8f34cd4295a3e0db72169eaed2e023ab,Trần Xuân Soạn,Trần Xuân Soạn,10.7512278,106.6919615,10.7504862,106.6880473,1.5,50.0,,primary,asphalt,yes,,,0.0,0.0,0.0,1.0,540.0,0.0,0,A,,,,,yes,,,,,,0.004656,259.08493448380375,0.4359163725745861,2512202254,5
dff3c8fa9b6254f0b1156cc746726d34,Phạm Văn Đồng,Phạm Văn Đồng,10.8242579,106.7074369,10.8262487,106.7157505,1.0,50.0,,residential,asphalt,,,,0.0,0.0,0.0,1.0,360.0,0.0,0,A,,,,,,,,,,,0.010304,76.29771148287915,0.9353941415084889,2512202254,5
7d37add08c105b05319c0a817946b108,Lý Thái Tổ,Lý Thái Tổ,10.7677425,106.6740246,10.7669304,106.6770101,1.0,50.0,,service,,,,,0.0,0.0,0.0,1.0,360.0,0.0,0,A,,,,,,,,,,,0.003798,105.47658212160422,0.3386618531463757,2512202254,5
b991be0a1f91f3eb050b949ffcda202f,Nguyễn Xuân Khoát,Nguyễn Xuân Khoát,10.7951766,106.6345051,10.7954885,106.6345715,2.0,50.0,,residential,asphalt,,,,0.0,0.0,0.0,1.0,720.0,0.0,0,A,,,,,,,,,,,0.000378,11.811536848299227,0.035256208189782846,2512202254,5
b4bf24f08221cf29789dd8670dd2c61a,Xa Lộ Hà Nội,Xa Lộ Hà Nội,10.8633078,106.7965925,10.8010884,106.7392519,1.5,55.0,,trunk,asphalt,yes,,,0.0,0.0,0.0,1.0,540.0,0.0,0,A,,,,no,,,,,,,0.11956,222.1557193720376,9.310246084847295,2512202254,5
cfc1d8a13eb70ffc6d5cf19f6e2839df,Tô Hiến Thành,Tô Hiến Thành,10.7768372,106.664107,10.7797849,106.6679193,1.0,50.0,,residential,,,,,0.0,0.0,0.0,1.0,360.0,0.0,0,A,,,,,,,,,,,0.00676,51.7935867020941,0.5292964057174593,2512202254,5
81b575c76e07e31e195a8cc54482dc4e,Đường Lê Đại Hành,Đường Lê Đại Hành,10.7684337,106.652716,10.7623035,106.65706,1.5,50.0,,secondary,asphalt,yes,,,0.0,0.0,0.0,1.0,540.0,0.0,0,A,,,,no,,,,,,,0.010474,145.15583585378772,0.8279663544052426,2512202254,5
e68b1cd12d006d76c4294299e1d4eee1,Cầu Sơn,Cầu Sơn,10.8055396,106.7115254,10.805844,106.7115501,3.0,50.0,,primary,asphalt,yes,,,0.0,0.0,0.0,1.0,1080.0,0.0,0,A,,,,,yes,,,,,,0.000329,4.557092583132089,0.033778866018186166,2512202254,5
7ac9e10ab273227210ba16ae4be9d1e9,Trang Tử,Trang Tử,10.7516644,106.6532793,10.7514819,106.6504956,1.5,50.0,,secondary,asphalt,yes,,,0.0,0.0,0.0,1.0,540.0,0.0,0,A,,,,,,,,,,,0.002966,266.1824762203601,0.3051441414999466,2512202255,5
23f1e96430b534bcdc0d50fdcea09831,Công Trường Quốc Tế,Công Trường Quốc Tế,10.7829947,106.6962159,10.7826997,106.6955259,1.0,50.0,,secondary,asphalt,yes,,,0.0,0.0,0.0,1.0,360.0,0.0,0,A,,,,,,,,,,,0.000985,246.48038755953382,0.08221587101736993,2512202255,5
6d08264bbd0f9b27969170e3ea60e7e0,Cao tốc TP. Hồ Chí Minh - Long Thành - Dầu Giây,Cao tốc TP. Hồ Chí Minh - Long Thành - Dầu Giây,10.7949371,106.7599681,10.7962415,106.775074,1.5,55.0,,motorway,asphalt,yes,,CT.29,0.0,0.0,0.0,1.0,540.0,0.0,0,A,,,,,,,,,,,0.01641,84.97484719181557,1.6583027102272943,2512202255,5
0f0dcc16edd30788f7360e9790b36781,Phường Đông Hòa,Phường Đông Hòa,10.8762972,106.8030852,10.8674881,106.7842783,1.5,50.0,,trunk,asphalt,yes,,QL.1,0.0,0.0,0.0,1.0,540.0,0.0,0,A,,,,,,,,,yes,,0.027616,244.50259290581238,2.2754349742301425,2512202255,5
4f265d3817102c010b3fc4aaa12b88fd,Phường Tân Thới Nhất,Phường Tân Thới Nhất,10.8423995,106.6156611,10.842552,106.6155929,1.5,55.0,,trunk,asphalt,yes,,QL.1,0.0,0.0,0.0,1.0,540.0,0.0,0,A,,,,,,,,,,,0.000221,336.28750852542686,0.0184434433806846,2512202255,5
404fbcb2b61bbf198bf033d75564404b,Trương Công Định,Trương Công Định,10.7983099,106.6417176,10.7937318,106.6402984,1.5,50.0,,tertiary,asphalt,,,,0.0,0.0,0.0,1.0,540.0,0.0,0,A,,,,,,,,,,,0.005997,196.93618756579207,0.5296494258571615,2512202255,5
bad9590cb76fd6a92025e61282305a77,Hẻm 5 Hạnh Thông,Hẻm 5 Hạnh Thông,10.8265194,106.6800719,10.8280713,106.6792437,1.0,50.0,,residential,asphalt,,,,0.0,0.0,0.0,1.0,360.0,0.0,0,A,,,,,,,,,,,0.00238,332.3379889661367,0.1940860479770982,2512202255,5
f83d20d4d8ee9d902796d3da27d925da,Cộng Hòa,Cộng Hòa,10.8016842,106.6509196,10.8041993,106.6376734,1.5,50.0,,primary,asphalt,yes,,,0.0,0.0,0.0,1.0,540.0,0.0,0,A,,,,,,,,,yes,,0.015761,280.9415326337296,1.4750705116402005,2512202255,5
b3d2dfe0fb15f1fe7380b3d98be8ba80,Xô Viết Nghệ Tĩnh,Xô Viết Nghệ Tĩnh,10.7924505,106.707195,10.8011855,106.7113752,2.5,50.0,,primary,asphalt,yes,,,0.0,0.0,0.0,1.0,900.0,0.0,0,A,,,,,,,,,,,0.012915,25.177165843009163,1.0688990259291653,2512202255,5
264c6430eac425d239acf26cf6d07120,Tô Ngọc Vân,Tô Ngọc Vân,10.8537487,106.7511235,10.8620076,106.6713827,1.5,65.0,,residential,,yes,,QL.1,0.0,0.0,0.0,1.0,540.0,0.0,0,A,,,,,,,,,,,0.088,276.02765976735236,8.766554828880011,2512202255,5
7872630f267e6a8b1cb8cefd4969f75f,Phổ Quang,Phổ Quang,10.8025366,106.6658741,10.8087826,106.6687556,2.0,50.0,,secondary,asphalt,,,,0.0,0.0,0.0,1.0,720.0,0.0,0,A,,,,,,,,,,,0.009128,24.377633972441686,0.7593605849676858,2512202255,5
11dc2d922327b66d741c39753e9aa472,Quốc lộ 1A,Quốc lộ 1A,10.8747377,106.7487214,10.8609657,106.6858709,1.0,50.0,,residential,,,,,0.0,0.0,0.0,1.0,360.0,0.0,0,A,,,,,,,,,,,0.076622,257.42783789716145,7.03864763542266,2512202255,5
3dd2bf959a14fc2ab7163d4942282df7,Cầu Phú An,Cầu Phú An,10.7923372,106.7131767,10.792197,106.7134711,1.0,50.0,,tertiary,asphalt,,,,0.0,0.0,0.0,1.0,360.0,0.0,0,A,,,,,,,,,,,0.000435,115.86397184071336,0.0357367692726037,2512202255,5
5607986b5ca983a49abe235ecaa49877,Lãnh Binh Thăng,Lãnh Binh Thăng,10.7631981,106.6504197,10.7622847,106.65559,1.5,50.0,,secondary,asphalt,,,,0.0,0.0,0.0,1.0,540.0,0.0,0,A,,,,,,,,,,,0.006084,100.19384543122959,0.5744511913421295,2512202255,5
23b2f235a90abe1a200e390bb787a70d,Pasteur,Pasteur,10.7732727,106.7014834,10.7778266,106.6988251,1.0,50.0,,residential,asphalt,,,,0.0,0.0,0.0,1.0,360.0,0.0,0,A,,,,,,,,,,,0.007212,330.1682036034698,0.5816035242582889,2512202255,5
32828727293ddce09fe8e662a3796bae,Lê Khôi,Lê Khôi,10.7821969,106.6288442,10.779782,106.6280309,1.0,50.0,,tertiary,,,,,0.0,0.0,0.0,1.0,360.0,0.0,0,A,,,,,,,,,,,0.003228,198.30634058054204,0.2815399772267653,2512202255,5
edf8d0adb6e0d4b1bd53ec91c2f495ca,Lý Thái Tổ,Lý Thái Tổ,10.7461614,106.7956925,10.7443127,106.8027109,1.5,50.0,,primary,,,,ĐT.769B,0.0,0.0,0.0,1.0,540.0,0.0,0,A,,,,,,,,,,,0.008867,105.0078700560266,0.7944437990509825,2512202255,5
a2ee134455a71b14e51573466977ae38,Trường Chinh,Trường Chinh,10.8332849,106.6212255,10.8136617,106.6326825,1.0,50.0,,primary,asphalt,yes,,,0.0,0.0,0.0,1.0,360.0,0.0,0,A,,,,,,,,,,,0.03108,150.1662364300903,2.5062091434423803,2512202255,5
76b9a2f65e8ce0c7e59fc177f40147ed,Cầu Phước Long,Cầu Phước Long,10.703606,106.7265583,10.7028333,106.7247561,1.0,50.0,,residential,,,,,0.0,0.0,0.0,1.0,360.0,0.0,0,A,,,,,yes,,,,,,0.002575,246.42635237218383,0.21488197382456947,2512202255,5
0b33f00c90edbf94a5fb0d6cb08787ae,Trần Quốc Thảo,Trần Quốc Thảo,10.7827317,106.6868337,10.7815324,106.6881451,2.0,50.0,,secondary,asphalt,,,,0.0,0.0,0.0,1.0,720.0,0.0,0,A,,,,,,,,,,,0.002511,132.9520058875794,0.1953680062232221,2512202255,5
ea14fc6b6273dcb810b2b2df002c6e95,Cách Mạng Tháng Tám,Cách Mạng Tháng Tám,10.7782417,106.68085,10.7752936,106.6864011,1.5,50.0,,primary,asphalt,yes,,,0.0,0.0,0.0,1.0,540.0,0.0,0,A,,,,,,,,,,,0.008499,118.39596774389827,0.6891535218595868,2512202255,5
0748a04cc0fc3eaa1b3262cdb77d7fbb,Nguyễn Chí Thanh,Nguyễn Chí Thanh,10.756343,106.6510842,10.7601722,106.6704457,1.0,50.0,,service,concrete,,,,0.0,0.0,0.0,1.0,360.0,0.0,0,A,,,,,,,,,,,0.023191,78.6159816384772,2.159619431252239,2512202255,5
fff16b993097609c251d6367c38cca99,Tôn Đức Thắng,Tôn Đức Thắng,10.7154014,106.8475443,10.7829212,106.7056039,2.0,55.0,,secondary,asphalt,yes,,,0.0,0.0,0.0,1.0,720.0,0.0,0,A,,,,,yes,,,,yes,,0.20946,295.84889428415903,17.228288565566665,2512202255,5
4be0bd6ff2e3ba57c460743447aaf5e4,Hưng Nhơn,Hưng Nhơn,10.7159649,106.5856745,10.7117174,106.5985988,1.5,50.0,,tertiary,asphalt,,,,0.0,0.0,0.0,1.0,540.0,0.0,0,A,,,,,,,,,,,0.017172,108.49260324610435,1.4898310411982987,2512202255,5
23ca8c92801f0a4f7f82ded1b866419e,An Dương Vương,An Dương Vương,10.7566251,106.6697746,10.7566534,106.669461,2.0,55.0,,primary,asphalt,yes,,,0.0,0.0,0.0,1.0,720.0,0.0,0,A,,,,,,,,,,,0.000342,275.24828410350057,0.03444292987896847,2512202255,5
905aca3e6f949415084ac2a36c5c2447,Nguyễn Văn Luông,Nguyễn Văn Luông,10.7357509,106.6337889,10.7485677,106.6353149,1.5,50.0,,secondary,asphalt,yes,,,0.0,0.0,0.0,1.0,540.0,0.0,0,A,,,,,,,,,,,0.014343,6.671768810090441,1.4274952021471248,2512202255,5
9e0cf64a0c081b39123a6df04e7d0521,3 Tháng 2,3 Tháng 2,10.766037,106.6639913,10.7580658,106.6494435,1.5,50.0,,tertiary,asphalt,,,,0.0,0.0,0.0,1.0,540.0,0.0,0,A,,,,,,,,,,,0.022519,240.8511286794635,1.8191211386466222,2512202255,5
0aa1827610a95eb7d6ae3e292eab8ef7,Đường số 20,Đường số 20,10.8292498,106.7225448,10.8292319,106.7225292,1.5,50.0,,tertiary,asphalt,,,,0.0,0.0,0.0,1.0,540.0,0.0,0,A,,,,,,,,,,,3.3e-05,220.56313403960093,0.002613481057333938,2512202255,5
0863019ede145989e16c17472b285e3c,Phan Huy ích,Phan Huy ích,10.8442903,106.6401134,10.8231377,106.6297806,1.5,50.0,,secondary,asphalt,yes,,,0.0,0.0,0.0,1.0,540.0,0.0,0,A,,,,,,,,,,,0.031485,205.63182450716695,2.598289755641854,2512202255,5
40261f76994c01f962c06cfa07bb9b0e,Đường Nguyễn Tri Phương,Đường Nguyễn Tri Phương,10.758935,106.6691456,10.756601,106.6695945,1.5,50.0,,primary,asphalt,yes,,,0.0,0.0,0.0,1.0,540.0,0.0,0,A,,,,,,,,,,,0.002783,169.30003515497583,0.26279800479401394,2512202255,5
758f0f674d36a6475ec7bb683ef93608,Lê Đức Thọ,Lê Đức Thọ,10.8472382,106.6693689,10.8428373,106.6753185,1.0,50.0,,residential,concrete,,,,0.0,0.0,0.0,1.0,360.0,0.0,0,A,,,,,,,,,,,0.010351,126.98460856287824,0.8125237247949624,2512202255,5
3f02cf00511ed6d52873fdc68a0c1b27,Nguyễn Thị Định,Nguyễn Thị Định,10.7682878,106.7773201,10.7636062,106.7826284,1.0,50.0,,residential,,,,,0.0,0.0,0.0,1.0,360.0,0.0,0,A,,,,,,,,,,,0.00999,131.91513517755294,0.7779731530778027,2512202255,5
5b019332e6114b8ae49c3362815db79b,Trần Văn Quang,Trần Văn Quang,10.7796593,106.6445172,10.7795043,106.6499053,1.0,50.0,,residential,asphalt,,,,0.0,0.0,0.0,1.0,360.0,0.0,0,A,,,,,,,,,,,0.005543,91.67685729688645,0.5895348096112603,2512202255,5
5a7e5839041549c6fb45086cda5cf4ee,Ðiện Biên Phủ,Ðiện Biên Phủ,10.7780742,106.685171,10.7903743,106.697507,2.5,50.0,,primary,asphalt,yes,,,0.0,0.0,0.0,1.0,900.0,0.0,0,A,,,,,,,,,,,0.024636,44.57187686309544,1.9160608930945036,2512202255,5
4adadefb2f494e815b54b8b48c9e86cf,Phan Thúc Duyện,Phan Thúc Duyện,10.8052601,106.6589142,10.8026411,106.6635788,1.0,50.0,,service,asphalt,yes,,,0.0,0.0,0.0,1.0,360.0,0.0,0,A,,,,,,,,,,,0.007284,119.75162491303502,0.5866369432581906,2512202255,5
43a99183d8178e3e85913a10ba11a473,Quang Trung,Quang Trung,10.8350079,106.6634568,10.8430788,106.6419808,1.5,50.0,,service,asphalt,yes,,,0.0,0.0,0.0,1.0,540.0,0.0,0,A,,,,,,,,,,,0.029547,290.94070395400917,2.5122954729373452,2512202255,5
b8d96ccdd4d8ed5ac18701c28a728012,Nguyễn Văn Linh,Nguyễn Văn Linh,10.7290654,106.7123109,10.7287779,106.6949806,2.0,80.0,,trunk,asphalt,yes,,,0.0,0.0,0.0,1.0,720.0,0.0,0,A,,,,,,,,,,,0.017618,269.0342886087186,1.8959623662037999,2512202255,5
459be5240c53f114f3d55416973982f9,Hẻm 68 Trần Quang Khải,Hẻm 68 Trần Quang Khải,10.792788,106.6936394,10.7932473,106.6935778,1.0,50.0,,tertiary,,,,,0.0,0.0,0.0,1.0,360.0,0.0,0,A,,,,,,,,,,,0.000521,352.49481791291254,0.05124935944879215,2512202255,5
2f323a943373bab14204858032901c4c,Lê Đức Thọ,Lê Đức Thọ,10.8385342,106.680097,10.8404489,106.6787279,1.5,50.0,,tertiary,asphalt,yes,,,0.0,0.0,0.0,1.0,540.0,0.0,0,A,,,,,,,,,,,0.003284,324.92019136163464,0.25936004117600786,2512202255,5
dcb231b63bb8341d562a3f080349a85d,Quận 11,Quận 11,10.7673207,106.6534073,10.753578,106.6497631,2.5,50.0,,secondary,asphalt,yes,,,0.0,0.0,0.0,1.0,900.0,0.0,0,A,,,,,,,,,,,0.017387,194.60196632092848,1.5715080034298723,2512202255,5
555304c560b2afe9670bbcb31285298a,Đường dẫn ga Quốc nội,Đường dẫn ga Quốc nội,10.8125831,106.6647613,10.8140262,106.6643593,1.0,50.0,,service,,yes,,,0.0,0.0,0.0,1.0,360.0,0.0,0,A,,,,,,,,,,,0.001845,344.6972863123739,0.1655689554201987,2512202255,5
8c3c368227b2950e1900d2e21e42131a,D1,D1,10.8488982,106.8011838,10.8492092,106.8008695,2.0,50.0,,primary,asphalt,yes,,,0.0,0.0,0.0,1.0,720.0,0.0,0,A,,,,,,,,,,,0.000625,315.2143185145206,0.04862581213510812,2512202255,5
7e414735915eb505134c1ae99ee1f5f8,Cầu Số 2,Cầu Số 2,10.7916133,106.661654,10.7915741,106.6616367,3.0,50.0,,tertiary,asphalt,yes,,,0.0,0.0,0.0,1.0,1080.0,0.0,0,A,,,,,,,,,,,5.6e-05,203.43777309040388,0.004730840628443105,2512202255,5
7aee36778afb77c0ca97a1d38825b797,Nguyễn Huệ,Nguyễn Huệ,10.7719889,106.7062982,10.7719977,106.7061791,3.0,60.0,,primary,asphalt,yes,,,0.0,0.0,0.0,1.0,1080.0,0.0,0,A,,,,,,,,,,,0.000128,274.30129062650417,0.013062367720404375,2512202255,5
8365b8d2eabde3e12751af23962cfaef,Út Tịch,Út Tịch,10.8009968,106.6575383,10.7934217,106.6591633,1.0,50.0,,tertiary,,,,,0.0,0.0,0.0,1.0,360.0,0.0,0,A,,,,,,,,,,,0.0092,168.10051648028104,0.8565447939649607,2512202255,5
123b363bd3d1692d5c305eebf7b6ea82,Vòng xoay Dương Bá Trạc,Vòng xoay Dương Bá Trạc,10.7388523,106.6893329,10.738675,106.6895522,1.5,50.0,,primary,asphalt,yes,,,0.0,0.0,0.0,1.0,540.0,0.0,0,A,,,,,,,,,,,0.000397,129.45070100061974,0.03098423537162111,2512202255,5
20da070f88980d7da773e1a6bea9fb42,Bùi Thị Xuân,Bùi Thị Xuân,10.7984947,106.6626344,10.7979599,106.6628737,1.0,50.0,,service,,,,,0.0,0.0,0.0,1.0,360.0,0.0,0,A,,,,,,,,,,,0.000774,156.27286120240217,0.06468620494551222,2512202255,5
3569d379d4fd684d7643c11f1ab33a61,Vũ Huy Tấn,Vũ Huy Tấn,10.7959469,106.6927346,10.7956893,106.6961219,1.0,50.0,,residential,asphalt,,,,0.0,0.0,0.0,1.0,360.0,0.0,0,A,,,,,,,,,,,0.003645,94.4266350762673,0.37153642715630697,2512202256,5
f633bf06989ace67548c52bce7130e95,Phan Văn Trị,Phan Văn Trị,10.8269605,106.6885765,10.8112469,106.6954833,1.0,50.0,,tertiary,asphalt,yes,,,0.0,0.0,0.0,1.0,360.0,0.0,0,A,,,,,,,,,,,0.02262,156.64805407407653,1.895142864338763,2512202256,5
67a2c19f236297ab5c6f7929ee86a873,Transfer between the Metro and the HSR,Transfer between the Metro and the HSR,10.8081678,106.7557179,10.8085665,106.7559278,2.0,65.0,,trunk,asphalt,yes,,,0.0,0.0,0.0,1.0,720.0,0.0,0,A,,,,no,,,,,,,0.000609,27.34443767802196,0.049717586215041555,2512202256,5
69eca4cae67ba3461db78de85af8da4d,Phường Linh Trung,Phường Linh Trung,10.8724231,106.7673863,10.867122,106.8026394,1.0,50.0,,residential,asphalt,yes,,,0.0,0.0,0.0,1.0,360.0,0.0,0,A,,,,,,,,,,,0.040554,98.70217968979551,3.898754216828233,2512202256,5
667c4599a90d2c4ecfdf5568b46cc8ed,Quốc lộ 1,Quốc lộ 1,10.8666505,106.7915871,10.8752124,106.748644,1.0,50.0,,tertiary,,,,,0.0,0.0,0.0,1.0,360.0,0.0,0,A,,,,,,,,,,,0.051505,281.48032258361167,4.789740279187989,2512202256,5
3d02b982334a09910b9e3f9b126003ec,Tân Chánh Hiệp 2,Tân Chánh Hiệp 2,10.870711,106.6364066,10.8741821,106.6306399,1.0,50.0,,tertiary,,,,,0.0,0.0,0.0,1.0,360.0,0.0,0,A,,,,,,,,,,,0.009238,301.5056608292545,0.7382048936759622,2512202256,5
c3c013d289edec4813b34f41d283e138,Đường Ngô Quyền,Đường Ngô Quyền,10.7558381,106.6663734,10.7558381,106.6663734,2.0,55.0,,primary,asphalt,yes,,,0.0,0.0,0.0,1.0,720.0,0.0,0,A,,,,,,,,,,,0.0,0.0,0.0,2512202256,5
2e7b0341cc7b2135881d31cacb53f4b1,Lý Thái Tổ,Lý Thái Tổ,10.7333357,106.8200297,10.7677321,106.6723696,1.5,50.0,,primary,asphalt,yes,,,0.0,0.0,0.0,1.0,540.0,0.0,0,A,,,,,,,,,,,0.182057,283.3525355344907,16.592917220482438,2512202256,5
315ea589cfd10b87f45340a33da31b0b,Cầu Him Lam,Cầu Him Lam,10.7405245,106.6937024,10.7407629,106.6949897,1.5,50.0,,secondary,asphalt,yes,,,0.0,0.0,0.0,1.0,540.0,0.0,0,A,,,,,yes,,,,,,0.001526,79.32510019763674,0.14325541564094826,2512202256,5
de7a389232823cd0de9374379391ebdd,Đường Lạc Long Quân,Đường Lạc Long Quân,10.7664078,106.6422822,10.7632226,106.6421549,2.0,50.0,,secondary,asphalt,,,,0.0,0.0,0.0,1.0,720.0,0.0,0,A,,,,,,,,,,,0.003313,182.24844830662113,0.35259960183398553,2512202256,5
19e455d9feca8246edf4ce3897d247ac,Nguyễn Thị Nhỏ,Nguyễn Thị Nhỏ,10.7716614,106.6527803,10.753478,106.6507502,1.0,50.0,,tertiary,asphalt,no,,,0.0,0.0,0.0,1.0,360.0,0.0,0,A,,,,,,,,,,,0.020213,186.2594782197154,2.0235395313436224,2512202256,5
6aa424afd411c43e24ad14f2ace416fc,Nguyễn Hậu,Nguyễn Hậu,10.7872262,106.6346835,10.7874845,106.634782,1.0,50.0,,tertiary,asphalt,,,,0.0,0.0,0.0,1.0,360.0,0.0,0,A,,,,,,,,,,,0.000357,20.53597660942978,0.030534735700569363,2512202256,5
0e3f9a7458675955792ad89d4d670e37,Đinh Bộ Lĩnh,Đinh Bộ Lĩnh,10.8180917,106.7127697,10.8029327,106.7093756,2.0,50.0,,primary,asphalt,yes,,,0.0,0.0,0.0,1.0,720.0,0.0,0,A,,,,,,,,,,,0.018553,192.40371493694897,1.7173766861363178,2512202256,5
0384577a43ab596fb19d35c107510bc7,Hem 3m,Hem 3m,10.7908008,106.6641842,10.7907633,106.6642609,3.0,50.0,,tertiary,asphalt,yes,,,0.0,0.0,0.0,1.0,1080.0,0.0,0,A,,,,,,,,,,,0.000114,116.4603875994872,0.009357775106846137,2512202256,5
f96ffc235d76cdb65159ca62c66c920d,Xa Lộ Hà Nội,Xa Lộ Hà Nội,10.8187919,106.7581999,10.8418294,106.7695847,3.0,55.0,,trunk,asphalt,yes,,,0.0,0.0,0.0,1.0,1080.0,0.0,0,A,,,,,,,,,yes,,0.034422,25.89008443560408,2.8360983774527666,2512202256,5
3ef73e396466c2064083ffd1d6d7db30,Bành Văn Trân,Bành Văn Trân,10.7904195,106.6569689,10.7883571,106.657746,1.0,50.0,,residential,,,,,0.0,0.0,0.0,1.0,360.0,0.0,0,A,,,,,,,,,,,0.00284,159.68874917067615,0.24344504255357938,2512202256,5
899dff6a96181346a2b25681752045b3,Quốc lộ 1,Quốc lộ 1,10.8741188,106.7474536,10.7226708,106.6008754,2.0,55.0,,trunk,asphalt,yes,,QL.1,0.0,0.0,0.0,1.0,720.0,0.0,0,A,,,,,,,,,,,0.298026,223.56623732718407,23.18607865681329,2512202256,5
bb259e616f06ef8c507c6b087dadc63e,Nguyễn Bỉnh Khiêm,Nguyễn Bỉnh Khiêm,10.7919424,106.6999228,10.7886038,106.7035492,1.0,45.0,,residential,asphalt,,,,0.0,0.0,0.0,1.0,360.0,0.0,0,A,,,,,,,,,,,0.006965,133.14315325137852,0.5419108906804024,2512202256,5
54e32883329e208e3adcde2159105a68,Đinh Tiên Hoàng,Đinh Tiên Hoàng,10.7918339,106.6958731,10.7858782,106.7024674,1.0,50.0,,footway,,,,,0.0,0.0,0.0,1.0,360.0,0.0,0,A,,,,,,,,,,,0.01255,132.5951432273299,0.9767776891563642,2512202256,5
bc7e22485900e5ebf2db94a92fdaf069,Phường Nguyễn Cư Trinh,Phường Nguyễn Cư Trinh,10.7642694,106.6907611,10.7642807,106.690743,1.5,55.0,,tertiary,asphalt,yes,,,0.0,0.0,0.0,1.0,540.0,0.0,0,A,,,,,,,,,,,2.9e-05,302.4356160262058,0.0023412327759758903,2512202256,5
4ed93ab0d545f2e012459b2bacc942ec,Phường Hiệp Bình Phước,Phường Hiệp Bình Phước,10.8410074,106.7045433,10.8412473,106.7050813,1.0,50.0,,residential,,,,,0.0,0.0,0.0,1.0,360.0,0.0,0,A,,,,,,,,,,,0.000778,65.58124547664409,0.06453603155752201,2512202256,5
35f67464148108fbc04f8b2f6c9c1fcb,Nguyễn Đức Thuận,Nguyễn Đức Thuận,10.8073545,106.6403983,10.8072353,106.6404336,1.0,50.0,,residential,,,,,0.0,0.0,0.0,1.0,360.0,0.0,0,A,,,,,,,,,,,0.000154,163.78089590768184,0.013738605052528897,2512202256,5
7936734b60a16646413bb163d9e82fb2,Quách Thị Trang,Quách Thị Trang,10.7052216,106.8287243,10.7054699,106.8257462,1.5,55.0,,primary,,,,ĐT.769B,0.0,0.0,0.0,1.0,540.0,0.0,0,A,,,,,,,,,,,0.003226,274.850327162258,0.32694389930467577,2512202256,5
820c45be40784a8caf2d13c653dfbc91,Tân Chánh Hiệp 2,Tân Chánh Hiệp 2,10.8745351,106.629111,10.8750882,106.6270618,1.0,50.0,,tertiary,,,,,0.0,0.0,0.0,1.0,360.0,0.0,0,A,,,,,,,,,,,0.002602,285.3682390176224,0.23224917179916812,2512202256,5
5f4ad30047f2f96391c68e1f137624c7,Trường Chinh,Trường Chinh,10.8083021,106.6345381,10.829463,106.6235423,1.0,50.0,,primary,asphalt,yes,,,0.0,0.0,0.0,1.0,360.0,0.0,0,A,,,,,,,,,,,0.032157,332.96162809259516,2.6314675766749502,2512202256,5
559b144e6a275bb086c916d7499a26b0,Nguyễn Tất Thành,Nguyễn Tất Thành,10.7650945,106.7071763,10.7578081,106.7164541,1.5,50.0,,primary,asphalt,yes,,,0.0,0.0,0.0,1.0,540.0,0.0,0,A,,,,,,,,,,,0.016564,128.63859905566534,1.2958840707565094,2512202256,5
8d32a165786a4dfa079281c6402de396,Phường 3,Phường 3,10.8146655,106.6786944,10.8120867,106.6767178,1.0,50.0,,residential,,,,,0.0,0.0,0.0,1.0,360.0,0.0,0,A,,,,,,,,,,,0.004555,216.97519754103752,0.3578957113514189,2512202256,5
dc5b08ac8f96170963f58e21ea5aa31e,Đướng Song Hành Xa Lộ Hà Nội,Đướng Song Hành Xa Lộ Hà Nội,10.8007157,106.7326817,10.8007639,106.732697,1.0,50.0,,trunk_link,asphalt,yes,,,0.0,0.0,0.0,1.0,360.0,0.0,0,A,,,,,,,,,,,6.4e-05,17.31769154291476,0.0055879488897282985,2512202256,5
e6471d556f48d2620665619ed1e9f743,Điện Biên Phủ,Điện Biên Phủ,10.7957979,106.7028286,10.8012607,106.7127424,2.0,50.0,,primary,asphalt,yes,,,0.0,0.0,0.0,1.0,720.0,0.0,0,A,,,,,,,,,,,0.015377,60.70824203623704,1.241202254284702,2512202256,5
c7706cc5d08a764d028fbb62d5b39689,Nguyễn Văn Lạc,Nguyễn Văn Lạc,10.79196,106.7089225,10.7921268,106.708958,1.0,50.0,,residential,asphalt,,,,0.0,0.0,0.0,1.0,360.0,0.0,0,A,,,,,,,,,,,0.000202,11.808483267237648,0.018854337607456802,2512202256,5
c1a0037372386d5021b902f3ead79f51,Võ Thị Sáu,Võ Thị Sáu,10.7823096,106.6864116,10.7785015,106.6826659,2.0,50.0,,primary,asphalt,yes,,,0.0,0.0,0.0,1.0,720.0,0.0,0,A,,,,both,,,,,,,0.007554,224.01711344117632,0.5875808478286936,2512202256,5
7603f93c81fe0e469b6a27f73e40f682,Đường Ông Ích Khiêm,Đường Ông Ích Khiêm,10.7665527,106.6429996,10.7666288,106.6427319,1.5,50.0,,secondary,asphalt,,,,0.0,0.0,0.0,1.0,540.0,0.0,0,A,,,,,,,,,,,0.000344,286.1387428786277,0.03046506077184582,2512202256,5
381092131277420bae740266d89055c3,Cầu vượt Ngã Tư Ga,Cầu vượt Ngã Tư Ga,10.8629755,106.6803378,10.8591758,106.6799122,1.5,50.0,,primary,,yes,,,0.0,0.0,0.0,1.0,540.0,0.0,0,A,,,,,yes,,,,,,0.004225,186.27747574245836,0.42286715564356775,2512202256,5
c96cc95eb47b29a1666a1f505b6e9462,Lê Văn Qưới,Lê Văn Qưới,10.7763027,106.6087456,10.7763962,106.6028052,1.5,50.0,,tertiary,asphalt,,,,0.0,0.0,0.0,1.0,540.0,0.0,0,A,,,,,,,,,,,0.006034,270.9184835902165,0.6497786118757239,2512202256,5
12af608c38e4c1fd02ec4ad583e7702c,Đường Phạm Văn Đổng,Đường Phạm Văn Đổng,10.8139646,106.6791508,10.8193249,106.6899702,1.5,50.0,,primary,asphalt,yes,,,0.0,0.0,0.0,1.0,540.0,0.0,0,A,,,,,,,,,,,0.01618,63.23279759205292,1.3234048911932057,2512202256,5
a4a81e2375290beb6afe95542446bc64,Đường Nguyễn Văn Linh,Đường Nguyễn Văn Linh,10.7208632,106.6572305,10.7341285,106.7221401,2.0,50.0,,trunk,asphalt,yes,,,0.0,0.0,0.0,1.0,720.0,0.0,0,A,,,,,,,,,,,0.078175,78.24392859698759,7.250277204321196,2512202256,5
83e87b7516a10efbe845ec087ce6ddbd,Nguyễn Du,Nguyễn Du,10.7801784,106.7010865,10.8802415,106.7933053,1.5,55.0,,tertiary,asphalt,yes,,,0.0,0.0,0.0,1.0,540.0,0.0,0,A,,,,,,,,,,,0.192282,42.14245983303175,14.97320165330798,2512202256,5
1488e788120edf799c5d8df1e3c9fd78,Đường số 10,Đường số 10,10.7414548,106.7099956,10.7498061,106.6287236,1.5,50.0,,primary,asphalt,yes,,,0.0,0.0,0.0,1.0,540.0,0.0,0,A,,,,,,,,,,,0.089623,275.9785150520256,8.937414384343285,2512202256,5
79e19c1649105ef8ca20fbe1590908a4,Nguyễn Văn Bá (nối dài),Nguyễn Văn Bá (nối dài),10.8603829,106.7908151,10.8599603,106.7901143,1.0,50.0,,tertiary,,no,,,0.0,0.0,0.0,1.0,360.0,0.0,0,A,,,,,,,,,,,0.001123,238.44921310110797,0.0897577618321539,2512202256,5
33659cfa335ae26ebb27ec2d943d073d,Nguyễn Văn Trỗi,Nguyễn Văn Trỗi,10.7929933,106.6800466,10.7985035,106.6707041,2.0,55.0,,primary,asphalt,yes,,,0.0,0.0,0.0,1.0,720.0,0.0,0,A,,,,,,,,,,,0.014853,300.9825816534716,1.1897033766482494,2512202256,5
30552af3a2fe8d6f783d9772e098f6ee,Võ Văn Kiệt,Võ Văn Kiệt,10.7186024,106.6036625,10.7581329,106.6915488,1.0,50.0,,service,asphalt,,,,0.0,0.0,0.0,1.0,360.0,0.0,0,A,,,,,,,,,,,0.127417,65.39311200298056,10.560967233632777,2512202256,5
43d35d74a03520d74e9ca1ef0fa9089d,Phạm Văn Đồng,Phạm Văn Đồng,10.8402083,106.7418062,10.8380903,106.7343264,2.5,50.0,,trunk,,yes,,,0.0,0.0,0.0,1.0,900.0,0.0,0,A,,,,,,,,,,,0.009598,253.91809705636985,0.8507816510638108,2512202256,5
e23d7725d49882c6f00ded48b8b3c83a,Vân Côi,Vân Côi,10.7883735,106.6565352,10.7877277,106.6560806,1.0,50.0,,residential,,,,,0.0,0.0,0.0,1.0,360.0,0.0,0,A,,,,,,,,,,,0.0011,214.66359104999614,0.08703231437897387,2512202256,5
bfa0cc6491ea7a10d4e693c672c4a592,Trần Phú,Trần Phú,10.7529727,106.668592,10.7626244,106.6790625,3.0,50.0,,primary,asphalt,yes,,,0.0,0.0,0.0,1.0,1080.0,0.0,0,A,,,,,,,,,,,0.020122,46.82255884477661,1.5656641055376213,2512202256,5
4d11f4a065ea3f07c4e7dd8080ebb57b,Phường Tam Phú,Phường Tam Phú,10.8636069,106.7454594,10.8635251,106.7455177,1.5,50.0,,tertiary,asphalt,,,,0.0,0.0,0.0,1.0,540.0,0.0,0,A,,,,,,,,,,,0.00014,145.0102347515657,0.011068091773216817,2512202256,5
1522e9e000a9027d9582481c644bf9f7,Phạm Văn Đồng,Phạm Văn Đồng,10.8316231,106.7254178,10.8402083,106.7418062,1.0,50.0,,residential,,,,,0.0,0.0,0.0,1.0,360.0,0.0,0,A,,,,,,,,,,,0.024974,61.92440348098262,2.0281004915966356,2512202256,5
1e8dcc83952c7dc465992aac257443b6,Bạch Đằng,Bạch Đằng,10.8143903,106.6785067,10.8029569,106.710341,2.5,50.0,,primary,asphalt,yes,,,0.0,0.0,0.0,1.0,900.0,0.0,0,A,,,,,,,,,,,0.043268,110.08146676459216,3.703917091720434,2512202257,5
b2c16b0585d24925d45b474129c80584,Đường số 1A,Đường số 1A,10.7356907,106.6934274,10.7357575,106.6934288,1.5,50.0,,residential,asphalt,yes,,,0.0,0.0,0.0,1.0,540.0,0.0,0,A,,,,,,,,,,,6.8e-05,1.1796249573374098,0.007390522822057757,2512202257,5
e5053e4123ff036f85da726f1676370c,D2,D2,10.8291371,106.8033886,10.8294096,106.8037053,1.5,55.0,,primary,asphalt,yes,,,0.0,0.0,0.0,1.0,540.0,0.0,0,A,,,,,,,,,,,0.000589,48.780419303638155,0.04591150305248974,2512202257,5
8e365e564f35d72bd965cbb878b47020,Số 18,Số 18,10.8226043,106.6066965,10.8232027,106.6059457,1.0,50.0,,tertiary,,yes,,,0.0,0.0,0.0,1.0,360.0,0.0,0,A,,,,,,,,,,,0.001349,309.05768589352255,0.10546063935928675,2512202257,5
cdeee4f593891197eb3578e34020930e,Phường Thảo Điền,Phường Thảo Điền,10.8005193,106.7293575,10.8025976,106.7464095,2.5,50.0,,trunk_link,asphalt,yes,,,0.0,0.0,0.0,1.0,900.0,0.0,0,A,,,,,,,,,,,0.01913,82.9253755072587,1.8789233083371397,2512202257,5
386cd71727e012a36f501cb39fb7b480,Đường Pham Ngũ Lão,Đường Pham Ngũ Lão,10.8251122,106.6808633,10.8262602,106.6801335,1.0,50.0,,primary_link,asphalt,yes,,,0.0,0.0,0.0,1.0,360.0,0.0,0,A,,,,,,,,,,,0.001878,328.0193892798449,0.14997921953606758,2512202257,5
879656c05e81f52a10f4ca30dad28fa2,Trần Quý,Trần Quý,10.7582245,106.6518136,10.7591573,106.6561005,1.5,50.0,,tertiary,asphalt,,,,0.0,0.0,0.0,1.0,540.0,0.0,0,A,,,,,,,,,,,0.00522,77.51097396980651,0.4801001781148766,2512202257,5
3bdb36a60fa322461bec90c08819e711,Đường Nguyễn Thái Học,Đường Nguyễn Thái Học,10.7610014,106.7004904,10.7610792,106.7004391,3.0,50.0,,primary,asphalt,yes,,,0.0,0.0,0.0,1.0,1080.0,0.0,0,A,,,,right,,,,,,,0.000129,327.0653464589302,0.010273282348410141,2512202257,5
e07e8c19221f5933646ec3392d1e357e,Phạm Văn Đồng,Phạm Văn Đồng,10.8395571,106.7384111,10.8353219,106.7301125,1.5,50.0,,primary,asphalt,yes,,,0.0,0.0,0.0,1.0,540.0,0.0,0,A,,,,,,,,,,,0.012534,242.5435457356425,1.0212190804817276,2512202257,5
e2096e1337860826c2c5502ed5b147e3,Nguyễn Xí,Nguyễn Xí,10.8226293,106.7033547,10.8230448,106.7031447,2.5,65.0,,trunk,asphalt,yes,,,0.0,0.0,0.0,1.0,900.0,0.0,0,A,,,,,,,,,,,0.000626,333.5990648605276,0.05137757629073389,2512202257,5
bbe60f9a46cf61aed393aa19886c8fe9,Trường Chinh,Trường Chinh,10.7959135,106.647854,10.8339258,106.6206709,1.0,50.0,,service,,,,,0.0,0.0,0.0,1.0,360.0,0.0,0,A,,,,,,,,,,,0.065195,324.9178946598881,5.149336454023067,2512202257,5
4ff07a09ef09e659f1c634d7433f9bf1,Tạ Uyên,Tạ Uyên,10.7537462,106.6538517,10.7556925,106.6537349,1.5,50.0,,tertiary,asphalt,,,,0.0,0.0,0.0,1.0,540.0,0.0,0,A,,,,,,,,,,,0.002063,356.62591755478763,0.21566469823762266,2512202257,5
0e238bc79b181290041c3d72bba7795c,Kinh Trung ương,Kinh Trung ương,10.7909507,106.5554753,10.7910811,106.5554064,1.0,50.0,,residential,,,,,0.0,0.0,0.0,1.0,360.0,0.0,0,A,,,,,,,,,,,0.000199,332.56930405189604,0.016273580943196007,2512202257,5
98c9357b3e508c6dca3ff35cc3c350f2,Lý Tự Trọng,Lý Tự Trọng,10.7721656,106.6944832,10.7779424,106.7010583,1.5,50.0,,tertiary,asphalt,yes,,,0.0,0.0,0.0,1.0,540.0,0.0,0,A,,,,,,,,,,,0.012352,48.19133604990668,0.9619956472829647,2512202257,5
9d4dfa0bc2b0894f70651b92575ada16,Quốc lộ 22,Quốc lộ 22,10.8704157,106.5966668,10.8774435,106.5916776,1.5,50.0,,trunk,asphalt,yes,,QL.22,0.0,0.0,0.0,1.0,540.0,0.0,0,A,,,,,,,,,yes,,0.012017,325.11716708780875,0.9496650731147533,2512202257,5
2338962aaed3e0409092492e98263046,Cầu Tham Lương,Cầu Tham Lương,10.8249297,106.6275189,10.8251111,106.6277019,2.0,65.0,,primary,asphalt,yes,,,0.0,0.0,0.0,1.0,720.0,0.0,0,A,,,,,yes,,,,,,0.000364,44.737191279024216,0.02833846572490931,2512202257,5
b55e682daf84d7d0f78c7de5786ed240,Cao tốc TP. Hồ Chí Minh - Long Thành - Dầu Giây,Cao tốc TP. Hồ Chí Minh - Long Thành - Dầu Giây,10.7866225,106.843937,10.7883612,106.8358795,1.0,50.0,,unclassified,,,,,0.0,0.0,0.0,1.0,360.0,0.0,0,A,,,,,,,,,,,0.009796,282.39005384390634,0.9019522713396656,2512202257,5
87a568c59b758b2db8be0f3b70a3324d,Lạc Long Quân,Lạc Long Quân,10.7662165,106.6422433,10.761987,106.642118,1.0,50.0,,service,,,,,0.0,0.0,0.0,1.0,360.0,0.0,0,A,,,,,,,,,,,0.004355,181.6670762762401,0.46803843903062015,2512202257,5
020a17a652dce363c44a67bfad395e02,Phường Tân Thuận Tây,Phường Tân Thuận Tây,10.7523982,106.7241939,10.7522526,106.7242338,1.5,50.0,,trunk_link,asphalt,yes,,,0.0,0.0,0.0,1.0,540.0,0.0,0,A,,,,,,,,,,,0.000185,164.93170303525892,0.016686068015040793,2512202257,5
1354c8e84b5f5d86e5797795fed1960f,Bưng Ông Thoàn,Bưng Ông Thoàn,10.8139216,106.7973612,10.8144883,106.7970824,2.0,50.0,,tertiary,asphalt,,,,0.0,0.0,0.0,1.0,720.0,0.0,0,A,,,,,yes,,5.0,,,,0.000846,334.20861201481137,0.06970577477767491,2512202257,5
230d72783739bbc4f3373fe7746b7652,Tân Hoà Đông,Tân Hoà Đông,10.7542847,106.6342541,10.7560579,106.6326357,2.5,50.0,,primary,asphalt,yes,,,0.0,0.0,0.0,1.0,900.0,0.0,0,A,,,,,,,,,,,0.003392,318.1186102717437,0.26420615812373743,2512202257,5
88f2dd0897210dc36331d0bc9bf31947,Xa Lộ Hà Nội,Xa Lộ Hà Nội,10.8581167,106.7877131,10.8685319,106.804085,1.0,50.0,,residential,,,,,0.0,0.0,0.0,1.0,360.0,0.0,0,A,,,,,,,,,,,0.026787,57.06443983497206,2.128751144637229,2512202257,5
f521b9189379948467851f9a32299097,Đường Song Hành Xa lộ Hà Nội,Đường Song Hành Xa lộ Hà Nội,10.8575649,106.7860239,10.8378557,106.7676582,1.0,50.0,,secondary,asphalt,yes,,,0.0,0.0,0.0,1.0,360.0,0.0,0,A,,,,,,,,,,,0.038075,222.46594267848184,2.9640497895177034,2512202257,5
e3ceeae18f4f59cff15ec975feec319b,Phạm Văn Đồng,Phạm Văn Đồng,10.8367273,106.7316781,10.8316231,106.7254178,1.0,50.0,,residential,,,,,0.0,0.0,0.0,1.0,360.0,0.0,0,A,,,,,,,,,,,0.011364,230.30367280069,0.8873431738469959,2512202257,5
db1ca1f601c3e4286cbd5fb8c9a2f971,Nguyễn Thị Tần,Nguyễn Thị Tần,10.7492439,106.6845345,10.7486955,106.6848291,1.0,50.0,,service,,,,,0.0,0.0,0.0,1.0,360.0,0.0,0,A,,,,,,,,,,,0.000843,152.17607700904387,0.06868751745090086,2512202257,5
478c4a557bd342afd7dfd4085debd548,Đường GS1,Đường GS1,10.8883021,106.7760528,10.8882135,106.7761239,2.5,50.0,,service,concrete,,,,0.0,0.0,0.0,1.0,900.0,0.0,0,A,,,,,,,,,,,0.00016,141.76059939988886,0.012508845410953864,2512202257,5
bda846063a0f7891c5c483bb47f70323,Phú Hữu,Phú Hữu,10.7535742,106.6537519,10.7510733,106.6533152,1.0,50.0,,tertiary,asphalt,yes,,,0.0,0.0,0.0,1.0,360.0,0.0,0,A,,,,,,,,,,,0.002938,189.73445331227737,0.2807253494519094,2512202257,5
d4e002216f4edc3a77b11b9984c8c1e6,Đường Số 15,Đường Số 15,10.7738467,106.7398113,10.773475,106.7397513,4.0,30.0,,residential,asphalt,no,,,0.0,0.0,0.0,1.0,1440.0,0.0,0,A,,,,,,,,,,,0.000432,189.0106668548224,0.04163527605491547,2512202257,5
adf40601c9de600d25b9039e2177ac82,Cầu Thị Nghè,Cầu Thị Nghè,10.7910523,106.7058445,10.7924505,106.707195,1.5,50.0,,primary,asphalt,yes,,,0.0,0.0,0.0,1.0,540.0,0.0,0,A,,,,,,,,,,,0.002749,43.494980726086965,0.21385388265310665,2512202257,5
f37ae9837ea92b238ffc3e382e8e0abb,Thích Quảng Đức,Thích Quảng Đức,10.8082313,106.6785195,10.8033105,106.684482,1.5,50.0,,primary,asphalt,yes,,,0.0,0.0,0.0,1.0,540.0,0.0,0,A,,,,,,,,,,,0.010883,130.03605979400584,0.8493751546363333,2512202257,5
f2dd968dccdffe416043c7e3d2612396,Phú Thuận,Phú Thuận,10.729784,106.729495,10.729912,106.7298359,1.0,50.0,,tertiary,asphalt,yes,,,0.0,0.0,0.0,1.0,360.0,0.0,0,A,,,,,,,,,,,0.000469,69.08519391561157,0.03988707392549909,2512202257,5
97c4f983400827786f0659eb490f748d,Xa Lộ Hà Nội,Xa Lộ Hà Nội,10.8458797,106.7715847,10.8584028,106.7887514,1.0,50.0,,residential,asphalt,,,,0.0,0.0,0.0,1.0,360.0,0.0,0,A,,,,,,,,,,,0.02969,53.39403764748357,2.33283362572205,2512202257,5
6989a713b71ab4d11d83bf019852bb1a,Xa lộ Hà Nội,Xa lộ Hà Nội,10.8557659,106.7838587,10.8069194,106.7548299,2.0,45.0,,trunk,asphalt,yes,,,0.0,0.0,0.0,1.0,720.0,0.0,0,A,,,,,,,,,,,0.077875,210.27478417014785,6.266524386997125,2512202257,5
154a01acf0269ecc8c2f51c23dcb1755,Nguyễn Thị Đặng,Nguyễn Thị Đặng,10.867202,106.6414169,10.8676811,106.6416344,1.0,50.0,,residential,,,,,0.0,0.0,0.0,1.0,360.0,0.0,0,A,,,,,,,,,,,0.000697,24.028946027000245,0.05808607729983862,2512202257,5
ad966e26648e05b8e1e20a288d61ccde,Tân Xuân 2,Tân Xuân 2,10.8819132,106.6077482,10.8822319,106.6079617,1.0,50.0,,residential,,,,,0.0,0.0,0.0,1.0,360.0,0.0,0,A,,,,,,,,,,,0.000532,33.339401630294844,0.042280054148949066,2512202257,5
2b065232c5b3ce59f240ba6117083449,Phạm Văn Đồng,Phạm Văn Đồng,10.8701199,106.7633832,10.8641108,106.7571974,1.0,50.0,,residential,,,,,0.0,0.0,0.0,1.0,360.0,0.0,0,A,,,,,,,,,,,0.012195,225.31242914840269,0.9482808331765754,2512202257,5
40bdc09d799d5156e887ecab50ad1479,Ngô Quyền,Ngô Quyền,10.756629,106.6661917,10.7533937,106.6666573,1.5,50.0,,tertiary,asphalt,,,,0.0,0.0,0.0,1.0,540.0,0.0,0,A,,,,,,,,,,,0.003701,171.95255929005225,0.3614714055679125,2512202257,5
f59492720cc4552001643fc05a7e5c6f,Phạm Văn Đồng,Phạm Văn Đồng,10.849516,106.7489666,10.8414243,106.7439592,1.5,50.0,,residential,asphalt,yes,,,0.0,0.0,0.0,1.0,540.0,0.0,0,A,,,,,,,,,,,0.013099,211.2907939253303,1.049241069342425,2512202257,5
f2f81afbd87997f065cf79da637f73d2,Vòng xoay Lạc Long Quân,Vòng xoay Lạc Long Quân,10.7669732,106.6423452,10.7669707,106.6423817,1.5,50.0,,secondary,asphalt,yes,,,0.0,0.0,0.0,1.0,540.0,0.0,0,A,,,,,,,,,,,3.9e-05,93.98823737037054,0.004001662495136778,2512202257,5
d0669f7c3f0eecbc66b9e383dc464dd0,Bảy Hiền,Bảy Hiền,10.7894105,106.6516978,10.7897093,106.6518377,1.0,50.0,,residential,,,,,0.0,0.0,0.0,1.0,360.0,0.0,0,A,,,,,,,,,,,0.000439,24.699055633744365,0.03642081263056388,2512202257,5
32b80d1aeaf4553bffede0224626add8,Đường số 12,Đường số 12,10.8159526,106.7573234,10.8100275,106.756146,2.0,65.0,,trunk,asphalt,yes,,,0.0,0.0,0.0,1.0,720.0,0.0,0,A,,,,,,,,,,,0.007103,191.04457073321336,0.6679228582442687,2512202257,5
b450ce12f0106fd3cf9fbefc7c6c31a7,Vòng xoay Ngã Sáu Gò Vấp,Vòng xoay Ngã Sáu Gò Vấp,10.8263771,106.6800231,10.8265667,106.6798028,1.5,50.0,,primary,asphalt,yes,,,0.0,0.0,0.0,1.0,540.0,0.0,0,A,,,,,,,,,,,0.00041,311.22619785304016,0.03194005353568774,2512202257,5
72326b35bd9c08daaf1629d0d56ec69b,Đặng Văn Bi,Đặng Văn Bi,10.8422045,106.7634239,10.8421583,106.7634728,1.5,50.0,,residential,asphalt,,,,0.0,0.0,0.0,1.0,540.0,0.0,0,A,,,,,,,,,,,9.5e-05,133.8891545402505,0.007396342930218657,2512202257,5
a6f3b751e5eaba5dae0bd0512031d06b,Phổ Quang,Phổ Quang,10.8087826,106.6687556,10.8085272,106.6717917,1.5,50.0,,secondary,asphalt,,,,0.0,0.0,0.0,1.0,540.0,0.0,0,A,,,,,,,,,,,0.003292,94.89460692343249,0.33321983296150515,2512202257,5
0239f300f8d0fef3e5e31b4a2bc3b676,Xa lộ Hà Nội,Xa lộ Hà Nội,10.8069194,106.7548299,10.8045382,106.7521024,1.5,40.0,,trunk_link,asphalt,yes,,,0.0,0.0,0.0,1.0,540.0,0.0,0,A,,,,,,,,,,,0.005109,228.3697680439091,0.397924268966521,2512202257,5
adb6fa0fe04b6e26644e268025d65a18,Đường Trần Phú,Đường Trần Phú,10.757428,106.6739837,10.7526071,106.6683833,2.5,50.0,,primary,asphalt,yes,,,0.0,0.0,0.0,1.0,900.0,0.0,0,A,,,,,,,,,,,0.010421,228.77552167085256,0.8121465806444373,2512202257,5
d71075b573bf8cbe8cefc364bdaff47e,Hoàng Minh Giám,Hoàng Minh Giám,10.8123044,106.6768879,10.80837,106.6736261,1.5,50.0,,secondary,asphalt,,,,0.0,0.0,0.0,1.0,540.0,0.0,0,A,,,,,,,,,,,0.007196,219.15739074969207,0.5627002095361479,2512202257,5
9b8f748464a27e77deaba78654baa271,Phạm Ngũ Lão,Phạm Ngũ Lão,10.7690424,106.6941176,10.7667354,106.6883701,1.0,50.0,,footway,asphalt,,,,0.0,0.0,0.0,1.0,360.0,0.0,0,A,,,,,,,,,,,0.008054,247.77628717213372,0.6784377501250242,2512202257,5
108b01aabf7a3738b50a62d8b979f387,Nguyễn Cao,Nguyễn Cao,10.7279406,106.7122757,10.7283925,106.712277,1.5,50.0,,primary,asphalt,yes,,,0.0,0.0,0.0,1.0,540.0,0.0,0,A,,,,,,,,,,,0.000453,0.16194374588656046,0.049986109472134256,2512202257,5
be843069d038ef1d12acf10321d69d80,Đông Hồ,Đông Hồ,10.7841856,106.6517538,10.7836106,106.6540868,1.0,50.0,,residential,asphalt,,,,0.0,0.0,0.0,1.0,360.0,0.0,0,A,,,,,,,,,,,0.002908,104.08425736260398,0.26295954437431135,2512202258,5
8e91f098c9fc9b9ce3b48432b280fa2e,Lăng Cha Cả,Lăng Cha Cả,10.8006191,106.6610875,10.8003982,106.6611458,1.0,50.0,,primary,,yes,,,0.0,0.0,0.0,1.0,360.0,0.0,0,A,,,,,,,,,,,0.000279,165.46629789265057,0.025252586965583596,2512202258,5
4ff07a09ef09e659f1c634d7433f9bf1,Tạ Uyên,Tạ Uyên,10.7556925,106.6537349,10.754424,106.6537781,1.5,50.0,,tertiary,asphalt,,,,0.0,0.0,0.0,1.0,540.0,0.0,0,A,,,,,,,,,,,0.001312,178.0837233894656,0.14039206782663197,2512202258,5
d9b3562599d877999d7ee973975bd565,Liên Xã,Liên Xã,10.8884699,106.5839509,10.8885006,106.5840148,1.0,50.0,,residential,,,,,0.0,0.0,0.0,1.0,360.0,0.0,0,A,,,,,,,,,,,9.5e-05,63.92997625354889,0.007767701343575548,2512202258,5
46fc423d727b252cc98937db8a8b6798,Lý Thường Kiệt,Lý Thường Kiệt,10.7592404,106.6612178,10.7571594,106.6618976,1.5,50.0,,residential,asphalt,yes,,,0.0,0.0,0.0,1.0,540.0,0.0,0,A,,,,,,,,,,,0.002761,162.20703490729386,0.24189639404471686,2512202258,5
a43c875d037878930e511a35276bd2f7,cầu vượt vào sân bay,cầu vượt vào sân bay,10.8101615,106.6648834,10.8122766,106.6650353,1.0,50.0,,service,,,,,0.0,0.0,0.0,1.0,360.0,0.0,0,A,,,,,,,,,,,0.002267,4.035073162065942,0.23454726948974933,2512202258,5
247208f281ba2ead7ba54a16f3686e67,Dạ Nam,Dạ Nam,10.7536606,106.686888,10.7531123,106.6869589,1.5,50.0,,primary,asphalt,yes,,,0.0,0.0,0.0,1.0,540.0,0.0,0,A,,,,,,,,,,,0.000619,172.7600320171066,0.06114285069988636,2512202258,5
fe84f77da96da5828f4d4bc487679148,Phường 10,Phường 10,10.7681682,106.6677962,10.7681682,106.6677962,1.5,50.0,,primary,asphalt,,9.5,,0.0,0.0,0.0,1.0,540.0,0.0,0,A,,,,,yes,,10.0,,yes,,0.0,0.0,0.0,2512202258,5
b2f3a52da6c54d36d1e5fca0b99b1382,Phạm Văn Hai,Phạm Văn Hai,10.8000753,106.6653921,10.7970292,106.6645994,1.0,50.0,,footway,,,,,0.0,0.0,0.0,1.0,360.0,0.0,0,A,,,,,,,,,,,0.003839,194.33930714191354,0.3479126036824221,2512202258,5
e262dafe7f7172c778a551c4da58a45b,Cầu vượt Linh Xuân,Cầu vượt Linh Xuân,10.8727455,106.766864,10.8739107,106.7634192,2.0,50.0,,trunk,asphalt,yes,,QL.1,0.0,0.0,0.0,1.0,720.0,0.0,0,A,,,,,yes,,,,,,0.00461,289.00570660822603,0.39807635317266865,2512202258,5
7b2ea44f62ca9783ecbc993769dab1b2,Đường Song Hành,Đường Song Hành,10.8055309,106.7528475,10.8031584,106.7489288,1.5,65.0,,trunk,asphalt,yes,,,0.0,0.0,0.0,1.0,540.0,0.0,0,A,,,,no,,,,,,,0.006291,238.35249311383447,0.5025141252435477,2512202258,5
386ef53d909bc4061a83e53a1f50d4d7,Cầu vượt Lý Thái Tổ - Nguyễn Tri Phương,Cầu vượt Lý Thái Tổ - Nguyễn Tri Phương,10.7666392,106.6652083,10.7692426,106.6699972,1.0,50.0,,residential,,,,,0.0,0.0,0.0,1.0,360.0,0.0,0,A,,,,,,,,,,,0.007392,61.04046238837293,0.5977157637072338,2512202258,5
dc93c8af5cdfc8db446940a3fa18c38c,Bến Bình Đông,Bến Bình Đông,10.7482848,106.6604156,10.7482848,106.6604156,2.0,50.0,,primary,asphalt,yes,,,0.0,0.0,0.0,1.0,720.0,0.0,0,A,,,,,,,,,,,0.0,0.0,0.0,2512202258,5
d7aadd1b866976511f86901f6fd9416f,Tùng Thiện Vương,Tùng Thiện Vương,10.7463121,106.6599822,10.7463656,106.6600922,1.0,50.0,,residential,asphalt,,,,0.0,0.0,0.0,1.0,360.0,0.0,0,A,,,,,,,,,,,0.000163,63.66248172296093,0.013408365748070673,2512202258,5
b175b6ff434be2701bac1e919bbacf62,Nguyễn Nhược Thị,Nguyễn Nhược Thị,10.7369895,106.6402431,10.7369774,106.6403352,1.5,50.0,,tertiary,asphalt,,,,0.0,0.0,0.0,1.0,540.0,0.0,0,A,,,,,,,,,,,0.000104,97.61640140965187,0.010162721130846285,2512202258,5
bb3933dee270e2276ba40eb7efc5f3fb,Phạm Ngọc Thạch,Phạm Ngọc Thạch,10.78092,106.6978143,10.7817113,106.6969534,2.0,55.0,,primary,asphalt,yes,,,0.0,0.0,0.0,1.0,720.0,0.0,0,A,,,,,,,,,yes,,0.001652,313.0966315031309,0.12855434449488853,2512202258,5
db8992c620d36987239bba1962cdfc4d,Phường 13,Phường 13,10.8345705,106.7008658,10.8592742,106.6514144,1.0,50.0,,residential,asphalt,,,,0.0,0.0,0.0,1.0,360.0,0.0,0,A,,,,,,,,,,,0.074155,296.9644883975819,6.058435394456935,2512202258,5
bd0bdfc59239b2c228e0d185d9029e5d,Quách Thị Trang,Quách Thị Trang,10.7063918,106.8237646,10.7065115,106.8236348,1.0,50.0,,tertiary,,,,,0.0,0.0,0.0,1.0,360.0,0.0,0,A,,,,,,,,,,,0.00025,313.18367133191305,0.01941464884782675,2512202258,5
5bdefc18782ae7a451aba738f7cf464c,Cầu Chợ Cầu 1,Cầu Chợ Cầu 1,10.8457909,106.6378814,10.8474862,106.6353191,1.5,50.0,,primary,asphalt,yes,,,0.0,0.0,0.0,1.0,540.0,0.0,0,A,,,,,,,,,,,0.004258,303.96711341593715,0.33713633264095944,2512202258,5
14f48e5cb2bca397a1c766825c9254b8,Tăng Nhơn Phú,Tăng Nhơn Phú,10.8342567,106.7813494,10.827184,106.7687697,1.0,50.0,,residential,,,,,0.0,0.0,0.0,1.0,360.0,0.0,0,A,,,,,,,,,,,0.019652,240.21314831363662,1.5824913078040608,2512202258,5
7f8b583c5b4428827747d1af9e579b87,Phạm Văn Đồng,Phạm Văn Đồng,10.8289838,106.7222594,10.8705207,106.7634123,1.5,50.0,,tertiary,asphalt,,,,0.0,0.0,0.0,1.0,540.0,0.0,0,A,,,,,,,,,,,0.08269,44.21341321722309,6.430997102570999,2512202258,5
5796d9d83a76c51e5a6b098d5e515815,Thành phố Thuận An,Thành phố Thuận An,10.8877621,106.6998839,10.8886155,106.6944551,2.0,50.0,,primary,,yes,,,0.0,0.0,0.0,1.0,720.0,0.0,0,A,,,,,,,,,,,0.006282,279.0952848260871,0.6009827323819156,2512202258,5
644f59096dd37ef2b4d02d0b4bd204c5,Nguyễn Hữu Cầu,Nguyễn Hữu Cầu,10.791062,106.6911349,10.7900598,106.6904811,1.5,50.0,,residential,asphalt,,,,0.0,0.0,0.0,1.0,540.0,0.0,0,A,,,,,,,,,,,0.001656,212.65301840430175,0.1319156412277197,2512202258,5
ee3a62132d60650c698f951d336fd4f7,Lạc Long Quân,Lạc Long Quân,10.767159,106.6426234,10.7742613,106.6477025,1.0,50.0,,residential,asphalt,,,,0.0,0.0,0.0,1.0,360.0,0.0,0,A,,,,,,,,,,,0.012181,35.088945628055626,0.9621676908981622,2512202258,5
ec9ac5661ff242298083b66306af2d15,Đường Trần Hưng Ðạo,Đường Trần Hưng Ðạo,10.7526979,106.6694499,10.7519097,106.658894,2.0,55.0,,primary,asphalt,yes,,,0.0,0.0,0.0,1.0,720.0,0.0,0,A,,,,,,,,,,,0.011344,265.65465841597836,1.1578680735408355,2512202258,5
d9f08bb369d8a76c946053c9dc973675,Võ Chí Công,Võ Chí Công,10.7568077,106.7614378,10.7917842,106.7927383,1.5,50.0,,motorway_link,asphalt,yes,,,0.0,0.0,0.0,1.0,540.0,0.0,0,A,,,,,yes,,,,,,0.066277,41.31658154427362,5.165971761704874,2512202258,5
7c460dcfcaee98eeba3d0aa19823f874,Trần Nhân Tôn,Trần Nhân Tôn,10.7590354,106.6755174,10.7632459,106.6746392,1.5,50.0,,tertiary,asphalt,,,,0.0,0.0,0.0,1.0,540.0,0.0,0,A,,,,,,,,,,,0.005089,348.4201328125097,0.47553777671108327,2512202258,5
4b74658979eab14919bb70ba752ee66d,Trần Não,Trần Não,10.7912282,106.730462,10.7916195,106.7303648,1.0,50.0,,residential,asphalt,,,,0.0,0.0,0.0,1.0,360.0,0.0,0,A,,,,,,,,,,,0.000488,346.2872407482637,0.04456920253123891,2512202258,5
9d130c830bfd99fbe740630fa2a717f9,Phạm Văn Đồng,Phạm Văn Đồng,10.8575701,106.7518877,10.849516,106.7489666,1.0,50.0,,residential,,,,,0.0,0.0,0.0,1.0,360.0,0.0,0,A,,,,,,,,,,,0.010975,199.60602327904277,0.94641704649127,2512202258,5
c182fc0e10dbac715c00b92ce423a21c,Tháp Mười,Tháp Mười,10.7497109,106.6494313,10.7507545,106.6545334,1.0,50.0,,residential,asphalt,,,,0.0,0.0,0.0,1.0,360.0,0.0,0,A,,,,,,,,,,,0.006146,78.2387129124213,0.5698741839981846,2512202258,5
6237c4a356ad9dae779897d9c87f4f64,Cao tốc TP. Hồ Chí Minh - Long Thành - Dầu Giây,Cao tốc TP. Hồ Chí Minh - Long Thành - Dầu Giây,10.7950193,106.7995037,10.785892,106.8557067,1.5,75.0,,tertiary,asphalt,yes,,CT.29,0.0,0.0,0.0,1.0,540.0,0.0,0,A,,,,,yes,,,,,,0.06533,99.38207994409163,6.228949529830073,2512202258,5
a43855d734537d6695bde9802e663a0e,Đường Tên Lửa,Đường Tên Lửa,10.7383637,106.6150634,10.73825,106.6149888,1.5,50.0,,primary,asphalt,yes,,,0.0,0.0,0.0,1.0,540.0,0.0,0,A,,,,,,,,,,,0.000188,212.80676707724223,0.014991924050483031,2512202258,5
e4125b6fed6b067a2590c97f5141fe9d,Lý Thường Kiệt,Lý Thường Kiệt,10.7805208,106.6552592,10.7787511,106.6557798,1.0,50.0,,residential,asphalt,,,,0.0,0.0,0.0,1.0,360.0,0.0,0,A,,,,,,,,,,,0.00229,163.88155140313984,0.20386437094283064,2512202258,5
262cbdf1777be39dabf6d19c07b9a079,Quận Tân Bình,Quận Tân Bình,10.7902723,106.6523466,10.8117157,106.6648526,2.0,50.0,,primary,,yes,,,0.0,0.0,0.0,1.0,720.0,0.0,0,A,,,,,,,,,,,0.033949,29.806257755568765,2.73797696799543,2512202258,5
8fff1a81cd95ffd00db5b2feff676f99,Phạm Hùng,Phạm Hùng,10.7484337,106.6691251,10.740971,106.6689249,1.0,55.0,,primary,asphalt,yes,,,0.0,0.0,0.0,1.0,360.0,0.0,0,A,,,,,,,,,,,0.007663,181.50978050481908,0.8257611380765872,2512202258,5
38a661558bc6a99ae1fccf8a8bf061b0,Cầu Kênh Xáng,Cầu Kênh Xáng,10.7413597,106.6885411,10.7415302,106.6884693,2.0,50.0,,primary,asphalt,yes,,,0.0,0.0,0.0,1.0,720.0,0.0,0,A,,,,,yes,,,,,,0.000242,337.52338033061193,0.020429379873433226,2512202258,5
899dff6a96181346a2b25681752045b3,Quốc lộ 1,Quốc lộ 1,10.7226708,106.6008754,10.8684975,106.7794278,2.5,55.0,,trunk,asphalt,yes,,QL.1,0.0,0.0,0.0,1.0,900.0,0.0,0,A,,,,,,,,,yes,,0.324379,50.24210654666382,25.327600544924096,2512202258,5
d41b55f43ae037cad00d1184490f9fb3,Quốc Lộ 1,Quốc Lộ 1,10.7047068,106.597382,10.7045783,106.5973319,2.0,55.0,,trunk,,yes,,QL.1,0.0,0.0,0.0,1.0,720.0,0.0,0,A,,,,,,,,,,,0.000179,200.96176212321097,0.01523376856782068,2512202258,5
45a5f0ce435f0ecbc44a6cbfaf5a3440,Tam Bình,Tam Bình,10.8609748,106.7421212,10.8625757,106.743489,1.0,50.0,,residential,,,,,0.0,0.0,0.0,1.0,360.0,0.0,0,A,,,,,,,,,,,0.002969,39.9994675251275,0.23178411719792613,2512202258,5
f7caead55cdfc2f01a310d3245b89971,Cầu vượt Ngã tư Gò Mây,Cầu vượt Ngã tư Gò Mây,10.819436,106.6017747,10.8133227,106.6004668,1.0,65.0,,trunk,asphalt,yes,,QL.1,0.0,0.0,0.0,1.0,360.0,0.0,0,A,,,,,,,,,,,0.007421,191.86771456885066,0.6911728689849779,2512202258,5
dde9586f3c1888aaba6c91fc8ec11ec1,Ấp Bắc,Ấp Bắc,10.7997419,106.6413422,10.8000771,106.6415662,1.0,50.0,,residential,,,,,0.0,0.0,0.0,1.0,360.0,0.0,0,A,,,,,,,,,,,0.000559,33.28172563664839,0.04443915061229378,2512202258,5
c48510d1a47fb6dd2e7e963f7a8ac66a,Cầu Kênh Tẻ,Cầu Kênh Tẻ,10.7492889,106.7024382,10.754992,106.7019835,1.0,50.0,,service,,,,,0.0,0.0,0.0,1.0,360.0,0.0,0,A,,,,,,,,,,,0.006158,355.5212770152206,0.6327940545149221,2512202258,5
9a3b8820ef8cb5c724e73ac05d3b5ab8,Cầu vượt Cây Gõ,Cầu vượt Cây Gõ,10.7544547,106.6400826,10.7538631,106.6457375,1.0,50.0,,primary,asphalt,yes,,,0.0,0.0,0.0,1.0,360.0,0.0,0,A,,,,,,,,,,,0.006246,96.0778497772402,0.6219687125309522,2512202258,5
73318dff2dc6874661d0bafd247488a4,Phạm Văn Chiêu,Phạm Văn Chiêu,10.8541753,106.665484,10.8523298,106.6602254,1.5,50.0,,secondary,asphalt,,,,0.0,0.0,0.0,1.0,540.0,0.0,0,A,,,,,,,,,,,0.007104,250.33661357697443,0.6101445353024589,2512202258,5
b81f1d5593dc568ed2ee2a1d1d0fd283,Nguyễn Văn Cừ,Nguyễn Văn Cừ,10.7643811,106.6819889,10.7622438,106.683007,2.0,55.0,,primary,asphalt,yes,,,0.0,0.0,0.0,1.0,720.0,0.0,0,A,,,,,,,,,,,0.003155,154.92180190944953,0.26132507574465147,2512202258,5
c8332568dcc4b34bad9df96b5c67d114,Châu Văn Liêm,Châu Văn Liêm,10.7529881,106.6587484,10.7537895,106.6584782,1.5,50.0,,residential,asphalt,,,,0.0,0.0,0.0,1.0,540.0,0.0,0,A,,,,,,,,,,,0.001072,341.6731292735028,0.09344195474812239,2512202258,5
aad48e9b8f4d68a89d782d2d3005101f,Đường đất,Đường đất,10.8368731,106.7001735,10.830835,106.6929691,1.0,50.0,,residential,dirt,,,,0.0,0.0,0.0,1.0,360.0,0.0,0,A,,,,,,,,,,,0.013243,229.52581722197507,1.0328096344086215,2512202259,5
713803d72db3be4d1ed05f4689594598,Phường An Bình,Phường An Bình,10.8753861,106.7588382,10.8750874,106.7505911,1.5,50.0,,trunk,asphalt,yes,,QL.1,0.0,0.0,0.0,1.0,540.0,0.0,0,A,,,,,yes,,,,,,0.008546,267.8886002317484,0.9022874677364008,2512202259,5
c68748ce02047283148440e0db8245b0,Quốc lộ 1,Quốc lộ 1,10.8671103,106.7887782,10.8706221,106.7733958,1.0,50.0,,service,,,,,0.0,0.0,0.0,1.0,360.0,0.0,0,A,,,,,,,,,,,0.018894,283.0885566827288,1.726121082198376,2512202259,5
85e4979960e7c7c1b78ee51016b220a5,Huỳnh Văn Bánh,Huỳnh Văn Bánh,10.7958652,106.681914,10.7918192,106.6716163,2.0,50.0,,tertiary,asphalt,,,,0.0,0.0,0.0,1.0,720.0,0.0,0,A,,,,,,,,,,,0.014344,248.2005445839936,1.2118524376601991,2512202259,5
0571e61ab09a309bcef4674adb1c112f,Võ Văn Vân,Võ Văn Vân,10.8114752,106.5789943,10.8112677,106.578982,1.0,50.0,,residential,,,,,0.0,0.0,0.0,1.0,360.0,0.0,0,A,,,,,,,,,,,0.00022,183.33228236968174,0.022991650622353227,2512202259,5
564f596f23a465368cd92f0aae0f3bf2,Cách Mạng Tháng Tám,Cách Mạng Tháng Tám,10.7766471,106.6839026,10.7879441,106.662713,1.5,50.0,,primary,asphalt,yes,,,0.0,0.0,0.0,1.0,540.0,0.0,0,A,,,,,,,,,,,0.032487,298.4915762174919,2.6328750294436514,2512202259,5
6c2131839fa7dc52268cedddcb93f7cb,cầu Rạch Ông,cầu Rạch Ông,10.7507792,106.6892692,10.7507855,106.6893325,1.5,50.0,,secondary,asphalt,,,,0.0,0.0,0.0,1.0,540.0,0.0,0,A,,,,,,,,,,,7e-05,84.21542682187646,0.006958629561237314,2512202259,5
abfcf67d913fad9e43c3bf2068eb5422,Lý Thái Tổ,Lý Thái Tổ,10.7670409,106.6763647,10.7312283,106.8238056,1.5,50.0,,service,,,,ĐT.769B,0.0,0.0,0.0,1.0,540.0,0.0,0,A,,,,,,,,,,,0.183254,103.87316430555256,16.606322907492842,2512202259,5
581978fde927942f48e954f99363850b,Nguyễn Hữu Thọ,Nguyễn Hữu Thọ,10.7324712,106.7000037,10.7330629,106.6999333,1.0,50.0,,primary,asphalt,yes,,,0.0,0.0,0.0,1.0,360.0,0.0,0,A,,,,,,,,,,,0.000662,353.33251422723845,0.06590105887128886,2512202259,5
1c06c9b1c35e32e20617999cff375488,Phường An Phú,Phường An Phú,10.8094109,106.7557929,10.8097169,106.7560287,3.0,80.0,,trunk,asphalt,yes,,,0.0,0.0,0.0,1.0,1080.0,0.0,0,A,,,,,,,,,,,0.000542,37.122599089111645,0.04255119690458044,2512202259,5
931e092078f2614a71934d3a4ec00d60,Cầu Sài Gòn 2,Cầu Sài Gòn 2,10.7983208,106.7250464,10.7988988,106.728642,1.0,55.0,,trunk,asphalt,yes,,,0.0,0.0,0.0,1.0,360.0,0.0,0,A,,,,,,,,,,,0.004174,80.70559491100937,0.39838240580419954,2512202259,5
b68cc61f0721ec77835b5c01818b3659,Đường Cộng Hòa,Đường Cộng Hòa,10.8021815,106.6453771,10.8022319,106.644295,1.0,50.0,,residential,,,,,0.0,0.0,0.0,1.0,360.0,0.0,0,A,,,,,,,,,,,0.001133,272.71482299062734,0.11846945303646862,2512202259,5
cf96a7ac012ae3bf2e474c3f90b39a19,Lê Đức Thọ,Lê Đức Thọ,10.8398015,106.6791366,10.8610348,106.6499071,1.0,50.0,,residential,concrete,,,,0.0,0.0,0.0,1.0,360.0,0.0,0,A,,,,,,,,,,,0.050463,306.4915101000587,3.9662202202893204,2512202259,5
083c1d1e1f533af54f36d1372bbcd36c,Vĩnh Phú,Vĩnh Phú,10.8838911,106.7070109,10.8701485,106.7005955,1.0,50.0,,residential,asphalt,,,,0.0,0.0,0.0,1.0,360.0,0.0,0,A,,,,,,,,,,,0.020158,204.62917379651446,1.6741412464404588,2512202259,5
416cfd141b2e1f430ec55fda745aa785,Đại lộ ĐHQG TPHCM,Đại lộ ĐHQG TPHCM,10.8738915,106.8076326,10.8749777,106.8056563,1.5,50.0,,tertiary,asphalt,,,,0.0,0.0,0.0,1.0,540.0,0.0,0,A,,,,,,,,,,,0.003063,299.2343021457507,0.2472337104516236,2512202259,5
6a00832a711b7b634d2304dea9532ce4,Nguyễn Kiệm,Nguyễn Kiệm,10.8192058,106.6787669,10.8132332,106.6786725,1.0,50.0,,primary,asphalt,,,,0.0,0.0,0.0,1.0,360.0,0.0,0,A,,,,,,,,,,,0.006067,180.88943798273002,0.660730175328525,2512202259,5
5352666e6432a10fceff657a7a02f997,Đường số 14,Đường số 14,10.8671944,106.7747087,10.8675871,106.7749133,1.0,50.0,,tertiary,asphalt,,,,0.0,0.0,0.0,1.0,360.0,0.0,0,A,,,,,,,,,,,0.000597,27.097205285380426,0.04885986308273111,2512202259,5
524857f06019efbf0d456424d0ab340a,Hẻm 200C Xóm Chiếu,Hẻm 200C Xóm Chiếu,10.7550068,106.7100356,10.7550302,106.710014,1.0,50.0,,residential,asphalt,,,,0.0,0.0,0.0,1.0,360.0,0.0,0,A,,,,,,,,,,,4.5e-05,317.79630523537844,0.0035044415844618444,2512202259,5
80727db3633fbc28d7a447c9e2d85d3f,Âu Dương Lân,Âu Dương Lân,10.7482816,106.6817654,10.7479796,106.6819277,1.5,50.0,,tertiary,asphalt,,,,0.0,0.0,0.0,1.0,540.0,0.0,0,A,,,,,,,,,,,0.000464,152.1664224190729,0.03782913150248692,2512202259,5
52b178c7b399b7c542dfef7654a82b37,Mạc Cửu,Mạc Cửu,10.750597,106.6592038,10.7506107,106.6592357,2.0,50.0,,primary,asphalt,yes,,,0.0,0.0,0.0,1.0,720.0,0.0,0,A,,,,,,,,,,,4.6e-05,66.38795500902938,0.0038040428287110933,2512202259,5
92a17ad1350b0cfcec303e7ff62e9253,Ngã Sáu Nguyễn Tri Phương,Ngã Sáu Nguyễn Tri Phương,10.7598992,106.6687226,10.7599392,106.6687397,1.5,50.0,,primary,asphalt,yes,,,0.0,0.0,0.0,1.0,540.0,0.0,0,A,,,,,,,,,,,5.7e-05,22.781611919971226,0.004803586622484835,2512202259,5
f2b9e01aa16f341cced2e96d0714ff2f,Phạm Phú Thứ,Phạm Phú Thứ,10.7444878,106.6438571,10.7897886,106.6466566,1.0,50.0,,service,,,,,0.0,0.0,0.0,1.0,360.0,0.0,0,A,,,,,,,,,,,0.0481,3.473903836053239,5.020205244633848,2512202259,5
c8dd6d1af6d3a7a64ccc3c2ef0ac3ced,Tây Hòa,Tây Hòa,10.8261485,106.7641935,10.8262034,106.7621148,1.5,50.0,,secondary,asphalt,,,,0.0,0.0,0.0,1.0,540.0,0.0,0,A,,,,,,,,,,,0.002134,271.5404689633347,0.2273892128899462,2512202259,5
48946590ca426ec717a8cf0d8ab92d9f,Thiên Phước,Thiên Phước,10.778088,106.6555539,10.7756928,106.6532873,1.0,50.0,,residential,,,,,0.0,0.0,0.0,1.0,360.0,0.0,0,A,,,,,,,,,,,0.004662,222.911329087395,0.3628301317796972,2512202259,5
e5e232dd1ecdfa053e24715dba274d25,Trương Định,Trương Định,10.7824606,106.6835712,10.7840477,106.6803024,1.5,50.0,,tertiary,asphalt,yes,,,0.0,0.0,0.0,1.0,540.0,0.0,0,A,,,,,yes,,,,,,0.004856,296.301534578113,0.3982760369495962,2512202259,5
69c525980d10121e1bb864818fe676bc,Đồng Đen,Đồng Đen,10.7969579,106.6458983,10.7889094,106.6428981,1.0,50.0,,residential,,,,,0.0,0.0,0.0,1.0,360.0,0.0,0,A,,,,,,,,,,,0.011049,200.111547844639,0.9488090414662368,2512202259,5
b0f68ccf4a60e5a333d65ef16200c09e,Hàn Hải Nguyên,Hàn Hải Nguyên,10.7579867,106.6492826,10.7582635,106.6457587,2.0,50.0,,primary,asphalt,yes,,,0.0,0.0,0.0,1.0,720.0,0.0,0,A,,,,,,,,,,,0.003801,274.57166670811785,0.3866431808170255,2512202259,5
cbf7984140cf5a47b500189d41e6a2c4,Lữ Gia,Lữ Gia,10.7705044,106.6572944,10.7711526,106.6529443,1.5,50.0,,secondary,asphalt,,,,0.0,0.0,0.0,1.0,540.0,0.0,0,A,,,,,,,,,,,0.004998,278.6253039602761,0.48114748318161255,2512202259,5
2e7b0341cc7b2135881d31cacb53f4b1,Lý Thái Tổ,Lý Thái Tổ,10.7677321,106.6723696,10.7676423,106.6741538,1.5,50.0,,primary,asphalt,yes,,,0.0,0.0,0.0,1.0,540.0,0.0,0,A,,,,,,,,,,,0.001874,92.93268926022364,0.1953945949489752,2512202259,5
fb6194532d92f29c0e0c4b3e44855ea9,Cầu Rạch Chiếc 2,Cầu Rạch Chiếc 2,10.8139606,106.7570201,10.8099928,106.7562309,2.0,65.0,,trunk,asphalt,yes,,,0.0,0.0,0.0,1.0,720.0,0.0,0,A,,,,no,yes,,,,,,0.004757,191.05471953384153,0.4472966368199675,2512202259,5
6c15256cf0002f82edd3c632b8618c01,Đường số 8,Đường số 8,10.8824106,106.7698521,10.8418186,106.6623835,1.0,50.0,,residential,,,,,0.0,0.0,0.0,1.0,360.0,0.0,0,A,,,,,,,,,,,0.148061,248.97333809475822,12.579046586262796,2512202259,5
56d965277710f2be9607a53c3c8ec30c,Bình Thới,Bình Thới,10.7684923,106.6512531,10.7661016,106.6476679,1.0,50.0,,service,concrete,,,,0.0,0.0,0.0,1.0,360.0,0.0,0,A,,,,,,,,,,,0.005976,235.8326464681984,0.4729581843642002,2512202259,5
5ed1d84c0052c947a404073cd8ce65e0,Âu Cơ,Âu Cơ,10.7722809,106.6496421,10.7750261,106.6477936,1.0,50.0,,residential,asphalt,,,,0.0,0.0,0.0,1.0,360.0,0.0,0,A,,,,,,,,,,,0.004594,326.51601208532355,0.364800411455354,2512202259,5
d1af2b7b88243b91d552ea5321fc9744,Lê Hồng Phong,Lê Hồng Phong,10.765331,106.6752404,10.761133,106.676833,1.5,50.0,,secondary,asphalt,yes,,,0.0,0.0,0.0,1.0,540.0,0.0,0,A,,,,,,,,,,,0.005791,159.559579435317,0.4959494274785562,2512202259,5
f022a7d9fd692cd2af3ead98c7582eee,Nguyễn Ảnh Thủ,Nguyễn Ảnh Thủ,10.8552391,106.6071961,10.8551791,106.6071458,1.5,50.0,,secondary,,,,,0.0,0.0,0.0,1.0,540.0,0.0,0,A,,,,,,,,,,,0.00011,219.465737578441,0.008619484090295856,2512202259,5
c525e84af64a6c3d7880ae21ff1084dc,Minh Phụng,Minh Phụng,10.7626846,106.6446172,10.7535751,106.6430363,1.0,50.0,,service,,,,,0.0,0.0,0.0,1.0,360.0,0.0,0,A,,,,,,,,,,,0.01069,189.6756929110762,1.0223573535425674,2512202259,5
b0cadec1091304c426623c131ff84b47,Công Trường Mê Linh,Công Trường Mê Linh,10.7748291,106.7065305,10.7748385,106.7065815,2.5,55.0,,primary,asphalt,yes,,,0.0,0.0,0.0,1.0,900.0,0.0,0,A,,,,,,,,,,,6e-05,79.37360980501046,0.005673935981478311,2512202259,5
cd9fcc3350c935d00f9ed0823e96e5d8,Phạm Văn Đồng,Phạm Văn Đồng,10.8270542,106.7181851,10.8344857,106.7294684,2.5,50.0,,trunk,asphalt,yes,,,0.0,0.0,0.0,1.0,900.0,0.0,0,A,,,,,,,,,,,0.018715,56.15418155956229,1.4825792813113559,2512202259,5
8150cc702b0170149a48726e38be32df,Nguyễn Ðình Chiểu,Nguyễn Ðình Chiểu,10.7851071,106.6963948,10.7704394,106.6824793,1.5,55.0,,secondary,asphalt,yes,,,0.0,0.0,0.0,1.0,540.0,0.0,0,A,,,,,,,,,,,0.028583,222.98495225939197,2.2245332718377124,2512202259,5
dfcc1f958d389df3e113f76a5f7af8f7,Đường số 4,Đường số 4,10.7388679,106.6898242,10.7392345,106.6909482,1.5,50.0,,secondary,asphalt,yes,,,0.0,0.0,0.0,1.0,540.0,0.0,0,A,,,,,yes,,,,,,0.001491,71.63524041561567,0.12946070444478852,2512202259,5
0156bf10ae8471d6696389f5fbcfce3b,Lê Đức Thọ,Lê Đức Thọ,10.8548517,106.655946,10.8527915,106.6599389,1.0,50.0,,service,,,,,0.0,0.0,0.0,1.0,360.0,0.0,0,A,,,,,,,,,,,0.006053,117.71545210035185,0.49248464900301503,2512202259,5
b9d383cf31bb70a7cbce76c3ccb5deae,Hẻm 84A Trần Hữu Trang,Hẻm 84A Trần Hữu Trang,10.79358,106.6724314,10.7938991,106.6717593,1.0,50.0,,service,,,,,0.0,0.0,0.0,1.0,360.0,0.0,0,A,,,,,,,,,,,0.000991,295.7960172918847,0.08153840536257588,2512202259,5
21f4bfbc30a9337fed4c0ef7a289e01b,Lê Quý Đôn,Lê Quý Đôn,10.8838307,106.8004621,10.8810953,106.8015806,1.5,45.0,,tertiary,asphalt,yes,,,0.0,0.0,0.0,1.0,540.0,0.0,0,A,,,,,,,,,,,0.003854,158.12222596085064,0.3263502104272695,2512202259,5
14f1ad7d88d4a4c793aaf2097b5167c9,Nguyễn Thi,Nguyễn Thi,10.7505935,106.6591297,10.7505909,106.6591695,2.0,50.0,,primary,asphalt,yes,,,0.0,0.0,0.0,1.0,720.0,0.0,0,A,,,,,,,,,,,4.2e-05,93.80420456070686,0.004362749880427022,2512202259,5
879656c05e81f52a10f4ca30dad28fa2,Trần Quý,Trần Quý,10.7591573,106.6561005,10.7596357,106.6582987,1.5,50.0,,tertiary,asphalt,,,,0.0,0.0,0.0,1.0,540.0,0.0,0,A,,,,,,,,,,,0.002677,77.508945996612,0.24618319005738995,2512202259,5
affae36eff23201dda569057e2294a40,Lê Đức Thọ,Lê Đức Thọ,10.8428373,106.6753185,10.8625349,106.6496727,2.0,50.0,,tertiary,asphalt,yes,,QL.1,0.0,0.0,0.0,1.0,720.0,0.0,0,A,,,,,,,,,,,0.045343,308.02962490017387,3.5511300984908942,2512202259,5
1184d7a8983d26d2dfdf9a31af40a31d,Nam Kỳ Khởi Nghĩa,Nam Kỳ Khởi Nghĩa,10.7758374,106.6990601,10.7898473,106.683905,1.0,50.0,,residential,asphalt,,,,0.0,0.0,0.0,1.0,360.0,0.0,0,A,,,,,,,,,,,0.029165,313.2618855008798,2.269073307565568,2512202259,5
aab2cd3298bfd52af9f00a38ef2e5f6a,An Phú Đông,An Phú Đông,10.8581333,106.6884983,10.8580682,106.688522,1.0,50.0,,tertiary,,,,,0.0,0.0,0.0,1.0,360.0,0.0,0,A,,,,,,,,,,,8.9e-05,160.32612168372327,0.007653023712051052,2512202259,5
7c3b51cee3a5d01b4520791f4e9bf61e,Nguyễn Đình Chiểu,Nguyễn Đình Chiểu,10.8033297,106.6789788,10.8034825,106.6796467,1.5,50.0,,primary,asphalt,yes,,,0.0,0.0,0.0,1.0,540.0,0.0,0,A,,,,,,,,,,,0.000821,76.8892058985233,0.07497113037032939,2512202259,5
70aa05fc8973e4b824e0de6ae8c22e67,Trịnh Đình Trọng,Trịnh Đình Trọng,10.7751926,106.6464389,10.7752249,106.6474762,1.5,50.0,,secondary,asphalt,no,,,0.0,0.0,0.0,1.0,540.0,0.0,0,A,,,,,,,,,,,0.00107,88.18438286028868,0.11350525596629256,2512202259,5
653747dd32cab529e749797e3e75fbb0,Nguyễn Sơn,Nguyễn Sơn,10.7831843,106.6254206,10.7821283,106.6288258,1.0,50.0,,tertiary,,,,,0.0,0.0,0.0,1.0,360.0,0.0,0,A,,,,,,,,,,,0.004461,107.51994982740638,0.390304543255373,2512202300,5
d2cb8d8154a77e0b6749f053ced9a6d3,Nhánh B1,Nhánh B1,10.7923857,106.7519936,10.7926848,106.7536837,2.0,65.0,,trunk,asphalt,yes,,,0.0,0.0,0.0,1.0,720.0,0.0,0,A,,,,,,,,,,,0.001989,79.78707289539034,0.1877724808453984,2512202300,5
86734732c7cdeead4dd6fbe6653de95d,Trường Chinh,Trường Chinh,10.829463,106.6235423,10.8417386,106.6160676,1.5,65.0,,primary,asphalt,yes,,,0.0,0.0,0.0,1.0,540.0,0.0,0,A,,,,,,,,,,,0.01975,329.1191403646251,1.584864656394446,2512202300,5
77d3bced82cef96b7453fb9575be6339,Xa Lộ Hà Nội,Xa Lộ Hà Nội,10.8030754,106.7498148,10.8084947,106.7555087,1.5,65.0,,trunk,asphalt,yes,,,0.0,0.0,0.0,1.0,540.0,0.0,0,A,,,,,,,,,,,0.011113,45.902813899461535,0.8643275284096859,2512202300,5
655086087f9d305bbff5202c84368b40,Nguyễn Bình,Nguyễn Bình,10.6764523,106.7460372,10.6764671,106.7461005,1.5,50.0,,secondary,,,,,0.0,0.0,0.0,1.0,540.0,0.0,0,A,,,,,,,,,,,7.8e-05,76.61667287896432,0.0071161976897594036,2512202300,5
08b37e00c3769c01cfc9a831308cd3a7,Cầu 15B,Cầu 15B,10.7132819,106.7312394,10.7131905,106.7313098,2.0,60.0,,secondary,,yes,,,0.0,0.0,0.0,1.0,720.0,0.0,0,A,,,,,,,,,,,0.000162,142.88099958332907,0.012709063116398153,2512202300,5
146e2d73d85a20c3f88e069c1a0eb3c8,Phường An Phú Đông,Phường An Phú Đông,10.8521558,106.6874451,10.8523365,106.7000553,1.0,50.0,,residential,unpaved,,,,0.0,0.0,0.0,1.0,360.0,0.0,0,A,,,,,,,,,,,0.012791,89.16289192991093,1.3789646233753847,2512202300,5
6d970c201d4ecf40bea11ec690022048,Đường tỉnh 743,Đường tỉnh 743,10.8873863,106.7382056,10.8874344,106.7383228,2.5,50.0,,primary,asphalt,yes,,ĐT.743B,0.0,0.0,0.0,1.0,900.0,0.0,0,A,,,,,,,,,,,0.000165,67.31836653710212,0.013874064121443874,2512202300,5
50663426f5bd36b04957fdf49fe8c92e,Lê Văn Thịnh,Lê Văn Thịnh,10.7765916,106.7657368,10.7769125,106.7659642,1.0,50.0,,tertiary,,,,,0.0,0.0,0.0,1.0,360.0,0.0,0,A,,,,,,,,,,,0.000548,34.843066318995284,0.04334155012552782,2512202300,5
71d8ab4cb8c71743cfeafd484b7783ec,Đường số 1,Đường số 1,10.7443078,106.6957432,10.8671265,106.7881544,2.0,50.0,,secondary,asphalt,yes,,QL.1,0.0,0.0,0.0,1.0,720.0,0.0,0,A,,,,,,,,,,,0.21523,36.458644909193424,16.932006160275396,2512202300,5
f1fe8c6487b8951009b7e4f5a032eebb,Nghĩa Phát,Nghĩa Phát,10.7836425,106.6543665,10.7857783,106.6579632,1.0,50.0,,residential,,,,,0.0,0.0,0.0,1.0,360.0,0.0,0,A,,,,,,,,,,,0.005733,58.84673303167415,0.4588493095447494,2512202300,5
1591e903a4a408ad42787606d739855b,Cầu Cả Cấm,Cầu Cả Cấm,10.7225313,106.7257177,10.723735,106.7249535,1.0,50.0,,secondary,,yes,,,0.0,0.0,0.0,1.0,360.0,0.0,0,A,,,,,yes,,,,,,0.001968,328.0445917810511,0.15721168035153582,2512202300,5
9a4bdd7e2e9674279af5d086d2f1ef93,Phường Bến Nghé,Phường Bến Nghé,10.780376,106.6984933,10.7803753,106.6984806,3.0,50.0,,tertiary,asphalt,yes,,,0.0,0.0,0.0,1.0,1080.0,0.0,0,A,,,,,,,,,,,1.3e-05,266.7885969523263,0.0013911258183824564,2512202300,5
22c4a95d61ecfe2639b97be980b19bff,Lê Văn Khương,Lê Văn Khương,10.8619111,106.6498425,10.8621838,106.6494524,1.0,80.0,,trunk,,yes,,QL.1,0.0,0.0,0.0,1.0,360.0,0.0,0,A,,,,,yes,,,,,,0.000663,305.44346474629566,0.05224124880429115,2512202300,5
2f743d00a75280e86e3a2fd3248fae97,Bạch Đằng,Bạch Đằng,10.8029724,106.7101437,10.8033698,106.7048266,2.0,50.0,,primary,asphalt,yes,,,0.0,0.0,0.0,1.0,720.0,0.0,0,A,,,,,,,,,,,0.005714,274.35166508503977,0.583134153695524,2512202300,5
4421c6cc1cbfda7a06d776c0f7fdd798,Hồ Chí Minh - Trung Lương,Hồ Chí Minh - Trung Lương,10.6887747,106.5896523,10.6894658,106.5930448,1.0,45.0,,trunk_link,,yes,,,0.0,0.0,0.0,1.0,360.0,0.0,0,A,,,,,,,,,,,0.004084,78.28752833694199,0.37893199889357404,2512202300,5
364573706454b6977a6ae34b10f00b3c,Bình Thới,Bình Thới,10.7661016,106.6476679,10.7636884,106.643989,1.0,50.0,,service,concrete,,,,0.0,0.0,0.0,1.0,360.0,0.0,0,A,,,,,,,,,,,0.006092,236.26901616135626,0.4828628922120954,2512202300,5
d937a0aea0c8f0a33bc429902f03b914,Cầu Cá Trê Lớn,Cầu Cá Trê Lớn,10.7780689,106.7323124,10.7793052,106.7347388,2.0,65.0,,trunk,asphalt,yes,,,0.0,0.0,0.0,1.0,720.0,0.0,0,A,,,,,,,,,,,0.003663,62.58530132067938,0.2985342488290599,2512202300,5
01324f6a9fa1d0fce5535efbfc86560f,Âu Cơ,Âu Cơ,10.7760618,106.6470365,10.7722809,106.6496421,1.0,50.0,,residential,asphalt,,,,0.0,0.0,0.0,1.0,360.0,0.0,0,A,,,,,,,,,,,0.006386,145.90177491705037,0.5060788355981531,2512202300,5
9e8ff4d9311cdcda6c25a592b28ef761,Lý Thái Tổ,Lý Thái Tổ,10.7376092,106.8141974,10.7670409,106.6763647,1.0,50.0,,residential,,,,,0.0,0.0,0.0,1.0,360.0,0.0,0,A,,,,,,,,,,,0.167264,282.2752600588648,15.423334041155789,2512202300,5
835fb358d835435e865a98e46959c4a9,Nguyễn Văn Linh,Nguyễn Văn Linh,10.7293691,106.7181438,10.7340089,106.7213386,2.0,65.0,,trunk,asphalt,yes,,,0.0,0.0,0.0,1.0,720.0,0.0,0,A,,,,,,,,,,,0.007835,34.07888513050801,0.6209033684695267,2512202300,5
3261b2145279f22dd17ccc5b728f8188,Đường Nguyễn Thị Nhỏ,Đường Nguyễn Thị Nhỏ,10.753478,106.6507502,10.7533959,106.6507301,1.5,50.0,,secondary,asphalt,yes,,,0.0,0.0,0.0,1.0,540.0,0.0,0,A,,,,,,,,,,,0.000102,193.52412468215383,0.009343647896852741,2512202300,5
8594247c7d6b09f93080d0dc64757d78,Dương Bá Trạc,Dương Bá Trạc,10.7440266,106.688839,10.7415004,106.6884045,1.5,50.0,,service,asphalt,yes,,,0.0,0.0,0.0,1.0,540.0,0.0,0,A,,,,,yes,,,,,,0.002961,189.59144487369818,0.2834430853903039,2512202300,5
1fa36dd030c0bc95440c70597984b5d3,Cầu Bông,Cầu Bông,10.7929272,106.6959206,10.7941308,106.6960125,1.5,50.0,,primary,asphalt,yes,,,0.0,0.0,0.0,1.0,540.0,0.0,0,A,,,,both,yes,,,,,,0.001296,4.289340825439865,0.13351290146552192,2512202300,5
8fba7e31168ae20e00328be21fe2091a,Lê Lai,Lê Lai,10.7700912,106.6941287,10.76857,106.6902339,1.5,50.0,,primary,asphalt,yes,,,0.0,0.0,0.0,1.0,540.0,0.0,0,A,,,,,,,,,,,0.005416,248.31886403983376,0.4580093060161106,2512202300,5
2998950011174f6a1230ef73425c0d12,Phan Văn Đối,Phan Văn Đối,10.8296291,106.5950621,10.8295371,106.5949971,1.0,50.0,,secondary,,,,,0.0,0.0,0.0,1.0,360.0,0.0,0,A,,,,,,,,,,,0.000157,214.7582892888676,0.012412893218883255,2512202300,5
48622f51c7f50e1ed00c3e5acf1e7011,Hẻm 574 Kinh Dương Vương,Hẻm 574 Kinh Dương Vương,10.7321249,106.6096162,10.731368,106.6109526,1.0,50.0,,residential,asphalt,,,,0.0,0.0,0.0,1.0,360.0,0.0,0,A,,,,,,,,,,,0.002093,119.96137499725154,0.1684600624100633,2512202300,5
537b99be13a23a9527027acd66c7cb67,Vườn Chuối,Vườn Chuối,10.7722208,106.6838351,10.7720296,106.6840093,1.0,50.0,,residential,asphalt,,,,0.0,0.0,0.0,1.0,360.0,0.0,0,A,,,,,,,,,,,0.000365,138.1703928418716,0.028465455148277394,2512202300,5
0da7a0c372bed2f60ce19a48bf5305e9,Nguyễn Trọng Tuyển,Nguyễn Trọng Tuyển,10.7983381,106.6674578,10.7980849,106.6699079,1.0,50.0,,service,,,,,0.0,0.0,0.0,1.0,360.0,0.0,0,A,,,,,,,,,,,0.002703,96.005513920451,0.26940568362118833,2512202300,5
5d32a1ba4488a059cc3625a11957843c,Nguyễn Ðình Chiểu,Nguyễn Ðình Chiểu,10.7924028,106.7031476,10.7851071,106.6963948,1.0,50.0,,tertiary,asphalt,,,,0.0,0.0,0.0,1.0,360.0,0.0,0,A,,,,,,,,,,,0.014049,222.27854757021868,1.0939187359892024,2512202300,5
7ad3cce7b24417a8603842e257daea43,Cao tốc TP. Hồ Chí Minh - Long Thành - Dầu Giây,Cao tốc TP. Hồ Chí Minh - Long Thành - Dầu Giây,10.7917928,106.8178476,10.786298,106.8450235,2.0,120.0,,motorway,asphalt,yes,,CT.29,0.0,0.0,0.0,1.0,720.0,0.0,0,A,,,,,viaduct,,,,,,0.032671,101.62834126933421,3.0335910277465636,2512202300,5
31ff27ee9f18e0a23f605cd79eb16bb3,Nguyễn Chí Thanh,Nguyễn Chí Thanh,10.7584006,106.6614527,10.7595294,106.6669516,1.0,50.0,,service,concrete,,,,0.0,0.0,0.0,1.0,360.0,0.0,0,A,,,,,,,,,,,0.006628,78.19731086621476,0.6142680725154358,2512202300,5
3f3d000d329652ae462d6855105f0a8f,Hẻm 86 Ông Ích Khiêm,Hẻm 86 Ông Ích Khiêm,10.7699913,106.647032,10.7702268,106.6471393,1.0,50.0,,residential,concrete,,,,0.0,0.0,0.0,1.0,360.0,0.0,0,A,,,,,,,,,,,0.000343,24.11329896323275,0.028570842748651418,2512202300,5
b48fb5ab1f77f849ae0eacbf7a2892c6,Cầu Chánh Hưng,Cầu Chánh Hưng,10.7460556,106.6689199,10.7416454,106.668879,1.5,50.0,,primary,,yes,,,0.0,0.0,0.0,1.0,540.0,0.0,0,A,,,,,,,,,,,0.004451,180.52203339897696,0.48784540727943204,2512202300,5
bc56b10658d431cbf3782373345d71b3,Hoà Hảo,Hoà Hảo,10.7597892,106.6590053,10.7603765,106.6617195,1.5,50.0,,secondary,asphalt,yes,,,0.0,0.0,0.0,1.0,540.0,0.0,0,A,,,,,,,,,,,0.003301,77.57849649943392,0.30389038404935403,2512202300,5
d1d0298f9bbffc8d2c987d94ff5eddcd,Phan Đình Phùng,Phan Đình Phùng,10.7942586,106.6839488,10.7991177,106.6803031,1.0,50.0,,residential,asphalt,yes,,,0.0,0.0,0.0,1.0,360.0,0.0,0,A,,,,,,,,,,,0.008505,323.61007014246354,0.6692140926114495,2512202300,5
334246ae637fa7a6c3b2f1fedb042d2d,Tân Kỳ Tân Quý,Tân Kỳ Tân Quý,10.7994476,106.6193962,10.7916934,106.6052666,1.0,50.0,,tertiary,,yes,,,0.0,0.0,0.0,1.0,360.0,0.0,0,A,,,,,,,,,,,0.021884,240.81015520573055,1.767330479320397,2512202300,5
115016d4642e2c221204dff826979d47,Đào Duy Anh,Đào Duy Anh,10.8081046,106.6740205,10.8054457,106.6781072,2.5,50.0,,secondary,asphalt,yes,,,0.0,0.0,0.0,1.0,900.0,0.0,0,A,,,,,,,,,,,0.006746,123.51890630717048,0.535007024056402,2512202301,5
2c9483f432b8e6ee5257e25203c3c2d2,Phan Đăng Lưu,Phan Đăng Lưu,10.8039468,106.6857885,10.8037891,106.687792,1.0,50.0,,service,,,,,0.0,0.0,0.0,1.0,360.0,0.0,0,A,,,,,,,,,,,0.002161,94.58128459970601,0.21979439137543985,2512202301,5
b06987239bec5664387471206a5c176e,Hồ Xuân Hương,Hồ Xuân Hương,10.7752936,106.6864011,10.7756788,106.6867311,1.5,50.0,,tertiary,asphalt,,,,0.0,0.0,0.0,1.0,540.0,0.0,0,A,,,,,,,,,,,0.000715,40.083664493116714,0.05583978711779597,2512202301,5
a35f53889128359c0adc816c29f43bee,Đường số 15,Đường số 15,10.7451997,106.7025956,10.7452314,106.702546,1.0,50.0,,tertiary_link,asphalt,yes,,,0.0,0.0,0.0,1.0,360.0,0.0,0,A,,,,,,,,,,,8.1e-05,303.0447766628079,0.006459763015185448,2512202301,5
d453936536487135042d948c2ef78def,X2,X2,10.7933726,106.755623,10.7935165,106.7559349,1.0,50.0,,service,,,,,0.0,0.0,0.0,1.0,360.0,0.0,0,A,,,,,,,,,,,0.000456,64.84170055323654,0.03764135070477706,2512202301,5
36d79d615f97d229fd55b5791a8c50b8,Phường Bình Chiểu,Phường Bình Chiểu,10.8878174,106.7287564,10.8878003,106.728711,1.5,50.0,,secondary,,,,ĐT.43,0.0,0.0,0.0,1.0,540.0,0.0,0,A,,,,,,,,,,,6.2e-05,249.01536786896855,0.005311714770039345,2512202301,5
4573b15a03dc948f50764e0d55cec537,Hoàng Sĩ Khải,Hoàng Sĩ Khải,10.7390302,106.64357,10.7384808,106.6427235,1.5,50.0,,tertiary,asphalt,,,,0.0,0.0,0.0,1.0,540.0,0.0,0,A,,,,,,,,,,,0.001396,236.55155131600844,0.11075393517688362,2512202301,5
97a95fcde2349eff9741611d6cb51a56,Quớc Lộ 22,Quớc Lộ 22,10.8449041,106.6140548,10.877854,106.5914673,1.5,50.0,,residential,asphalt,yes,,QL.22,0.0,0.0,0.0,1.0,540.0,0.0,0,A,,,,,,,,,yes,,0.055537,326.0524984185484,4.402639030114611,2512202301,5
5c1d8292955cd91632458652a5422b28,Ung Văn Khiêm,Ung Văn Khiêm,10.8070705,106.7184953,10.8069599,106.7190173,2.0,50.0,,secondary,paved,yes,,,0.0,0.0,0.0,1.0,720.0,0.0,0,A,,,,,,,,,,,0.000633,102.17232709633834,0.05838108961191778,2512202301,5
7782905963074112e23f8988d4f875bd,Nguyễn Xiển,Nguyễn Xiển,10.8592096,106.8363216,10.8837836,106.8346037,1.0,50.0,,residential,concrete,,,,0.0,0.0,0.0,1.0,360.0,0.0,0,A,,,,,,,,,,,0.026292,356.0728217750798,2.7247047036497385,2512202301,5
7ca45791104af98adf0106382bd6ddd5,Nguyễn Hoàng,Nguyễn Hoàng,10.801925,106.7438952,10.8017112,106.7439955,1.5,55.0,,trunk,asphalt,yes,,,0.0,0.0,0.0,1.0,540.0,0.0,0,A,,,,no,,,,,,,0.000314,155.25890596373847,0.026069051780489544,2512202301,5
43d35d74a03520d74e9ca1ef0fa9089d,Phạm Văn Đồng,Phạm Văn Đồng,10.8380903,106.7343264,10.8667147,106.7620017,2.5,50.0,,trunk,,yes,,,0.0,0.0,0.0,1.0,900.0,0.0,0,A,,,,,,,,,,,0.0563,43.51508269837552,4.379746316195887,2512202301,5
d18072f177d6608c95ab07b28340de09,Lý Thường Kiệt,Lý Thường Kiệt,10.7820115,106.6549226,10.7887464,106.6529164,1.0,50.0,,residential,,,,,0.0,0.0,0.0,1.0,360.0,0.0,0,A,,,,,,,,,,,0.008741,343.6897024382773,0.7766073095837294,2512202301,5
1a19e3c1482ed6ff74d99c361f5ff8e9,Đường Châu Văn Liêm,Đường Châu Văn Liêm,10.7545372,106.6583269,10.7541599,106.6583935,1.5,50.0,,residential,asphalt,,,,0.0,0.0,0.0,1.0,540.0,0.0,0,A,,,,,,,,,,,0.000444,170.1617731092274,0.04236523348019005,2512202301,5
bcdffcfc244c68b7f1e75048c879ca68,Đường dẫn Sảnh Đến Quốc tế,Đường dẫn Sảnh Đến Quốc tế,10.8153763,106.6636437,10.8152546,106.6633414,1.0,50.0,,tertiary,,yes,,,0.0,0.0,0.0,1.0,360.0,0.0,0,A,,,,,,,,,,,0.000424,247.71324116733155,0.03569382234821974,2512202301,5
4ff1c86146a8f15a787642fe50ee30d5,Xa Lộ Hà Nội,Xa Lộ Hà Nội,10.8020857,106.7438001,10.8006952,106.7363742,1.5,55.0,,trunk,asphalt,yes,,,0.0,0.0,0.0,1.0,540.0,0.0,0,A,,,,,,,,,,,0.008816,259.2080360296418,0.8265338708828588,2512202301,5
a0f9b336cdde1225f168a0c44bf80a06,Cầu Trường Đai,Cầu Trường Đai,10.8600761,106.6505875,10.860121,106.650645,1.5,50.0,,secondary,asphalt,yes,,,0.0,0.0,0.0,1.0,540.0,0.0,0,A,,,,,,,,,,,0.000102,51.51143870382958,0.008012039649691905,2512202301,5
30f6a3c6075e4c488d2fc6fde201b263,Nguyễn Văn Đậu,Nguyễn Văn Đậu,10.8143614,106.6938401,10.8085648,106.6882022,1.0,50.0,,tertiary,,,,,0.0,0.0,0.0,1.0,360.0,0.0,0,A,,,,,,,,,,,0.011434,223.69264667130736,0.8895143753408157,2512202301,5
cb8f17d21348ad140c8a6868fb442f2f,Phạm Văn Đồng,Phạm Văn Đồng,10.818071,106.6867094,10.823167,106.7030896,2.5,50.0,,trunk,asphalt,yes,,,0.0,0.0,0.0,1.0,900.0,0.0,0,A,,,,,,,,,,,0.021476,72.42343665514949,1.877826257203002,2512202301,5
833b30cba7e5b5e95f0b5ade0cd9985d,Phạm Văn Đồng,Phạm Văn Đồng,10.8233047,106.7053644,10.8408851,106.7435101,1.5,50.0,,primary,asphalt,yes,,,0.0,0.0,0.0,1.0,540.0,0.0,0,A,,,,,,,,,,,0.055726,64.8587660365717,4.602219740876687,2512202301,5
bf49a14c2b009c4a36d6796e6015b9f2,Đường Lý Thái Tổ,Đường Lý Thái Tổ,10.7680397,106.667873,10.7681015,106.6679949,2.0,50.0,,primary,asphalt,,9.5,,0.0,0.0,0.0,1.0,720.0,0.0,0,A,,,,,yes,,10.0,,yes,,0.000184,62.70354156543351,0.01498278395209129,2512202301,5
ac466ada61f2c2bdb5d6fcfe93cab634,Nguyễn Thị Nhỏ,Nguyễn Thị Nhỏ,10.7544346,106.6508617,10.758499,106.6513356,1.5,50.0,,secondary,asphalt,yes,,,0.0,0.0,0.0,1.0,540.0,0.0,0,A,,,,,,,,,,,0.004538,6.5346520454002075,0.4525535089983097,2512202301,5
1b700efd8e0f220ad9b583736e491cb3,Đường Lý Thường Kiệt,Đường Lý Thường Kiệt,10.7778843,106.6559639,10.773825,106.6615589,2.0,50.0,,tertiary,asphalt,,,,0.0,0.0,0.0,1.0,720.0,0.0,0,A,,,,,,,,,,,0.009654,126.44705817141346,0.7589855881969971,2512202301,5
86163a5b85f5781a1a097719e51b4386,Phạm Văn Đồng,Phạm Văn Đồng,10.8185142,106.6869633,10.8367273,106.7316781,1.0,50.0,,residential,,,,,0.0,0.0,0.0,1.0,360.0,0.0,0,A,,,,,,,,,,,0.062928,67.4720147627088,5.288359617704673,2512202301,5
86f741a0057e73e46e4fe58d849b9794,Trần Hưng Ðạo,Trần Hưng Ðạo,10.7529032,106.6714119,10.752615,106.6684652,2.0,50.0,,primary,asphalt,yes,,,0.0,0.0,0.0,1.0,720.0,0.0,0,A,,,,,,,,,,,0.003235,264.3150790038624,0.323875744704682,2512202301,5
d0d216c362622ed27be9a76d36180c45,Dương Bá Cung,Dương Bá Cung,10.7452866,106.6230902,10.7452699,106.6230775,1.5,50.0,,primary,asphalt,yes,,,0.0,0.0,0.0,1.0,540.0,0.0,0,A,,,,,,,,,,,2.9e-05,216.76505062217998,0.002311268032251683,2512202301,5
d937a0aea0c8f0a33bc429902f03b914,Mai Chí Thọ,Mai Chí Thọ,10.7793052,106.7347388,10.7833905,106.7417533,2.0,50.0,,trunk,asphalt,yes,,,0.0,0.0,0.0,1.0,720.0,0.0,0,A,,,,,,,,,,,0.0111,59.33678059699207,0.8903552740056114,2512202301,5
62835832e483076673d3f22b2e00fb89,Kênh Nước Đen,Kênh Nước Đen,10.7884223,106.6172503,10.7881979,106.6166971,1.0,50.0,,tertiary,,yes,,,0.0,0.0,0.0,1.0,360.0,0.0,0,A,,,,,,,,,,,0.000778,247.56244125276237,0.06539445755281785,2512202301,5
1653868880a3e514ebcf372bc5775689,Hai Bà Trưng,Hai Bà Trưng,10.78789,106.6919402,10.7922848,106.6864092,1.0,50.0,,footway,,,,,0.0,0.0,0.0,1.0,360.0,0.0,0,A,,,,,,,,,,,0.009926,308.96912553920254,0.7760226695143255,2512202301,5
1171672493fa5b8fbd4b784a3056fee0,Đường Song Hành Xa lộ Hà Nội,Đường Song Hành Xa lộ Hà Nội,10.8389857,106.768291,10.8488622,106.7742039,2.0,50.0,,trunk,asphalt,yes,,,0.0,0.0,0.0,1.0,720.0,0.0,0,A,,,,,,,,,,,0.015789,30.454684018968294,1.2694569475026742,2512202301,5
bbe60f9a46cf61aed393aa19886c8fe9,Trường Chinh,Trường Chinh,10.8339258,106.6206709,10.83315,106.6211617,1.0,50.0,,primary,asphalt,yes,,,0.0,0.0,0.0,1.0,360.0,0.0,0,A,,,,,,,,,,,0.001267,148.1447052203863,0.10121419087870909,2512202301,5
c6b900a281c5b6673b89d20b01cdada9,Hẻm 312 Kinh Dương Vương,Hẻm 312 Kinh Dương Vương,10.7433547,106.6207621,10.7433184,106.6207225,1.0,50.0,,residential,asphalt,,,,0.0,0.0,0.0,1.0,360.0,0.0,0,A,,,,,,,,,,,7.6e-05,226.98451630124305,0.005906267840592143,2512202301,5
ba73dfbc32d5dca66befe71067c49a08,Phạm Đình Hổ,Phạm Đình Hổ,10.7521361,106.6496345,10.753419,106.649744,1.5,50.0,,secondary,asphalt,yes,,,0.0,0.0,0.0,1.0,540.0,0.0,0,A,,,,,,,,,,,0.001392,4.79330221650855,0.1424098644637614,2512202301,5
638538a3f8bc9ee1a68b934ca3ca6d79,Cầu Tư Dinh,Cầu Tư Dinh,10.728864,106.6980017,10.728815,106.6963878,1.5,65.0,,trunk,asphalt,yes,,,0.0,0.0,0.0,1.0,540.0,0.0,0,A,,,,,,,,,,,0.001663,268.2301926400942,0.17662161664524317,2512202301,5
9cb5b70a3d744a4404b960653bede876,Phú Châu,Phú Châu,10.8628859,106.7448654,10.8658949,106.7473789,1.0,50.0,,residential,,,,,0.0,0.0,0.0,1.0,360.0,0.0,0,A,,,,,,,,,,,0.005523,39.363675215942976,0.43163156595974217,2512202301,5
20b9106544ecc449efa13972605cfa53,Hoà Bình,Hoà Bình,10.7696068,106.6355415,10.7667998,106.6421803,1.5,50.0,,tertiary,asphalt,yes,,,0.0,0.0,0.0,1.0,540.0,0.0,0,A,,,,,,,,,,,0.009446,113.28623935943767,0.7896990592269767,2512202301,5
501fc6a5d6b1e1cad07deb6375d7585a,Phạm Văn Đồng,Phạm Văn Đồng,10.8163711,106.6833531,10.8384481,106.7354087,2.5,65.0,,trunk,asphalt,yes,,,0.0,0.0,0.0,1.0,900.0,0.0,0,A,,,,,,,,,,,0.074133,66.64085078772109,6.1940180997631105,2512202301,5
98a0390468d612a21c2a0f03c4b693fb,Đại lộ Bình Dương,Đại lộ Bình Dương,10.8690532,106.7145929,10.8882744,106.7005934,2.0,50.0,,trunk,asphalt,yes,,QL.13,0.0,0.0,0.0,1.0,720.0,0.0,0,A,,,,,,,,,,,0.033221,324.4271691455765,2.619761067515538,2512202301,5
e99983bb87cba148ff3645de7da54618,Hầm chui Mỹ Thủy,Hầm chui Mỹ Thủy,10.7698762,106.7752086,10.7698083,106.775235,1.5,55.0,,primary,asphalt,yes,,,0.0,0.0,0.0,1.0,540.0,0.0,0,A,,,,,,,,,,,9.4e-05,159.09521457525773,0.008046529066084657,2512202301,5
afa8f615248c0900131651a2c05e12f2,Trần Hữu Trang,Trần Hữu Trang,10.7935553,106.6753149,10.7940624,106.673077,1.0,50.0,,tertiary,,,,,0.0,0.0,0.0,1.0,360.0,0.0,0,A,,,,,,,,,,,0.002745,282.98984317690304,0.2510885497469216,2512202301,5
3c5f99e1ae9591bff23b250b92c22484,THOI TAM THÔN 5,THOI TAM THÔN 5,10.8826122,106.6159517,10.8839449,106.6112355,1.0,50.0,,residential,asphalt,,,,0.0,0.0,0.0,1.0,360.0,0.0,0,A,,,,,,,,,,,0.006049,286.0538716868163,0.5362825844929494,2512202301,5
8f74804e41a4d09c93121dec7f75639b,Trần Minh Quyền,Trần Minh Quyền,10.771263,106.6737333,10.770053,106.6752791,1.0,50.0,,service,concrete,,,,0.0,0.0,0.0,1.0,360.0,0.0,0,A,,,,,,,,,,,0.002756,128.54781257100592,0.21563146008762848,2512202301,5
cdbbe68b75bb1a2f0301dd0e88b79d08,Hoàng Sa,Hoàng Sa,10.7931923,106.659131,10.792888,106.7005738,1.0,45.0,,residential,asphalt,,,,0.0,0.0,0.0,1.0,360.0,0.0,0,A,,,,,,,,,,,0.041747,90.42439081955956,4.532437522043847,2512202301,5
c2fce3720560919f0edc308e66c79f50,Phó Cơ Điều,Phó Cơ Điều,10.7620243,106.6570028,10.7575292,106.657093,2.0,50.0,,secondary,asphalt,yes,,,0.0,0.0,0.0,1.0,720.0,0.0,0,A,,,,,,,,,,,0.004585,178.87063751430264,0.4973143022088606,2512202301,5
8457240fccffc65244c51d3867b23542,Đỗ Xuân Hợp,Đỗ Xuân Hợp,10.8355189,106.7658175,10.8354781,106.7658807,2.5,50.0,,secondary,asphalt,,,,0.0,0.0,0.0,1.0,900.0,0.0,0,A,,,,,,,,,,,0.000104,123.31644997259832,0.008253863920156175,2512202301,5
386fb3ebdd2948a9397bedfa8e2a39f9,Vòng xoay,Vòng xoay,10.8207283,106.6940372,10.8204546,106.6941876,1.5,50.0,,secondary,asphalt,yes,,,0.0,0.0,0.0,1.0,540.0,0.0,0,A,,,,,,,,,,,0.000424,151.64263231830228,0.03445378601503133,2512202301,5
d8e73a0a5d9a67a181e31ed261d77952,Xuân Thới 15,Xuân Thới 15,10.8691692,106.5938542,10.8689519,106.5939939,1.0,50.0,,residential,,,,,0.0,0.0,0.0,1.0,360.0,0.0,0,A,,,,,,,,,,,0.000357,147.733433764835,0.028478894818293327,2512202301,5
9e2c177dde6701fed959959cff55fd8e,Tam Đảo nối dài,Tam Đảo nối dài,10.7748455,106.6578456,10.7762132,106.6589017,1.0,50.0,,,,,,,0.0,0.0,0.0,1.0,360.0,0.0,0,A,,,,,,,,,,,0.002424,37.18228033882724,0.19033845273806216,2512202301,5
ff7c5072968d5bc43e1e5191c4841701,Núi Thành,Núi Thành,10.8009799,106.643124,10.8007478,106.6429183,1.0,50.0,,residential,,,,,0.0,0.0,0.0,1.0,360.0,0.0,0,A,,,,,,,,,,,0.000438,221.04139566119386,0.03413449489493328,2512202301,5
2455f4a20916171bdbe19dbb45a76fd7,Tô Hiến Thành,Tô Hiến Thành,10.7736176,106.6614007,10.7768372,106.664107,1.5,50.0,,secondary,asphalt,,,,0.0,0.0,0.0,1.0,540.0,0.0,0,A,,,,,,,,,,,0.005926,39.54791979742873,0.46307307388564733,2512202301,5
efd4310b3dc2fcd73f2a9acdbcdfe582,Tôn Thất Thuyết,Tôn Thất Thuyết,10.7571329,106.717736,10.7530896,106.7022171,1.0,50.0,,tertiary,asphalt,yes,,,0.0,0.0,0.0,1.0,360.0,0.0,0,A,,,,,,,,,,,0.019562,255.14857199108883,1.7553393277634817,2512202302,5
90702a5565c424aa1d6ee35909a3d731,Cầu Chà Và,Cầu Chà Và,10.750294,106.6601636,10.7487665,106.6603921,2.0,50.0,,primary,asphalt,yes,,,0.0,0.0,0.0,1.0,720.0,0.0,0,A,,,,,yes,,,,,,0.001756,171.63930945378638,0.17079973213844574,2512202302,5
7c3f006884ec418918d5f7736a3a07ff,Ngô Gia Tự,Ngô Gia Tự,10.7669024,106.6738588,10.7671362,106.6740191,2.0,50.0,,tertiary,asphalt,,,,0.0,0.0,0.0,1.0,720.0,0.0,0,A,,,,,,,,,,,0.000394,33.962545986797295,0.03124409812734309,2512202302,5
84422c631f5384d4e096f96f186a2a7d,Lý Thường Kiệt,Lý Thường Kiệt,10.765485,106.6595662,10.7738791,106.6572154,1.0,50.0,,residential,,,,,0.0,0.0,0.0,1.0,360.0,0.0,0,A,,,,,,,,,,,0.010745,344.61752037559535,0.963437929052115,2512202302,5
3bfb0cca1ad9b62fdd5a4997832e0d98,Đường Hòa Bình,Đường Hòa Bình,10.7669237,106.6422282,10.7670183,106.641639,1.0,50.0,,,,,,,0.0,0.0,0.0,1.0,360.0,0.0,0,A,,,,,,,,,,,0.000684,279.28206681175664,0.06528630974796205,2512202302,5
04333fe7c5c67cf08d89fe0bc6d041fa,Nguyễn Cao Bắc,Nguyễn Cao Bắc,10.7311497,106.712272,10.7302354,106.7122946,1.0,50.0,,,,,,,0.0,0.0,0.0,1.0,360.0,0.0,0,A,,,,,,,,,,,0.000937,178.60877927637137,0.10116347459584876,2512202302,5
b07cddff21e96635b34fd7221a0b4c62,Hồng Bàng,Hồng Bàng,10.7554182,106.6634172,10.7550108,106.6603376,1.5,50.0,,tertiary,asphalt,yes,,,0.0,0.0,0.0,1.0,540.0,0.0,0,A,,,,,,,,,,,0.003487,262.3312344650785,0.33983766030919593,2512202302,5
50be33e5f5a31fd15cdb135f75b8737f,Nguyễn Lương Bằng,Nguyễn Lương Bằng,10.7310052,106.7203264,10.7318083,106.7200097,1.0,50.0,,,,,,,0.0,0.0,0.0,1.0,360.0,0.0,0,A,,,,,,,,,,,0.00112,338.8211646507593,0.09534891375716746,2512202302,5
9364df0a65839c6b289e2c4469d3d22c,Nguyễn Thị Nghĩa,Nguyễn Thị Nghĩa,10.7701435,106.6940986,10.7693254,106.6945589,1.0,50.0,,,,,,,0.0,0.0,0.0,1.0,360.0,0.0,0,A,,,,,,,,,,,0.001278,151.06900194707288,0.10355379594200578,2512202302,5
3aba3d4a8dce782d6006d0fa4caac06e,Đường Thoại Ngọc Hầu,Đường Thoại Ngọc Hầu,10.7815006,106.6357625,10.7820031,106.6361909,1.0,50.0,,,,,,,0.0,0.0,0.0,1.0,360.0,0.0,0,A,,,,,,,,,,,0.000931,39.94570855464087,0.07269577123130015,2512202302,5
5a29d9e1c0f7c90a5c22fb3e69f612f8,Quang Trung,Quang Trung,10.835952,106.6605258,10.8395934,106.6466938,1.0,50.0,,,,,,,0.0,0.0,0.0,1.0,360.0,0.0,0,A,,,,,,,,,,,0.017473,285.00615478009945,1.5652004396667702,2512202302,5
aca6705b1d62342359f176619f7beaba,Nguyễn Ngọc Lộc,Nguyễn Ngọc Lộc,10.7659563,106.6640385,10.7659563,106.6640385,1.5,50.0,,tertiary,asphalt,,,,0.0,0.0,0.0,1.0,540.0,0.0,0,A,,,,,,,,,,,0.0,0.0,0.0,2512202302,5
111232965838e5858be71036527344fe,Ngã tư An Sương,Ngã tư An Sương,10.8428093,106.6150302,10.8429984,106.6152871,1.0,50.0,,,,,,,0.0,0.0,0.0,1.0,360.0,0.0,0,A,,,,,,,,,,,0.000446,53.14971880079287,0.03502301348807182,2512202302,5
2268892ea7efae68e2fa50c4e77360bf,Phạm Văn Đồng,Phạm Văn Đồng,10.8212703,106.6975926,10.8370873,106.7325701,1.0,50.0,,,,,,,0.0,0.0,0.0,1.0,360.0,0.0,0,A,,,,,,,,,,,0.050795,65.27518258535986,4.205950890672308,2512202302,5
032c252746f3dc7a69f21b37884a1b01,đường song hành cao tốc Long Thành Dầu Giây,đường song hành cao tốc Long Thành Dầu Giây,10.7957644,106.7806947,10.7957648,106.7808587,1.0,50.0,,,,,,,0.0,0.0,0.0,1.0,360.0,0.0,0,A,,,,,,,,,,,0.000164,89.85772121765473,0.017935439280755125,2512202302,5
d14f5f1a585e1694c189cd393f16b37a,Kha Vạn Cân,Kha Vạn Cân,10.8319797,106.725621,10.8413672,106.7463168,1.0,50.0,,,,,,,0.0,0.0,0.0,1.0,360.0,0.0,0,A,,,,,,,,,,,0.030083,65.20913497519808,2.489888515524737,2512202302,5
83a73c9070e3700c76821aa355df03d9,Lạc Long Quân,Lạc Long Quân,10.7617534,106.6421148,10.7832411,106.6506569,1.0,50.0,,service,,,,,0.0,0.0,0.0,1.0,360.0,0.0,0,A,,,,,,,,,,,0.03003,21.331273244599743,2.5538415011121325,2512202302,5
416cfd141b2e1f430ec55fda745aa785,Phường Đông Hòa,Phường Đông Hòa,10.8674881,106.7842783,10.8738915,106.8076326,1.5,50.0,,trunk,asphalt,yes,,QL.1,0.0,0.0,0.0,1.0,540.0,0.0,0,A,,,,,,,,,,,0.029758,74.39832394352874,2.6498590242602025,2512202302,5
d6cd77b733df1b8a42e6d92e31d647a2,Đường Long Thuận,Đường Long Thuận,10.8119329,106.8596808,10.8119103,106.8596881,1.0,50.0,,residential,,,,,0.0,0.0,0.0,1.0,360.0,0.0,0,A,,,,,,,,,,,3e-05,162.39707434555953,0.0026242319753065264,2512202302,5
7fafdc57528daa49e98ef4e9841cfc29,Nguyễn Du,Nguyễn Du,10.8839415,106.8020366,10.8805839,106.7847868,1.0,50.0,,,,,,,0.0,0.0,0.0,1.0,360.0,0.0,0,A,,,,,,,,,,,0.020607,258.79033874161473,1.9221545049490445,2512202302,5
bcf28f149edbafb780548eda8977f1bd,Phan Đăng Lưu,Phan Đăng Lưu,10.8037891,106.687792,10.7993486,106.6803694,1.5,50.0,,residential,asphalt,yes,,,0.0,0.0,0.0,1.0,540.0,0.0,0,A,,,,,,,,,,,0.011863,238.65797466883043,0.9487732718433867,2512202302,5
a27d6f142e0e8d4af8e0ea7b1e45798e,Đường Hồng Bàng,Đường Hồng Bàng,10.7537647,106.6538338,10.7566007,106.6695824,1.0,50.0,,,,,,,0.0,0.0,0.0,1.0,360.0,0.0,0,A,,,,,,,,,,,0.018585,79.61155247035936,1.7508622385367874,2512202302,5
5c0ee164d2f247a7660b2fa34ac8345b,Thành Thái,Thành Thái,10.7807392,106.6588525,10.7782236,106.6617292,1.0,50.0,,,,,,,0.0,0.0,0.0,1.0,360.0,0.0,0,A,,,,,,,,,,,0.005392,131.674635604439,0.42001520160260036,2512202302,5
9565679cf45d1e51b610eb8e8adb7d36,Võ Chí Công,Võ Chí Công,10.769328,106.7748346,10.7655125,106.770577,1.0,50.0,,,,,,,0.0,0.0,0.0,1.0,360.0,0.0,0,A,,,,,,,,,,,0.008073,227.62860516545538,0.6284614846812162,2512202302,5
4d8509b103f3eae0d50bec454bd6d193,Hương Lộ 2,Hương Lộ 2,10.7735855,106.6211738,10.773618,106.6212579,1.5,50.0,,secondary,asphalt,,,,0.0,0.0,0.0,1.0,540.0,0.0,0,A,,,,,,,,,,,0.000117,68.52637753047941,0.009875584621075182,2512202302,5
09a0ce1fe69983749cd5c7d1de3be421,Quảng trường sáng tạo,Quảng trường sáng tạo,10.8754861,106.8052044,10.8742918,106.805084,1.0,50.0,,,,,,,0.0,0.0,0.0,1.0,360.0,0.0,0,A,,,,,,,,,,,0.001315,185.6539699706705,0.1327603047084073,2512202302,5
c3486a5672e29a8d91a857f094df9b58,Xã Vĩnh Lộc B,Xã Vĩnh Lộc B,10.7888288,106.5759596,10.7800867,106.5682102,1.0,50.0,,,,,,,0.0,0.0,0.0,1.0,360.0,0.0,0,A,,,,,,,,,,,0.016492,221.04973689741874,1.2858329372702118,2512202302,5
1171672493fa5b8fbd4b784a3056fee0,Đường Song Hành Xa lộ Hà Nội,Đường Song Hành Xa lộ Hà Nội,10.8488622,106.7742039,10.855961,106.7849851,1.0,50.0,,,,,,,0.0,0.0,0.0,1.0,360.0,0.0,0,A,,,,,,,,,,,0.01788,56.15978555379763,1.416412679913675,2512202302,5
7819559c0527c6a6dbef960718e219a4,Tân Sơn Nhì,Tân Sơn Nhì,10.80264,106.6353988,10.8028848,106.636066,1.0,50.0,,residential,,,,,0.0,0.0,0.0,1.0,360.0,0.0,0,A,,,,,,,,,,,0.000912,69.51796882254501,0.07782720342924344,2512202302,5
9a8a0ab0d467f2a0b7a5ddaddc02581d,Hồng Hà,Hồng Hà,10.8134061,106.6652599,10.8140069,106.6747486,1.0,50.0,,,,,,,0.0,0.0,0.0,1.0,360.0,0.0,0,A,,,,,,,,,,,0.01009,86.31080601779144,1.0397685107789985,2512202302,5
c11a22a51386b6683718470043bdd752,Nguyễn Trãi,Nguyễn Trãi,10.7527545,106.6535477,10.7669665,106.6883289,1.0,50.0,,,,,,,0.0,0.0,0.0,1.0,360.0,0.0,0,A,,,,,,,,,,,0.048993,67.41314533142446,4.1162107319089225,2512202302,5
46d0c6441317268ba24a8d4e830d1d5c,Nhánh A1,Nhánh A1,10.7932441,106.7532978,10.7926709,106.7524658,1.0,50.0,,,,,,,0.0,0.0,0.0,1.0,360.0,0.0,0,A,,,,,,,,,,,0.001405,234.95621758363342,0.11090177833092214,2512202302,5
3c45cb822d65c8e4e3364f4e7b3ae167,Đường Số 354/15 Đướng Lý Thường Kiêt,Đường Số 354/15 Đướng Lý Thường Kiêt,10.7760663,106.6587872,10.7760663,106.6587872,1.0,50.0,,,,,,,0.0,0.0,0.0,1.0,360.0,0.0,0,A,,,,,,,,,,,0.0,0.0,0.0,2512202302,5
0e9f671d4ab0b828b07244127ee5d67f,Cầu Hiệp Ân 2,Cầu Hiệp Ân 2,10.7433356,106.6613572,10.7433941,106.6616795,1.0,50.0,,,,,,,0.0,0.0,0.0,1.0,360.0,0.0,0,A,,,,,,,,,,,0.000381,79.53281601495803,0.035842447553165055,2512202302,5
f3fe4ad767fba6a94815cb6ba62a44a2,Hoà Hưng,Hoà Hưng,10.7780404,106.6712231,10.7800043,106.676489,1.0,50.0,,,,,,,0.0,0.0,0.0,1.0,360.0,0.0,0,A,,,,,,,,,,,0.00723,69.21048042769115,0.6155291106173068,2512202302,5
be434f6fcfd08bb95fd01faf85fc2b72,Phan Văn Trị,Phan Văn Trị,10.8319624,106.6745438,10.8269605,106.6885765,1.0,50.0,,,,,,,0.0,0.0,0.0,1.0,360.0,0.0,0,A,,,,,,,,,,,0.019035,109.94497931801544,1.631173656648981,2512202302,5
d9ff27de775687ba6ae535d9cdf8a20f,Kinh Dương Vương,Kinh Dương Vương,10.7282004,106.6071858,10.7265851,106.6050773,1.0,50.0,,footway,asphalt,,,,0.0,0.0,0.0,1.0,360.0,0.0,0,A,,,,,,,,,,,0.003724,232.05608299928554,0.2917527681549944,2512202302,5
aedfcc521095d7d7ff4a56ad4969f6c6,Trường Chinh,Trường Chinh,10.8311999,106.6227295,10.8373896,106.6187325,1.0,50.0,,residential,,,,,0.0,0.0,0.0,1.0,360.0,0.0,0,A,,,,,,,,,,,0.010187,327.61588535058974,0.8122751235406859,2512202302,5
03a32720a21696ddc4450a75c1855641,Lạc Long Quân,Lạc Long Quân,10.7742613,106.6477025,10.769814,106.6444321,1.0,50.0,,residential,asphalt,,,,0.0,0.0,0.0,1.0,360.0,0.0,0,A,,,,,,,,,,,0.007718,215.84500265200313,0.6082218521207906,2512202302,5
8c90c50b1eaab6b587c3385563ac3655,Cầu vượt Ngã Sáu Gò Vấp,Cầu vượt Ngã Sáu Gò Vấp,10.8280378,106.6792404,10.8260016,106.6798526,1.5,50.0,,primary,asphalt,yes,,,0.0,0.0,0.0,1.0,540.0,0.0,0,A,,,,,,,,,,,0.002648,163.547755378984,0.23496944318132734,2512202302,5
018afdc8dfe6405f1dceb1f30f73325d,Nguyễn Trãi,Nguyễn Trãi,10.7563856,106.6762478,10.7527545,106.6535477,1.0,50.0,,,,,,,0.0,0.0,0.0,1.0,360.0,0.0,0,A,,,,,,,,,,,0.026331,260.7543983573348,2.5151449971516326,2512202302,5
c6bdbee9943288bb1b2bcb5ad94530c5,Võ Hữu Lợi,Võ Hữu Lợi,10.7495136,106.5406398,10.749453,106.540609,1.0,50.0,,tertiary,,,,,0.0,0.0,0.0,1.0,360.0,0.0,0,A,,,,,,,,,,,9.1e-05,206.53443067301538,0.007502092088550643,2512202302,5
d1a299017f3767c5c0ce6f5ededa0f9d,Nguyễn Trọng Tuyển,Nguyễn Trọng Tuyển,10.7980849,106.6699079,10.7984011,106.6665835,1.0,50.0,,,,,,,0.0,0.0,0.0,1.0,360.0,0.0,0,A,,,,,,,,,,,0.003641,275.5309891391742,0.3652389257967301,2512202302,5
63fae86ec55193cab7357c63f4f2845a,Đặng Văn Ngữ,Đặng Văn Ngữ,10.7937455,106.6690254,10.794193,106.6693074,1.0,50.0,,,,,,,0.0,0.0,0.0,1.0,360.0,0.0,0,A,,,,,,,,,,,0.000729,31.758227714519137,0.05832080654520645,2512202302,5
dbfcdececbdb5cc1cb6b4cde2cc7c4a5,Đường CN2,Đường CN2,10.8155285,106.6245997,10.8155179,106.62442,1.0,50.0,,,,,,,0.0,0.0,0.0,1.0,360.0,0.0,0,A,,,,,,,,,,,0.00019,266.56330518627846,0.01968603277746857,2512202302,5
71556bf33dd98572aa9d31a6b06cf75f,Phó Ðức Chính,Phó Ðức Chính,10.7707145,106.6991208,10.7676642,106.7010097,1.0,50.0,,,,,,,0.0,0.0,0.0,1.0,360.0,0.0,0,A,,,,,,,,,,,0.004939,148.6858239065915,0.3956275035271278,2512202302,5
cb4335a416d83971695b8a9fe1614d99,Lý Thường Kiệt,Lý Thường Kiệt,10.8866826,106.5896647,10.7757808,106.6565902,1.5,50.0,,primary,asphalt,,,ĐT.9,0.0,0.0,0.0,1.0,540.0,0.0,0,A,,,,,,,,,,,0.177827,149.33782396045774,14.284323362102823,2512202302,5
9466c59bdc04c79d545fe919b56a8142,Xuân Thới Sơn 21,Xuân Thới Sơn 21,10.8668839,106.597713,10.8668923,106.5977254,1.0,50.0,,,,,,,0.0,0.0,0.0,1.0,360.0,0.0,0,A,,,,,,,,,,,2.1e-05,55.402523325150696,0.0016436065710037388,2512202302,5
46831dc8e0a786041740e6698f0993b3,THOI TAM THÔN 5,THOI TAM THÔN 5,10.8842932,106.6105297,10.8842093,106.6106839,1.0,50.0,,residential,asphalt,,,,0.0,0.0,0.0,1.0,360.0,0.0,0,A,,,,,,,,,,,0.000238,118.98932537872889,0.019244295779594824,2512202302,5
9639ccbb53d7c7aa83a76252d96f6a30,Phường 14,Phường 14,10.7507925,106.6590186,10.8515609,106.6439339,2.0,50.0,,primary,asphalt,yes,,,0.0,0.0,0.0,1.0,720.0,0.0,0,A,,,,,,,,,,,0.115853,351.63632315155854,11.267738011423397,2512202302,5
7666417467a4d7983ca7cb8f8f3fc957,Xóm Củi,Xóm Củi,10.746712,106.6605461,10.7467638,106.6605397,1.0,50.0,,residential,asphalt,,,,0.0,0.0,0.0,1.0,360.0,0.0,0,A,,,,,,,,,,,5.8e-05,353.0790036984518,0.005772352552956471,2512202302,5
d3c7e159184f07572d71181f2e57dc01,Cầu Hoàng Hoa Thám,Cầu Hoàng Hoa Thám,10.7946727,106.693204,10.7958364,106.6927968,1.0,50.0,,,,,,,0.0,0.0,0.0,1.0,360.0,0.0,0,A,,,,,,,,,,,0.001571,341.0308715432691,0.13620619486250204,2512202302,5
f38b112f44d0cd8e293122b52eb6c5dd,Hoàng Văn Thụ,Hoàng Văn Thụ,10.8002745,106.666894,10.7999007,106.6717039,1.0,50.0,,,,,,,0.0,0.0,0.0,1.0,360.0,0.0,0,A,,,,,,,,,,,0.005184,94.52314539048632,0.5276357995357868,2512202302,5
b21b9defc7b6a2819b3490e827421fde,Cầu Kênh B,Cầu Kênh B,10.7447939,106.5384069,10.7446677,106.5386627,1.0,50.0,,,,,,,0.0,0.0,0.0,1.0,360.0,0.0,0,A,,,,,,,,,,,0.000382,116.66386873854412,0.03126847802600418,2512202302,5
944d4aba40f9b4698887e285fea8d66e,Hẻm 322 Hòa Hưng,Hẻm 322 Hòa Hưng,10.7779568,106.6710033,10.7785872,106.6707568,1.0,50.0,,,,,,,0.0,0.0,0.0,1.0,360.0,0.0,0,A,,,,,,,,,,,0.000877,338.98707890808095,0.07476060940099667,2512202302,5
758f0f674d36a6475ec7bb683ef93608,Lê Đức Thọ,Lê Đức Thọ,10.8515063,106.6622383,10.8472382,106.6693689,1.0,50.0,,,,,,,0.0,0.0,0.0,1.0,360.0,0.0,0,A,,,,,,,,,,,0.011399,121.35975152984719,0.9114751547457088,2512202302,5
47755a5540608c72dd864459c6c3a6d7,Phan Văn Đáng,Phan Văn Đáng,10.7468469,106.7929002,10.7471454,106.7931437,1.0,50.0,,,,,,,0.0,0.0,0.0,1.0,360.0,0.0,0,A,,,,,,,,,,,0.000542,38.70996669463591,0.042421134063075856,2512202302,5
297aa53831588423b2352487df6040c8,Lạc Long Quân,Lạc Long Quân,10.769814,106.6444321,10.7666571,106.6423879,1.5,50.0,,residential,asphalt,,,,0.0,0.0,0.0,1.0,540.0,0.0,0,A,,,,,,,,,,,0.005201,212.4619169721183,0.41463712952522014,2512202302,5
8b17cd945b85bbcd43656e3bf38630fb,Đường Cao tốc Tp. Hồ Chí Minh-Long Thành-Dầu Giây,Đường Cao tốc Tp. Hồ Chí Minh-Long Thành-Dầu Giây,10.7859271,106.8534308,10.7963832,106.7909752,1.0,50.0,,,,,,,0.0,0.0,0.0,1.0,360.0,0.0,0,A,,,,,,,,,,,0.072912,279.67785663016286,6.927609345465881,2512202302,5
acc73b2742b6a7ae6a316c547525d1d1,Nguyễn Khoái,Nguyễn Khoái,10.7558779,106.6939259,10.7533608,106.6952956,1.0,50.0,,,,,,,0.0,0.0,0.0,1.0,360.0,0.0,0,A,,,,,,,,,,,0.003887,151.8709113834649,0.31617077986985614,2512202302,5
b696fc42fe664c8db994254601b5855c,Hồng Bàng,Hồng Bàng,10.7534697,106.6530134,10.753623,106.6478806,1.0,50.0,,,,,,,0.0,0.0,0.0,1.0,360.0,0.0,0,A,,,,,,,,,,,0.005286,271.7417691426313,0.5616680322433182,2512202302,5
a543773a200a307bf28769fa3da07862,Đường Trần Văn Giàu,Đường Trần Văn Giàu,10.7520876,106.6082145,10.7519761,106.6081604,1.5,50.0,,residential,asphalt,,,,0.0,0.0,0.0,1.0,540.0,0.0,0,A,,,,,,,,,,,0.000166,205.48637173229667,0.013679410672882546,2512202302,5
3ea305cbef3167c345c81b93932e4cf8,Nguyễn Thái Sơn,Nguyễn Thái Sơn,10.8177209,106.6814029,10.819754,106.683148,1.5,50.0,,primary,asphalt,yes,,,0.0,0.0,0.0,1.0,540.0,0.0,0,A,,,,,,,,,,,0.003778,40.13367616938069,0.29494408086961693,2512202302,5
83eff32d809455af93e472143bd22c95,Phường 7,Phường 7,10.7646858,106.6615305,10.7646858,106.6615305,1.0,50.0,,,,,,,0.0,0.0,0.0,1.0,360.0,0.0,0,A,,,,,,,,,,,0.0,0.0,0.0,2512202302,5
94aadac0163a4195d344b2ff0cf5d166,Phan Đình Giót,Phan Đình Giót,10.8001795,106.6677637,10.8046866,106.6644615,2.5,55.0,,primary,asphalt,yes,,,0.0,0.0,0.0,1.0,900.0,0.0,0,A,,,,,,,,,,,0.007809,324.25839052382463,0.6155975946869522,2512202302,5
84b55ced01b46649bc0c300d9222f91f,Phạm Thái Bường,Phạm Thái Bường,10.7273833,106.7086074,10.7274088,106.7097716,1.0,50.0,,,,,,,0.0,0.0,0.0,1.0,360.0,0.0,0,A,,,,,,,,,,,0.00119,88.72280559873803,0.12737928433668833,2512202302,5
494264f6e5351fce1bf4a7ea85c16a93,Võ Văn Kiệt,Võ Văn Kiệt,10.7503613,106.6692116,10.7491553,106.6606556,1.0,55.0,,primary,asphalt,yes,,,0.0,0.0,0.0,1.0,360.0,0.0,0,A,,,,,,,,,,,0.009762,261.83620411890206,0.94530401369909,2512202302,5
565705c0eed96a1a9a86d19728864b8e,Thoại Ngọc Hầu,Thoại Ngọc Hầu,10.7842211,106.6392437,10.78599,106.6416689,1.0,50.0,,,,,,,0.0,0.0,0.0,1.0,360.0,0.0,0,A,,,,,,,,,,,0.004194,53.40593495744724,0.3295959604470879,2512202302,5
1b5b958c37a611a63e7132e95820b427,Hải Thượng Lãn Ông,Hải Thượng Lãn Ông,10.7504376,106.6601575,10.7507744,106.6593065,2.0,50.0,,primary,asphalt,yes,,,0.0,0.0,0.0,1.0,720.0,0.0,0,A,,,,,,,,,,,0.001188,291.94163520258286,0.10025950510373453,2512202302,5
8be985e8d8e06a0b71f2709c4d055e0a,Nguyễn Tuyển,Nguyễn Tuyển,10.7833422,106.7653756,10.7836471,106.7652891,1.0,50.0,,,,,,,0.0,0.0,0.0,1.0,360.0,0.0,0,A,,,,,,,,,,,0.000391,344.42739793137235,0.03502763572897597,2512202302,5
502578d2a4f5ec4fc519e0107f31f6c1,Thân Nhân Trung,Thân Nhân Trung,10.8023976,106.6423382,10.8029475,106.6424147,1.0,50.0,,residential,,,,,0.0,0.0,0.0,1.0,360.0,0.0,0,A,,,,,,,,,,,0.000626,7.781314304101386,0.06139888223049213,2512202302,5
16af3b86bfbe294ba072106469d09d52,Trần Phú,Trần Phú,10.7631515,106.6795568,10.7574203,106.674132,1.0,50.0,,,,,,,0.0,0.0,0.0,1.0,360.0,0.0,0,A,,,,,,,,,,,0.011156,222.92011069283313,0.8682944724568921,2512202302,5
f5cdb1dc0b32588465f04fff9d92924a,Hoàng Văn Thụ,Hoàng Văn Thụ,10.7999559,106.6710835,10.8002636,106.6676731,1.0,50.0,,,,,,,0.0,0.0,0.0,1.0,360.0,0.0,0,A,,,,,,,,,,,0.003718,275.2482681988244,0.37451294011468045,2512202302,5
05679f6366bc9176fb5f49648782371b,Chu Văn An,Chu Văn An,10.8113215,106.6960454,10.811203,106.7048425,1.0,50.0,,,,,,,0.0,0.0,0.0,1.0,360.0,0.0,0,A,,,,,,,,,,,0.008916,90.78486637398589,0.9621093042319984,2512202302,5
a5f843bbb7798d58c803e19aefd88c36,Nguyễn Văn Bá,Nguyễn Văn Bá,10.8415062,106.7687324,10.8496688,106.773359,1.0,50.0,,,,,,,0.0,0.0,0.0,1.0,360.0,0.0,0,A,,,,,,,,,,,0.012789,29.103391521649428,1.034961089607837,2512202302,5
c18197709096f5642adb864a182087af,Cầu Lê Văn Sỹ,Cầu Lê Văn Sỹ,10.785862,106.6815175,10.7861078,106.6810825,1.0,50.0,,service,,,,,0.0,0.0,0.0,1.0,360.0,0.0,0,A,,,,,,,,,,,0.000681,299.9084081322434,0.05479522613927914,2512202302,5
7b4a911bbd47627a4c3c6b8770466a8e,Điện Biên Phủ,Điện Biên Phủ,10.8009447,106.7151083,10.7984442,106.7051673,1.0,50.0,,,,,,,0.0,0.0,0.0,1.0,360.0,0.0,0,A,,,,,,,,,,,0.012441,255.63785832163518,1.121787034559456,2512202302,5
0679a066d9c8f303377f37ac7a47c74d,Ngã sáu Cộng Hòa,Ngã sáu Cộng Hòa,10.7651637,106.681627,10.765182,106.6815426,1.0,50.0,,,,,,,0.0,0.0,0.0,1.0,360.0,0.0,0,A,,,,,,,,,,,0.000103,282.44616292204614,0.009450426012742326,2512202302,5
96e3e7bfec3a02404dff3648bb325228,Chợ Lớn,Chợ Lớn,10.7444411,106.6255188,10.7444479,106.6258206,1.5,45.0,,residential,asphalt,,,,0.0,0.0,0.0,1.0,540.0,0.0,0,A,,,,,,,,,,,0.000309,88.68620724507718,0.03301963804261507,2512202302,5
38fb3b06b6cac925541de365e9e65837,Quốc lộ 1,Quốc lộ 1,10.8617623,106.6586551,10.8620129,106.6541628,1.0,50.0,,,,,,,0.0,0.0,0.0,1.0,360.0,0.0,0,A,,,,,,,,,,,0.004743,273.25144416975843,0.49196119392772947,2512202302,5
2b4070260e2726ad3905ed6b34017434,Đường Song Hành Xa lộ Hà Nội,Đường Song Hành Xa lộ Hà Nội,10.855961,106.7849851,10.8578137,106.788085,1.0,50.0,,,,,,,0.0,0.0,0.0,1.0,360.0,0.0,0,A,,,,,,,,,,,0.004953,58.67680473268331,0.3960810528853401,2512202302,5
36d30f76179ab0f38428382d789188d3,Lê Văn Sỹ,Lê Văn Sỹ,10.7970292,106.6645994,10.7889674,106.675853,1.0,50.0,,residential,,,,,0.0,0.0,0.0,1.0,360.0,0.0,0,A,,,,,,,,,,,0.019315,126.10131954585785,1.5198342433510048,2512202302,5
27177fb89d9eddd6871cb5336d0f9396,Đường D2,Đường D2,10.8011202,106.6193571,10.8012387,106.6193967,1.0,50.0,,residential,,yes,,,0.0,0.0,0.0,1.0,360.0,0.0,0,A,,,,,,,,,,,0.000158,18.172766434692903,0.013804555227064851,2512202302,5
47ed5ada72329906efb3f9b95e354dfb,Hồng Bàng,Hồng Bàng,10.753623,106.6478806,10.7533034,106.6507117,1.0,50.0,,,,,,,0.0,0.0,0.0,1.0,360.0,0.0,0,A,,,,,,,,,,,0.003151,96.5546646874219,0.3116696972769958,2512202302,5
9fa001dd3f2515350b7880710a8941ba,Hẻm Số 354,Hẻm Số 354,10.775411,106.6582765,10.7755941,106.6584192,1.0,50.0,,residential,,,,,0.0,0.0,0.0,1.0,360.0,0.0,0,A,,,,,,,,,,,0.000326,37.43813862853432,0.02556899369540976,2512202302,5
93bc343a1674b87a9c94751ba59a31ee,Ngã tư Hàng Xanh,Ngã tư Hàng Xanh,10.8013276,106.7110941,10.8012791,106.7111262,2.5,50.0,,primary,asphalt,yes,,,0.0,0.0,0.0,1.0,900.0,0.0,0,A,,,,,,,,,,,8.1e-05,146.97091108885047,0.006411224835687243,2512202302,5
541049ab7793d155f754a28632b82bfd,Đặng Nguyên Cẩn,Đặng Nguyên Cẩn,10.7534511,106.6316452,10.7563978,106.6332036,1.0,50.0,,,,,,,0.0,0.0,0.0,1.0,360.0,0.0,0,A,,,,,,,,,,,0.004505,27.455024173029244,0.36782216067394474,2512202302,5
49ecdc5552ce5a28149992c19a4c4a1d,Phạm Thế Hiển,Phạm Thế Hiển,10.7404244,106.6548139,10.7508219,106.6874216,1.5,50.0,,secondary,asphalt,yes,,,0.0,0.0,0.0,1.0,540.0,0.0,0,A,,,,,yes,,,,,,0.043005,72.01572620446262,3.7474818195628083,2512202302,5
3dc3aeb6ac2cd4c7167f26a1d7f12ea3,Cầu vượt Sóng Thần 1,Cầu vượt Sóng Thần 1,10.8753473,106.7511683,10.8754506,106.7515008,1.0,50.0,,,,,,,0.0,0.0,0.0,1.0,360.0,0.0,0,A,,,,,,,,,,,0.000436,72.44475611265193,0.03810675004887089,2512202302,5
5c8848b02d1ed211f5d30c2e42534bfd,Đi ga trong nước,Đi ga trong nước,10.8122766,106.6650353,10.8134346,106.6646772,1.0,50.0,,,,,,,0.0,0.0,0.0,1.0,360.0,0.0,0,A,,,,,,,,,,,0.001516,343.10389751329967,0.13394272023345877,2512202302,5
e75804c942982977f006580ba5986f84,Lê Duẩn,Lê Duẩn,10.7857663,106.7035568,10.7803753,106.6984806,1.0,50.0,,,,,,,0.0,0.0,0.0,1.0,360.0,0.0,0,A,,,,,,,,,,,0.010467,222.7686838309276,0.8147409336301014,2512202302,5
e3d39cd84d4c0ef295ee5acb87566b98,Cầu Rạch Lăng,Cầu Rạch Lăng,10.821591,106.6983165,10.8218467,106.6992827,1.0,50.0,,,,,,,0.0,0.0,0.0,1.0,360.0,0.0,0,A,,,,,,,,,,,0.001222,74.92042438806118,0.10937682616011876,2512202302,5
b23cf7a2151170ab26baf9f070c25912,Thành Thái,Thành Thái,10.7739209,106.6645769,10.7697668,106.6661869,2.5,50.0,,secondary,asphalt,,,,0.0,0.0,0.0,1.0,900.0,0.0,0,A,,,,,,,,,,,0.005764,159.15603668570122,0.4920820970934338,2512202302,5
ea14fc6b6273dcb810b2b2df002c6e95,Cách Mạng Tháng Tám,Cách Mạng Tháng Tám,10.7752936,106.6864011,10.7766471,106.6839026,1.0,50.0,,,,,,,0.0,0.0,0.0,1.0,360.0,0.0,0,A,,,,,,,,,,,0.003852,298.8747474402298,0.31158474878695164,2512202302,5
195265c71531f3f3a57772d5aadc4f58,Cầu vượt Thủ Đức,Cầu vượt Thủ Đức,10.8620872,106.7959178,10.8622393,106.7945633,1.0,50.0,,,,,,,0.0,0.0,0.0,1.0,360.0,0.0,0,A,,,,,,,,,,,0.001507,276.52305407659696,0.14905092644484502,2512202302,5
63a550addce33e07b50e3eeba744163b,Nguyễn Hữu Tự,Nguyễn Hữu Tự,10.7926663,106.6967184,10.7926985,106.6961576,1.5,50.0,,primary,asphalt,yes,,,0.0,0.0,0.0,1.0,540.0,0.0,0,A,,,,,,,,,,,0.000593,273.3452944856376,0.061434227487725084,2512202302,5
d6cee906472a79bad046456dc033c45b,Nguyễn Văn Cừ,Nguyễn Văn Cừ,10.7622438,106.683007,10.765251,106.6818405,1.0,50.0,,,,,,,0.0,0.0,0.0,1.0,360.0,0.0,0,A,,,,,,,,,,,0.004174,339.13939266444396,0.3562641176706433,2512202302,5
67de27da28b2daee04ece7e83f309f6e,Bình Lợi,Bình Lợi,10.8315214,106.7053404,10.8311762,106.7054531,1.5,50.0,,tertiary,asphalt,,,,0.0,0.0,0.0,1.0,540.0,0.0,0,A,,,,,,,,,,,0.000458,162.22096602415343,0.040123228997869034,2512202302,5
baf64f563cfe688df4fa44e5ae3f87d7,Đường Võ Văn Kiệt,Đường Võ Văn Kiệt,10.7502942,106.6630864,10.7500276,106.6634461,1.0,50.0,,,,,,,0.0,0.0,0.0,1.0,360.0,0.0,0,A,,,,,,,,,,,0.000626,127.03135227186488,0.049168418485377806,2512202302,5
8e795d3fc416bd5da0d94ed82fc0ed5a,Vĩnh Lộc,Vĩnh Lộc,10.8125836,106.5775667,10.812224,106.577018,1.0,50.0,,,,,,,0.0,0.0,0.0,1.0,360.0,0.0,0,A,,,,,,,,,,,0.000908,236.288338983796,0.07199039439278702,2512202302,5
c06a1b8efc6200d0966ed39c3cdeef25,Tôn Thất Hiệp,Tôn Thất Hiệp,10.7657693,106.6544961,10.7626655,106.6522037,1.0,50.0,,,,,,,0.0,0.0,0.0,1.0,360.0,0.0,0,A,,,,,,,,,,,0.005396,215.96419794020264,0.4251276526140337,2512202302,5
c7695e86589d35c00b8cc3f8b4147749,Điện Biên Phủ,Điện Biên Phủ,10.7973168,106.7040931,10.7938821,106.7008614,2.0,50.0,,primary,asphalt,yes,,,0.0,0.0,0.0,1.0,720.0,0.0,0,A,,,,,,,,,,,0.006666,222.74580645691745,0.5188944390615582,2512202302,5
b9346845b0f001277213d25f2c3c0a73,Lãnh Binh Thăng,Lãnh Binh Thăng,10.7622847,106.65559,10.7623992,106.6545324,1.0,50.0,,residential,,no,,,0.0,0.0,0.0,1.0,360.0,0.0,0,A,,,,,,,,,,,0.001172,276.28885688160733,0.11636541328466078,2512202302,5
60111468ab13d6f1c26b24f74a398e82,Đường Hàn Hải Nguyên,Đường Hàn Hải Nguyên,10.7580377,106.6496262,10.757963,106.6489515,2.0,50.0,,primary,asphalt,yes,,,0.0,0.0,0.0,1.0,720.0,0.0,0,A,,,,,,,,,yes,,0.000749,263.5701534645715,0.07425695218267099,2512202302,5
b11770597d1bb3722013241f37a0ca4f,Đường Hải Thượng Lãn Ông,Đường Hải Thượng Lãn Ông,10.750916,106.6564736,10.7504187,106.6633972,1.5,50.0,,residential,asphalt,,,,0.0,0.0,0.0,1.0,540.0,0.0,0,A,,,,,,,,,,,0.007421,94.18080953957565,0.75928730964239,2512202302,5
fa678391a551977b9049b5334e5c9bb2,Đường dẫn Cầu Thủ Thiêm,Đường dẫn Cầu Thủ Thiêm,10.7828466,106.7199382,10.7820242,106.7205208,2.0,55.0,,secondary,asphalt,yes,,,0.0,0.0,0.0,1.0,720.0,0.0,0,A,,,,,yes,,,,yes,,0.001405,145.16561495384292,0.11106349714666588,2512202302,5
55d26b2823900135ab49db31c65f2445,Lữ Gia,Lữ Gia,10.7711526,106.6529443,10.7705227,106.6571756,1.0,50.0,,,,,,,0.0,0.0,0.0,1.0,360.0,0.0,0,A,,,,,,,,,,,0.004861,98.61644700831215,0.4679976179460747,2512202302,5
2d1e2e76955d8d94f92ac490ffbb3d5c,Bàu Cát,Bàu Cát,10.7922881,106.6429867,10.7929669,106.6410455,1.0,50.0,,,,,,,0.0,0.0,0.0,1.0,360.0,0.0,0,A,,,,,,,,,,,0.00262,289.5947603575444,0.22518259324643097,2512202302,5
89de86f0ef58b4a28077676eaf55c3f9,Đường D4,Đường D4,10.7452196,106.6957773,10.7452248,106.6957332,1.0,50.0,,,,,,,0.0,0.0,0.0,1.0,360.0,0.0,0,A,,,,,,,,,,,4.9e-05,276.8438076617149,0.0048578451645538015,2512202302,5
3744e21c2023db0f4531107364d601a9,Trần Quang Khải,Trần Quang Khải,10.7916682,106.6898524,10.7915069,106.6888956,1.0,50.0,,,,,,,0.0,0.0,0.0,1.0,360.0,0.0,0,A,,,,,,,,,,,0.001118,260.26197439461544,0.1061493094005031,2512202302,5
416ab8efe59b1653f203084e57cf715e,Cây Bàng,Cây Bàng,10.7187059,106.5920538,10.7189172,106.5920047,1.0,50.0,,tertiary,,,,,0.0,0.0,0.0,1.0,360.0,0.0,0,A,,,,,,,,,,,0.00026,347.13888071724546,0.023981661475404946,2512202302,5
3c0167e8901fdb249e907289256872ee,3 Tháng 2,3 Tháng 2,10.7575536,106.6482993,10.7618422,106.6562075,2.0,50.0,,primary,asphalt,yes,,,0.0,0.0,0.0,1.0,720.0,0.0,0,A,,,,,,,,,,,0.012197,61.10044429637725,0.9865028614360991,2512202302,5
3c39db0c557be235aff028b5bb55ca41,3 Tháng 2,3 Tháng 2,10.7711007,106.6734728,10.7674299,106.6665142,1.0,50.0,,,,,,,0.0,0.0,0.0,1.0,360.0,0.0,0,A,,,,,,,,,,,0.010629,241.76585897791853,0.8626125382169273,2512202302,5
5c7a7f20cc257f980d2163ca90a814cb,Cầu vượt Tân Thới Hiệp,Cầu vượt Tân Thới Hiệp,10.8621176,106.6511715,10.8620995,106.6499973,1.0,50.0,,,,,,,0.0,0.0,0.0,1.0,360.0,0.0,0,A,,,,,,,,,,,0.001192,269.10087184671386,0.12840033458105857,2512202302,5
6bf7cd756f6d8d56e519299551a7a4cc,Cầu Sài Gòn 1,Cầu Sài Gòn 1,10.7997621,106.7319201,10.7981356,106.7225975,1.0,50.0,,,,,,,0.0,0.0,0.0,1.0,360.0,0.0,0,A,,,,,,,,,,,0.010949,259.92937659445084,1.0352809505980494,2512202302,5
001a769ff6f9c3b6d437bcf693969aa4,Thị trấn Tân Túc,Thị trấn Tân Túc,10.6795155,106.5693537,10.6797073,106.5693331,1.0,50.0,,,,,,,0.0,0.0,0.0,1.0,360.0,0.0,0,A,,,,,,,,,,,0.000212,353.97512773364247,0.02133483244827021,2512202302,5
41f71824fb500e7f5c9ee32056caee4b,3 Tháng 2,3 Tháng 2,10.7618422,106.6562075,10.755822,106.6453021,1.0,50.0,,,,,,,0.0,0.0,0.0,1.0,360.0,0.0,0,A,,,,,,,,,,,0.016926,240.66868879060385,1.3660783644781092,2512202302,5
f633bf06989ace67548c52bce7130e95,Nơ Trang Long,Nơ Trang Long,10.8112469,106.6954833,10.8252639,106.706678,1.0,50.0,,,,,,,0.0,0.0,0.0,1.0,360.0,0.0,0,A,,,,,,,,,,,0.025212,38.1116298765117,1.9754947828399587,2512202302,5
2016fae29720e80048b5a8d7ea8a84a8,Tân Vĩnh,Tân Vĩnh,10.7564549,106.7023549,10.757461,106.7015563,1.5,50.0,,tertiary,asphalt,no,,,0.0,0.0,0.0,1.0,540.0,0.0,0,A,,,,,,,,,,,0.001805,322.05261433175525,0.14147291206145204,2512202302,5
c0463e7f9e4e9d97dac360cd1f8fb1cc,Xa Lộ Hà Nội,Xa Lộ Hà Nội,10.8000814,106.7343734,10.8019073,106.7457465,1.5,55.0,,trunk,asphalt,yes,,,0.0,0.0,0.0,1.0,540.0,0.0,0,A,,,,,,,,,,,0.013199,80.7165266595672,1.2600562646348807,2512202302,5
b6b6f2553a423b0cca086a375421206a,Xa Lộ Hà Nội,Xa Lộ Hà Nội,10.8336803,106.7646754,10.8030754,106.7498148,2.0,70.0,,trunk,asphalt,yes,,,0.0,0.0,0.0,1.0,720.0,0.0,0,A,,,,no,,,,,,,0.045466,205.49940548247744,3.755153012537443,2512202302,5
1a30d0ec9edfb010337877f888337254,Mã Lò,Mã Lò,10.7834104,106.5989412,10.7764236,106.6008637,1.0,50.0,,,,,,,0.0,0.0,0.0,1.0,360.0,0.0,0,A,,,,,,,,,,,0.008909,164.87390944289905,0.8009233031071288,2512202303,5
e380c78f707437fc909242b77223c5c3,Đường số 18B,Đường số 18B,10.7796339,106.5996935,10.7796381,106.5996261,1.0,50.0,,tertiary,,,,,0.0,0.0,0.0,1.0,360.0,0.0,0,A,,,,,,,,,,,7.2e-05,273.6296383576367,0.007386023658790151,2512202303,5
4acc35dfc56bacf61b6804ae09abdd9c,Lê Văn Việt,Lê Văn Việt,10.8486663,106.7744207,10.8484707,106.774693,2.0,50.0,,secondary,asphalt,yes,,,0.0,0.0,0.0,1.0,720.0,0.0,0,A,,,,,,,,,,,0.000468,126.18159469455236,0.036805079531443755,2512202303,5
9c728e896e4e645c05c7290ecd81ba08,Song Hành,Song Hành,10.7992821,106.7334658,10.8021502,106.7485095,1.0,50.0,,residential,asphalt,yes,,,0.0,0.0,0.0,1.0,360.0,0.0,0,A,,,,,,,,,,,0.017912,79.0146441185496,1.6754930508083319,2512202303,5
e28b4fd590f9e3807f503c1a41bf80ba,Cầu Phú Mỹ,Cầu Phú Mỹ,10.7450815,106.7441524,10.7347762,106.7279543,1.0,50.0,,,,,,,0.0,0.0,0.0,1.0,360.0,0.0,0,A,,,,,,,,,,,0.026503,237.07654624288216,2.1067958973872525,2512202303,5
1f44fb04b5944655da7f198ac258e82d,Cầu Sài Gòn 2,Cầu Sài Gòn 2,10.7988988,106.728642,10.7994998,106.7320752,1.0,55.0,,trunk,asphalt,yes,,,0.0,0.0,0.0,1.0,360.0,0.0,0,A,,,,,yes,,,,yes,,0.004034,79.89499357771018,0.3812976367062461,2512202303,5
e62c4fd68cff6b858de508e76941e900,Cầu Phú Mỹ,Cầu Phú Mỹ,10.7449386,106.7441554,10.7469406,106.7484952,1.0,50.0,,,,,,,0.0,0.0,0.0,1.0,360.0,0.0,0,A,,,,,,,,,,,0.006342,64.84739377134349,0.5238006796144834,2512202303,5
45c905175ebbfb9242c42145d1388648,Điện Biên Phủ,Điện Biên Phủ,10.7989146,106.7192459,10.7981813,106.7199137,1.0,50.0,,residential,,,,,0.0,0.0,0.0,1.0,360.0,0.0,0,A,,,,,,,,,,,0.001401,138.1856666867543,0.10914599193914987,2512202303,5
f6409d575b291cf52f154b44239dfba8,Bình Trị Đông,Bình Trị Đông,10.7614144,106.6100165,10.76138,106.6100099,1.5,50.0,,tertiary,asphalt,,,,0.0,0.0,0.0,1.0,540.0,0.0,0,A,,,,,,,,,,,4.1e-05,190.67423595107394,0.00387295584348513,2512202303,5
418457226cadd3afae1b65cab44e1785,Nguyễn Văn Tăng,Nguyễn Văn Tăng,10.8428497,106.8286983,10.8424012,106.8281916,1.0,50.0,,,,,,,0.0,0.0,0.0,1.0,360.0,0.0,0,A,,,,,,,,,,,0.000955,227.97397866245242,0.07437004807710357,2512202303,5
b0f68ccf4a60e5a333d65ef16200c09e,Hàn Hải Nguyên,Hàn Hải Nguyên,10.7582635,106.6457587,10.7580428,106.648904,1.0,50.0,,,,,,,0.0,0.0,0.0,1.0,360.0,0.0,0,A,,,,,,,,,,,0.003366,94.0850363259728,0.34488440770695716,2512202303,5
544c407a0eec14b0791ae6bd5c0310bd,Phường An Phú Đông,Phường An Phú Đông,10.8391657,106.6996423,10.8340778,106.6938042,1.0,50.0,,residential,,,,,0.0,0.0,0.0,1.0,360.0,0.0,0,A,,,,,,,,,,,0.010926,228.41717804221875,0.8510363626818898,2512202303,5
7503210a0a9dd84ee47dc30be1b67873,Đường Kinh Dương Vương,Đường Kinh Dương Vương,10.737327,106.614443,10.7461636,106.6242766,1.0,50.0,,,,,,,0.0,0.0,0.0,1.0,360.0,0.0,0,A,,,,,,,,,,,0.01867,47.55180183962045,1.4533888686533276,2512202303,5
a087bae8763010f3d9314b1be78089de,Nguyễn Văn Khối,Nguyễn Văn Khối,10.8463002,106.6441247,10.8425938,106.6571611,1.0,50.0,,,,,,,0.0,0.0,0.0,1.0,360.0,0.0,0,A,,,,,,,,,,,0.016743,106.1435146548447,1.4832440548445311,2512202303,5
969830c68d13ebb9e778fa22de3c6db3,Phường Bình Hưng Hòa B,Phường Bình Hưng Hòa B,10.8045394,106.5779904,10.785662,106.5934583,1.0,40.0,,residential,,,,,0.0,0.0,0.0,1.0,360.0,0.0,0,A,,,,,,,,,,,0.034345,141.1684244167477,2.6873130324802896,2512202303,5
dd1d591b49a4a9dd45b2082eb03d8b85,Tân Xuân 1,Tân Xuân 1,10.8752155,106.6035093,10.8756688,106.6030332,1.0,50.0,,residential,,,,,0.0,0.0,0.0,1.0,360.0,0.0,0,A,,,,,,,,,,,0.000929,314.11352892917427,0.07227526553916462,2512202303,5
d89d49c51d21473ce100749241660614,Phường Linh Xuân,Phường Linh Xuân,10.8708535,106.7757156,10.8728261,106.7669177,1.0,50.0,,,,,,,0.0,0.0,0.0,1.0,360.0,0.0,0,A,,,,,,,,,,,0.010771,282.8616181622988,0.9863510033055459,2512202303,5
aba4377b4889f81082fabd3c38f70d04,Phạm Văn Đồng,Phạm Văn Đồng,10.8414243,106.7439592,10.8529635,106.7511033,1.0,50.0,,tertiary,asphalt,,,,0.0,0.0,0.0,1.0,360.0,0.0,0,A,,,,,,,,,,,0.018683,31.301175742073156,1.496459127613246,2512202303,5
970b4ff86943d2ad35d2f49cddfe64e4,Trần Văn Kiểu,Trần Văn Kiểu,10.7465385,106.6289013,10.7460179,106.6288456,1.0,50.0,,service,concrete,,,,0.0,0.0,0.0,1.0,360.0,0.0,0,A,,,,,,,,,,,0.000576,186.00064711043208,0.05790646338251226,2512202303,5
9e0cf64a0c081b39123a6df04e7d0521,3 Tháng 2,3 Tháng 2,10.7674299,106.6665142,10.766037,106.6639913,1.0,50.0,,,,,,,0.0,0.0,0.0,1.0,360.0,0.0,0,A,,,,,,,,,,,0.003916,240.66441499783247,0.31603668699506726,2512202303,5
8752b5f9ee3b27a92176101fbf57a448,Trần Văn Trà,Trần Văn Trà,10.7229109,106.7191654,10.7230616,106.8257234,1.0,50.0,,,,,,,0.0,0.0,0.0,1.0,360.0,0.0,0,A,,,,,,,,,,,0.106709,89.90761611386063,11.656213704347802,2512202303,5
0b0f4610cc9e1528061e9acb6362a9e0,Hẻm 602 Điện Biên Phủ,Hẻm 602 Điện Biên Phủ,10.7987712,106.7178735,10.7986979,106.7178674,1.0,50.0,,,,,,,0.0,0.0,0.0,1.0,360.0,0.0,0,A,,,,,,,,,,,7.9e-05,184.6733068292354,0.008135349740064633,2512202303,5
18cf5f906888a7c366c0f04492e72184,Hòa Bình,Hòa Bình,10.7695756,106.6353005,10.7723027,106.6257843,1.5,50.0,,tertiary,asphalt,yes,,,0.0,0.0,0.0,1.0,540.0,0.0,0,A,,,,,,,,,,,0.012243,286.2635847324557,1.0836294523694114,2512202303,5
af9ad0a5530a89a756d2beba300fbbbe,Xa Lộ Hà Nội,Xa Lộ Hà Nội,10.8054703,106.7542574,10.8303445,106.7632003,1.0,50.0,,,,,,,0.0,0.0,0.0,1.0,360.0,0.0,0,A,,,,,,,,,,,0.033817,19.44911510437032,2.9200484755259835,2512202303,5
74ef85fbba86aea448f55f140da46e7f,Lê Minh Xuân,Lê Minh Xuân,10.786231,106.651613,10.7874965,106.6560086,1.0,50.0,,,,,,,0.0,0.0,0.0,1.0,360.0,0.0,0,A,,,,,,,,,,,0.005661,73.6647718759533,0.5006918722741983,2512202303,5
7c70770083f1532697fa793c1e9247a0,Lê Lợi,Lê Lợi,10.7722079,106.6990769,10.7732655,106.6999404,1.0,50.0,,,,,,,0.0,0.0,0.0,1.0,360.0,0.0,0,A,,,,,,,,,,,0.001921,38.73239185613323,0.15034799000765062,2512202303,5
e0cffcf29116a346b15cd71e0831afaf,Mai Chí Thọ,Mai Chí Thọ,10.7833905,106.7417533,10.7733243,106.7224129,1.0,50.0,,,,,,,0.0,0.0,0.0,1.0,360.0,0.0,0,A,,,,,,,,,,,0.029407,242.08616275406519,2.390391317157587,2512202303,5
eed11b04b9aca3ebf2eb6d2d785f30b5,Mai xuân Thưởng,Mai xuân Thưởng,10.7512719,106.6476989,10.7512316,106.6476921,1.5,50.0,,tertiary,asphalt,,,,0.0,0.0,0.0,1.0,540.0,0.0,0,A,,,,,,,,,,,4.7e-05,189.412472776646,0.00451932445830058,2512202303,5
17749bd0352f4a16ca94f60978992bf4,Hẻm 341 Lạc Long Quân,Hẻm 341 Lạc Long Quân,10.7691266,106.6405885,10.7684973,106.6414568,1.0,50.0,,,,,,,0.0,0.0,0.0,1.0,360.0,0.0,0,A,,,,,,,,,,,0.001498,126.41766602834042,0.11774643320693165,2512202303,5
de5324453bfbe514a3a5401164d9b6d7,Phường An Phú Đông,Phường An Phú Đông,10.8643469,106.6941172,10.8519273,106.6913666,1.0,50.0,,,,,,,0.0,0.0,0.0,1.0,360.0,0.0,0,A,,,,,,,,,,,0.01517,192.27138445827487,1.4063127129549609,2512202303,5
2cfd46861fadbb0b9d44d4cf99a2ab51,Cầu Phú Mỹ,Cầu Phú Mỹ,10.7342194,106.7271372,10.7399509,106.7344584,1.0,50.0,,,,,,,0.0,0.0,0.0,1.0,360.0,0.0,0,A,,,,,,,,,,,0.013053,51.45099928953073,1.0213886749405292,2512202303,5
f1b98271d1e05b7d6be4385423534b68,T1 Loop,T1 Loop,10.8124942,106.6643618,10.812469,106.6648739,1.0,50.0,,,,,,,0.0,0.0,0.0,1.0,360.0,0.0,0,A,,,,,,,,,,,0.000537,92.86799063516048,0.056070564116175135,2512202303,5
1ba26124e3c27b62dbde76e520784686,Cầu vượt Thủ Thiêm,Cầu vượt Thủ Thiêm,10.7890182,106.716779,10.7891973,106.7150911,1.0,50.0,,,,,,,0.0,0.0,0.0,1.0,360.0,0.0,0,A,,,,,,,,,,,0.001867,276.1652086162488,0.18565635589770177,2512202303,5
9eb7d002bf67659a94abdec50d79d48d,Tô Ký,Tô Ký,10.8599399,106.61763,10.8571859,106.6200389,1.5,50.0,,primary,concrete,,,ĐT.15,0.0,0.0,0.0,1.0,540.0,0.0,0,A,,,,,,,,,,,0.005163,139.33619904449085,0.40270644649233883,2512202303,5
303586b6502d05b20982c01c788a8863,Đường số 9A,Đường số 9A,10.7292604,106.6884076,10.7288508,106.6880005,1.0,50.0,,,,,,,0.0,0.0,0.0,1.0,360.0,0.0,0,A,,,,,,,,,,,0.000817,224.3194765238883,0.06352749315595746,2512202303,5
9e18201f1be98d0c782e9d6cb8286cf4,Châu Văn Liêm,Châu Văn Liêm,10.7519402,106.6590317,10.7520192,106.6589344,1.0,50.0,,,,,,,0.0,0.0,0.0,1.0,360.0,0.0,0,A,,,,,,,,,,,0.000176,309.5713831129765,0.013770336917370993,2512202303,5
5a7a6e6e530db33e7a015db8d90117ac,Âu Cơ,Âu Cơ,10.7745839,106.6479407,10.7762937,106.6468632,1.0,50.0,,,,,,,0.0,0.0,0.0,1.0,360.0,0.0,0,A,,,,,,,,,,,0.002787,328.239328257635,0.22283699869328338,2512202303,5
26875e61fd516a3f73cd403ce256de7b,Bùi Hữu Nghĩa,Bùi Hữu Nghĩa,10.7555638,106.6742704,10.7940986,106.6976069,1.5,50.0,,tertiary,asphalt,,,,0.0,0.0,0.0,1.0,540.0,0.0,0,A,,,,,yes,,,,,,0.061871,30.74701584553543,4.968175803640265,2512202303,5
364573706454b6977a6ae34b10f00b3c,Bình Thới,Bình Thới,10.7636884,106.643989,10.7628698,106.6422657,1.0,50.0,,,,,,,0.0,0.0,0.0,1.0,360.0,0.0,0,A,,,,,,,,,,,0.002542,244.19521194234824,0.2091054654449474,2512202303,5
e1e131b5892a45b83a874acef266ccd2,Lê Văn Sỹ,Lê Văn Sỹ,10.7892124,106.6753896,10.800243,106.6609346,1.0,50.0,,primary,,yes,,,0.0,0.0,0.0,1.0,360.0,0.0,0,A,,,,,,,,,,,0.025486,307.8430564748286,1.9969366835803317,2512202303,5
d619daa10f574702b0448f44d5ce36da,Trần Văn Ðang,Trần Văn Ðang,10.7822564,106.6795303,10.7830627,106.6784842,1.0,50.0,,service,,,,,0.0,0.0,0.0,1.0,360.0,0.0,0,A,,,,,,,,,,,0.001852,308.1185714535737,0.14506456564265166,2512202303,5
1460ffb54a4898ecb221ae04c69097bb,Ngô Quyền,Ngô Quyền,10.752477,106.6667664,10.7517792,106.6668579,1.0,50.0,,,,,,,0.0,0.0,0.0,1.0,360.0,0.0,0,A,,,,,,,,,,,0.000789,172.65933394795297,0.0778318344354698,2512202303,5
4b0ec3a549fc39fb024a03016afa5e1d,Ngô Tất Tố,Ngô Tất Tố,10.7918618,106.7139268,10.7924353,106.7127835,1.0,50.0,,,,,,,0.0,0.0,0.0,1.0,360.0,0.0,0,A,,,,,,,,,,,0.001717,297.05123728298133,0.14020702574122038,2512202303,5
d8fd416a649dbd26f73250e13f1b7328,Hòa Bình,Hòa Bình,10.7728903,106.6238934,10.7731687,106.6229767,1.0,50.0,,,,,,,0.0,0.0,0.0,1.0,360.0,0.0,0,A,,,,,,,,,,,0.001195,287.1789044434228,0.1048824741235468,2512202303,5
d75b47a305d8110b0fa0afad065240ff,Xuân Diệu,Xuân Diệu,10.7954312,106.6557557,10.7955147,106.655546,1.0,50.0,,,,,,,0.0,0.0,0.0,1.0,360.0,0.0,0,A,,,,,,,,,,,0.000293,292.0657813945093,0.024723302236606914,2512202303,5
cbadfd14b7db0b0b93dcc7c35c27bfea,Phường Thạnh Lộc,Phường Thạnh Lộc,10.8587824,106.6796891,10.8587301,106.6795635,1.0,50.0,,,,,,,0.0,0.0,0.0,1.0,360.0,0.0,0,A,,,,,,,,,,,0.000178,247.02340490636132,0.014901775812869516,2512202303,5
bbef349bd93b88cb702e4838b30e02b5,Đường N - Bắc,Đường N - Bắc,10.7336611,106.7115662,10.7320511,106.7122498,2.5,50.0,,tertiary,asphalt,,,,0.0,0.0,0.0,1.0,900.0,0.0,0,A,,,,,,,,,,,0.002294,157.35557836377086,0.19314813889852409,2512202303,5
5e86fb51589ef18b6d58b7da9e4e479a,Phạm Văn Đồng,Phạm Văn Đồng,10.8154234,106.6814749,10.8212703,106.6975926,2.5,65.0,,trunk,asphalt,yes,,,0.0,0.0,0.0,1.0,900.0,0.0,0,A,,,,,,,,,,,0.021965,69.72795591389166,1.8774464406447864,2512202303,5
6470374b64563b292d6d81869518d2b7,Quốc lộ 22,Quốc lộ 22,10.8774435,106.5916776,10.8450745,106.6138112,1.0,50.0,,residential,,,,,0.0,0.0,0.0,1.0,360.0,0.0,0,A,,,,,,,,,,,0.054503,146.1149395764013,4.32160936877422,2512202303,5
df592d3ec1fe413b574dd7e7172ce17e,Xã Tân Thới Nhì,Xã Tân Thới Nhì,10.8598764,106.6039116,10.8590069,106.6045252,1.0,50.0,,residential,,,,,0.0,0.0,0.0,1.0,360.0,0.0,0,A,,,,,,,,,,,0.001483,145.27583065522526,0.11726657267107027,2512202303,5
f83d20d4d8ee9d902796d3da27d925da,Cộng Hòa,Cộng Hòa,10.8009238,106.6600301,10.8016842,106.6509196,1.0,50.0,,,,,,,0.0,0.0,0.0,1.0,360.0,0.0,0,A,,,,,,,,,,,0.009871,274.8575839414826,0.9998691932956165,2512202303,5
bc0842a441b2deb781ffc3bb480427fa,Hùng Vương,Hùng Vương,10.763637,106.678648,10.7581844,106.6702787,1.0,50.0,,,,,,,0.0,0.0,0.0,1.0,360.0,0.0,0,A,,,,,,,,,,,0.013822,236.4499591702573,1.096221656189611,2512202303,5
8fd77284e48fb199ce2e9b333fed3361,Lê Văn Chí,Lê Văn Chí,10.8660484,106.7816929,10.8504219,106.7739597,1.5,50.0,,secondary,asphalt,,,,0.0,0.0,0.0,1.0,540.0,0.0,0,A,,,,,,,,,,,0.02336,205.92127537028983,1.9242331644106478,2512202303,5
9bcf9d131b18487f8813ef4c6c42ab9e,Nguyễn Thiện Thuật,Nguyễn Thiện Thuật,10.7680707,106.679824,10.7676816,106.6802989,1.0,50.0,,,,,,,0.0,0.0,0.0,1.0,360.0,0.0,0,A,,,,,,,,,,,0.000864,129.82858918761417,0.06745556338272736,2512202303,5
9793e9678dd4c80b990793cdd330a5cb,Hà Huy Giáp,Hà Huy Giáp,10.8589939,106.6798911,10.8717216,106.6768789,1.0,50.0,,,,,,,0.0,0.0,0.0,1.0,360.0,0.0,0,A,,,,,,,,,,,0.01574,346.91578081709594,1.4458676899254137,2512202303,5
2081ddc5bbfb5ef4adab6c91085293d4,Đường Minh Phụng,Đường Minh Phụng,10.7618932,106.6444788,10.7618644,106.6445646,1.0,50.0,,service,,,,,0.0,0.0,0.0,1.0,360.0,0.0,0,A,,,,,,,,,,,0.000115,108.86394527303611,0.00991028857653502,2512202303,5
6ff50f75da847a3b499876fa9435ec6a,3 Tháng 2,3 Tháng 2,10.7637713,106.6597513,10.7659517,106.6640311,1.0,50.0,,residential,asphalt,,,,0.0,0.0,0.0,1.0,360.0,0.0,0,A,,,,,,,,,,,0.00646,62.58883332691562,0.5265754138129072,2512202303,5
9547f59c0fe7c6ddc4f7fa89b15f639b,Hẻm 86 Ông Ích Khiêm,Hẻm 86 Ông Ích Khiêm,10.7661735,106.6449394,10.7696411,106.6468344,1.0,50.0,,,,,,,0.0,0.0,0.0,1.0,360.0,0.0,0,A,,,,,,,,,,,0.005363,28.229615747167202,0.43597759058425783,2512202303,5
a3bdd2a7c4c008f49e416ee5957c5044,Cầu vượt Quang Trung,Cầu vượt Quang Trung,10.8502095,106.6314235,10.8509611,106.627222,1.5,50.0,,primary,asphalt,yes,,,0.0,0.0,0.0,1.0,540.0,0.0,0,A,,,,,,,,,,,0.004953,280.3233660647545,0.466863380584251,2512202303,5
5d54589ad95a4a6319292c8de7625272,Pham Ngũ Lão,Pham Ngũ Lão,10.8207556,106.6832697,10.8251544,106.6808708,1.0,50.0,,residential,asphalt,,,,0.0,0.0,0.0,1.0,360.0,0.0,0,A,,,,,,,,,,,0.006798,331.82438190044013,0.5527760157046366,2512202303,5
17b11db4db2c73df0a21cf2c2e2c776f,Đường Nguyễn Oanh,Đường Nguyễn Oanh,10.8263467,106.6799853,10.8259802,106.6799069,1.0,50.0,,primary_link,asphalt,yes,,,0.0,0.0,0.0,1.0,360.0,0.0,0,A,,,,,,,,,,,0.000445,191.8657162438378,0.04143641585430899,2512202303,5
d97d322664206cc3f6e2fdb54b9f954e,Đường số 5,Đường số 5,10.87865,106.7619572,10.8060161,106.6057636,1.0,50.0,,,,,,,0.0,0.0,0.0,1.0,360.0,0.0,0,A,,,,,,,,,,,0.228827,244.678223725755,18.87439886316653,2512202303,5
8500fe7e063f1c328db9844bfe8c6383,Trần Văn Trà,Trần Văn Trà,10.7230616,106.8257234,10.7256271,106.7236416,1.5,50.0,,primary,,,,ĐT.769B,0.0,0.0,0.0,1.0,540.0,0.0,0,A,,,,,,,,,,,0.104647,271.47472189489685,11.170113201139232,2512202303,5
c801fe90087f87f5259cf31d5c9b79fd,Nguyễn Thông,Nguyễn Thông,10.7778272,106.6849154,10.7759864,106.6869946,2.0,55.0,,primary,asphalt,yes,,,0.0,0.0,0.0,1.0,720.0,0.0,0,A,,,,,,,,,,,0.00392,132.0261162413836,0.30523829221989646,2512202303,5
4ea94be526554335f1d9ce80bc93b90c,Đường số 7,Đường số 7,10.7390636,106.6046711,10.7388319,106.6048642,1.0,50.0,,,,,,,0.0,0.0,0.0,1.0,360.0,0.0,0,A,,,,,,,,,,,0.000425,140.6890459488684,0.033211066137948865,2512202303,5
6d9c2bbc469978a7d39ad9ce84f1a527,Cách Mạng Tháng Tám,Cách Mạng Tháng Tám,10.7827246,106.6724641,10.7822806,106.6732878,1.0,50.0,,,,,,,0.0,0.0,0.0,1.0,360.0,0.0,0,A,,,,,,,,,,,0.001268,118.7543428369969,0.1026031735686626,2512202303,5
1fb9c9a180180aeee163ef5ba2f67729,Hùng Vương,Hùng Vương,10.7581844,106.6702787,10.7562461,106.666373,1.0,50.0,,,,,,,0.0,0.0,0.0,1.0,360.0,0.0,0,A,,,,,,,,,,,0.005844,243.19966110750858,0.4779739095159837,2512202303,5
a11e287ce64ba3fae05bc7620867b62e,Nam Kỳ Khởi Nghĩa,Nam Kỳ Khởi Nghĩa,10.7898473,106.683905,10.781312,106.6931176,1.0,50.0,,residential,asphalt,,,,0.0,0.0,0.0,1.0,360.0,0.0,0,A,,,,,,,,,,,0.017748,133.3231021635297,1.3807604668970235,2512202303,5
2c2cf7de99d1512a422bc3afcdf54213,Hẻm 995 Hồng Bàng,Hẻm 995 Hồng Bàng,10.7546298,106.636522,10.7543494,106.6365345,1.0,50.0,,,,,,,0.0,0.0,0.0,1.0,360.0,0.0,0,A,,,,,,,,,,,0.000293,177.49226544147325,0.03104599037453554,2512202303,5
8c8a5499ecc899d953ab6c1c66a1dab9,Tú Xương,Tú Xương,10.7807024,106.6863035,10.782002,106.6876354,1.0,50.0,,,,,,,0.0,0.0,0.0,1.0,360.0,0.0,0,A,,,,,,,,,,,0.002632,45.192975153199654,0.20465472153261333,2512202303,5
9b9a42701084d0694727416cc278fafe,Quốc lộ 22,Quốc lộ 22,10.8466302,106.6128986,10.843027,106.6149651,1.0,50.0,,,,,,,0.0,0.0,0.0,1.0,360.0,0.0,0,A,,,,,,,,,,,0.00567,150.60832534104406,0.4581597152941971,2512202303,5
2b1fb9e1bc5fa7b343da8b13cf3429fd,Phường Hiệp Bình Chánh,Phường Hiệp Bình Chánh,10.8260009,106.7145095,10.8374007,106.7326691,1.0,50.0,,,,,,,0.0,0.0,0.0,1.0,360.0,0.0,0,A,,,,,,,,,,,0.029559,57.413879840142556,2.3522746202834806,2512202303,5
71e4041441c7481d02f90f397e354f3c,Quang Trung,Quang Trung,10.8266931,106.6794606,10.8299958,106.6706701,1.0,50.0,,,,,,,0.0,0.0,0.0,1.0,360.0,0.0,0,A,,,,,,,,,,,0.012093,290.933851028774,1.0283242213231152,2512202303,5
2db3c07cc93b9ea59e7913ba397c756b,Xa Lộ Hà Nội,Xa Lộ Hà Nội,10.8594106,106.7904411,10.8581937,106.7878367,1.0,50.0,,,,,,,0.0,0.0,0.0,1.0,360.0,0.0,0,A,,,,,,,,,,,0.003821,244.55670026430846,0.3149742157133478,2512202303,5
22ad63cc1fad145a51f5915af4b63bc3,Học Lạc,Học Lạc,10.7519423,106.6544294,10.7516397,106.6544546,1.5,50.0,,tertiary,asphalt,,,,0.0,0.0,0.0,1.0,540.0,0.0,0,A,,,,,,,,,,,0.000328,175.3226886434685,0.03358477040389345,2512202303,5
98e7086cdf3fb34a7d50cdbb21c5ece0,Lê Hoàng Phái,Lê Hoàng Phái,10.8428373,106.6753185,10.8395688,106.6754115,1.0,50.0,,,,,,,0.0,0.0,0.0,1.0,360.0,0.0,0,A,,,,,,,,,,,0.003361,178.39924354521168,0.3616834334868191,2512202303,5
52cc6bcdac41f864a20b084fc36f9db3,Đường Nguyễn Trãi,Đường Nguyễn Trãi,10.7711638,106.6930476,10.7529979,106.6588732,1.0,50.0,,primary,asphalt,yes,,,0.0,0.0,0.0,1.0,360.0,0.0,0,A,,,,,,,,,,,0.05234,241.5861858373429,4.243674647525991,2512202303,5
edf8ceb958fbd909078f7de6a72e40de,Ðiện Biên Phủ,Ðiện Biên Phủ,10.78553,106.6927956,10.7780742,106.685171,1.0,50.0,,,,,,,0.0,0.0,0.0,1.0,360.0,0.0,0,A,,,,,,,,,,,0.01508,225.1318240600835,1.1728183272241064,2512202303,5
fd6f15ac19a957141598dd378d42dddc,Trường Chinh,Trường Chinh,10.8152248,106.6323883,10.8083021,106.6345381,2.0,50.0,,primary,asphalt,yes,,,0.0,0.0,0.0,1.0,720.0,0.0,0,A,,,,,,,,,,,0.009072,163.03646537834868,0.8010192008329566,2512202303,5
cdeed7be06733b87b81c81d61e056740,Hòa Hảo,Hòa Hảo,10.761856,106.66843,10.761856,106.66843,1.0,50.0,,,,,,,0.0,0.0,0.0,1.0,360.0,0.0,0,A,,,,,,,,,,,0.0,0.0,0.0,2512202303,5
2e3cc70791522bc368a202f945597c97,Xa Lộ Hà Nội,Xa Lộ Hà Nội,10.8310841,106.7636119,10.8167282,106.757767,1.0,50.0,,,,,,,0.0,0.0,0.0,1.0,360.0,0.0,0,A,,,,,,,,,,,0.020201,201.7969806045108,1.7117583918834094,2512202303,5
c130fe295990556b2f6683348393e9ca,Bắc Hải,Bắc Hải,10.7781305,106.6563416,10.7807392,106.6588525,1.0,50.0,,,,,,,0.0,0.0,0.0,1.0,360.0,0.0,0,A,,,,,,,,,,,0.00512,43.395924985332215,0.3983423747729099,2512202303,5
686f25face0f632a5e8e1d1dcfaaa247,Cộng Hòa,Cộng Hòa,10.8073797,106.6348128,10.8009238,106.6600301,1.5,50.0,,tertiary,asphalt,,,,0.0,0.0,0.0,1.0,540.0,0.0,0,A,,,,,,,,,,,0.031673,104.60569992706422,2.848698484079189,2512202303,5
aecdc48bd5b765a23d6774bcb21df781,Pasteur,Pasteur,10.7778266,106.6988251,10.7743326,106.7010371,2.0,55.0,,secondary,asphalt,yes,,,0.0,0.0,0.0,1.0,720.0,0.0,0,A,,,,,,,,,,,0.005706,148.12144156856561,0.4559561787218035,2512202303,5
87abcf45fa37e93b1ac1705e99397893,An Phú Đông 10,An Phú Đông 10,10.8576365,106.6962199,10.8565038,106.6964506,1.0,50.0,,,,,,,0.0,0.0,0.0,1.0,360.0,0.0,0,A,,,,,,,,,,,0.001363,168.68856246342216,0.1278061052352744,2512202303,5
444c90dbab5fb43ac25e4e7b3069667e,Hẻm 504 Kinh Dương Vương,Hẻm 504 Kinh Dương Vương,10.7379148,106.6147828,10.7377688,106.6146944,1.0,50.0,,,,,,,0.0,0.0,0.0,1.0,360.0,0.0,0,A,,,,,,,,,,,0.000234,210.74746906466493,0.01882296141008359,2512202303,5
5c51bd0879f76d1245798ec9893915e5,Thạnh Lộc 29,Thạnh Lộc 29,10.8776731,106.678258,10.8774274,106.6801765,1.5,50.0,,primary,,,,,0.0,0.0,0.0,1.0,540.0,0.0,0,A,,,,,,,,,,,0.002164,97.42994065217266,0.2115076248758228,2512202303,5
68e23e96f6b84cac9780535768db6eed,Hiệp Bình,Hiệp Bình,10.8374629,106.7327377,10.8450502,106.7284891,1.5,50.0,,secondary,asphalt,,,,0.0,0.0,0.0,1.0,540.0,0.0,0,A,,,,,,,,,,,0.011836,331.19101880378616,0.9592580001251935,2512202303,5
aa55d5db7a80a888fe5daa8bcf5af867,Nguyễn Tri Phương,Nguyễn Tri Phương,10.7546206,106.6696106,10.7522326,106.6695017,1.0,50.0,,,,,,,0.0,0.0,0.0,1.0,360.0,0.0,0,A,,,,,,,,,,,0.002497,182.56527120205757,0.2644121273906576,2512202303,5
8ebff75d9a1d162d3efa2f2d4cabcf25,Phường Bến Thành,Phường Bến Thành,10.7713876,106.6930624,10.7715326,106.6933233,1.0,50.0,,,,,,,0.0,0.0,0.0,1.0,360.0,0.0,0,A,,,,,,,,,,,0.000406,60.50154990538459,0.03273353865378729,2512202303,5
5b019332e6114b8ae49c3362815db79b,Trần Văn Quang,Trần Văn Quang,10.7795043,106.6499053,10.779603,106.6486116,1.0,50.0,,residential,asphalt,,,,0.0,0.0,0.0,1.0,360.0,0.0,0,A,,,,,,,,,,,0.001392,274.4409829773384,0.1419099096547796,2512202303,5
1e1e73a5851e5963e4ea83aa60ceacce,Quang Trung,Quang Trung,10.8299958,106.6706701,10.835952,106.6605258,1.0,50.0,,,,,,,0.0,0.0,0.0,1.0,360.0,0.0,0,A,,,,,,,,,,,0.0161,300.87196580818227,1.2901683967164495,2512202303,5
e27d6a4a5936730ac37ebe037fc302d2,Cầu Văn Thánh 2,Cầu Văn Thánh 2,10.7894924,106.7121753,10.7892164,106.7138262,1.0,50.0,,,,,,,0.0,0.0,0.0,1.0,360.0,0.0,0,A,,,,,,,,,,,0.001927,99.65847925970849,0.18311263175031287,2512202303,5
d5b497bab56ca0e0253e044357385973,Xa Lộ Hà Nội,Xa Lộ Hà Nội,10.8025311,106.74573,10.817913,106.7579707,1.0,50.0,,residential,,,,,0.0,0.0,0.0,1.0,360.0,0.0,0,A,,,,,,,,,,,0.027623,38.01230403572248,2.164895408098169,2512202303,5
f506c2954e91ae6562d11c8524b84e60,Raymondienne,Raymondienne,10.7267486,106.7231704,10.7270427,106.7236852,1.0,50.0,,tertiary,,,,,0.0,0.0,0.0,1.0,360.0,0.0,0,A,,,,,,,,,,,0.000809,59.824076627063505,0.06503356784079589,2512202303,5
ae789259d7efa21cdf48bf04b0f30669,Vòng xoay Mũi Tàu,Vòng xoay Mũi Tàu,10.745645,106.6236611,10.7456047,106.6236292,1.0,50.0,,,,,,,0.0,0.0,0.0,1.0,360.0,0.0,0,A,,,,,,,,,,,7.2e-05,217.87160033113625,0.005660900624505516,2512202303,5
ed1ed85b3a4498dc0344c576708d092f,Quốc lộ 1K,Quốc lộ 1K,10.8757339,106.766068,10.8833914,106.7705975,1.0,50.0,,residential,,,,,0.0,0.0,0.0,1.0,360.0,0.0,0,A,,,,,,,,,,,0.012187,30.15101204068742,0.9811691659228091,2512202303,5
e8b212948238c2edd102706d16576d8f,Quớc Lộ 22,Quớc Lộ 22,10.8798576,106.5900475,10.8851888,106.5863138,1.0,50.0,,,,,,,0.0,0.0,0.0,1.0,360.0,0.0,0,A,,,,,,,,,,,0.009065,325.481946144111,0.7172064299713334,2512202303,5
faffcf806a2311c66602112a92849d77,Cầu Chữ Y,Cầu Chữ Y,10.7509485,106.6836257,10.7536129,106.6842501,1.0,50.0,,,,,,,0.0,0.0,0.0,1.0,360.0,0.0,0,A,,,,,,,,,,,0.003289,12.965478479106537,0.3025267648249627,2512202303,5
7327ca4233b178a2f23ce2ea3ab6b941,Đường Nguyễn Sơn,Đường Nguyễn Sơn,10.7810287,106.6332492,10.7834192,106.6249141,1.0,50.0,,service,,,,,0.0,0.0,0.0,1.0,360.0,0.0,0,A,,,,,,,,,,,0.010726,286.2761311327781,0.9491602843543971,2512202303,5
f633bf06989ace67548c52bce7130e95,Phan Văn Trị,Phan Văn Trị,10.8112469,106.6954833,10.831922,106.6746596,1.0,50.0,,service,asphalt,,,,0.0,0.0,0.0,1.0,360.0,0.0,0,A,,,,,,,,,,,0.041499,315.31082278617873,3.2272941510128983,2512202303,5
19e455d9feca8246edf4ce3897d247ac,Nguyễn Thị Nhỏ,Nguyễn Thị Nhỏ,10.7514819,106.6504956,10.7716614,106.6527803,1.5,50.0,,secondary,asphalt,yes,,,0.0,0.0,0.0,1.0,540.0,0.0,0,A,,,,,,,,,,,0.022464,6.346574003300702,2.246059077922712,2512202303,5
9a4282192c936b70eb0b0847abd98669,Nguyễn Cư Trinh,Nguyễn Cư Trinh,10.7646953,106.6921459,10.7639667,106.6902673,1.0,50.0,,,,,,,0.0,0.0,0.0,1.0,360.0,0.0,0,A,,,,,,,,,,,0.002607,248.45662255873688,0.220709472169753,2512202303,5
43af34a1cc2943a2a639ad9d67e0247b,Phường Bình Thắng,Phường Bình Thắng,10.8853354,106.8049329,10.8852651,106.8048936,1.5,45.0,,tertiary,asphalt,yes,,,0.0,0.0,0.0,1.0,540.0,0.0,0,A,,,,,,,,,,,0.00011,208.76565170475817,0.008884246168922439,2512202303,5
52df55a8e22750e0d0d9e4e3f96047fc,Trần Văn Giàu,Trần Văn Giàu,10.7482734,106.5880278,10.7535831,106.5750441,1.5,50.0,,secondary,asphalt,yes,,ĐT.10B,0.0,0.0,0.0,1.0,540.0,0.0,0,A,,,,,,,,,,,0.018293,292.60110410385505,1.5367918923923205,2512202303,5
595ab3675628fa88dda774c1528560cd,Trường Chinh,Trường Chinh,10.7984865,106.6430538,10.8284986,106.6246086,1.0,50.0,,,,,,,0.0,0.0,0.0,1.0,360.0,0.0,0,A,,,,,,,,,,,0.048457,328.8832370552286,3.884496402164811,2512202303,5
f4ccbc6cb56968e5336eefd9f1c336a0,Vườn Lài,Vườn Lài,10.7880016,106.6313252,10.844574,106.6935088,1.0,50.0,,,,,,,0.0,0.0,0.0,1.0,360.0,0.0,0,A,,,,,,,,,,,0.118756,47.187720090440905,9.241173136257652,2512202303,5
7603f93c81fe0e469b6a27f73e40f682,Ông Ích Khiêm,Ông Ích Khiêm,10.7665422,106.6430415,10.7665527,106.6429996,1.0,50.0,,,,,,,0.0,0.0,0.0,1.0,360.0,0.0,0,A,,,,,,,,,,,5.2e-05,284.31024076161697,0.0047276003073343014,2512202303,5
945f4133aaa997f4ea99a4b9f3d73e0b,Lê Quang Sung,Lê Quang Sung,10.7510631,106.6528193,10.7510631,106.6528193,1.0,50.0,,,,,,,0.0,0.0,0.0,1.0,360.0,0.0,0,A,,,,,,,,,,,0.0,0.0,0.0,2512202303,5
addf1fc31e67c702a38328d1eeee8ed7,An Dương Vương,An Dương Vương,10.7560028,106.6664058,10.7566251,106.6697746,2.0,55.0,,primary,asphalt,yes,,,0.0,0.0,0.0,1.0,720.0,0.0,0,A,,,,,,,,,,,0.003991,79.35079638906012,0.37484146818157477,2512202303,5
f4f7cbdb58c848cd2364e53e9d891250,Cầu Thầy Tiêu,Cầu Thầy Tiêu,10.7289172,106.716972,10.7294379,106.7153476,2.0,80.0,,trunk,asphalt,yes,,,0.0,0.0,0.0,1.0,720.0,0.0,0,A,,,,,,,,,,,0.002145,288.0692030528611,0.18678839186959165,2512202303,5
713f24a96774378b930e47fb262fcac2,Quốc lộ 22,Quốc lộ 22,10.8575697,106.6057733,10.86564,106.6000503,1.5,50.0,,residential,asphalt,,,,0.0,0.0,0.0,1.0,540.0,0.0,0,A,,,,,,,,,,,0.013793,325.14567172672884,1.0901568203683383,2512202303,5
2f743d00a75280e86e3a2fd3248fae97,Bạch Đằng,Bạch Đằng,10.8033698,106.7048266,10.8139316,106.6656805,1.0,50.0,,,,,,,0.0,0.0,0.0,1.0,360.0,0.0,0,A,,,,,,,,,,,0.049708,285.3627530997404,4.43746787089511,2512202303,5
d5f6c809df92853263e48f6c2134cf5e,Nguyễn Cửu Vân,Nguyễn Cửu Vân,10.7963537,106.7058178,10.7960538,106.7063387,1.5,50.0,,residential,asphalt,,,,0.0,0.0,0.0,1.0,540.0,0.0,0,A,,,,,,,,,,,0.000821,120.37488655270647,0.06592146659703552,2512202303,5
e14650c64d83c7e91d7b8b66816e9b22,Đường số 6,Đường số 6,10.8656041,106.7485967,10.8697421,106.7272126,1.0,50.0,,,,,,,0.0,0.0,0.0,1.0,360.0,0.0,0,A,,,,,,,,,,,0.025522,281.14890252621774,2.382434811469547,2512202303,5
c79e211f70eccbf9c5834a86b875367e,An Phú Đông 3,An Phú Đông 3,10.8547157,106.7063222,10.8547574,106.7068791,1.0,50.0,,,,,,,0.0,0.0,0.0,1.0,360.0,0.0,0,A,,,,,,,,,,,0.000599,85.63998350174734,0.06106629976203734,2512202303,5
8da38d271aa21402dd0b42416c8a052d,Calmette,Calmette,10.7673072,106.6997404,10.7699124,106.6976851,1.0,50.0,,,,,,,0.0,0.0,0.0,1.0,360.0,0.0,0,A,,,,,,,,,,,0.00466,322.22346787339814,0.3654762935269281,2512202303,5
e79105746e9eb70d7876bb37723ea3a4,Nguyễn Ðình Chiểu,Nguyễn Ðình Chiểu,10.7803604,106.6918856,10.767872,106.6800536,1.0,50.0,,residential,asphalt,,,,0.0,0.0,0.0,1.0,360.0,0.0,0,A,,,,,,,,,,,0.02432,222.94658373545178,1.8928328220422044,2512202303,5
f1f6c3a4d7c5ef9e6d1116e1e7fb2619,Lý Thái Tổ,Lý Thái Tổ,10.7669304,106.6770101,10.7461614,106.7956925,1.0,50.0,,,,,,,0.0,0.0,0.0,1.0,360.0,0.0,0,A,,,,,,,,,,,0.139451,100.08887529995297,13.182753714366537,2512202304,5
3b8503c98906d29b3dc213c8b61b3094,Nguyễn Tri Phương,Nguyễn Tri Phương,10.7590308,106.6690295,10.7614123,106.6684746,1.0,50.0,,,,,,,0.0,0.0,0.0,1.0,360.0,0.0,0,A,,,,,,,,,,,0.002936,347.1067512150298,0.2703260641592207,2512202304,5
7e245d5e58ac1a12a41f9d890b876045,Tỉnh lộ 43,Tỉnh lộ 43,10.8770572,106.7319907,10.8772691,106.7319664,1.0,50.0,,,,,,,0.0,0.0,0.0,1.0,360.0,0.0,0,A,,,,,,,,,,,0.000236,353.57462679958905,0.023589160117491483,2512202304,5
7016477f205e9f17c63a1d960632a3f1,Cầu Vĩnh Bình,Cầu Vĩnh Bình,10.8684531,106.7160636,10.8684713,106.7161334,1.0,50.0,,,,,,,0.0,0.0,0.0,1.0,360.0,0.0,0,A,,,,,,,,,,,8.8e-05,75.1306008744508,0.007892698400592538,2512202304,5
115016d4642e2c221204dff826979d47,Hồ Văn Huê,Hồ Văn Huê,10.8045481,106.677625,10.8054457,106.6781072,1.0,50.0,,,,,,,0.0,0.0,0.0,1.0,360.0,0.0,0,A,,,,,,,,,,,0.00138,27.819942016969208,0.11242134121412418,2512202304,5
fd03722edd131ebfd8869f3e8d7af38f,Trần Ðình Xu,Trần Ðình Xu,10.75857,106.6924841,10.759772,106.6919236,1.0,50.0,,service,,,,,0.0,0.0,0.0,1.0,360.0,0.0,0,A,,,,,,,,,,,0.001763,335.3871226945296,0.14640969266804124,2512202304,5
b742e1d71e699d94790e1193f8662294,Sư Van Hạnh,Sư Van Hạnh,10.7575965,106.6738445,10.7589142,106.6735498,1.5,50.0,,tertiary,asphalt,,,,0.0,0.0,0.0,1.0,540.0,0.0,0,A,,,,,,,,,,,0.001612,347.60811261398004,0.14927626834804353,2512202304,5
7642b13b19d9c6929cf66e4bf469be97,Lê Qúy Đôn,Lê Qúy Đôn,10.8832727,106.800583,10.8832727,106.800583,1.0,50.0,,,,,,,0.0,0.0,0.0,1.0,360.0,0.0,0,A,,,,,,,,,,,0.0,0.0,0.0,2512202304,5
b3153071a495f769721580a41acd5142,Võ Văn Kiệt,Võ Văn Kiệt,10.7169989,106.59955,10.7687081,106.7032148,1.0,50.0,,,,,,,0.0,0.0,0.0,1.0,360.0,0.0,0,A,,,,,,,,,,,0.155374,63.07299162311301,12.699899044036826,2512202304,5
2b84ee42684591b4fb0667a702b002f5,Nguyễn Trãi,Nguyễn Trãi,10.7710906,106.6929369,10.7532859,106.6628252,1.0,50.0,,residential,,,,,0.0,0.0,0.0,1.0,360.0,0.0,0,A,,,,,,,,,,,0.047916,238.96012867088194,3.837373071666618,2512202304,5
ab34c4d8577b63e1d9dc8d9134f3b10f,Trịnh Phong Đáng,Trịnh Phong Đáng,10.8670888,106.7575192,10.8663263,106.7546708,1.0,50.0,,,,,,,0.0,0.0,0.0,1.0,360.0,0.0,0,A,,,,,,,,,,,0.003611,254.7528990300312,0.32265258314333073,2512202304,5
5ee0b83e4d50b690d939cd4f48cb967e,Võ Thị Sáu,Võ Thị Sáu,10.7915641,106.6955574,10.7825478,106.6866724,1.0,50.0,,,,,,,0.0,0.0,0.0,1.0,360.0,0.0,0,A,,,,,,,,,,,0.017901,224.0699957727841,1.3924335589031938,2512202304,5
859cc58eabb3db34a6b9b682885efa1e,Vĩnh Phú 14,Vĩnh Phú 14,10.8683289,106.706146,10.868702,106.7062328,1.0,50.0,,residential,asphalt,,,,0.0,0.0,0.0,1.0,360.0,0.0,0,A,,,,,,,,,,,0.00046,12.869596722019935,0.042347125645602154,2512202304,5
a828dad6ef44da85028cdabab924f10c,Hai Bà Trưng,Hai Bà Trưng,10.7916908,106.6871714,10.7821327,106.6989225,1.0,50.0,,,,,,,0.0,0.0,0.0,1.0,360.0,0.0,0,A,,,,,,,,,,,0.021309,129.623999703079,1.664158749157409,2512202304,5
ea3dc7f553e0877e391a9fd3277bc05f,Trường Sa,Trường Sa,10.7925479,106.6855754,10.7939608,106.7006919,3.5,50.0,,primary,asphalt,yes,,,0.0,0.0,0.0,1.0,1260.0,0.0,0,A,,,,,yes,,25.0,,,,0.016529,84.56321586559437,1.6605567930359535,2512202304,5
5b019332e6114b8ae49c3362815db79b,Lạc Long Quân,Lạc Long Quân,10.7832411,106.6506569,10.7795043,106.6499053,1.0,50.0,,service,asphalt,,,,0.0,0.0,0.0,1.0,360.0,0.0,0,A,,,,,,,,,,,0.004488,191.17685272177695,0.42143350200138363,2512202304,5
f4cf8e23c594e3f2d7e6d6c087a69c32,Vòng xoay Điện Biên Phủ,Vòng xoay Điện Biên Phủ,10.7921176,106.6992858,10.7921359,106.6992344,1.0,50.0,,residential,concrete,,,,0.0,0.0,0.0,1.0,360.0,0.0,0,A,,,,,,,,,,,7e-05,289.9226298490714,0.005974634631621063,2512202304,5
ce927ff13f3e18b838b75fbb2e93f71e,Cao tốc TP. Hồ Chí Minh - Long Thành - Dầu Giây,Cao tốc TP. Hồ Chí Minh - Long Thành - Dầu Giây,10.7860991,106.8473249,10.7866225,106.843937,1.0,50.0,,,,,,,0.0,0.0,0.0,1.0,360.0,0.0,0,A,,,,,,,,,,,0.003911,278.93799658729563,0.37501524640454126,2512202304,5
cc9a084f846574e6c335dc91da33e6e8,Trương Quốc Dung,Trương Quốc Dung,10.7950667,106.672673,10.7997004,106.6729603,1.0,50.0,,,,,,,0.0,0.0,0.0,1.0,360.0,0.0,0,A,,,,,,,,,,,0.004921,3.4852437534838145,0.5135107545034335,2512202304,5
082271af9cca5bf56d0676b7cd0d99da,Tân Chánh Hiệp 39,Tân Chánh Hiệp 39,10.8821993,106.6167264,10.8776763,106.6236125,1.0,50.0,,tertiary,,,,,0.0,0.0,0.0,1.0,360.0,0.0,0,A,,,,,,,,,,,0.011409,123.77605992876329,0.9039450688039765,2512202304,5
f7c0caf8bd77b349c6509b1ffaa95dff,Trung Mỹ Tây 2A,Trung Mỹ Tây 2A,10.8471993,106.6123545,10.8472751,106.6124805,1.0,50.0,,,,,,,0.0,0.0,0.0,1.0,360.0,0.0,0,A,,,,,,,,,,,0.000202,58.51119574151926,0.016128028934367017,2512202304,5
ffa3d90b524c18e1e40617da660bcc89,Cầu Số 7,Cầu Số 7,10.7879997,106.6710981,10.7880524,106.6711168,1.0,50.0,,residential,,,,,0.0,0.0,0.0,1.0,360.0,0.0,0,A,,,,,,,,,,,7.1e-05,19.216889062613063,0.006177656832998381,2512202304,5
f1f8a3020a67de846fb9e86ae878e8ee,Phường Linh Đông,Phường Linh Đông,10.8413507,106.7438935,10.8408414,106.7442274,1.0,50.0,,,,,,,0.0,0.0,0.0,1.0,360.0,0.0,0,A,,,,,,,,,,,0.000843,147.22228608573516,0.0671320009381412,2512202304,5
05805ce03634cee063f09b0aefa5d07b,Cầu vượt Bình Phước,Cầu vượt Bình Phước,10.8653758,106.7238705,10.8648149,106.7227673,1.5,50.0,,trunk,asphalt,yes,,QL.1,0.0,0.0,0.0,1.0,540.0,0.0,0,A,,,,,yes,,,,,,0.001664,242.62902038163895,0.13564171714891415,2512202304,5
899a284c09ee8dbccf54ce3e20b0336c,Rạch Bùng Binh,Rạch Bùng Binh,10.7794508,106.6785811,10.7840477,106.6803024,1.0,50.0,,,,,,,0.0,0.0,0.0,1.0,360.0,0.0,0,A,,,,,,,,,,,0.006318,20.195270083606715,0.5422074173756464,2512202304,5
dc3bd1b79cd39a9091861c0bf9cf1372,Đường Âu Cơ,Đường Âu Cơ,10.769155,106.6519481,10.7694423,106.6515852,1.0,50.0,,,,,,,0.0,0.0,0.0,1.0,360.0,0.0,0,A,,,,,,,,,,,0.00065,308.86438648501513,0.05084571452372469,2512202304,5
159f25108169fb3c404f3cfcec9c30d2,Phạm Văn Đồng,Phạm Văn Đồng,10.8666573,106.7617638,10.8185142,106.6869633,1.0,50.0,,,,,,,0.0,0.0,0.0,1.0,360.0,0.0,0,A,,,,,,,,,,,0.122944,236.76945385103906,9.75990810371127,2512202304,5
98c9357b3e508c6dca3ff35cc3c350f2,Lý Tự Trọng,Lý Tự Trọng,10.7779424,106.7010583,10.7818664,106.7046426,1.0,50.0,,,,,,,0.0,0.0,0.0,1.0,360.0,0.0,0,A,,,,,,,,,,,0.007508,41.90163611186,0.5848636141316033,2512202304,5
201c3bdb22316bec1938d479b7d162fe,Đường Phú Hòa,Đường Phú Hòa,10.785806,106.6544818,10.7856285,106.6538061,1.0,50.0,,,,,,,0.0,0.0,0.0,1.0,360.0,0.0,0,A,,,,,,,,,,,0.000853,255.02863924147127,0.07646217998747902,2512202304,5
2c63fbf4dc77cb37ee333f4e25e765f7,Xa Lộ Hà Nội,Xa Lộ Hà Nội,10.8329768,106.7645442,10.8385833,106.7675662,2.0,50.0,,trunk,asphalt,yes,,,0.0,0.0,0.0,1.0,720.0,0.0,0,A,,,,,,,,,yes,,0.008629,27.896754000800797,0.7027005773813275,2512202304,5
8f2c1be608e8e397156a1ce1e53da194,Lê Văn Lương,Lê Văn Lương,10.6893503,106.7024735,10.7410217,106.7037515,1.0,50.0,,,,,,,0.0,0.0,0.0,1.0,360.0,0.0,0,A,,,,,,,,,,,0.052949,1.392006883635247,5.717221052037002,2512202304,5
d6b4558d6ca9da6200cea9f228821936,Hồ Văn Long,Hồ Văn Long,10.8253843,106.6005932,10.8252537,106.600561,1.0,50.0,,,,,,,0.0,0.0,0.0,1.0,360.0,0.0,0,A,,,,,,,,,,,0.000163,193.61306380701774,0.014869046747147376,2512202304,5
cc87908123841e95270c11abdbbb8628,Hiền Vương,Hiền Vương,10.7817224,106.6249308,10.7821668,106.6241211,1.0,50.0,,tertiary,asphalt,yes,,,0.0,0.0,0.0,1.0,360.0,0.0,0,A,,,,,,,,,,,0.001254,299.1925414944162,0.10128309742572823,2512202304,5
3ddb589d23f70a8855728e4502f9150f,Đường Tùng Thiện Vương,Đường Tùng Thiện Vương,10.746712,106.6604334,10.746844,106.6604618,1.0,50.0,,residential,asphalt,,,,0.0,0.0,0.0,1.0,360.0,0.0,0,A,,,,,,,,,,,0.00016,11.93537141877323,0.014927691453082129,2512202304,5
386ac6318097163e888241a001ada6e8,Sư Van Hạnh,Sư Van Hạnh,10.7589142,106.6735498,10.7633633,106.6725291,1.0,50.0,,,,,,,0.0,0.0,0.0,1.0,360.0,0.0,0,A,,,,,,,,,,,0.00547,347.2988439732827,0.5046319804709956,2512202304,5
71bd2c75bf9049e44b14c5bd0dca7e4f,Sư Vạn Hạnh,Sư Vạn Hạnh,10.7740549,106.6683653,10.77004,106.6705481,1.0,50.0,,residential,,,,,0.0,0.0,0.0,1.0,360.0,0.0,0,A,,,,,,,,,,,0.006198,151.89336730732566,0.5042016031834343,2512202304,5
aa55d5db7a80a888fe5daa8bcf5af867,Nguyễn Tri Phương,Nguyễn Tri Phương,10.7666599,106.6674092,10.7546206,106.6696106,1.0,50.0,,,,,,,0.0,0.0,0.0,1.0,360.0,0.0,0,A,,,,,,,,,,,0.014241,169.8160309267911,1.3532947815842284,2512202304,5
44e91f11a43e9dfdbe7c1eb4c0c12b82,Lý Thường Kiệt,Lý Thường Kiệt,10.7571594,106.6618976,10.765485,106.6595662,1.0,50.0,,,,,,,0.0,0.0,0.0,1.0,360.0,0.0,0,A,,,,,,,,,,,0.010657,344.61847140215235,0.955570884705003,2512202304,5
b4bf24f08221cf29789dd8670dd2c61a,Xa Lộ Hà Nội,Xa Lộ Hà Nội,10.8385833,106.7675662,10.8633078,106.7965925,1.0,50.0,,,,,,,0.0,0.0,0.0,1.0,360.0,0.0,0,A,,,,,,,,,,,0.053751,49.06205020619922,4.1895681233152064,2512202304,5
4aa8244b36c8d88b97d71a455f1c2392,Cầu Công Lý,Cầu Công Lý,10.7910679,106.6825988,10.7921893,106.681367,1.0,50.0,,,,,,,0.0,0.0,0.0,1.0,360.0,0.0,0,A,,,,,,,,,,,0.002353,312.8233983169923,0.18312349909059147,2512202304,5
6d08264bbd0f9b27969170e3ea60e7e0,Cao tốc TP. Hồ Chí Minh - Long Thành - Dầu Giây,Cao tốc TP. Hồ Chí Minh - Long Thành - Dầu Giây,10.7964727,106.7824691,10.7949371,106.7599681,1.0,50.0,,,,,,,0.0,0.0,0.0,1.0,360.0,0.0,0,A,,,,,,,,,,,0.024037,266.0278416436462,2.4666125222355793,2512202304,5
ddba054645927d488ac5ce38f7733b99,Lê Hồng Phong,Lê Hồng Phong,10.760492,106.6770991,10.7663147,106.6749228,1.0,50.0,,service,concrete,,,,0.0,0.0,0.0,1.0,360.0,0.0,0,A,,,,,,,,,,,0.007999,339.8376935119911,0.6866439210241753,2512202304,5
81348b71fac7c71d366ee0d44c6e95e7,Bắc Hải,Bắc Hải,10.7837858,106.6617536,10.7855566,106.6633132,1.0,50.0,,residential,,,,,0.0,0.0,0.0,1.0,360.0,0.0,0,A,,,,,,,,,,,0.00333,40.865421003904544,0.2597301974011401,2512202304,5
fe4430e497c205151edc3a563b03a7c2,Trần Huy Liệu,Trần Huy Liệu,10.792161,106.6779981,10.794303,106.6778425,1.0,50.0,,tertiary,asphalt,,,,0.0,0.0,0.0,1.0,360.0,0.0,0,A,,,,,,,,,,,0.002298,355.91846056298914,0.23754382965528306,2512202304,5
831b123fd6bb71ec3ccaebb02de8b7a4,Lê Văn Quới,Lê Văn Quới,10.7735866,106.6215672,10.7762952,106.6093332,1.5,50.0,,secondary,asphalt,,,,0.0,0.0,0.0,1.0,540.0,0.0,0,A,,,,,,,,,,,0.014943,282.7018616766393,1.371161198285025,2512202304,5
a8de79ac22e748a47dc250ad8c1b9b4f,Huỳnh Tấn Phát,Huỳnh Tấn Phát,10.6783267,106.753584,10.7525133,106.7282216,2.0,50.0,,tertiary,,yes,,,0.0,0.0,0.0,1.0,720.0,0.0,0,A,,,,,,,,,,,0.099549,341.43455141198854,8.662302131154227,2512202304,5
46fc423d727b252cc98937db8a8b6798,Lý Thường Kiệt,Lý Thường Kiệt,10.7677013,106.6588507,10.7592404,106.6612178,1.5,50.0,,residential,asphalt,,,,0.0,0.0,0.0,1.0,540.0,0.0,0,A,,,,,,,,,,,0.010828,164.63166859660578,0.971035753734684,2512202304,5
06bcedd952eae18f7df052dc12bed073,Cầu An Lập,Cầu An Lập,10.729901,106.602171,10.7277176,106.60178,1.0,50.0,,,,,,,0.0,0.0,0.0,1.0,360.0,0.0,0,A,,,,,,,,,,,0.002574,189.97898061240684,0.2452698096949974,2512202304,5
8c515135a71d10801093bde057b75663,Đường cao tốc Thành phố Hồ Chí Minh – Long Thành – Dầu Giây,Đường cao tốc Thành phố Hồ Chí Minh – Long Thành – Dầu Giây,10.796707,106.7886419,10.7961184,106.7760321,1.5,65.0,,motorway_link,asphalt,yes,,CT.29,0.0,0.0,0.0,1.0,540.0,0.0,0,A,,,,,,,,,yes,,0.013198,267.28058270121016,1.3805673391740458,2512202304,5
791e2278ccf9bb7011c4cab854078dca,Kha Vạn Cân,Kha Vạn Cân,10.8416342,106.7466044,10.8487665,106.7531191,1.5,50.0,,secondary,asphalt,,,,0.0,0.0,0.0,1.0,540.0,0.0,0,A,,,,,,,,,,,0.013647,41.89446878502554,1.0629413433485582,2512202304,5
d3c7e159184f07572d71181f2e57dc01,Hẻm 92 Vũ Huy Tấn,Hẻm 92 Vũ Huy Tấn,10.7958364,106.6927968,10.7973608,106.6925024,1.0,50.0,,,,,,,0.0,0.0,0.0,1.0,360.0,0.0,0,A,,,,,,,,,,,0.001819,349.25828985081375,0.1716650863040787,2512202304,5
309416b616752c1e32c69af3a4c8917d,Nguyễn Hồng Đào,Nguyễn Hồng Đào,10.7924125,106.6418466,10.7926149,106.6419251,1.0,50.0,,,,,,,0.0,0.0,0.0,1.0,360.0,0.0,0,A,,,,,,,,,,,0.000281,20.856109069755917,0.023977703094726497,2512202304,5
54d130d69ad59b6570e0de6885466540,Đường 3 Tháng 2,Đường 3 Tháng 2,10.767686,106.6667965,10.7579254,106.6489673,1.5,50.0,,primary,asphalt,yes,,,0.0,0.0,0.0,1.0,540.0,0.0,0,A,,,,,,,,,,,0.02759,240.87279303889085,2.2289776594227813,2512202304,5
f0b893d556fe9601f4799f4ef12eeefe,Cầu vượt Ngã tư Thủ Đức,Cầu vượt Ngã tư Thủ Đức,10.8499117,106.7747696,10.8478386,106.7730798,1.0,50.0,,,,,,,0.0,0.0,0.0,1.0,360.0,0.0,0,A,,,,,,,,,,,0.003763,218.67880807051006,0.29448861636568285,2512202304,5
222b2069e78e15952a8c4886ce1eb4d5,Cầu Bùi Hữu Nghĩa,Cầu Bùi Hữu Nghĩa,10.7930658,106.6974031,10.7940986,106.6976069,1.0,50.0,,,,,,,0.0,0.0,0.0,1.0,360.0,0.0,0,A,,,,,,,,,,,0.001237,10.969958613552194,0.11639521473796566,2512202304,5
0e8d633e5e234caada2599cad8aef2d1,Đường cao tốc Tp. Hồ Chí Minh-Long Thành-Dầu Giây,Đường cao tốc Tp. Hồ Chí Minh-Long Thành-Dầu Giây,10.7942306,106.7570472,10.7939773,106.7555931,1.5,50.0,,motorway,asphalt,yes,,CT.29,0.0,0.0,0.0,1.0,540.0,0.0,0,A,,,,,,,,,,,0.001707,259.9441451406279,0.16147370257868676,2512202304,5
167f11c6e121c903aca9fe887d2e661b,Nguyễn Hữu Thọ,Nguyễn Hữu Thọ,10.7365428,106.7002329,10.7303579,106.7003063,1.0,50.0,,,,,,,0.0,0.0,0.0,1.0,360.0,0.0,0,A,,,,,,,,,,,0.006258,179.3319557908004,0.6841762151428311,2512202304,5
18c16b911059e72bf5ccfed832b3fa71,Đường Lý Thường Kiệt,Đường Lý Thường Kiệt,10.773825,106.6615589,10.7758068,106.6566757,1.0,50.0,,,,,,,0.0,0.0,0.0,1.0,360.0,0.0,0,A,,,,,,,,,,,0.006865,292.4471512453768,0.5773121856148804,2512202304,5
7c692a4ed7f729cff7177e77909d7d48,Phạm Văn Đồng,Phạm Văn Đồng,10.838735,106.7363075,10.8200201,106.6917234,1.0,50.0,,,,,,,0.0,0.0,0.0,1.0,360.0,0.0,0,A,,,,,,,,,,,0.063299,246.86342172214827,5.296568428334731,2512202304,5
a5f37f0263279eb53c979f4af8037db8,Bưng Ông Thòan,Bưng Ông Thòan,10.828493,106.7887386,10.8287562,106.7885591,1.0,50.0,,,,,,,0.0,0.0,0.0,1.0,360.0,0.0,0,A,,,,,,,,,,,0.000443,326.18398155756336,0.035112199356267595,2512202304,5
72548d296167e0108602dcb5321ed5d4,Kha Vạn Cân,Kha Vạn Cân,10.8270992,106.7153558,10.8504341,106.7545053,1.0,50.0,,,,,,,0.0,0.0,0.0,1.0,360.0,0.0,0,A,,,,,,,,,,,0.062484,58.743912978961305,4.998814160997063,2512202304,5
fd613f1221173c7617c7db5cf43d7632,Cầu Trần Quang Diệu,Cầu Trần Quang Diệu,10.7843732,106.6784372,10.7843732,106.6784372,1.0,50.0,,,,,,,0.0,0.0,0.0,1.0,360.0,0.0,0,A,,,,,,,,,,,0.0,0.0,0.0,2512202304,5
e10b662685d4fcf7bb61628a4071aeee,Nguyễn Văn Nghi,Nguyễn Văn Nghi,10.8214371,106.6887972,10.8238312,106.6869947,1.0,50.0,,,,,,,0.0,0.0,0.0,1.0,360.0,0.0,0,A,,,,,,,,,,,0.004197,323.51720882065575,0.3301224933438893,2512202304,5
c31af84fbed52d70cb3d6e5f6e47f91c,Đường số 48,Đường số 48,10.758507,106.6987348,10.7557367,106.7008649,2.0,50.0,,tertiary,asphalt,no,,,0.0,0.0,0.0,1.0,720.0,0.0,0,A,,,,,,,,,,,0.0049,142.93261840829632,0.38494233281890705,2512202304,5
9e9ae96bef723a969bfa1315414d3476,Nguyễn Thị Nhung,Nguyễn Thị Nhung,10.8433563,106.7054307,10.8435122,106.7057848,1.0,50.0,,,,,,,0.0,0.0,0.0,1.0,360.0,0.0,0,A,,,,,,,,,,,0.00051,65.85446120988655,0.042385603850894134,2512202304,5
0b0a8e08ffa48b8dd690d2211a56eb23,Lê Văn Ninh,Lê Văn Ninh,10.8510377,106.7547163,10.8495638,106.7534794,1.5,50.0,,secondary,asphalt,yes,,,0.0,0.0,0.0,1.0,540.0,0.0,0,A,,,,,,,,,,,0.002711,219.49543509823235,0.21182835964297686,2512202304,5
180dbd53a684859dd4139d4ad848c464,Phường Trung Mỹ Tây,Phường Trung Mỹ Tây,10.8521986,106.6264888,10.8521149,106.6265032,1.0,50.0,,residential,,,,,0.0,0.0,0.0,1.0,360.0,0.0,0,A,,,,,,,,,,,9.8e-05,170.40952956723982,0.009391292961227463,2512202304,5
710295922d5db990b56d770e790aca74,Nguyễn Thị Diệu Hương,Nguyễn Thị Diệu Hương,10.7779274,106.655911,10.7779274,106.655911,1.0,50.0,,,,,,,0.0,0.0,0.0,1.0,360.0,0.0,0,A,,,,,,,,,,,0.0,0.0,0.0,2512202304,5
e842a54217c2ffbbf2e95a3f78ac3cd3,Cầu Bình Triệu 2,Cầu Bình Triệu 2,10.8235017,106.7135696,10.8190196,106.7129039,1.5,50.0,,primary,asphalt,yes,,QL.13,0.0,0.0,0.0,1.0,540.0,0.0,0,A,,,,,,,,,,,0.005148,188.29999508195766,0.5010963233568995,2512202304,5
ebf87b8e8bc1f1e41da85eb7a3176824,Cầu Kỳ Hà 4,Cầu Kỳ Hà 4,10.7559963,106.7606269,10.7550762,106.7597266,1.0,50.0,,,,,,,0.0,0.0,0.0,1.0,360.0,0.0,0,A,,,,,,,,,,,0.00182,223.86941367263557,0.14161510111647913,2512202304,5
5fdd56e79f1dcd75d182c02f4c5c7b9d,Đào Trinh Nhất,Đào Trinh Nhất,10.8625105,106.7609449,10.8650568,106.7590353,1.0,50.0,,service,,,,,0.0,0.0,0.0,1.0,360.0,0.0,0,A,,,,,,,,,,,0.004456,323.628150646264,0.3506045278503562,2512202304,5
40077c6e55abef8381d592f810bc7d01,Đường số 54,Đường số 54,10.7496063,106.5941698,10.7496222,106.594239,1.5,50.0,,secondary,asphalt,,,,0.0,0.0,0.0,1.0,540.0,0.0,0,A,,,,,,,,,,,8.5e-05,76.8366578122401,0.0077706560406822734,2512202304,5
302b40b302ebe4e7abfb61128801822a,Đường Quang Trung,Đường Quang Trung,10.8388107,106.6491032,10.8408842,106.6452271,1.5,50.0,,residential,asphalt,no,,,0.0,0.0,0.0,1.0,540.0,0.0,0,A,,,,,,,,,,,0.00595,298.57588232245274,0.48191507046970744,2512202304,5
d616738bc5a306551c061325b843cddb,Nguyễn Thị Minh Khai,Nguyễn Thị Minh Khai,10.7657285,106.6818889,10.7897016,106.7045845,1.0,50.0,,,,,,,0.0,0.0,0.0,1.0,360.0,0.0,0,A,,,,,,,,,,,0.046669,42.92104714750593,3.6322129510262524,2512202304,5
ca3f462646b2a5314e70c8d3eb9a3992,Cầu Thủ Thiêm,Cầu Thủ Thiêm,10.7844433,106.7192073,10.7874118,106.7177091,1.0,50.0,,,,,,,0.0,0.0,0.0,1.0,360.0,0.0,0,A,,,,,,,,,,,0.004467,333.62871053311835,0.36696661392853597,2512202304,5
4ff1c86146a8f15a787642fe50ee30d5,Xa Lộ Hà Nội,Xa Lộ Hà Nội,10.8006952,106.7363742,10.8336803,106.7646754,1.0,50.0,,,,,,,0.0,0.0,0.0,1.0,360.0,0.0,0,A,,,,,,,,,,,0.061286,40.11998426460849,4.784390367398653,2512202304,5
9a4098e379a9b102af2e32a4d82c34cb,Trịnh Đình Trọng,Trịnh Đình Trọng,10.7760645,106.6384349,10.7751926,106.6464389,1.0,50.0,,,,,,,0.0,0.0,0.0,1.0,360.0,0.0,0,A,,,,,,,,,,,0.008876,96.32683514771037,0.8806891462487514,2512202304,5
14be1c20c28108e1d0ee5b51f96f0b19,Kênh 10,Kênh 10,10.708894,106.5725739,10.7087587,106.5725888,1.0,50.0,,,,,,,0.0,0.0,0.0,1.0,360.0,0.0,0,A,,,,,,,,,,,0.00015,173.82418224669982,0.015054387547963179,2512202304,5
d18072f177d6608c95ab07b28340de09,Lý Thường Kiệt,Lý Thường Kiệt,10.7738791,106.6572154,10.7820115,106.6549226,1.0,50.0,,,,,,,0.0,0.0,0.0,1.0,360.0,0.0,0,A,,,,,,,,,,,0.010425,344.5195857560881,0.9338474514168769,2512202304,5
77b85826e6a848c25b2f557ebe13e08a,Cầu Bình Triệu 1,Cầu Bình Triệu 1,10.8215874,106.7136257,10.8233581,106.713869,1.5,50.0,,primary,asphalt,yes,,QL.13,0.0,0.0,0.0,1.0,540.0,0.0,0,A,,,,,,,,,,,0.002014,7.686139667822715,0.19766194816627428,2512202304,5
6112f9c317f9421f9f022913107f8ced,Trần Bình Trọng,Trần Bình Trọng,10.7592606,106.6803749,10.7582717,106.6807561,1.5,50.0,,secondary,asphalt,no,,,0.0,0.0,0.0,1.0,540.0,0.0,0,A,,,,both,,,,,,,0.00137,159.2581467728719,0.11706194918998407,2512202304,5
4978590a182110740fd4defcabb9d463,Vòng xoay An Lạc,Vòng xoay An Lạc,10.7237483,106.6010824,10.7238063,106.6010908,3.0,60.0,,trunk,asphalt,yes,,QL.1,0.0,0.0,0.0,1.0,1080.0,0.0,0,A,,,,,,,,,,,6.6e-05,8.098718386147482,0.006481005777501863,2512202304,5
f6a31de2c3be62adc910c8470df538d9,Sư Van Hạnh,Sư Van Hạnh,10.7633633,106.6725291,10.7696215,106.6710798,1.0,50.0,,,,,,,0.0,0.0,0.0,1.0,360.0,0.0,0,A,,,,,,,,,,,0.007708,347.1830786847614,0.7101554472370639,2512202304,5
45643833053c624086021bbba2dde705,Phường Tân Phú,Phường Tân Phú,10.870652,106.8069619,10.7158518,106.7295974,1.0,50.0,,,,,,,0.0,0.0,0.0,1.0,360.0,0.0,0,A,,,,,,,,,,,0.232165,206.15500312528576,19.099233856403504,2512202304,5
1df6c841bf4cb79d26287950faef5c2b,Nguyễn Đức Cảnh,Nguyễn Đức Cảnh,10.7283976,106.7085848,10.7285196,106.7085817,2.5,50.0,,secondary,asphalt,,,,0.0,0.0,0.0,1.0,900.0,0.0,0,A,,,,,,,,,,,0.000125,358.5698690566208,0.013499017001176398,2512202304,5
cc7d144f85014ae356f83dbfa6265cbf,Nguyễn Cơ Thạch,Nguyễn Cơ Thạch,10.7768151,106.7226291,10.779091,106.7220698,1.0,50.0,,,,,,,0.0,0.0,0.0,1.0,360.0,0.0,0,A,,,,,,,,,,,0.002835,346.42775350354265,0.25906946081155247,2512202304,5
be772df75b516422226b7cfb56573d1d,Nguyễn Chí Thanh,Nguyễn Chí Thanh,10.7592538,106.6655719,10.7584107,106.6615004,2.5,50.0,,secondary,asphalt,,,,0.0,0.0,0.0,1.0,900.0,0.0,0,A,,,,,,,,,,,0.004915,258.09787555058955,0.4549821689008774,2512202304,5
a0a597c2c92138e7e7e211d637e1413d,Số 7,Số 7,10.8249576,106.6029789,10.8249497,106.6029143,1.0,50.0,,tertiary,,yes,,,0.0,0.0,0.0,1.0,360.0,0.0,0,A,,,,,,,,,,,7.3e-05,262.9028291941196,0.007117952190328394,2512202304,5
6b0fbf6a2e4ef04b02bd48b90ded9f0e,Hẻm 297 Lý Thường Kiệt,Hẻm 297 Lý Thường Kiệt,10.7765701,106.656462,10.7765446,106.6563765,1.0,50.0,,residential,,,,,0.0,0.0,0.0,1.0,360.0,0.0,0,A,,,,,,,,,,,0.000111,253.11172047619726,0.009767198685867094,2512202304,5
40cbcace8ed0a821c9845eb653fb84f1,Tân Chánh Hiệp 39,Tân Chánh Hiệp 39,10.877165,106.6248126,10.8825854,106.6163333,1.0,50.0,,,,,,,0.0,0.0,0.0,1.0,360.0,0.0,0,A,,,,,,,,,,,0.0139,303.0629835402649,1.104045754219961,2512202304,5
2935c4c527c6549a3d11c0b12455d5b4,Đường An Dương Vương,Đường An Dương Vương,10.7574828,106.6741653,10.7566055,106.6696815,1.5,50.0,,primary,asphalt,,,,0.0,0.0,0.0,1.0,540.0,0.0,0,A,,,,,,,,,,,0.005361,258.73678882127405,0.4999291330001055,2512202304,5
9f3832eca4caa286201aafaa1457afd0,Khánh Hội,Khánh Hội,10.7606879,106.6977387,10.7565916,106.7008416,1.0,50.0,,,,,,,0.0,0.0,0.0,1.0,360.0,0.0,0,A,,,,,,,,,,,0.007199,143.3440634970902,0.5661120184551081,2512202304,5
2c0ec269f75728253ce3e07a5c8fb229,Bắc Hải,Bắc Hải,10.780807,106.658922,10.7833862,106.6613755,1.0,50.0,,residential,,no,,,0.0,0.0,0.0,1.0,360.0,0.0,0,A,,,,,,,,,,,0.005033,43.059626313848526,0.39165599671360135,2512202304,5
a361dcc42a688b832c9e1eabc017ebd9,Nguyễn Lương Bằng nối dài,Nguyễn Lương Bằng nối dài,10.7087139,106.7318964,10.7130973,106.7314656,1.0,50.0,,,,,,,0.0,0.0,0.0,1.0,360.0,0.0,0,A,,,,,,,,,,,0.004814,354.48422796174646,0.4871443067250075,2512202304,5
31205e89e330b0359b4792cf264f9425,Nguyễn Biểu,Nguyễn Biểu,10.757374,106.6831763,10.7545595,106.6841957,1.0,50.0,,,,,,,0.0,0.0,0.0,1.0,360.0,0.0,0,A,,,,,,,,,,,0.003834,160.4127013855583,0.33068434759430265,2512202304,5
31ff27ee9f18e0a23f605cd79eb16bb3,Nguyễn Chí Thanh,Nguyễn Chí Thanh,10.7595294,106.6669516,10.756343,106.6510842,1.0,50.0,,,,,,,0.0,0.0,0.0,1.0,360.0,0.0,0,A,,,,,,,,,,,0.019054,258.448976289405,1.7709368076552727,2512202304,5
b07cddff21e96635b34fd7221a0b4c62,Hồng Bàng,Hồng Bàng,10.7550108,106.6603376,10.7534697,106.6530134,1.0,50.0,,,,,,,0.0,0.0,0.0,1.0,360.0,0.0,0,A,,,,,,,,,,,0.008865,257.9120637733799,0.8190355394235358,2512202304,5
61c36bba58e63f03d429f5069ede8f46,Cầu Bến Cát,Cầu Bến Cát,10.8614957,106.6652403,10.8614424,106.6653095,1.5,65.0,,trunk,,yes,,QL.1,0.0,0.0,0.0,1.0,540.0,0.0,0,A,,,,,,,,,,,0.000123,128.10641281392958,0.009592023557221021,2512202304,5
5cbe5643b0a58f3615b226311c35809b,Cầu Thị Nghè 2,Cầu Thị Nghè 2,10.7875007,106.7093873,10.7876817,106.7096016,1.0,50.0,,,,,,,0.0,0.0,0.0,1.0,360.0,0.0,0,A,,,,,,,,,,,0.000395,49.31087218336796,0.030824173298449088,2512202304,5
7b2ff4d3d8018b40ecdeef62ff619ec6,Đường số 41,Đường số 41,10.7579629,106.6997338,10.7579884,106.6997668,1.5,50.0,,tertiary,asphalt,no,,,0.0,0.0,0.0,1.0,540.0,0.0,0,A,,,,,,,,,,,5.9e-05,51.81312816178979,0.0045807994080243495,2512202304,5
1fee7aa948b15b4c4027a2597b67d37d,Hầm chui An Sương - N1,Hầm chui An Sương - N1,10.843311,106.6149367,10.8450745,106.6138112,1.0,50.0,,,,,,,0.0,0.0,0.0,1.0,360.0,0.0,0,A,,,,,,,,,,,0.002889,327.9196985665052,0.23064413737082515,2512202304,5
81f76bbbcd1147a3e9f2e52b5b9c05eb,Hương lộ 10,Hương lộ 10,10.6817688,106.5406723,10.681336,106.5412694,1.5,50.0,,secondary,asphalt,,,ĐT.830C,0.0,0.0,0.0,1.0,540.0,0.0,0,A,,,,,,,,,,,0.00103,126.41308932186536,0.08098851064779689,2512202304,5
d0b2b9f739a02c5eafe8b523b345e902,Đường Sư Vạn Hạnh,Đường Sư Vạn Hạnh,10.7697703,106.6710427,10.769677,106.6710665,1.0,50.0,,,,,,,0.0,0.0,0.0,1.0,360.0,0.0,0,A,,,,,,,,,,,0.000117,165.9315134651057,0.010643416700871284,2512202304,5
5950bd3636d25bc77bb4e9e9692c98e3,Nguyễn Hữu Cảnh,Nguyễn Hữu Cảnh,10.7896678,106.712201,10.7888202,106.7098683,1.0,50.0,,primary,asphalt,yes,,,0.0,0.0,0.0,1.0,360.0,0.0,0,A,,,,,,,,,,,0.00318,249.70105593342532,0.27179686253344826,2512202304,5
fee52e621307b13a43564a2266b89bda,Khuông Việt,Khuông Việt,10.7813924,106.6433121,10.7770894,106.6398819,1.5,50.0,,secondary,asphalt,no,,,0.0,0.0,0.0,1.0,540.0,0.0,0,A,,,,,,,,,,,0.007733,218.06477600527737,0.6060417451784054,2512202304,5
285e3e6087490d877d9ff67cb2a7feff,Hồng Hà,Hồng Hà,10.8140069,106.6747486,10.8142573,106.6758031,1.0,50.0,,,,,,,0.0,0.0,0.0,1.0,360.0,0.0,0,A,,,,,,,,,,,0.001305,76.40930239970527,0.11859502935902903,2512202304,5
c00e8a42b8162fb5644d5427c2cae0c5,Vòng xoay Lê Đại Hành,Vòng xoay Lê Đại Hành,10.7690082,106.6524868,10.7690082,106.6524868,1.0,50.0,,,,,,,0.0,0.0,0.0,1.0,360.0,0.0,0,A,,,,,,,,,,,0.0,0.0,0.0,2512202304,5
a979f06e9e1616639d2231bc358d4fa5,Nguyễn Thị Nhỏ,Nguyễn Thị Nhỏ,10.7588735,106.6513792,10.7591706,106.6513758,1.0,50.0,,,,,,,0.0,0.0,0.0,1.0,360.0,0.0,0,A,,,,,,,,,,,0.0003,359.3558633211331,0.032865220727117894,2512202304,5
f64084f5e90ce4ca4255d29ea3d64081,Tam Bình,Tam Bình,10.845997,106.7287514,10.8560454,106.7381233,1.0,50.0,,,,,,,0.0,0.0,0.0,1.0,360.0,0.0,0,A,,,,,,,,,,,0.01942,42.48878961839671,1.5117897682824366,2512202304,5
830199574c787d46b1819e2099fed534,Cao Thắng,Cao Thắng,10.7720072,106.6798441,10.7725943,106.6791758,1.0,50.0,,,,,,,0.0,0.0,0.0,1.0,360.0,0.0,0,A,,,,,,,,,,,0.001255,311.8049441255227,0.09777432136619921,2512202304,5
e2f527445f2b3116f23d71984f1d7284,Lũy Bán Bích,Lũy Bán Bích,10.7592472,106.6339978,10.7696046,106.6317019,1.5,50.0,,residential,asphalt,,,,0.0,0.0,0.0,1.0,540.0,0.0,0,A,,,,,,,,,,,0.012653,347.7148876096315,1.1728601037822748,2512202304,5
a9b66452f50c1ce9f45f754a07a783c0,Đường Lê Hồng Phong,Đường Lê Hồng Phong,10.7709488,106.6730236,10.7709488,106.6730236,1.0,50.0,,,,,,,0.0,0.0,0.0,1.0,360.0,0.0,0,A,,,,,,,,,,,0.0,0.0,0.0,2512202304,5
3ff2b88cd61445ae362d9d551f4378d6,Ngô Chí Quốc,Ngô Chí Quốc,10.8740594,106.730453,10.8738081,106.7302504,1.0,50.0,,,,,,,0.0,0.0,0.0,1.0,360.0,0.0,0,A,,,,,,,,,,,0.000454,218.36980444836806,0.03554369807584932,2512202304,5
c612fb912413f6a5824321999feef6c6,Trần Hưng Ðạo,Trần Hưng Ðạo,10.752179,106.6632877,10.7680299,106.6953474,1.0,50.0,,residential,,,,,0.0,0.0,0.0,1.0,360.0,0.0,0,A,,,,,,,,,,,0.047911,63.282407822489176,3.9204412923460086,2512202304,5
8f648cb615ed770cc3698809e27eafca,Bến Hàm Tử,Bến Hàm Tử,10.7494447,106.673072,10.7507824,106.6681836,1.0,50.0,,,,,,,0.0,0.0,0.0,1.0,360.0,0.0,0,A,,,,,,,,,,,0.006226,285.56489638150265,0.5547824487741712,2512202304,5
d2c73271770d0b2261ce16c0df6fb76d,Cầu Bình Lợi,Cầu Bình Lợi,10.8252486,106.7108326,10.8239671,106.706066,1.0,50.0,,,,,,,0.0,0.0,0.0,1.0,360.0,0.0,0,A,,,,,,,,,,,0.006048,254.69238461724655,0.540166593475048,2512202304,5
b8f135fa2b5d4ab8d9b6072920257679,Cầu Tân Thuận 2,Cầu Tân Thuận 2,10.7537495,106.7224037,10.7537495,106.7224037,1.0,50.0,,,,,,,0.0,0.0,0.0,1.0,360.0,0.0,0,A,,,,,,,,,,,0.0,0.0,0.0,2512202304,5
ec236910415bc7dd690175f42168ccbf,Lưu Hữu Phước,Lưu Hữu Phước,10.7232019,106.6337729,10.7231437,106.6337903,1.0,50.0,,,,,,,0.0,0.0,0.0,1.0,360.0,0.0,0,A,,,,,,,,,,,7.6e-05,163.62993386899996,0.0067131392456606645,2512202304,5
40d2596cbc0bc5cd951c9926ba80db2f,Phú Hòa,Phú Hòa,10.7849204,106.6510434,10.7854926,106.6533302,1.0,50.0,,residential,,yes,,,0.0,0.0,0.0,1.0,360.0,0.0,0,A,,,,,,,,,,,0.002859,75.70940137036206,0.2579825296898232,2512202304,5
e7cd71415050cd2dc0bdbf81b87342e0,Nguyễn Hữu Trí,Nguyễn Hữu Trí,10.6929789,106.5802906,10.6903712,106.5689492,1.0,50.0,,,,,,,0.0,0.0,0.0,1.0,360.0,0.0,0,A,,,,,,,,,,,0.013949,256.8313730894756,1.273831320764586,2512202304,5
1b5b958c37a611a63e7132e95820b427,Hải Thượng Lãn Ông,Hải Thượng Lãn Ông,10.7507545,106.6545334,10.7504376,106.6601575,1.5,50.0,,tertiary,asphalt,,,,0.0,0.0,0.0,1.0,540.0,0.0,0,A,,,,,,,,,,,0.005941,93.2819891592531,0.6161529738234562,2512202305,5
deadfcd4f8735a5140eeb5af79b4ea02,Nguyễn Kim,Nguyễn Kim,10.7643679,106.6616043,10.7607717,106.6623333,1.5,50.0,,tertiary,asphalt,,,,0.0,0.0,0.0,1.0,540.0,0.0,0,A,,,,,,,,,,,0.004325,168.7369386456079,0.40569885290493607,2512202305,5
3f02cf00511ed6d52873fdc68a0c1b27,Nguyễn Thị Định,Nguyễn Thị Định,10.7636062,106.7826284,10.7581359,106.7889248,1.0,50.0,,,,,,,0.0,0.0,0.0,1.0,360.0,0.0,0,A,,,,,,,,,,,0.011767,131.48732784676707,0.9167286555715581,2512202305,5
73246b0410c50583b92faf82b9dcaa59,Cầu Bến Cát 1,Cầu Bến Cát 1,10.8615207,106.6642282,10.8615229,106.6653693,1.5,65.0,,trunk,,yes,,QL.1,0.0,0.0,0.0,1.0,540.0,0.0,0,A,,,,,,,,,,,0.001143,89.88741340697936,0.12476611632533836,2512202305,5
bbc9668a44f87c125ba8ae335da5cf53,Bờ Bao Tân Thắng,Bờ Bao Tân Thắng,10.8073924,106.6216983,10.8012197,106.6186403,1.0,50.0,,secondary,asphalt,yes,,,0.0,0.0,0.0,1.0,360.0,0.0,0,A,,,,,,,,,,,0.009231,205.94900822950157,0.7602821277901594,2512202305,5
f9379126bfcfcd0d742d7ef3a4f7d2f4,Đường Hùng Vương,Đường Hùng Vương,10.7610783,106.6746115,10.760649,106.6740819,2.0,55.0,,primary,asphalt,yes,,,0.0,0.0,0.0,1.0,720.0,0.0,0,A,,,,,,,,,,,0.000959,230.47327511459054,0.07490141925312788,2512202305,5
edd04a4ad93a14c44c8817dc0837f268,Đường Thuận Kiều,Đường Thuận Kiều,10.7552474,106.6584197,10.7546122,106.6583409,1.0,50.0,,,,,,,0.0,0.0,0.0,1.0,360.0,0.0,0,A,,,,,,,,,,,0.000714,186.94873517239884,0.07078800932676763,2512202305,5
123d955f1fd12028d868417cb9998484,Ngô Gia Tự,Ngô Gia Tự,10.7598159,106.6687226,10.7669024,106.6738588,1.0,50.0,,,,,,,0.0,0.0,0.0,1.0,360.0,0.0,0,A,,,,,,,,,,,0.012223,35.451728996106795,0.9643732859071531,2512202305,5
109cf033e8c4c3ef6213cbb544d89d95,Tây Thạnh,Tây Thạnh,10.810356,106.620154,10.813438,106.6228898,1.0,50.0,,,,,,,0.0,0.0,0.0,1.0,360.0,0.0,0,A,,,,,,,,,,,0.005818,41.085330265259586,0.45357102856720344,2512202305,5
