fs_method,family,algorithm,params,n_clusters,silhouette,davies_bouldin,calinski_harabasz,ARI,NMI,accuracy_majority,MAE,RMSE,n_points,noise_ratio,largest_cluster_ratio,min_cluster_size,largest_cluster_size,gate_reason,gate_pass,silhouette_norm,davies_bouldin_norm,ARI_norm,NMI_norm,RMSE_norm,weighted_score,pareto_front
RF,partition,KMeans,"{'k': 3, 'n_init': 10}",3,0.2597590359257912,1.4715758521698195,603.2123066715507,0.23453451022815847,0.28188272130444086,0.4739240506329114,0.8754430379746836,1.3670628220728083,1975,0.0,0.3969620253164557,561,784,,True,0.5308932423846248,0.7138890088483071,0.5744607855087023,0.5599601620487565,0.42306640223618885,0.5520291630551292,False
RF,partition,KMeans,"{'k': 3, 'n_init': 20}",3,0.2597590359257912,1.4715758521698195,603.2123066715507,0.23453451022815847,0.28188272130444086,0.4739240506329114,0.8754430379746836,1.3670628220728083,1975,0.0,0.3969620253164557,561,784,,True,0.5308932423846248,0.7138890088483071,0.5744607855087023,0.5599601620487565,0.42306640223618885,0.5520291630551292,False
RF,partition,KMeans,"{'k': 5, 'n_init': 10}",5,0.26403825465458575,1.5161484738344877,505.68962594273705,0.3729966764335747,0.4629582892043347,0.5939240506329114,0.5356962025316455,0.9167913225559697,1975,0.0,0.28405063291139243,233,561,,True,0.5342453048727248,0.7045876770405575,0.9130760196892493,0.9222548095350245,0.613091872896615,0.7284750787061538,False
RF,partition,KMeans,"{'k': 5, 'n_init': 20}",5,0.26458657253186496,1.5161266370575255,505.6914913856733,0.37507947896172517,0.4657467203608444,0.5939240506329114,0.5346835443037975,0.9145795187967701,1975,0.0,0.28556962025316457,232,564,,True,0.5346748215449187,0.7045922338985692,0.9181696036273714,0.927833881822932,0.6140253076150047,0.7308800851742987,False
RF,partition,KMeans,"{'k': 7, 'n_init': 10}",7,0.264421875095097,1.41295805445746,457.0038255474297,0.27039745433046963,0.38666188846522015,0.5853164556962025,0.5873417721518988,1.048688149758086,1975,0.0,0.22886075949367088,154,452,,True,0.5345458082519171,0.7261212618771746,0.6621651711066573,0.769601539241099,0.5574282195350464,0.635021808914394,False
RF,partition,KMeans,"{'k': 7, 'n_init': 20}",7,0.264421875095097,1.41295805445746,457.0038255474297,0.27039745433046963,0.38666188846522015,0.5853164556962025,0.5873417721518988,1.048688149758086,1975,0.0,0.22886075949367088,154,452,,True,0.5345458082519171,0.7261212618771746,0.6621651711066573,0.769601539241099,0.5574282195350464,0.635021808914394,False
RF,partition,KMeans,"{'k': 9, 'n_init': 10}",9,0.2724512182920386,1.3282531662145725,431.7960002048005,0.21549760108701257,0.3718215169535014,0.6136708860759493,0.5751898734177215,1.069721364406804,1975,0.0,0.21063291139240506,126,416,,True,0.5408354750907353,0.743797320449919,0.5279051983504048,0.7399090344611291,0.5485516938890456,0.5994514603747514,False
RF,partition,KMeans,"{'k': 9, 'n_init': 20}",9,0.2724512182920386,1.3282531662145725,431.7960002048005,0.21549760108701257,0.3718215169535014,0.6136708860759493,0.5751898734177215,1.069721364406804,1975,0.0,0.21063291139240506,126,416,,True,0.5408354750907353,0.743797320449919,0.5279051983504048,0.7399090344611291,0.5485516938890456,0.5994514603747514,False
RF,partition,KMeans,"{'k': 11, 'n_init': 10}",11,0.27590919567683553,1.3547867399530753,407.9165992160947,0.20246129933524282,0.38268596745435085,0.5954430379746836,0.5432911392405063,0.9410470871604484,1975,0.0,0.17518987341772152,68,346,,True,0.5435442303591393,0.7382603436204219,0.49602435687942176,0.7616465460977806,0.6028553531743132,0.6054492509022333,False
RF,partition,KMeans,"{'k': 11, 'n_init': 20}",11,0.27808842861497957,1.316912471920264,410.56205338251004,0.20900531401893144,0.3871392312866281,0.6278481012658228,0.5017721518987341,0.9059577769801891,1975,0.0,0.17721518987341772,70,350,,True,0.5452513001416748,0.7461638754476303,0.5120280286789135,0.7705566032026143,0.6176638913325319,0.6153606822691902,False
RF,partition,KMeans,"{'k': 13, 'n_init': 10}",13,0.27328544398247495,1.3126534996353527,393.0173956772862,0.2099694055133634,0.39295690537821676,0.6536708860759494,0.4156962025316456,0.753388967737689,1975,0.0,0.1351898734177215,48,267,,True,0.5414889534055277,0.7470526298646354,0.5143857562524822,0.7821965621912689,0.6820516214365169,0.6297663805101914,False
RF,partition,KMeans,"{'k': 13, 'n_init': 20}",13,0.27328544398247495,1.3126534996353527,393.0173956772862,0.2099694055133634,0.39295690537821676,0.6536708860759494,0.4156962025316456,0.753388967737689,1975,0.0,0.1351898734177215,48,267,,True,0.5414889534055277,0.7470526298646354,0.5143857562524822,0.7821965621912689,0.6820516214365169,0.6297663805101914,False
RF,partition,KMeans,"{'k': 15, 'n_init': 10}",15,0.29899392750236775,1.1936176298805303,379.25000348114537,0.1997042653334336,0.39416448875774307,0.6435443037974684,0.4567088607594937,0.8304337740991493,1975,0.0,0.14329113924050632,50,283,,True,0.5616273124599724,0.7718928138220292,0.4892819106231545,0.7846126860221637,0.6495368484462483,0.6261105004366603,True
RF,partition,KMeans,"{'k': 15, 'n_init': 20}",15,0.29089005577834215,1.2227516013940296,382.2190819055092,0.1954060898080559,0.38857358897532335,0.6440506329113924,0.43493670886075947,0.7894878968296514,1975,0.0,0.14075949367088608,46,278,,True,0.5552792648054576,0.7658131908201947,0.4787705359136497,0.7734264553821328,0.6668169996618803,0.6227617970425021,False
RF,partition,KMeans,"{'k': 17, 'n_init': 10}",17,0.2785269098053225,1.2275445812656196,366.5399822589056,0.20110414441300534,0.4065243320150425,0.6658227848101266,0.4040506329113924,0.7456201225078409,1975,0.0,0.13873417721518988,47,274,,True,0.5455947778751208,0.76481300069297,0.49270537564139205,0.809342168347269,0.6853302621518942,0.6327643661655429,True
RF,partition,KMeans,"{'k': 17, 'n_init': 20}",17,0.30392284289093857,1.1730663483122106,376.2266400574782,0.19110362189837163,0.3929517492212866,0.6531645569620254,0.3989873417721519,0.7172380216823669,1975,0.0,0.14025316455696202,17,277,,True,0.5654883051850863,0.7761814170453158,0.4682486639921122,0.7821862457908896,0.6973081956286513,0.6316510308454607,True
RF,partition,KMeans,"{'k': 19, 'n_init': 10}",19,0.3005886099151143,1.1742075688122435,364.87144513348636,0.18472429968255757,0.3883908911119974,0.6617721518987342,0.3959493670886076,0.7228635041068405,1975,0.0,0.1351898734177215,17,267,,True,0.5628764832630986,0.7759432692734286,0.4526477547674482,0.7730609148580422,0.6949341058926817,0.6252185083058936,False
RF,partition,KMeans,"{'k': 19, 'n_init': 20}",19,0.3005886099151143,1.1742075688122435,364.87144513348636,0.18472429968255757,0.3883908911119974,0.6617721518987342,0.3959493670886076,0.7228635041068405,1975,0.0,0.1351898734177215,17,267,,True,0.5628764832630986,0.7759432692734286,0.4526477547674482,0.7730609148580422,0.6949341058926817,0.6252185083058936,False
RF,partition,MiniBatchKMeans,{'k': 3},3,0.2601982801085976,1.4637635195168948,601.9549253162268,0.24879431909268487,0.3026230105230927,0.48455696202531645,0.838987341772152,1.3134166479602885,1975,0.0,0.40151898734177216,542,793,,True,0.5312373177968943,0.7155192718995598,0.6093337667017595,0.6014571782303589,0.4457063861032591,0.5718305158648032,False
RF,partition,MiniBatchKMeans,{'k': 5},5,0.25612400127922974,1.5430704024480186,503.08349476963264,0.3727753749758641,0.4587424161786217,0.6060759493670886,0.5331645569620254,0.9280440845050466,1975,0.0,0.28,256,553,,True,0.5280457919377263,0.6989696590378718,0.9125348173739829,0.9138197221877244,0.6083429350049262,0.723732146512752,False
RF,partition,MiniBatchKMeans,{'k': 7},7,0.23702859120922093,1.526249534803062,421.71070037409385,0.2990468251769478,0.39632365952677723,0.590379746835443,0.5508860759493671,0.9589023260406014,1975,0.0,0.20860759493670886,157,412,,True,0.5130876858330182,0.7024798064202054,0.7322284503703473,0.7889327388139482,0.5953200102187937,0.6541049178797231,False
RF,partition,MiniBatchKMeans,{'k': 9},9,0.26120489514481315,1.3634818384397605,425.09497421198535,0.22915243747326583,0.3753033719739165,0.6060759493670886,0.5610126582278481,1.026238060569781,1975,0.0,0.18177215189873416,127,359,,True,0.5320258347474653,0.7364458666364524,0.561298693103106,0.7468755040508694,0.5669027005291886,0.6092098776715789,False
RF,partition,MiniBatchKMeans,{'k': 11},11,0.25419128994466034,1.3477371042511292,396.2486998530301,0.23408451468855554,0.3881907399737246,0.6506329113924051,0.5012658227848101,0.9725342075269777,1975,0.0,0.16354430379746834,102,323,,True,0.5265318311949996,0.7397314484901527,0.5733603018950284,0.7726604539514408,0.5895670263008344,0.619745223898913,False
RF,partition,MiniBatchKMeans,{'k': 13},13,0.2751504075816544,1.3230040295167262,379.47155554618143,0.21913612400333168,0.3979089331765319,0.6460759493670886,0.4465822784810127,0.8230846581187016,1975,0.0,0.1539240506329114,72,304,,True,0.5429498449651051,0.7448927005354391,0.5368033639876003,0.7921045425242348,0.6526383532597244,0.6310155593490724,False
RF,partition,MiniBatchKMeans,{'k': 15},15,0.2624147304337989,1.3185581817756575,365.03178946061905,0.21675382830179904,0.3993264808524373,0.6556962025316456,0.45367088607594935,0.8497207285077234,1975,0.0,0.12253164556962025,28,242,,True,0.5329735412672794,0.7458204517751468,0.5309773565014468,0.7949407613553753,0.6413972868861046,0.6253813637889808,False
RF,partition,MiniBatchKMeans,{'k': 17},17,0.2636268247199056,1.2732010992906755,350.90436837087884,0.20771218584159662,0.4095736970742394,0.6724050632911392,0.3868354430379747,0.7193527329692853,1975,0.0,0.12253164556962025,25,242,,True,0.5339230173389647,0.755285483408202,0.5088656276231328,0.8154433152440689,0.6964157362834812,0.6355896282950613,False
RF,partition,MiniBatchKMeans,{'k': 19},19,0.26888925835702904,1.259126361017121,343.5282518389251,0.1839635304764045,0.389680648847653,0.6612658227848102,0.40151898734177216,0.7315667251985437,1975,0.0,0.11544303797468354,17,228,,True,0.5380452666347109,0.7582225736196431,0.45078726067033364,0.7756414525285927,0.6912611359490204,0.6155399629383006,False
RF,hierarchical,Agglomerative_single,{'k': 3},3,0.3091009084847145,0.5970075864922729,18.69685505563863,4.747870207809929e-05,0.005347272872333434,0.22481012658227847,1.3670886075949367,1.7160449080901927,1975,0.0,0.9954430379746836,1,1966,largest_cluster_ratio>0.7; min_cluster_size<10,False,0.569544466026088,0.8963922883007515,0.0010125774638457786,0.006670096640511596,0.27578751556743397,0.3332561217271597,False
RF,hierarchical,Agglomerative_single,{'k': 5},5,0.15938517421264548,0.5519739233055363,12.302347871510804,4.0917465511815945e-05,0.00728631685791583,0.22582278481012658,1.3660759493670886,1.7157498268554279,1975,0.0,0.9944303797468355,1,1964,largest_cluster_ratio>0.7; min_cluster_size<10,False,0.4522668673479016,0.9057898293960358,0.000996531675185287,0.01054972140361225,0.27591204699031857,0.30594919177378266,False
RF,hierarchical,Agglomerative_single,{'k': 7},7,0.08541690860958573,0.5788058680728214,12.27169050832402,0.0001110512087879637,0.013109216347500686,0.22886075949367088,1.3569620253164556,1.7077633607155682,1975,0.0,0.9913924050632912,1,1958,largest_cluster_ratio>0.7; min_cluster_size<10,False,0.39432492416808246,0.9001905890550629,0.0011680467868886465,0.022200135329655507,0.2792825289967722,0.29308835719580495,False
RF,hierarchical,Agglomerative_single,{'k': 9},9,0.051080416902600054,0.6351592848399572,11.341580188266574,0.0002028880067374788,0.01745565042709928,0.23139240506329115,1.3483544303797468,1.7001861402188894,1975,0.0,0.9878481012658228,1,1951,largest_cluster_ratio>0.7; min_cluster_size<10,False,0.36742794293890246,0.8884308628313073,0.0013926376603112973,0.030896448261066706,0.2824802994368828,0.2866003017010361,False
RF,hierarchical,Agglomerative_single,{'k': 11},11,0.03672639771365259,0.5890867250151175,9.220577013963164,0.00020682049139517,0.02149789947346225,0.23291139240506328,1.3468354430379748,1.6997393694477494,1975,0.0,0.9878481012658228,1,1951,largest_cluster_ratio>0.7; min_cluster_size<10,False,0.3561839350191923,0.8980451989452389,0.0014022547221395805,0.038984150043746765,0.2826688475154405,0.28648471928676894,False
RF,hierarchical,Agglomerative_single,{'k': 13},13,-0.021259708164762865,0.6266517188886491,8.661725782001097,0.00013930760912018281,0.025917634591667033,0.23493670886075949,1.3448101265822785,1.6991434923498772,1975,0.0,0.9853164556962025,1,1946,largest_cluster_ratio>0.7; min_cluster_size<10,False,0.31076137948630783,0.8902062058745046,0.0012371490397119842,0.047827123147207724,0.2829203220726809,0.27528869589929794,False
RF,hierarchical,Agglomerative_single,{'k': 15},15,-0.0303927990540949,0.6120483877356079,7.641681321228169,8.194490300605635e-05,0.02839944115885136,0.23544303797468355,1.3437974683544305,1.698547406208976,1975,0.0,0.9848101265822785,1,1945,largest_cluster_ratio>0.7; min_cluster_size<10,False,0.30360710827214116,0.8932536018651369,0.001096866053417747,0.052792703240731084,0.28317188485113887,0.2747173163174977,False
RF,hierarchical,Agglomerative_single,{'k': 17},17,-0.11737219133321958,0.6550730989896028,6.8551233781506955,9.712947935047346e-05,0.030154028617326474,0.23645569620253165,1.3417721518987342,1.697056274847714,1975,0.0,0.9837974683544304,1,1943,largest_cluster_ratio>0.7; min_cluster_size<10,False,0.23547309209421183,0.8842752851236012,0.0011340005936008692,0.056303268758346896,0.28380117837525565,0.25699879192929653,False
RF,hierarchical,Agglomerative_single,{'k': 19},19,-0.1270868858251733,0.6509358944950802,6.8265851464719685,0.00017775033488057345,0.03369717884820653,0.23848101265822785,1.3356962025316457,1.6916773190826713,1975,0.0,0.9817721518987341,1,1939,largest_cluster_ratio>0.7; min_cluster_size<10,False,0.22786323032886036,0.8851386292645309,0.0013311623932701063,0.06339237734861923,0.28607122789429185,0.2567924947513635,False
RF,hierarchical,Agglomerative_complete,{'k': 3},3,0.12193597877491308,1.6350699416084116,175.62512697526176,0.06323792188362715,0.191364759047305,0.3387341772151899,0.9863291139240506,1.3425839435840206,1975,0.0,0.8146835443037974,40,1609,largest_cluster_ratio>0.7,False,0.4229315958433975,0.679771366275811,0.15554754757365027,0.3788524974009542,0.4333970814176664,0.39009278168931005,False
RF,hierarchical,Agglomerative_complete,{'k': 5},5,0.12282856678782954,1.9649425113900798,239.5775776846842,0.13011805967855503,0.23854418957832643,0.43088607594936706,1.2075949367088608,1.7971848590842066,1975,0.0,0.43240506329113926,40,854,,True,0.4236307914174147,0.6109341718002953,0.31910582592572545,0.47324875058453625,0.2415444924279585,0.3966204911791015,False
RF,hierarchical,Agglomerative_complete,{'k': 7},7,0.1494820876264242,1.8850090874041565,243.9599618492562,0.18917638131113118,0.29011918365364087,0.4911392405063291,1.0865822784810126,1.7228178272303736,1975,0.0,0.19848101265822785,40,392,,True,0.44450943143122223,0.6276145300842675,0.4635355135290281,0.5764396145665421,0.2729291797661698,0.462205193890918,False
RF,hierarchical,Agglomerative_complete,{'k': 9},9,0.14904395638245188,1.6243853639150376,193.6947177762049,0.18455820389015642,0.28830757637276616,0.4916455696202532,1.0860759493670886,1.7226708730076272,1975,0.0,0.19848101265822785,1,392,min_cluster_size<10,False,0.4441662278230724,0.6820010040812652,0.45224156030161206,0.5728149642129896,0.27299119800488325,0.466922581876286,False
RF,hierarchical,Agglomerative_complete,{'k': 11},11,0.14201831097224427,1.5871443609358509,231.0871930493485,0.19499187047584657,0.3114946358911661,0.5351898734177215,0.8663291139240507,1.4777677315310518,1975,0.0,0.1848101265822785,1,365,min_cluster_size<10,False,0.4386627927507356,0.6897723873346175,0.47775754456718983,0.6192074601852017,0.37634625106784714,0.5007213116710236,False
RF,hierarchical,Agglomerative_complete,{'k': 13},13,0.1583321068057313,1.5422887576939261,232.76509309852779,0.19938983224898219,0.3142905126578579,0.56,0.7073417721518988,1.251834097472559,1975,0.0,0.1848101265822785,1,365,min_cluster_size<10,False,0.4514419626220916,0.6991327712117147,0.4885129508744845,0.6248014295945017,0.4716957128837843,0.5279180010718334,False
RF,hierarchical,Agglomerative_complete,{'k': 15},15,0.16738161971221904,1.4934341731896306,227.93030309562198,0.21052297585630136,0.3491055233059852,0.5913924050632912,0.6759493670886076,1.2392321019613903,1975,0.0,0.1848101265822785,1,365,min_cluster_size<10,False,0.4585307642636845,0.7093276550626775,0.5157395365409636,0.6944590435745783,0.4770140599940057,0.5495383919955515,False
RF,hierarchical,Agglomerative_complete,{'k': 17},17,0.16625238475695556,1.4131183823370375,224.62911101933454,0.1981736858548085,0.34659892346996873,0.5954430379746836,0.6870886075949367,1.2558722824688098,1975,0.0,0.1848101265822785,1,365,min_cluster_size<10,False,0.45764619481919244,0.7260878049533885,0.4855388121090255,0.6894438572934517,0.46999150107968435,0.5421243012850174,False
RF,hierarchical,Agglomerative_complete,{'k': 19},19,0.16772183508833663,1.3689199828615362,213.75084549241552,0.20002274276359014,0.3497514465620106,0.6030379746835443,0.669367088607595,1.2382102232504888,1975,0.0,0.18430379746835443,1,364,min_cluster_size<10,False,0.45879726692981015,0.7353110447705559,0.4900607609946971,0.6957514020139801,0.4774453175424077,0.5473629375072887,False
RF,hierarchical,Agglomerative_average,{'k': 3},3,0.25352510020183244,1.0080059585562287,44.73571282364534,0.001147013326194219,0.0281246293867989,0.23848101265822785,1.3250632911392406,1.6789086268213615,1975,0.0,0.9807594936708861,1,1937,largest_cluster_ratio>0.7; min_cluster_size<10,False,0.5260099813461326,0.8106259122555641,0.003701537086811259,0.05224286189418419,0.2914599250676131,0.3201501807442208,False
RF,hierarchical,Agglomerative_average,{'k': 5},5,0.14319933830674553,1.0859184837488929,47.267683569060395,0.00024243677756884718,0.058758676342339985,0.2389873417721519,1.8820253164556962,2.369532347173973,1975,0.0,0.9544303797468354,1,1885,largest_cluster_ratio>0.7; min_cluster_size<10,False,0.4395879329869108,0.7943672713739784,0.001489355895072619,0.11353523486065352,0.0,0.24645469815569063,False
RF,hierarchical,Agglomerative_average,{'k': 7},7,0.10216989065669432,1.0251761071482115,38.912238304857546,-0.00036657139060059435,0.06328175680837558,0.2389873417721519,1.8820253164556962,2.369532347173973,1975,0.0,0.9544303797468354,1,1885,largest_cluster_ratio>0.7; min_cluster_size<10,False,0.40744812404240727,0.8070428775746807,0.0,0.12258498056627144,0.0,0.24130620973174466,False
RF,hierarchical,Agglomerative_average,{'k': 9},9,0.1829525914529515,1.0876480592102318,126.7314575544249,0.14277305789943867,0.22282603197371842,0.3959493670886076,0.9584810126582278,1.3923843496733184,1975,0.0,0.5468354430379747,1,1080,min_cluster_size<10,False,0.4707280539054031,0.7940063467827914,0.3500541730703283,0.44179997792823134,0.4123801047350343,0.4730425263975931,False
RF,hierarchical,Agglomerative_average,{'k': 11},11,0.165150279988435,0.9940189264394133,102.50819909743119,0.14268753556439356,0.22271754753271947,0.3964556962025316,0.9579746835443038,1.3922025169138526,1975,0.0,0.5468354430379747,1,1080,min_cluster_size<10,False,0.45678287740387663,0.8135447001093034,0.34984502448987054,0.44158292306674285,0.41245684256040427,0.4724174874619246,False
RF,hierarchical,Agglomerative_average,{'k': 13},13,0.20217808593666234,1.0020540171346581,121.43846861340045,0.12614214449455963,0.22069380662029237,0.3964556962025316,0.9579746835443038,1.3922025169138526,1975,0.0,0.5468354430379747,1,1080,min_cluster_size<10,False,0.4857880597051473,0.8118679523239902,0.3093825528612749,0.43753383732328877,0.41245684256040427,0.46869429010077823,False
RF,hierarchical,Agglomerative_average,{'k': 15},15,0.2087760162198234,0.9498465381481276,123.64704943293634,0.14334033096900015,0.2916397266147367,0.41873417721518985,0.8668354430379747,1.2544603963760472,1975,0.0,0.5468354430379747,1,1080,min_cluster_size<10,False,0.4909564504799544,0.8227625119609155,0.3514414639712153,0.5794819055971161,0.47058735118253114,0.5150536114830033,False
RF,hierarchical,Agglomerative_average,{'k': 17},17,0.23997368252945311,0.9741848543731758,163.26821803382066,0.20846532067866014,0.3262535341717904,0.4982278481012658,0.8430379746835444,1.3149577651204745,1975,0.0,0.3286075949367089,1,649,min_cluster_size<10,False,0.5153946794139141,0.8176836373873215,0.5107074515394469,0.6487369539312632,0.44505599736219636,0.5654998209085672,False
RF,hierarchical,Agglomerative_average,{'k': 19},19,0.2342588085356652,0.9525082279351067,150.26081146960553,0.21332747711092928,0.3356635175818736,0.5048101265822785,0.8136708860759494,1.2695060337076989,1975,0.0,0.3286075949367089,1,649,min_cluster_size<10,False,0.5109180176789365,0.822207075485488,0.5225980660232095,0.6675643786465206,0.46423772808091124,0.57469228466152,True
RF,hierarchical,Agglomerative_ward,{'k': 3},3,0.24289944141637787,1.522204261701802,570.3853734625636,0.22031629423372986,0.2622363569525731,0.46987341772151897,0.8941772151898734,1.3951089971482695,1975,0.0,0.4136708860759494,571,817,,True,0.51768652922007,0.7033239664889324,0.5396895214838389,0.5206518625923566,0.4112302375563057,0.5301864345494317,False
RF,hierarchical,Agglomerative_ward,{'k': 5},5,0.259774403828204,1.427351685599391,469.736375037113,0.29147637645170105,0.39515573231009843,0.5574683544303798,0.7159493670886076,1.2254681358153439,1975,0.0,0.2972151898734177,196,587,,True,0.5309052806029221,0.7231176256949309,0.7137145895937638,0.7865959587382939,0.4828227868351742,0.6341765625811899,False
RF,hierarchical,Agglomerative_ward,{'k': 7},7,0.25794907225888253,1.3136719877116962,411.9644969080971,0.22752989027365586,0.37264343001541433,0.5574683544303798,0.7159493670886076,1.2254681358153439,1975,0.0,0.2891139240506329,106,571,,True,0.5294754342057992,0.746840093666707,0.5573306835375917,0.7415535119932648,0.4828227868351742,0.5915251276518784,False
RF,hierarchical,Agglomerative_ward,{'k': 9},9,0.23987535616500102,1.4922944333746815,378.1230883909993,0.20233690590024522,0.35212886943109123,0.5726582278481013,0.649113924050633,1.1402864396970447,1975,0.0,0.19240506329113924,106,380,,True,0.5153176569154724,0.7095654938479546,0.4957201473377355,0.7005081319818548,0.5187715242389456,0.5680247997855625,False
RF,hierarchical,Agglomerative_ward,{'k': 11},11,0.2668463192966898,1.4352277508588844,356.7388624901207,0.19892234047757218,0.36812618475125264,0.5939240506329114,0.5367088607594936,0.9222976262532638,1975,0.0,0.19240506329113924,70,380,,True,0.5364449606387689,0.7214740630418481,0.48736967946690996,0.7325154413160918,0.6107680794679828,0.5962057015737072,False
RF,hierarchical,Agglomerative_ward,{'k': 13},13,0.2643395310152483,1.3612076753800972,341.7599648984246,0.1870575781975367,0.36665669275788976,0.6162025316455696,0.5043037974683544,0.8915922323914445,1975,0.0,0.19240506329113924,31,380,,True,0.5344813052389441,0.7369204347550162,0.4583538885974358,0.7295752926814972,0.6237264988364462,0.5929284573418613,False
RF,hierarchical,Agglomerative_ward,{'k': 15},15,0.2719236182052611,1.3459653051765206,325.93448030432455,0.1887996435911622,0.37553788595596854,0.6268354430379747,0.4830379746835443,0.8674128563095772,1975,0.0,0.18177215189873416,21,359,,True,0.5404221873922812,0.7401011842264436,0.46261418509131835,0.7473447178793473,0.6339307807533843,0.6006621345874453,False
RF,hierarchical,Agglomerative_ward,{'k': 17},17,0.25540250005636983,1.3076331483576777,315.211895746741,0.17802638435057572,0.3684775289343937,0.6288607594936709,0.45518987341772155,0.8084991565091143,1975,0.0,0.18177215189873416,21,359,,True,0.5274806146617921,0.7481002674340927,0.43626771225608235,0.733218408140682,0.6587937879500264,0.5948936406556901,False
RF,hierarchical,Agglomerative_ward,{'k': 19},19,0.2540478065358752,1.3215956010988106,307.3447157034713,0.16687473765725833,0.36401813353171447,0.6379746835443038,0.4506329113924051,0.8113124232385855,1975,0.0,0.12658227848101267,21,250,,True,0.5264194355960047,0.7451866087587664,0.4089958764900991,0.7242960830354599,0.6576065213010497,0.5857975360508698,False
RF,density,DBSCAN,"{'eps': 0.2, 'min_samples': 5}",13,-0.3960584433806608,1.0330197815864788,8.784261683696114,0.00375553911460464,0.0919762563386267,1.0,0.0,0.0,1975,0.9463291139240506,0.013164556962025316,5,26,min_cluster_size<10; noise_ratio>0.5,False,0.017168352223960452,0.8054060741779419,0.010080800064671843,0.17999672149122314,1.0,0.3546227074225328,True
RF,density,DBSCAN,"{'eps': 0.2, 'min_samples': 10}",1,,,,,,,,,1975,0.9949367088607595,0.005063291139240506,10,10,n_clusters<=1; noise_ratio>0.5,False,,,,,,0.0,False
RF,density,DBSCAN,"{'eps': 0.2, 'min_samples': 20}",0,,,,,,,,,1975,1.0,1.0,0,0,n_clusters<=1; largest_cluster_ratio>0.7; min_cluster_size<10; noise_ratio>0.5,False,,,,,,0.0,False
RF,density,DBSCAN,"{'eps': 0.4, 'min_samples': 5}",33,-0.3214811879335942,1.179108423850766,15.927967709998335,0.024464023421935533,0.2186948024467252,0.8150406504065041,0.18495934959349594,0.43006900561827976,1975,0.7508860759493671,0.021265822784810127,3,42,min_cluster_size<10; noise_ratio>0.5,False,0.075587338560745,0.7749205679569585,0.06072429680765965,0.4335342446626904,0.8185004707231778,0.3790462248796841,True
RF,density,DBSCAN,"{'eps': 0.4, 'min_samples': 10}",12,-0.310958404771793,1.2172796866636342,15.599691369897178,0.009488430233485477,0.14736141031837016,0.9747474747474747,0.025252525252525252,0.15891043154093204,1975,0.899746835443038,0.013164556962025316,10,26,noise_ratio>0.5,False,0.08383020459368093,0.7669550598112993,0.02410083399850089,0.2908109250294775,0.9329359518005919,0.3722348477342804,True
RF,density,DBSCAN,"{'eps': 0.4, 'min_samples': 20}",2,0.01785832508668732,0.9824612907713762,26.701353373799954,0.0016458271312237635,0.04527702712151571,1.0,0.0,0.0,1975,0.9762025316455696,0.013164556962025316,21,26,noise_ratio>0.5,False,0.3414039103268315,0.8159565260294894,0.004921407886405623,0.08656125151966347,1.0,0.4219589961856822,False
RF,density,DBSCAN,"{'eps': 0.6, 'min_samples': 5}",64,-0.11875376095898714,1.3228604187117643,24.279257051304924,0.055475944037385115,0.2929568684519219,0.7411545623836127,0.27281191806331473,0.5484021142894778,1975,0.4562025316455696,0.10632911392405063,4,210,min_cluster_size<10,False,0.2343908600301971,0.7449226689711794,0.13656529402281245,0.5821172331740327,0.7685610348626257,0.4455072308075594,True
RF,density,DBSCAN,"{'eps': 0.6, 'min_samples': 10}",17,-0.2116058117752501,1.242115090857838,38.73457834744979,0.04219479875227698,0.23110083288964398,0.7310789049919485,0.27697262479871176,0.5413646501019735,1975,0.6855696202531646,0.09265822784810127,10,183,noise_ratio>0.5,False,0.16165658393676052,0.7617724538446196,0.10408567706931976,0.4583561379647509,0.7715310150766108,0.4037610570382478,True
RF,density,DBSCAN,"{'eps': 0.6, 'min_samples': 20}",9,-0.2032635297474249,1.2477282884970164,36.30894551080498,0.019533323002117485,0.17076256334330914,0.7714285714285715,0.22857142857142856,0.47809144373375745,1975,0.8227848101265823,0.05012658227848101,22,99,noise_ratio>0.5,False,0.168191386764776,0.7606011021988208,0.04866605502879096,0.33763177769486596,0.7982338395574324,0.37859606034393123,False
RF,density,DBSCAN,"{'eps': 0.8, 'min_samples': 5}",39,0.07678508644054684,1.5230950666917422,70.71345564060708,0.11411232990594666,0.3381656267349411,0.6846254927726675,0.34231274638633374,0.6325594091029538,1975,0.22936708860759494,0.11240506329113924,4,222,min_cluster_size<10,False,0.38756331436718877,0.7031380749600524,0.2799631194109235,0.6725705800026522,0.7330446196029453,0.5198468306095229,True
RF,density,DBSCAN,"{'eps': 0.8, 'min_samples': 10}",19,-0.04069753742623622,1.5849176337648974,73.10734735594713,0.09800322111158484,0.3220346971356059,0.7121771217712177,0.3081180811808118,0.5905154418682638,1975,0.4511392405063291,0.10987341772151898,12,217,,True,0.29553504438942635,0.6902370566201307,0.24056759501366498,0.6402959362138896,0.7507881913608214,0.4837632470480402,True
RF,density,DBSCAN,"{'eps': 0.8, 'min_samples': 20}",11,-0.12893545103827944,1.3314299531523701,76.72083301160272,0.07310838698682197,0.2658446676548742,0.6967654986522911,0.316711590296496,0.5862301324514717,1975,0.6243037974683544,0.10835443037974683,20,214,noise_ratio>0.5,False,0.22641518420166343,0.7431343944588638,0.17968619818114376,0.5278713437684908,0.7525966956515111,0.4426955454601072,True
RF,density,DBSCAN,"{'eps': 1.0, 'min_samples': 5}",19,0.18545864041330137,1.575244366974523,130.276986792943,0.16877146250041844,0.3339490256718729,0.5580985915492958,0.5933098591549296,0.9873020096282406,1975,0.13721518987341771,0.2020253164556962,4,399,min_cluster_size<10,False,0.4726911301690222,0.6922556559468442,0.4136343993772096,0.6641340360036347,0.5833346563908495,0.5417067674572997,False
RF,density,DBSCAN,"{'eps': 1.0, 'min_samples': 10}",14,0.1858889240165342,2.009741629743432,152.0306443376561,0.15987736613904158,0.34628657143875713,0.6131339401820546,0.43953185955786733,0.7407864937948158,1975,0.22126582278481013,0.1827848101265823,21,361,,True,0.4730281864442567,0.6015855750847138,0.3918835008843752,0.6888189056760033,0.687370170456497,0.547262628037565,False
RF,density,DBSCAN,"{'eps': 1.0, 'min_samples': 20}",10,0.0613725670753607,1.645720478738839,132.96494350393883,0.1251606968617639,0.3267759308235039,0.6492335437330928,0.39675383228133454,0.7029501147601431,1975,0.43848101265822786,0.17670886075949366,24,349,,True,0.3754901460424398,0.6775488319917353,0.3069823800983988,0.6497821612608636,0.7033380381582393,0.5103853881547473,False
RF,density,DBSCAN,"{'eps': 1.2, 'min_samples': 5}",13,0.20833270670479287,1.561908213835867,150.23034063397745,0.13814752119385898,0.3242006262554746,0.4740947075208914,0.7192200557103064,1.073094605999948,1975,0.09113924050632911,0.4339240506329114,5,857,min_cluster_size<10,False,0.4906091905500161,0.6950386195857079,0.33874222239315255,0.6446295110636832,0.5471281042945979,0.5177136936921204,False
RF,density,DBSCAN,"{'eps': 1.2, 'min_samples': 10}",7,0.22279470801743587,2.433011019257612,210.50473558506707,0.13538896711493045,0.31035195023507944,0.47153024911032027,0.7176749703440095,1.0660288721917348,1975,0.14632911392405062,0.4111392405063291,91,812,,True,0.5019377846638812,0.5132585059355419,0.3319960587223465,0.6169211832359646,0.5501100149727283,0.48803241721682855,False
RF,density,DBSCAN,"{'eps': 1.2, 'min_samples': 20}",11,0.20959149270307273,1.888327774366765,167.39959196994923,0.1678759371585594,0.3522439905235771,0.5825242718446602,0.47119741100323626,0.7640803427824441,1975,0.21772151898734177,0.27544303797468356,21,544,,True,0.4915952418815329,0.6269219926598929,0.4114443533042748,0.7007384654062041,0.6775396024056284,0.5604168879874921,False
RF,density,DBSCAN,"{'eps': 1.4, 'min_samples': 5}",12,0.13709955418851566,1.5489899481251248,142.11013878975692,0.12858371120871415,0.3181558190210592,0.4367631296891747,0.8660235798499464,1.2611772516270012,1975,0.05518987341772152,0.45164556962025315,5,892,min_cluster_size<10,False,0.43480975761797236,0.6977343792531617,0.31535351018007296,0.6325351057746953,0.467752675699428,0.48063177484357544,False
RF,density,DBSCAN,"{'eps': 1.4, 'min_samples': 10}",8,0.21665839144890667,2.321703086213801,208.48558461149335,0.13814397547045276,0.3207192127679127,0.46782316731952994,0.7330721880246223,1.0881670104544148,1975,0.09518987341772152,0.4339240506329114,9,857,min_cluster_size<10,False,0.49713099214213796,0.5364860384299104,0.33873355117274306,0.6376639248895868,0.5407671848193087,0.4932420672905065,False
RF,density,DBSCAN,"{'eps': 1.4, 'min_samples': 20}",7,0.22891656641861147,2.4484992700835657,216.93607497190192,0.13693721582351545,0.3144444302920762,0.47007553747821035,0.7239976757699013,1.0753159880439518,1975,0.12860759493670887,0.42025316455696204,90,830,,True,0.5067332515947854,0.5100264465530435,0.3357823681048638,0.6251093868505676,0.5461906273081989,0.4901374053970938,False
RF,density,OPTICS,"{'min_samples': 5, 'xi': 0.03}",108,-0.16377810657392836,1.2367924291295935,14.243271347408424,0.01962324554328815,0.2968645457499848,0.8943436499466382,0.10672358591248667,0.32993644483557194,1975,0.5255696202531646,0.012658227848101266,5,25,min_cluster_size<10; noise_ratio>0.5,False,0.1991217070487116,0.762883176996766,0.048885964504217214,0.5899356848050913,0.8607588348692217,0.43707651413235515,True
RF,density,OPTICS,"{'min_samples': 5, 'xi': 0.05}",94,-0.22891118805067462,1.1839908023090653,12.884803123307677,0.016196143841297892,0.28130406193766033,0.9065300896286812,0.09475032010243278,0.3119473346009879,1975,0.6045569620253165,0.012151898734177215,5,24,min_cluster_size<10; noise_ratio>0.5,False,0.14810067424114964,0.7739017222988929,0.040504838618476244,0.5588023846979311,0.8683506747763826,0.42072712921970656,True
RF,density,OPTICS,"{'min_samples': 10, 'xi': 0.03}",34,-0.26380316879236004,1.3751414656869054,20.84823174329355,0.015672429035922184,0.2351606907598477,0.7996894409937888,0.20496894409937888,0.4629100498862757,1975,0.6739240506329114,0.019240506329113925,10,38,noise_ratio>0.5,False,0.12076855892002936,0.7340127573031878,0.03922407134228741,0.4664790713510096,0.8046407551944306,0.3810000829025949,False
RF,density,OPTICS,"{'min_samples': 10, 'xi': 0.05}",30,-0.2757438962189715,1.3525516984816206,21.730407540428477,0.015618109223903795,0.23856958891604435,0.8213689482470785,0.18864774624373956,0.4568163035897204,1975,0.6967088607594937,0.03139240506329114,10,62,noise_ratio>0.5,False,0.11141496728937997,0.7387267479187035,0.039091229885510254,0.4732995693902516,0.80721246361775,0.3808729896136158,False
RF,density,OPTICS,"{'min_samples': 20, 'xi': 0.03}",15,-0.13720365140136126,1.3857202179929118,57.412152586036015,0.033327101477477764,0.24030540786822296,0.6762028608582574,0.3381014304291287,0.6055658618217354,1975,0.610632911392405,0.07949367088607595,21,157,noise_ratio>0.5,False,0.2199384121463615,0.7318052029427908,0.08239933868794842,0.4767725830202693,0.7444365498770402,0.40575841557844455,False
RF,density,OPTICS,"{'min_samples': 20, 'xi': 0.05}",10,-0.1528154070636072,1.2173688574162946,60.75080135901169,0.06593560832881963,0.264028209768167,0.7959183673469388,0.3795918367346939,0.9280218153663837,1975,0.7518987341772152,0.062278481012658225,23,123,noise_ratio>0.5,False,0.2077091750249539,0.766936451824444,0.16214485680561294,0.5242369883589193,0.608352333120419,0.40780999060923,False
RF,model,GMM,"{'n_components': 3, 'covariance_type': 'full'}",3,0.21546849966462306,1.8933087478773256,450.9945596654977,0.21596138626763672,0.34128054552804243,0.4172151898734177,1.2582278481012659,1.8298509311907751,1975,0.0,0.49670886075949366,454,981,,True,0.4961989080707732,0.6258825723696554,0.5290394051294143,0.6788028863219613,0.22775861938616282,0.49756412098102193,False
RF,model,GMM,"{'n_components': 3, 'covariance_type': 'tied'}",3,0.24231508834069984,1.715787485292524,489.7386481329552,0.21411265521708567,0.354195358641844,0.4172151898734177,1.1792405063291138,1.677098156891272,1975,0.0,0.49670886075949366,384,981,,True,0.5172287849099683,0.6629273793512639,0.5245182531441819,0.7046427482021818,0.2922239871966863,0.5240170760858917,False
RF,model,GMM,"{'n_components': 3, 'covariance_type': 'diag'}",3,0.21372202890426584,1.6919295687114477,462.1851750784928,0.17961824293718456,0.2658769120515483,0.4136708860759494,1.329620253164557,1.9103979305800551,1975,0.0,0.49670886075949366,313,981,,True,0.49483083611806744,0.6679060050204402,0.44016067148717797,0.5279358581171794,0.19376583617501797,0.45187732360695787,False
RF,model,GMM,"{'n_components': 3, 'covariance_type': 'spherical'}",3,0.1682190608338561,1.412187801941495,329.7433517765663,0.20513634117861598,0.3970963476706912,0.44151898734177214,1.0855696202531646,1.5961980144286056,1975,0.0,0.6926582278481013,227,1368,,True,0.45918676133879144,0.7262819967399485,0.5025662877552738,0.7904787274968106,0.3263658053318774,0.5332255319754057,False
RF,model,GMM,"{'n_components': 5, 'covariance_type': 'full'}",5,0.24764270629839522,1.702268447278223,461.2736870377575,0.37159120609793816,0.4560692355845803,0.5918987341772152,0.5675949367088607,0.9810869714605429,1975,0.0,0.2789873417721519,293,551,,True,0.5214020953759069,0.6657485070659092,0.9096388810117471,0.9084712423667428,0.5859575529194028,0.7110847170956918,False
RF,model,GMM,"{'n_components': 5, 'covariance_type': 'tied'}",5,0.2459262097950185,1.6443999080643845,467.6525839396232,0.333195060861354,0.4043728757652989,0.5640506329113925,0.6577215189873418,1.1062537992497157,1975,0.0,0.2769620253164557,259,547,,True,0.5200575033125923,0.6778244062245253,0.8157394421453366,0.8050375507082186,0.5331341221954233,0.6630053543434784,False
RF,model,GMM,"{'n_components': 5, 'covariance_type': 'diag'}",5,0.245923965247318,1.6817572147805044,461.2037856781437,0.4028761208742452,0.495739053343442,0.6075949367088608,0.5083544303797468,0.8858950990846932,1975,0.0,0.25924050632911394,287,512,,True,0.52005574507946,0.6700287529236126,0.9861474972902295,0.9878423182522362,0.6261308269788941,0.7504576366645784,True
RF,model,GMM,"{'n_components': 5, 'covariance_type': 'spherical'}",5,0.19094806772925588,2.178026325766745,309.7602118245391,0.2969300913440614,0.3933894286298976,0.5230379746835443,0.710379746835443,1.1533111385391546,1975,0.0,0.25518987341772154,224,504,,True,0.4769911915945212,0.5664682376380836,0.7270518859544955,0.7830619514915192,0.5132747860924316,0.606095254975181,False
RF,model,GMM,"{'n_components': 7, 'covariance_type': 'full'}",7,0.24480710401542552,1.6844206132109645,332.24825352185997,0.18323862810162722,0.3428274839136213,0.5068354430379747,0.8643037974683544,1.3956532883441441,1975,0.0,0.3660759493670886,60,723,,True,0.519180868407546,0.6694729598916406,0.44901448046531295,0.6818979891212308,0.4110005334982354,0.5269545862697925,False
RF,model,GMM,"{'n_components': 7, 'covariance_type': 'tied'}",7,0.2534325815954461,1.5536810320382413,373.4457036538921,0.16442883080994786,0.2815193393951351,0.48860759493670886,0.9134177215189874,1.4443254305616475,1975,0.0,0.22835443037974684,123,451,,True,0.525937508268785,0.6967554525850793,0.4030143051873858,0.5592331102313209,0.39045971147672887,0.4987281800818485,False
RF,model,GMM,"{'n_components': 7, 'covariance_type': 'diag'}",7,0.2693948788919306,1.3154882852277956,382.8198923144601,0.18348802437600362,0.3290590321441575,0.5215189873417722,0.8379746835443038,1.361123884092885,1975,0.0,0.3610126582278481,77,713,,True,0.538441336977377,0.7464610720783892,0.44962438987353665,0.6543501733772134,0.42557277780308345,0.5422526740916855,False
RF,model,GMM,"{'n_components': 7, 'covariance_type': 'spherical'}",7,0.22010751585426494,2.1261133155159166,280.9306450620665,0.2128552347475868,0.33407641489685425,0.5184810126582279,0.7650632911392405,1.267909672141064,1975,0.0,0.27189873417721516,105,537,,True,0.49983281256047596,0.577301348086797,0.5214431768369754,0.6643889154161002,0.4649114312985688,0.5345548231345112,False
RF,model,GMM,"{'n_components': 9, 'covariance_type': 'full'}",9,0.264035765222321,1.4315732778197825,371.3820565145369,0.23779171132052576,0.4028706657955955,0.5853164556962025,0.6121518987341772,1.0474804007108762,1975,0.0,0.26177215189873415,63,517,,True,0.5342433548129031,0.7222366716802828,0.5824264120830317,0.8020319401902666,0.5579379188639668,0.6193953172773594,False
RF,model,GMM,"{'n_components': 9, 'covariance_type': 'tied'}",9,0.2689215567051371,1.3563507903761487,358.81698218688325,0.2082751400040054,0.34209277108947894,0.5270886075949367,0.7812658227848102,1.2627075590756696,1975,0.0,0.26734177215189875,20,528,,True,0.5380705670663978,0.7379339604864321,0.5102423564492163,0.6804279811753026,0.4671068489182517,0.5682538919118141,False
RF,model,GMM,"{'n_components': 9, 'covariance_type': 'diag'}",9,0.24788949559199067,1.5982334054068168,344.8986909576662,0.2773149442618975,0.4083249515007375,0.5959493670886076,0.570632911392405,0.9984798572412243,1975,0.0,0.2359493670886076,44,466,,True,0.5215954141067208,0.6874583461541073,0.6790821928264894,0.8129448344020701,0.5786173341621341,0.6409533456491561,False
RF,model,GMM,"{'n_components': 9, 'covariance_type': 'spherical'}",9,0.22661898461749302,1.4615699032107965,346.0044720666393,0.2884814899759051,0.4193394158509604,0.6410126582278481,0.4460759493670886,0.8159796473014058,1975,0.0,0.16658227848101265,113,329,,True,0.5049334749867223,0.7159770316713634,0.7063904647939155,0.8349824926311481,0.6556368397863042,0.666602281547797,False
RF,model,GMM,"{'n_components': 11, 'covariance_type': 'full'}",11,0.24225040262636377,1.3797520118216158,340.1283951796864,0.24212886263607858,0.3961204681159923,0.6207594936708861,0.5422784810126582,0.9675755947963806,1975,0.0,0.22329113924050634,34,441,,True,0.5171781143155715,0.733050637108946,0.5930331037782461,0.7885261949527506,0.5916596808858249,0.6241212655098739,False
RF,model,GMM,"{'n_components': 11, 'covariance_type': 'tied'}",11,0.2578472285071877,1.4514547554355457,328.43507237010715,0.2050811911274259,0.33451720162839893,0.5488607594936709,0.6830379746835443,1.1338296257609273,1975,0.0,0.21113924050632912,13,417,,True,0.5293956564142583,0.7180878419003387,0.502431415912585,0.6652708382253104,0.5214964559934405,0.5697598612992463,False
RF,model,GMM,"{'n_components': 11, 'covariance_type': 'diag'}",11,0.24747250388418274,1.550819518808138,295.44123118992354,0.20956058536025324,0.3377235801270743,0.5605063291139241,0.7073417721518988,1.181931480804389,1975,0.0,0.21012658227848102,20,415,,True,0.5212687698405172,0.6973525878450533,0.5133859688327349,0.671686136442281,0.5011963089619681,0.5642587551038067,False
RF,model,GMM,"{'n_components': 11, 'covariance_type': 'spherical'}",11,0.2181931789597962,1.5230399976687172,316.1107704297482,0.26923486659207885,0.4160067767680433,0.6531645569620254,0.42075949367088605,0.7946020419450802,1975,0.0,0.1488607594936709,89,294,,True,0.49833324516272764,0.7031495666613783,0.6593220123573813,0.8283145731776972,0.66465870664616,0.6520651766851205,False
RF,model,GMM,"{'n_components': 13, 'covariance_type': 'full'}",13,0.2240762991157885,1.6192026800795214,312.5480104581694,0.2471479556303777,0.40416670803474075,0.6313924050632911,0.5022784810126583,0.9140257315714276,1975,0.0,0.16050632911392404,31,317,,True,0.502941700032115,0.6830825169070411,0.605307513432629,0.8046250518485882,0.6142590192273416,0.6230702425249988,False
RF,model,GMM,"{'n_components': 13, 'covariance_type': 'tied'}",13,0.2731947562446352,1.2731020156735338,317.62713059318844,0.2178097317202003,0.3486249323176745,0.5741772151898734,0.6288607594936709,1.0767978783811174,1975,0.0,0.1979746835443038,16,391,,True,0.5414179145118864,0.7553061599931846,0.5335596141180404,0.6934974807049183,0.5455652337199101,0.5951779750061791,False
RF,model,GMM,"{'n_components': 13, 'covariance_type': 'diag'}",13,0.2557933589722753,1.523299174607232,288.3808733393743,0.2137017690912603,0.3495587526265,0.5670886075949367,0.6820253164556962,1.1471483631547437,1975,0.0,0.1959493670886076,13,387,,True,0.5277867881932664,0.7030954820997795,0.5235134132985342,0.6953658614231193,0.5158756264615285,0.5757693771936907,False
RF,model,GMM,"{'n_components': 13, 'covariance_type': 'spherical'}",13,0.21758672798344533,1.4478272683918916,319.54841210480146,0.2606837183507269,0.41956616782227024,0.6592405063291139,0.38329113924050634,0.6917232196899479,1975,0.0,0.12759493670886077,48,252,,True,0.49785819079006416,0.718844819151423,0.6384098083697429,0.8354361762863496,0.7080760596009872,0.6588243610258151,True
RF,model,GMM,"{'n_components': 15, 'covariance_type': 'full'}",15,0.22148494632589172,1.4575296959713362,290.66132662904124,0.18944918660405885,0.39031568424663443,0.629873417721519,0.5073417721518987,0.9167913225559697,1975,0.0,0.16455696202531644,34,325,,True,0.5009118022795191,0.7168201346054697,0.46420267070764215,0.7769120266247208,0.613091872896615,0.5879568170106418,False
RF,model,GMM,"{'n_components': 15, 'covariance_type': 'tied'}",15,0.2719790642272745,1.2747039399643547,292.80911652308475,0.16803112675743595,0.325047070170804,0.5549367088607595,0.6663291139240506,1.1192221530366977,1975,0.0,0.2020253164556962,11,399,,True,0.540465620210813,0.7549718734108984,0.41182387620071725,0.646323069744613,0.5276611630258856,0.5537988481813865,False
RF,model,GMM,"{'n_components': 15, 'covariance_type': 'diag'}",15,0.22465924178150545,1.6846430143037476,261.8874047438318,0.18135397978823975,0.3497057940141415,0.6060759493670886,0.5372151898734178,0.9415849820812844,1975,0.0,0.13164556962025317,26,260,,True,0.5033983395185039,0.6694265496451457,0.44440549125566187,0.6956600607362532,0.6026283484991174,0.5622396189505747,False
RF,model,GMM,"{'n_components': 15, 'covariance_type': 'spherical'}",15,0.24468167939435026,1.4939278289128954,303.9767176352988,0.19158299769611448,0.3800312096777727,0.6374683544303797,0.450126582278481,0.8097507039401977,1975,0.0,0.12151898734177215,48,240,,True,0.5190826188919132,0.7092246399042821,0.469420998301633,0.7563349265127546,0.6582656046430646,0.598612960189555,False
RF,model,GMM,"{'n_components': 17, 'covariance_type': 'full'}",17,0.2596589172657282,1.6202030879200477,276.2527662045954,0.20271837810385018,0.40450410041859974,0.6293670886075949,0.4668354430379747,0.8383226169718805,1975,0.0,0.17215189873417722,5,340,min_cluster_size<10,False,0.5308148159180136,0.6828737536591036,0.496653054160567,0.8053001040170968,0.6462075658212865,0.6093345593353325,False
RF,model,GMM,"{'n_components': 17, 'covariance_type': 'tied'}",17,0.2343531671466812,1.408412825496387,267.01309017941406,0.1539491351393226,0.32003972415066784,0.5675949367088607,0.6167088607594937,1.048205217128397,1975,0.0,0.19240506329113924,13,380,,True,0.5109919320966052,0.7270697518050768,0.37738575479777886,0.6363044091254736,0.5576320287931326,0.5381269516218051,False
RF,model,GMM,"{'n_components': 17, 'covariance_type': 'diag'}",17,0.20536451441360215,1.7352777289690997,259.09517748986303,0.18198299736060042,0.3670347361103472,0.6222784810126583,0.509873417721519,0.9170674229454714,1975,0.0,0.13721518987341771,22,271,,True,0.48828410116633536,0.6588601915422635,0.44594378101672627,0.730331679005183,0.6129753518498224,0.5645308214978468,False
RF,model,GMM,"{'n_components': 17, 'covariance_type': 'spherical'}",17,0.217670779570177,1.550712584257934,246.4542738876287,0.18552923704336932,0.37896639626908785,0.6577215189873418,0.41063291139240504,0.753388967737689,1975,0.0,0.12556962025316457,38,248,,True,0.4979240313532148,0.6973749027481488,0.4546162640028705,0.7542044557760762,0.6820516214365169,0.5922823019049585,False
RF,model,GMM,"{'n_components': 19, 'covariance_type': 'full'}",19,0.25946331898549313,1.442222518091827,282.0714211976892,0.1992919813415485,0.398662339514471,0.6278481012658228,0.47139240506329116,0.8470350373097796,1975,0.0,0.17772151898734176,6,351,min_cluster_size<10,False,0.5306615969078469,0.720014408022203,0.4882736522354159,0.793611952313326,0.6425307135730822,0.6102839090507615,False
RF,model,GMM,"{'n_components': 19, 'covariance_type': 'tied'}",18,0.22972475656998378,1.4970685492144256,281.6675976127515,0.1488497236489285,0.32102542234073134,0.5969620253164557,0.5605063291139241,0.9785031192747317,1975,0.0,0.13164556962025317,15,260,,True,0.5073663353564164,0.7085692402318184,0.3649149227768422,0.6382765867220355,0.5870480010784638,0.5375067887920856,False
RF,model,GMM,"{'n_components': 19, 'covariance_type': 'diag'}",19,0.22900977173822687,1.5394228853041274,252.07166909077478,0.16470233003922982,0.33084144043241,0.5863291139240506,0.6288607594936709,1.085695250618326,1975,0.0,0.12962025316455697,4,256,min_cluster_size<10,False,0.5068062625987503,0.6997308161330282,0.4036831594174584,0.6579164026038202,0.5418103272938298,0.5396315037733455,False
RF,model,GMM,"{'n_components': 19, 'covariance_type': 'spherical'}",19,0.21979055234556133,1.6495558681331965,231.3466637127615,0.16519388278361274,0.3688738229104999,0.6562025316455696,0.42025316455696204,0.7820777260734723,1975,0.0,0.12658227848101267,38,250,,True,0.4995845238996341,0.6767484700646933,0.4048852729782442,0.7340113101762216,0.6699442710684163,0.57172027046929,False
DT,partition,KMeans,"{'k': 3, 'n_init': 10}",3,0.3252862606530015,1.096551221906375,502.2228727021646,0.10031412419334587,0.13099656105924182,0.3448101265822785,1.3534177215189873,1.8545871968947905,1975,0.0,0.5751898734177215,24,1136,,True,0.5822230214583984,0.7921484513464803,0.24621900875103325,0.25806825652778564,0.21731931657034897,0.4081068770475676,False
DT,partition,KMeans,"{'k': 3, 'n_init': 20}",3,0.3252862606530015,1.096551221906375,502.2228727021646,0.10031412419334587,0.13099656105924182,0.3448101265822785,1.3534177215189873,1.8545871968947905,1975,0.0,0.5751898734177215,24,1136,,True,0.5822230214583984,0.7921484513464803,0.24621900875103325,0.25806825652778564,0.21731931657034897,0.4081068770475676,False
DT,partition,KMeans,"{'k': 5, 'n_init': 10}",5,0.3224992348625305,0.8840259821570531,581.2475593270914,0.19203460929169722,0.2265186857132152,0.4511392405063291,0.9681012658227848,1.4875006648227425,1975,0.0,0.3858227848101266,5,762,min_cluster_size<10,False,0.5800398461645669,0.8364978231941078,0.4705254340503127,0.4491882120249453,0.3722387176537967,0.5299419688673372,False
DT,partition,KMeans,"{'k': 5, 'n_init': 20}",5,0.32263209731110887,0.8839268353309464,581.2499598186859,0.1932081469831545,0.22863285470130615,0.45164556962025315,0.9660759493670886,1.4854569258248496,1975,0.0,0.3863291139240506,5,763,min_cluster_size<10,False,0.5801439219919977,0.8365185129694197,0.47339537138484045,0.4534182255886209,0.37310122497526466,0.5314955791229685,True
DT,partition,KMeans,"{'k': 7, 'n_init': 10}",7,0.33643490371797463,0.862389573973643,663.2847387851447,0.17679424604862673,0.2106248133354782,0.4465822784810127,0.9898734177215189,1.5176597574029913,1975,0.0,0.2977215189873418,2,588,min_cluster_size<10,False,0.5909561455587969,0.8410128686216765,0.43325446458640265,0.4173878705594011,0.3595108506482172,0.5167149335431049,True
DT,partition,KMeans,"{'k': 7, 'n_init': 20}",7,0.33643490371797463,0.862389573973643,663.2847387851447,0.17679424604862673,0.2106248133354782,0.4465822784810127,0.9898734177215189,1.5176597574029913,1975,0.0,0.2977215189873418,2,588,min_cluster_size<10,False,0.5909561455587969,0.8410128686216765,0.43325446458640265,0.4173878705594011,0.3595108506482172,0.5167149335431049,True
DT,partition,KMeans,"{'k': 9, 'n_init': 10}",9,0.3321027644527281,0.91314842727719,688.0865896283539,0.195052435114962,0.2739887946794111,0.5103797468354431,0.8718987341772152,1.428462925355056,1975,0.0,0.22025316455696203,2,435,min_cluster_size<10,False,0.5875626285538018,0.8304206054986073,0.4779056580195441,0.5441660524564635,0.39715407259212354,0.5519858848550218,True
DT,partition,KMeans,"{'k': 9, 'n_init': 20}",9,0.35517048276048946,0.8761507975756219,688.217581059147,0.1662383040051158,0.2445527504925537,0.4708860759493671,0.9103797468354431,1.4422205101855958,1975,0.0,0.25063291139240507,2,495,min_cluster_size<10,False,0.6056323833679677,0.8381412020689303,0.407439450384206,0.48527063450607777,0.39134803882054503,0.5300493416884036,True
DT,partition,KMeans,"{'k': 11, 'n_init': 10}",11,0.36955207981486604,0.877134140406105,681.3281118855735,0.1592921297682178,0.2878211276656113,0.4891139240506329,0.8035443037974683,1.274680401740875,1975,0.0,0.2420253164556962,2,478,min_cluster_size<10,False,0.6168979939993094,0.8379359999155567,0.39045227995097254,0.5718416812630985,0.46205401953633385,0.5557150245716356,False
DT,partition,KMeans,"{'k': 11, 'n_init': 20}",11,0.36960000835671236,0.8769702205301328,681.355261944645,0.15998304262549642,0.2883867756816095,0.489620253164557,0.8020253164556962,1.2728916546811682,1975,0.0,0.2420253164556962,2,478,min_cluster_size<10,False,0.6169355381113109,0.8379702064104713,0.39214193731642694,0.5729734256001956,0.4628089140883497,0.5564726964762045,True
DT,partition,KMeans,"{'k': 13, 'n_init': 10}",13,0.378292096653344,0.9333339465300441,662.78586996041,0.1777927618082025,0.3185215115707135,0.5063291139240507,0.7346835443037975,1.1711727326147297,1975,0.0,0.22025316455696203,2,435,min_cluster_size<10,False,0.623744356488912,0.8262083288751898,0.43569637819376383,0.6332667807041293,0.50573676109063,0.5849288023256928,True
DT,partition,KMeans,"{'k': 13, 'n_init': 20}",13,0.3415999185306544,0.9532504088593688,663.2723451375887,0.20193979915982854,0.3627797139960603,0.5665822784810126,0.6263291139240507,1.0882572294583457,1975,0.0,0.1918987341772152,2,379,min_cluster_size<10,False,0.595002083264099,0.8220521985502725,0.494749005576878,0.7218182624530719,0.5407291102160907,0.6121641634039641,False
DT,partition,KMeans,"{'k': 15, 'n_init': 10}",15,0.34793294356405013,0.9950741892295945,651.2471586205861,0.21820240848392292,0.3961862950218184,0.6126582278481013,0.5488607594936709,0.9694054030399448,1975,0.0,0.1969620253164557,2,389,min_cluster_size<10,False,0.599962964442665,0.8133244898324726,0.5345199221787126,0.7886579009356062,0.5908874575204226,0.6420955717746407,True
DT,partition,KMeans,"{'k': 15, 'n_init': 20}",15,0.36101459834677335,0.9286405576466149,660.5169604568649,0.2097400791768026,0.38498004567878075,0.579746835443038,0.5453164556962026,0.9431968263117497,1975,0.0,0.189873417721519,2,375,min_cluster_size<10,False,0.6102102845864971,0.8271877365401911,0.5138249287478546,0.766236520721443,0.6019481112225984,0.6404120641673527,True
DT,partition,KMeans,"{'k': 17, 'n_init': 10}",17,0.3675025438704497,0.9727551898305561,644.0250983803359,0.20314501854256062,0.40489453219908944,0.5918987341772152,0.5103797468354431,0.8778569993981965,1975,0.0,0.18835443037974683,2,372,min_cluster_size<10,False,0.6152925204321226,0.8179819771256641,0.4976964218618241,0.8060812770153124,0.6295230995917088,0.6477613436129749,True
DT,partition,KMeans,"{'k': 17, 'n_init': 20}",17,0.3569663072396902,0.9343143233325629,657.8091347537592,0.18918270752811758,0.37274539657408834,0.6,0.5235443037974683,0.9211989985539003,1975,0.0,0.13670886075949368,2,270,min_cluster_size<10,False,0.607039115823926,0.8260037456670166,0.46355098456711047,0.741757525924347,0.611231726947062,0.6250580612258759,True
DT,partition,KMeans,"{'k': 19, 'n_init': 10}",19,0.3623289728528186,0.9581424559134216,642.9155568237185,0.1870859196977027,0.39048700645807244,0.6136708860759493,0.5240506329113924,0.9410470871604484,1975,0.0,0.12354430379746835,2,244,min_cluster_size<10,False,0.6112398803506449,0.8210313352676233,0.45842319896559436,0.7772548068292474,0.6028553531743132,0.6277297617784531,True
DT,partition,KMeans,"{'k': 19, 'n_init': 20}",19,0.3623289728528186,0.9581424559134216,642.9155568237185,0.1870859196977027,0.39048700645807244,0.6136708860759493,0.5240506329113924,0.9410470871604484,1975,0.0,0.12354430379746835,2,244,min_cluster_size<10,False,0.6112398803506449,0.8210313352676233,0.45842319896559436,0.7772548068292474,0.6028553531743132,0.6277297617784531,True
DT,partition,MiniBatchKMeans,{'k': 3},3,0.3160897275969738,1.5507278020636903,409.7731586170246,0.09696431489581284,0.13809033525954448,0.34632911392405064,1.339240506329114,1.8392348436582486,1975,0.0,0.5853164556962025,269,1156,,True,0.575019053764425,0.6973717271247406,0.2380269047934689,0.27226142710873696,0.22379838120723894,0.39346613901594285,False
DT,partition,MiniBatchKMeans,{'k': 5},5,0.28497229392829054,1.4457110484856042,366.0326111475235,0.22152666633700754,0.29256091419814584,0.5043037974683544,0.7812658227848102,1.2738857131338674,1975,0.0,0.27341772151898736,254,540,,True,0.5506436738791075,0.7192864279864299,0.542649538970413,0.5813250108524006,0.4623893973622393,0.5608928985106526,False
DT,partition,MiniBatchKMeans,{'k': 7},7,0.2875116033862496,1.2062178024887653,404.59071316495886,0.16585575303443048,0.26447729756617133,0.49721518987341773,0.8688607594936709,1.4005423904122902,1975,0.0,0.2420253164556962,24,478,,True,0.552632804259947,0.7692634332317236,0.4065039053896807,0.5251355198800702,0.40893721409515693,0.5157314631982074,False
DT,partition,MiniBatchKMeans,{'k': 9},9,0.28855342667043754,1.2368830518381158,297.4877256138031,0.2048245821781921,0.3217293638400673,0.5437974683544303,0.810632911392405,1.3722383082699392,1975,0.0,0.2708860759493671,9,535,min_cluster_size<10,False,0.553448901069081,0.7628642660184614,0.5018038675950994,0.6396850276304956,0.42088222179935986,0.5583720305732606,False
DT,partition,MiniBatchKMeans,{'k': 11},11,0.2773304757122327,1.4334887949885848,233.724700248708,0.18584872479995163,0.3379011110592289,0.5726582278481013,0.660253164556962,1.151333843962369,1975,0.0,0.14025316455696202,63,277,,True,0.5446575689832397,0.7218369451193345,0.4553975851715169,0.6720413390089708,0.5141092522600464,0.5619173816099442,False
DT,partition,MiniBatchKMeans,{'k': 13},13,0.2919057706716818,1.235196230243224,285.89624074954264,0.19582269488393786,0.3664266400804493,0.5959493670886076,0.6415189873417722,1.1598777761885959,1975,0.0,0.14936708860759493,24,295,,True,0.556074909994066,0.7632162688122975,0.4797893616997586,0.7291150049980554,0.5105035060728644,0.584916460209582,False
DT,partition,MiniBatchKMeans,{'k': 15},15,0.2897422295061953,1.2461959987681892,285.47633033746195,0.2038908045782829,0.3841317238180068,0.6308860759493671,0.5382278481012658,1.007063659948999,1975,0.0,0.13772151898734178,18,272,,True,0.5543801321287779,0.7609208575701932,0.4995202739656547,0.7645392046612558,0.5749947616667588,0.6072930631916773,False
DT,partition,MiniBatchKMeans,{'k': 17},17,0.2813839615197762,1.346720124965938,203.812419350446,0.1972048622238446,0.39574701201295354,0.640506329113924,0.5139240506329114,0.9727944869930394,1975,0.0,0.130126582278481,16,257,,True,0.5478328069373276,0.7399436698363488,0.48316951189027985,0.7877789867635331,0.5894571820666452,0.6048004146102133,False
DT,partition,MiniBatchKMeans,{'k': 19},19,0.29415198361896844,1.0654472749227184,445.2221440262627,0.20661106353712744,0.39987358474724227,0.6531645569620254,0.4789873417721519,0.910695936417636,1975,0.0,0.12253164556962025,2,242,min_cluster_size<10,False,0.5578344475727878,0.7986391651663267,0.5061727852589876,0.7960354027529176,0.6156642733728539,0.6283358480704013,True
DT,hierarchical,Agglomerative_single,{'k': 3},3,0.820116876043765,0.22308545293095372,210.43335214211527,7.06667170863466e-06,0.004569817156404717,0.22379746835443037,1.3746835443037975,1.724433497145062,1975,0.0,0.9964556962025316,2,1968,largest_cluster_ratio>0.7; min_cluster_size<10,False,0.9698412407967817,0.9744216638371793,0.0009137480904343698,0.005114569035073979,0.27224732795831597,0.4440686477443052,True
DT,hierarchical,Agglomerative_single,{'k': 5},5,0.6565783762525816,0.35120444007896034,199.57514493332948,0.00022612647112177858,0.015697595413777608,0.22987341772151898,1.3726582278481012,1.7323431121541275,1975,0.0,0.9843037974683544,1,1944,largest_cluster_ratio>0.7; min_cluster_size<10,False,0.841735783877407,0.9476860318319154,0.0014494683330873682,0.027378944885542492,0.2689092789890758,0.41083791535805747,True
DT,hierarchical,Agglomerative_single,{'k': 7},7,0.434491168005392,0.39557395373122983,136.32671017764469,0.00021594531029741327,0.01730259018730003,0.23037974683544304,1.3721518987341772,1.7321969660272252,1975,0.0,0.9827848101265823,1,1941,largest_cluster_ratio>0.7; min_cluster_size<10,False,0.6677670650449482,0.9384270842265208,0.0014245698626152415,0.03059020647336794,0.2689709561917849,0.36644469357023113,True
DT,hierarchical,Agglomerative_single,{'k': 9},9,0.3694426725681775,0.36646602285137375,107.52257071646929,0.0003128912061891151,0.023923598848160824,0.23392405063291138,1.3620253164556961,1.7236992894662135,1975,0.0,0.979746835443038,1,1935,largest_cluster_ratio>0.7; min_cluster_size<10,False,0.6168122914562066,0.9445012731173483,0.0016616552566969026,0.04383747128446725,0.272557181368726,0.35738073461224346,True
DT,hierarchical,Agglomerative_single,{'k': 11},11,0.336350800496838,0.3508913023736468,86.75873401273492,0.0003309023013011481,0.026113043357667703,0.23493670886075949,1.3584810126582278,1.7200235500301233,1975,0.0,0.979240506329114,1,1934,largest_cluster_ratio>0.7; min_cluster_size<10,False,0.5908902645486014,0.9477513768259915,0.00170570217114544,0.048218095550691106,0.2741084323742141,0.3523660990112819,True
DT,hierarchical,Agglomerative_single,{'k': 13},13,0.31936849096049913,0.439240139798451,76.40137781406466,0.00048207150650710117,0.039948629543570764,0.2430379746835443,1.3286075949367089,1.6871817562079707,1975,0.0,0.9767088607594937,1,1929,largest_cluster_ratio>0.7; min_cluster_size<10,False,0.577587424388781,0.9293149057137611,0.0020753930204548496,0.07590023333505956,0.28796846423295674,0.3532916680562235,True
DT,hierarchical,Agglomerative_single,{'k': 15},15,0.3165662161301858,0.42982946611313794,66.91158127243766,0.0004678533972223078,0.04081142928988104,0.24354430379746836,1.3281012658227849,1.6870316977955953,1975,0.0,0.9762025316455696,1,1928,largest_cluster_ratio>0.7; min_cluster_size<10,False,0.5753923039858829,0.9312787075995932,0.0020406220173930286,0.07762651664078711,0.288031792514824,0.3533003736398408,True
DT,hierarchical,Agglomerative_single,{'k': 17},17,0.1729261537930946,0.4428482600085605,58.98664178930881,0.00045148947197450783,0.042028528259967675,0.2440506329113924,1.3275949367088609,1.6868816260346085,1975,0.0,0.9756962025316456,1,1927,largest_cluster_ratio>0.7; min_cluster_size<10,False,0.46287399275570656,0.928561969897489,0.0020006033283045143,0.08006167919439684,0.28809512643012836,0.3251312216708113,True
DT,hierarchical,Agglomerative_single,{'k': 19},19,0.07654605310339077,0.4916236920759964,53.566049190142756,0.0005587131618232183,0.04572289032387386,0.24658227848101266,1.32,1.6804158617301939,1975,0.0,0.9721518987341772,1,1920,largest_cluster_ratio>0.7; min_cluster_size<10,False,0.38737607114975414,0.9183836034298689,0.0022628235133762913,0.08745333129386441,0.29082383545666946,0.30645003096567647,True
DT,hierarchical,Agglomerative_complete,{'k': 3},3,0.820116876043765,0.22308545293095372,210.43335214211527,7.06667170863466e-06,0.004569817156404717,0.22379746835443037,1.3746835443037975,1.724433497145062,1975,0.0,0.9964556962025316,2,1968,largest_cluster_ratio>0.7; min_cluster_size<10,False,0.9698412407967817,0.9744216638371793,0.0009137480904343698,0.005114569035073979,0.27224732795831597,0.4440686477443052,True
DT,hierarchical,Agglomerative_complete,{'k': 5},5,0.4600832971934518,0.45440962635172066,220.26886368738073,-0.00010164251428458923,0.021338096094595055,0.22987341772151898,1.3726582278481012,1.7323431121541275,1975,0.0,0.9782278481012658,2,1932,largest_cluster_ratio>0.7; min_cluster_size<10,False,0.687814279660236,0.9261493654669553,0.0006478950600978255,0.03866441663362811,0.2689092789890758,0.3706194667929862,True
DT,hierarchical,Agglomerative_complete,{'k': 7},7,0.23574874603498447,0.9514916301680539,332.0810241537094,0.09292304479197487,0.16776596111650174,0.36455696202531646,1.1615189873417722,1.670897583389603,1975,0.0,0.4977215189873418,2,983,min_cluster_size<10,False,0.5120851381085315,0.8224192172171885,0.22814380343733537,0.3316361982800995,0.2948407792860892,0.4171337035682777,False
DT,hierarchical,Agglomerative_complete,{'k': 9},9,0.2287086335355516,0.9401546749929763,268.8239180245036,0.09236974557828775,0.16639162873356894,0.3670886075949367,1.16,1.6713520639048458,1975,0.0,0.49063291139240506,2,969,min_cluster_size<10,False,0.50657037045654,0.8247849919424515,0.22679068620719886,0.3288864442852432,0.29464897750892205,0.41532077510187326,False
DT,hierarchical,Agglomerative_complete,{'k': 11},11,0.21933282478756086,1.084478296639856,268.0867518171902,0.13069135279330427,0.2276997633690496,0.40860759493670884,0.979746835443038,1.448001678438079,1975,0.0,0.43544303797468353,2,860,min_cluster_size<10,False,0.49922596980969747,0.7946678069419146,0.32050783910827896,0.45155130340130917,0.38890824589711104,0.46964796796039987,False
DT,hierarchical,Agglomerative_complete,{'k': 13},13,0.1892444554882315,1.1079547400122025,253.42432054286238,0.14187725172622054,0.2791227804759811,0.4465822784810127,0.8146835443037974,1.1985222969150517,1975,0.0,0.43544303797468353,2,860,min_cluster_size<10,False,0.4756566922269195,0.7897687863925998,0.3478634402121219,0.554438092996997,0.49419458301783836,0.5063499816217675,False
DT,hierarchical,Agglomerative_complete,{'k': 15},15,0.13675010202438467,1.0835548622524733,234.75231996484658,0.13882385276100426,0.2790316914152956,0.4465822784810127,0.8146835443037974,1.1985222969150517,1975,0.0,0.3949367088607595,1,780,min_cluster_size<10,False,0.4345360194510292,0.7948605075127796,0.34039622058102453,0.5542558426828678,0.49419458301783836,0.4949394291409282,False
DT,hierarchical,Agglomerative_complete,{'k': 17},17,0.2764917233389557,1.0421955759392838,387.7974750258439,0.19421398152841138,0.33577501991358566,0.5245569620253164,0.6556962025316456,1.0547061502101613,1975,0.0,0.21974683544303797,1,434,min_cluster_size<10,False,0.5440005447586195,0.8034912864744675,0.47585518340008626,0.6677874716812685,0.5548884776913645,0.5866334413013097,False
DT,hierarchical,Agglomerative_complete,{'k': 19},19,0.2783440493666974,1.0416557367095398,410.13504088926385,0.18967999631989402,0.3314966715755069,0.5270886075949367,0.6374683544303797,1.0225309874293125,1975,0.0,0.21974683544303797,1,434,min_cluster_size<10,False,0.5454515368641512,0.8036039391211184,0.4647671258806367,0.6592273841943437,0.56846717511629,0.5856727992067743,False
DT,hierarchical,Agglomerative_average,{'k': 3},3,0.820116876043765,0.22308545293095372,210.43335214211527,7.06667170863466e-06,0.004569817156404717,0.22379746835443037,1.3746835443037975,1.724433497145062,1975,0.0,0.9964556962025316,2,1968,largest_cluster_ratio>0.7; min_cluster_size<10,False,0.9698412407967817,0.9744216638371793,0.0009137480904343698,0.005114569035073979,0.27224732795831597,0.4440686477443052,True
DT,hierarchical,Agglomerative_average,{'k': 5},5,0.6143796178855675,0.35394607152701624,202.53958259048832,0.00023921578730355816,0.01648572796521109,0.23037974683544304,1.3721518987341772,1.7321969660272252,1975,0.0,0.9837974683544304,1,1943,largest_cluster_ratio>0.7; min_cluster_size<10,False,0.8086800127352037,0.9471139132793029,0.001481478823646797,0.028955834623930074,0.2689709561917849,0.4027450263135546,True
DT,hierarchical,Agglomerative_average,{'k': 7},7,0.42714675132728475,0.4343515795450964,144.96388794670943,0.0003152598437433383,0.019600679998107197,0.23291139240506328,1.3645569620253164,1.7256075796621149,1975,0.0,0.979240506329114,1,1934,largest_cluster_ratio>0.7; min_cluster_size<10,False,0.6620139252304301,0.930335041377324,0.0016674478625912969,0.035188207449173,0.2717518367199486,0.3650991979412197,True
DT,hierarchical,Agglomerative_average,{'k': 9},9,0.2872734586597332,0.6886055566757784,119.76564012499689,0.001087685906808904,0.04482349982956897,0.24860759493670886,1.310886075949367,1.6716549822696176,1975,0.0,0.9681012658227848,1,1912,largest_cluster_ratio>0.7; min_cluster_size<10,False,0.55244625712247,0.8772777942060841,0.003556449308979713,0.08565383749210077,0.2945211386274934,0.34234464908808887,True
DT,hierarchical,Agglomerative_average,{'k': 11},11,0.12546590058249246,0.7390686665882163,113.45706821248615,0.000631109674798595,0.08564942880849499,0.25468354430379747,1.320506329113924,1.6901801267200764,1975,0.0,0.9351898734177215,1,1847,largest_cluster_ratio>0.7; min_cluster_size<10,False,0.42569670770774143,0.866747246263947,0.002439872326541929,0.16733805209523545,0.2867030793076648,0.3194875556239811,False
DT,hierarchical,Agglomerative_average,{'k': 13},13,0.08975413165878993,0.7108057780544491,98.10797491777315,0.0009898864430997725,0.09194006495566094,0.25974683544303795,1.3159493670886075,1.6891313024634957,1975,0.0,0.9270886075949367,1,1831,largest_cluster_ratio>0.7; min_cluster_size<10,False,0.39772242347979797,0.8726450932893194,0.0033172764777712987,0.17992431004176207,0.2871457085285031,0.3155744771947551,True
DT,hierarchical,Agglomerative_average,{'k': 15},15,0.2388551790630651,0.7391538040211549,200.6038462575336,0.14279505625868483,0.23105592449605497,0.41063291139240504,0.900759493670886,1.3207209385287848,1975,0.0,0.530126582278481,1,1047,min_cluster_size<10,False,0.5145185163219786,0.8667294799427514,0.35010797101219115,0.4582662855853647,0.4426237986985302,0.503430746402466,True
DT,hierarchical,Agglomerative_average,{'k': 17},17,0.2332018985752458,0.7963765050633879,185.53326444036796,0.14167503893305114,0.22912443916418312,0.41063291139240504,0.900759493670886,1.3207209385287848,1975,0.0,0.5154430379746835,1,1018,min_cluster_size<10,False,0.5100901029458611,0.8547883530928724,0.3473689200540899,0.4544017841203064,0.4426237986985302,0.4992680360716706,False
DT,hierarchical,Agglomerative_average,{'k': 19},19,0.21706811679686683,0.7567366687100159,167.8057912896143,0.1416477452691231,0.23036960392399322,0.4111392405063291,0.899746835443038,1.3199539692779663,1975,0.0,0.5154430379746835,1,1018,min_cluster_size<10,False,0.4974519444131867,0.8630603204342028,0.34730217221490817,0.4568931004969427,0.4429474782852356,0.49777103795374267,True
DT,hierarchical,Agglomerative_ward,{'k': 3},3,0.3156033583351704,1.0900513642146004,464.8019876608906,0.04545005892264073,0.0683943907782103,0.29873417721518986,1.5377215189873417,2.0436997971227315,1975,0.0,0.650126582278481,24,1284,,True,0.5746380636208538,0.7935048295633415,0.11204655703468903,0.13281430053091517,0.13750922220574302,0.33812086911917283,False
DT,hierarchical,Agglomerative_ward,{'k': 5},5,0.30867086721488823,0.9561360071151217,547.9561612646279,0.13051100093582066,0.1635880498068809,0.3969620253164557,1.1954430379746837,1.767928058562668,1975,0.0,0.35848101265822785,5,708,min_cluster_size<10,False,0.5692075995791314,0.8214500372719311,0.32006678081683126,0.32327706445159327,0.2538915703467013,0.4448059744268596,False
DT,hierarchical,Agglomerative_ward,{'k': 7},7,0.33307828552152136,0.8180591748117925,620.2519770557581,0.13079254821122963,0.16102444336777244,0.39746835443037976,1.1934177215189874,1.7662088412433214,1975,0.0,0.3574683544303797,2,706,min_cluster_size<10,False,0.5883267885064234,0.8502636538879424,0.3207553168928454,0.3181478197836224,0.2546171216654656,0.45345567173364504,True
DT,hierarchical,Agglomerative_ward,{'k': 9},9,0.35124123880803426,0.893135365943678,648.1604509136431,0.1426928643637562,0.2048177730769523,0.4359493670886076,1.0126582278481013,1.561887854772575,1975,0.0,0.2587341772151899,2,511,min_cluster_size<10,False,0.6025544684273286,0.834596893924096,0.3498580562998843,0.4057691876647308,0.34084552311118976,0.4923271480423652,False
DT,hierarchical,Agglomerative_ward,{'k': 11},11,0.35227415743337565,0.9755119213896788,619.0479774063521,0.13264331750733274,0.24747487052711556,0.46126582278481015,0.8718987341772152,1.3698378357318546,1975,0.0,0.2587341772151899,2,511,min_cluster_size<10,False,0.6033635899040992,0.8174067075099525,0.32528145349599796,0.4911171905053909,0.4218952793087657,0.5128189014140789,False
DT,hierarchical,Agglomerative_ward,{'k': 13},13,0.36286291798102144,0.9408870949698807,603.8033283975783,0.1451661334771307,0.27250593616135127,0.4810126582278481,0.830379746835443,1.3342612804683205,1975,0.0,0.23544303797468355,2,465,min_cluster_size<10,False,0.6116581383431399,0.8246321519035804,0.355906543211279,0.5411991601788179,0.43690944668485765,0.534147756537936,False
DT,hierarchical,Agglomerative_ward,{'k': 15},15,0.3767247607992813,0.9678340445840805,605.3673463144238,0.15788061944637774,0.3039070856668435,0.500253164556962,0.7220253164556962,1.1605323963758938,1975,0.0,0.23544303797468355,2,465,min_cluster_size<10,False,0.6225166072067112,0.8190089125650009,0.3870003702251847,0.6040263462133539,0.5102272405101349,0.5678799812767542,True
DT,hierarchical,Agglomerative_ward,{'k': 17},17,0.3685899367352912,0.9548713971345213,618.9776588801448,0.17897425188004487,0.34802351143176724,0.5650632911392405,0.610632911392405,1.0491708600942393,1975,0.0,0.1878481012658228,2,371,min_cluster_size<10,False,0.6161443134960143,0.8217139337311847,0.43858576341951117,0.6922941622761666,0.5572245040902122,0.6022286344480265,True
DT,hierarchical,Agglomerative_ward,{'k': 19},19,0.3375107907424345,0.9962233684933984,602.5014797322467,0.17048676947289493,0.34774588610410806,0.610126582278481,0.5529113924050633,0.9977189173182412,1975,0.0,0.12253164556962025,2,242,min_cluster_size<10,False,0.591798925693371,0.8130846812405608,0.4178292569913463,0.691738691588519,0.578938469226566,0.5939182454408545,False
DT,density,DBSCAN,"{'eps': 0.2, 'min_samples': 5}",36,-0.2404331932859203,1.2807324157138817,17.401390493912697,0.051193659110788194,0.28415681685595595,0.8363136176066025,0.16368638239339753,0.4045817375925383,1975,0.6318987341772152,0.0810126582278481,4,160,min_cluster_size<10; noise_ratio>0.5,False,0.13907508242531869,0.7537138623012272,0.12609278046198732,0.5645101554892948,0.8292567146951746,0.4298769113294397,True
DT,density,DBSCAN,"{'eps': 0.2, 'min_samples': 10}",11,-0.23987853492455807,1.2252550894339302,33.04658840105603,0.03714622403389697,0.2304084523608422,0.8301486199575372,0.16985138004246284,0.41213029498262177,1975,0.7615189873417721,0.0779746835443038,10,154,noise_ratio>0.5,False,0.13950956582162713,0.7652907675911769,0.09173916857972944,0.4569708281600219,0.8260710407797768,0.4063656311189743,True
DT,density,DBSCAN,"{'eps': 0.2, 'min_samples': 20}",4,-0.21822079898215613,1.0909050381069423,43.196373277395956,0.020281163207490443,0.15686892725881343,0.9027777777777778,0.09722222222222222,0.31180478223116176,1975,0.8906329113924051,0.04708860759493671,23,93,noise_ratio>0.5,False,0.15647483187386066,0.7933266864828643,0.050494930693615624,0.3098334941057865,0.8684108353266262,0.3908986347954919,True
DT,density,DBSCAN,"{'eps': 0.4, 'min_samples': 5}",48,-0.031978131804741676,1.616048630912517,26.08973250295154,0.07632318882032704,0.3156997943328836,0.7139516757599377,0.3047544816835542,0.5849502513637701,1975,0.35037974683544304,0.09620253164556962,3,190,min_cluster_size<10,False,0.30236526138807307,0.6837406980223674,0.1875481355285734,0.6276211098726524,0.7531368364473218,0.4698099877028789,True
DT,density,DBSCAN,"{'eps': 0.4, 'min_samples': 10}",28,-0.09128791257297547,1.5945427695540009,31.44784511981594,0.06533793208869948,0.29258739622853336,0.7138584247258225,0.29910269192422734,0.5701095729983202,1975,0.4921518987341772,0.09518987341772152,10,188,,True,0.25590582477342866,0.6882285011812644,0.16068321363218327,0.5813779959015448,0.7593999619046086,0.44646822654474605,True
DT,density,DBSCAN,"{'eps': 0.4, 'min_samples': 20}",8,-0.04634447536378266,1.1956344716423402,66.7684198378481,0.05565988022224341,0.23346796642181508,0.6777251184834123,0.334913112164297,0.6001579570910609,1975,0.6794936708860759,0.09417721518987342,23,186,noise_ratio>0.5,False,0.29111159935594233,0.7714719430334216,0.1370151179423492,0.46309228110397865,0.7467188165602211,0.44156007625722715,True
DT,density,DBSCAN,"{'eps': 0.6, 'min_samples': 5}",35,0.2816423417474608,1.7380503374390415,65.61062217300264,0.10669794231753811,0.31414492555000484,0.6396028037383178,0.4602803738317757,0.8323202564793161,1975,0.1331645569620253,0.11848101265822784,4,234,min_cluster_size<10,False,0.5480352052543522,0.6582816087623247,0.2618309129146763,0.6245101399935362,0.6487407072235227,0.5246334333003408,False
DT,density,DBSCAN,"{'eps': 0.6, 'min_samples': 10}",23,0.23852270297761966,1.8488550234604115,67.86092246987381,0.1096454432426781,0.32836142569472326,0.6594059405940594,0.3735973597359736,0.6630263647820044,1975,0.23291139240506328,0.11443037974683544,8,226,min_cluster_size<10,False,0.5142580761143509,0.6351590929208291,0.2690391542947293,0.6529544075894091,0.7201868269184998,0.5330786980625057,True
DT,density,DBSCAN,"{'eps': 0.6, 'min_samples': 20}",15,0.14649967788720503,1.6106113502097,77.76692163337675,0.09473702859576175,0.3128937664190833,0.6764705882352942,0.3449920508744038,0.6228300964900457,1975,0.3630379746835443,0.11443037974683544,20,226,,True,0.4421732050206137,0.6848753396489977,0.23257997952321105,0.6220068301238301,0.7371506250029187,0.5121507466024641,True
DT,density,DBSCAN,"{'eps': 0.8, 'min_samples': 5}",25,0.27256784898743697,1.785033058538797,88.94476973484724,0.11726643975487566,0.295116377213936,0.5835201793721974,0.5571748878923767,0.9434694108173206,1975,0.09670886075949367,0.1260759493670886,5,249,min_cluster_size<10,False,0.5409268360151898,0.6484773418859567,0.2876766318771504,0.5864379622196538,0.601833073963919,0.5127547773817105,False
DT,density,DBSCAN,"{'eps': 0.8, 'min_samples': 10}",18,0.25424976607367666,2.0712508421208358,94.78322147271412,0.11982435279941105,0.29504857004358304,0.5843091334894613,0.5450819672131147,0.9204290823036565,1975,0.1351898734177215,0.1250632911392405,10,247,,True,0.5265776376028857,0.5887499470200294,0.2939321191941973,0.586302294138283,0.6115566502388508,0.5036966054207878,False
DT,density,DBSCAN,"{'eps': 0.8, 'min_samples': 20}",17,0.22168390503954813,1.877397824311038,88.24333288869343,0.12034045445283056,0.3184895087769093,0.6391820580474934,0.40633245382585753,0.7080390252053345,1975,0.23240506329113925,0.11746835443037974,23,232,,True,0.501067653635338,0.6292028343136615,0.2951942681770058,0.6332027497526633,0.7011903947841107,0.5286643970198568,False
DT,density,DBSCAN,"{'eps': 1.0, 'min_samples': 5}",18,0.2864972974989194,1.797728881458663,112.86615261727621,0.15711318526653265,0.3135530976929104,0.5269168026101142,0.7705274605764002,1.2407351045982742,1975,0.06886075949367089,0.26329113924050634,5,520,min_cluster_size<10,False,0.5518382627952866,0.6458280011664784,0.38512357664576835,0.6233260152253779,0.47637975650425746,0.5198895136198937,False
DT,density,DBSCAN,"{'eps': 1.0, 'min_samples': 10}",11,0.2874566605213418,2.139776608370311,141.08981520287182,0.159132194755491,0.31191855639749566,0.5240793201133145,0.7524079320113315,1.2090311716153876,1975,0.10632911392405063,0.25772151898734175,11,509,,True,0.5525897655820671,0.574450117540358,0.39006115193909524,0.6200556371766319,0.48975958354932747,0.5127905092977045,False
DT,density,DBSCAN,"{'eps': 1.0, 'min_samples': 20}",9,0.2693854722209871,2.1050986154221745,157.72075566051325,0.15875848192769704,0.3102676504481642,0.5287492590397155,0.6781268524007114,1.1012737142584748,1975,0.1458227848101266,0.24860759493670886,28,491,,True,0.5384339684012872,0.5816866566262583,0.38914722100642446,0.6167525168502238,0.5352358385940961,0.5187083410922194,False
DT,density,DBSCAN,"{'eps': 1.2, 'min_samples': 5}",14,0.24453398003429103,1.8182530935567491,120.14186683509415,0.12436350673481635,0.31619518328673424,0.4581779435269046,1.039957378795951,1.5335008749278132,1975,0.04962025316455696,0.4860759493670886,5,960,min_cluster_size<10,False,0.5189669207900519,0.6415450467499053,0.3050328170594796,0.6286122804015398,0.35282551565217257,0.46708863666553413,False
DT,density,DBSCAN,"{'eps': 1.2, 'min_samples': 10}",10,0.24499893976190734,2.1311546349574226,135.4203848367263,0.12351001873688064,0.30727070813378377,0.4511196067722556,0.7902785363189514,1.1536752943838464,1975,0.0729113924050633,0.4769620253164557,15,942,,True,0.5193311400927326,0.5762493349199012,0.30294557513476106,0.6107562569907744,0.5131211035123537,0.4862442382959455,False
DT,density,DBSCAN,"{'eps': 1.2, 'min_samples': 20}",8,0.23345130706042239,2.1911366198462074,148.60090483655486,0.12027969339197635,0.2968426908206425,0.45506582713222665,0.7744705208929593,1.135118743615164,1975,0.11544303797468354,0.46329113924050636,34,915,,True,0.5102854733815317,0.5637324058477156,0.2950456743667682,0.5898919576252529,0.5209524170585959,0.4785669248697394,False
DT,density,DBSCAN,"{'eps': 1.4, 'min_samples': 5}",12,0.17486912298376744,1.7997677536970778,119.35530069676919,0.11699403296415276,0.30719594980709625,0.4326872708224201,0.8622315348349922,1.2481521176315151,1975,0.033417721518987344,0.5134177215189873,5,1014,min_cluster_size<10,False,0.4643959888377865,0.6454025330989777,0.2870104492529658,0.6106066810875863,0.47324959749119866,0.4709029111489124,False
DT,density,DBSCAN,"{'eps': 1.4, 'min_samples': 10}",8,0.18505086610118446,2.087397625505149,143.4469300870489,0.11909017012070576,0.3073429699568172,0.4294906166219839,0.8702412868632707,1.2540550847135776,1975,0.05569620253164557,0.5043037974683544,19,996,,True,0.4723717062129481,0.5853804662877706,0.2921366436033253,0.610900837908047,0.4707584025138004,0.464720963586201,False
DT,density,DBSCAN,"{'eps': 1.4, 'min_samples': 20}",8,0.18268542336213642,2.298015521341985,136.34020795348894,0.11683927290628471,0.2935705244562126,0.4282560706401766,0.8642384105960265,1.2457433040923596,1975,0.08253164556962025,0.48050632911392405,20,949,,True,0.4705187717462061,0.5414291154211612,0.2866319768176939,0.583345031536511,0.47426617510493263,0.45285704420561235,False
DT,density,OPTICS,"{'min_samples': 5, 'xi': 0.03}",113,-0.16783671469212277,1.2131167702419858,16.850336174989206,0.011954393296516767,0.30447091410152965,0.9131799163179917,0.09205020920502092,0.3329844757460415,1975,0.5159493670886076,0.014177215189873417,5,28,min_cluster_size<10; noise_ratio>0.5,False,0.19594245660858978,0.7678237694693711,0.03013145364683235,0.6051544499457154,0.8594724920538958,0.4343597088868977,True
DT,density,OPTICS,"{'min_samples': 5, 'xi': 0.05}",107,-0.19070379941158772,1.2082685412329555,16.89498522752201,0.009308651014524267,0.2976441826706341,0.9100877192982456,0.09539473684210527,0.3393104462691481,1975,0.5382278481012658,0.014177215189873417,5,28,min_cluster_size<10; noise_ratio>0.5,False,0.1780298651384372,0.7688354888838631,0.02366117611940175,0.5914955765486868,0.856802779386478,0.42583297600663783,True
DT,density,OPTICS,"{'min_samples': 10, 'xi': 0.03}",40,-0.14318194715280874,1.4520291169393296,31.68610762297354,0.03199140106815367,0.2837048920833616,0.7705943691345151,0.28362877997914493,0.6788937821678075,1975,0.5144303797468355,0.026329113924050632,11,52,noise_ratio>0.5,False,0.21525540288666897,0.7179679852097343,0.07913282539198183,0.5636059477705158,0.7134903927445888,0.40853122556561805,False
DT,density,OPTICS,"{'min_samples': 10, 'xi': 0.05}",37,-0.22883420174053315,1.3799319320232748,28.813709361449327,0.02147455829722582,0.25874178392564523,0.7672955974842768,0.2981132075471698,0.7155065936346018,1975,0.5974683544303797,0.026329113924050632,11,52,noise_ratio>0.5,False,0.14816098032473118,0.7330130916958191,0.05341343015708027,0.5136599469099173,0.6980389001703429,0.3770023384453819,False
DT,density,OPTICS,"{'min_samples': 20, 'xi': 0.03}",22,-0.1851381812677872,1.2979337297220936,46.77740759837671,0.03526933281853952,0.28627140421520303,0.8277703604806409,0.2349799732977303,0.6697746866231371,1975,0.6207594936708861,0.033924050632911394,20,67,noise_ratio>0.5,False,0.1823896095182665,0.7501243240792362,0.087149149689827,0.5687410061268633,0.7173388717727593,0.40868226368749017,True
DT,density,OPTICS,"{'min_samples': 20, 'xi': 0.05}",17,-0.015878938234015875,1.2548836241084471,79.46041380120325,0.07656825805465857,0.29175471884498827,0.7026737967914438,0.3786096256684492,0.7943651822560884,1975,0.5265822784810127,0.08556962025316456,21,169,noise_ratio>0.5,False,0.3149763257615673,0.7591079400685241,0.188147462972653,0.579711981194867,0.6647586671675998,0.4595556688065837,False
DT,model,GMM,"{'n_components': 3, 'covariance_type': 'full'}",3,0.23307793523139977,1.3178511401817776,218.03229685016908,0.0465813285810072,0.18666552528730906,0.32556962025316455,1.2774683544303798,1.704944410541873,1975,0.0,0.8881012658227848,24,1754,largest_cluster_ratio>0.7,False,0.5099929981000607,0.7459679959002385,0.11481312606063372,0.369450305496884,0.28047219419676717,0.37960871508909544,False
DT,model,GMM,"{'n_components': 3, 'covariance_type': 'tied'}",3,0.31335756250241603,1.1299250461577122,480.8980301522983,0.06618102207614893,0.08542004904564067,0.31291139240506327,1.5134177215189872,2.019775648651621,1975,0.0,0.5640506329113925,24,1114,,True,0.5728788527826109,0.7851840637591719,0.16274502677117417,0.16687911077428522,0.14760579189370004,0.3562366044472048,False
DT,model,GMM,"{'n_components': 3, 'covariance_type': 'diag'}",3,0.4797863380125418,1.6739975611434612,174.9245567738444,0.0008862014863002717,0.015813606618616475,0.23544303797468355,1.36,1.7242866806195614,1975,0.0,0.9610126582278481,24,1898,largest_cluster_ratio>0.7,False,0.7032483642950682,0.6716480230157859,0.0030637104178876454,0.02761105924005768,0.2723092880854592,0.3359287386337073,True
DT,model,GMM,"{'n_components': 3, 'covariance_type': 'spherical'}",3,0.28128792586480933,1.2422699668748491,411.6030943569662,0.08427492500501237,0.1204589640721334,0.3260759493670886,1.229873417721519,1.7185510529277235,1975,0.0,0.52,24,1027,,True,0.5477575788321671,0.7617401346053763,0.2069944513281151,0.23698471096681079,0.2747298617900885,0.39344270673391624,False
DT,model,GMM,"{'n_components': 5, 'covariance_type': 'full'}",5,0.2592923166404775,1.3264041200975565,391.40823885629567,0.11174755449455213,0.18703925699537952,0.3311392405063291,1.4637974683544304,1.964108326693653,1975,0.0,0.5144303797468355,2,1016,min_cluster_size<10,False,0.5305276447585335,0.7441831759553812,0.27417995855436283,0.37019806511459613,0.1710987490691358,0.40255383680254786,False
DT,model,GMM,"{'n_components': 5, 'covariance_type': 'tied'}",5,0.2689900164758657,1.0121569519280698,444.2302471983331,0.09884149040524307,0.12354750687520814,0.3782278481012658,1.2718987341772152,1.8252795866990497,1975,0.0,0.4232911392405063,2,836,min_cluster_size<10,False,0.5381241940118631,0.8097596906773554,0.2426176189368595,0.24316424440174014,0.22968783740134524,0.39906161097931403,False
DT,model,GMM,"{'n_components': 5, 'covariance_type': 'diag'}",5,0.31475491306669245,1.3015655551048348,377.2208651688294,0.06516720519270207,0.08582327008057519,0.31341772151898734,1.5134177215189872,2.0202769580782167,1975,0.0,0.5620253164556962,2,1110,min_cluster_size<10,False,0.5739734466106193,0.7493664415116182,0.16026569360159731,0.16768587241753138,0.1473942271825478,0.3505964775789362,False
DT,model,GMM,"{'n_components': 5, 'covariance_type': 'spherical'}",5,0.20411818742648996,1.0255494590127014,316.8205112298002,0.1294831383374894,0.22926712700012367,0.3944303797468354,1.1032911392405063,1.6561355047599764,1975,0.0,0.5691139240506329,2,1124,min_cluster_size<10,False,0.48730780941632656,0.8069649672018337,0.3175530982421775,0.454687272879625,0.301070733752519,0.45067720967734864,False
DT,model,GMM,"{'n_components': 7, 'covariance_type': 'full'}",7,0.28485917029843216,0.9962012485164056,556.7329783235999,0.19392783888999662,0.24719823877787095,0.44354430379746834,1.0572151898734177,1.6421659053699458,1975,0.0,0.2916455696202532,2,576,min_cluster_size<10,False,0.5505550601623993,0.8130892971962282,0.47515540916448673,0.4905637077620343,0.3069662427995643,0.5133688166353738,False
DT,model,GMM,"{'n_components': 7, 'covariance_type': 'tied'}",7,0.29621674686170874,0.9016440881927364,588.7710525220302,0.1019321769528112,0.13717600912190778,0.3817721518987342,1.2313924050632912,1.7737894784680766,1975,0.0,0.3346835443037975,2,661,min_cluster_size<10,False,0.5594518492181454,0.8328213095868343,0.25017602696819735,0.2704320501830454,0.2514179092834121,0.41817855486875005,False
DT,model,GMM,"{'n_components': 7, 'covariance_type': 'diag'}",7,0.3111614799973623,1.0412231808204078,455.95294670353064,0.0677549622846527,0.11236208765730342,0.3159493670886076,1.4982278481012659,2.0031620573104165,1975,0.0,0.5336708860759494,2,1054,min_cluster_size<10,False,0.5711585841418825,0.8036942040797399,0.16659416583128397,0.22078454094678665,0.15461712953634443,0.36903342515453946,False
DT,model,GMM,"{'n_components': 7, 'covariance_type': 'spherical'}",7,0.23517998277194704,1.1316704712295738,424.52142889185154,0.13168244942621415,0.22805348639149559,0.3924050632911392,1.1124050632911393,1.6671054274787525,1975,0.0,0.3918987341772152,2,774,min_cluster_size<10,False,0.5116396058468109,0.7848198317007328,0.3229316089195244,0.45225902978986143,0.2964411608615394,0.4534928650874808,False
DT,model,GMM,"{'n_components': 9, 'covariance_type': 'full'}",9,0.28701567616406237,1.3143324556449973,538.9641966922043,0.18504317955702573,0.2460106882146632,0.47848101265822784,0.9989873417721519,1.608993710209481,1975,0.0,0.25063291139240507,2,495,min_cluster_size<10,False,0.5522443270299481,0.7467022684465028,0.4534275893340135,0.4881876654408122,0.32096571201973667,0.500844611578035,False
DT,model,GMM,"{'n_components': 9, 'covariance_type': 'tied'}",9,0.33645684909336904,1.0297396330876805,601.7940589771492,0.08848188101561871,0.1293366898633927,0.3782278481012658,1.2764556962025317,1.830680858332028,1975,0.0,0.22278481012658227,2,440,min_cluster_size<10,False,0.5909733361429453,0.8060905694673495,0.21728274475698825,0.25474719860292394,0.22740837004593217,0.4066713594447109,False
DT,model,GMM,"{'n_components': 9, 'covariance_type': 'diag'}",9,0.29884803274784416,1.0812596588838892,515.9669454192954,0.15122894510389473,0.19266595313364232,0.42632911392405065,1.1230379746835444,1.6946677356276112,1975,0.0,0.29215189873417724,2,577,min_cluster_size<10,False,0.5615130279690773,0.7953394662838853,0.3707334120596514,0.38145591683676355,0.28480919973565266,0.46654275742241,False
DT,model,GMM,"{'n_components': 9, 'covariance_type': 'spherical'}",9,0.3023788086907087,1.2840167690637476,486.70929345991084,0.12359465963107132,0.20125318085027777,0.4050632911392405,1.0865822784810126,1.6050553048557454,1975,0.0,0.23341772151898735,2,461,min_cluster_size<10,False,0.5642788089076217,0.7530284895513175,0.3031525681133709,0.39863717808898674,0.3226278143997412,0.45413325728124204,False
DT,model,GMM,"{'n_components': 11, 'covariance_type': 'full'}",11,0.3086802459811669,1.3294958250672622,515.9402129987678,0.20928722274778397,0.32770539275842686,0.4921518987341772,0.7964556962025316,1.3041317010451383,1975,0.0,0.23189873417721518,2,458,min_cluster_size<10,False,0.569214946296516,0.7435380047112204,0.5127174487050044,0.6516418217770243,0.4496248584238518,0.5696850444083872,False
DT,model,GMM,"{'n_components': 11, 'covariance_type': 'tied'}",11,0.3300612156185378,1.0062534930144602,541.9417137243089,0.09798936629661675,0.17462255409132796,0.39949367088607596,1.199493670886076,1.744575680157633,1975,0.0,0.21721518987341773,2,429,min_cluster_size<10,False,0.5859634115708827,0.8109916135061719,0.24053371246261498,0.3453548184317966,0.26374683922829567,0.4328256136447289,False
DT,model,GMM,"{'n_components': 11, 'covariance_type': 'diag'}",11,0.2915656409891231,1.7586118415617669,475.8956516313797,0.17159057527750862,0.251954122478927,0.47240506329113924,1.0420253164556963,1.628853755547755,1975,0.0,0.20607594936708862,2,407,min_cluster_size<10,False,0.555808474454718,0.6539908723153931,0.4205286619715097,0.5000792444462122,0.3125842922168123,0.47971166006416016,False
DT,model,GMM,"{'n_components': 11, 'covariance_type': 'spherical'}",11,0.3117060144796226,1.1180300821690317,534.4872182929438,0.19406340925228796,0.316410485507384,0.5058227848101265,0.7589873417721519,1.2359591161154404,1975,0.0,0.18329113924050633,2,362,min_cluster_size<10,False,0.5715851371477335,0.7876662827260597,0.475486952366744,0.6290430554809057,0.4783953392366602,0.5699534909569962,False
DT,model,GMM,"{'n_components': 13, 'covariance_type': 'full'}",13,0.2854128733698135,1.420680918799382,521.8312230324849,0.11738750581457696,0.22333710069699042,0.4607594936708861,0.9584810126582278,1.5193269662517501,1975,0.0,0.17873417721518986,2,353,min_cluster_size<10,False,0.5509887952464776,0.7245096689066989,0.28797270417820237,0.44282252042298387,0.3588072481627954,0.45660165288818144,False
DT,model,GMM,"{'n_components': 13, 'covariance_type': 'tied'}",13,0.29373367588544197,1.2834244713464273,496.938132334805,0.08151451282775475,0.1330339957711974,0.3888607594936709,1.2470886075949368,1.8056171146056856,1975,0.0,0.22278481012658227,2,440,min_cluster_size<10,False,0.5575067724173672,0.753152089137611,0.20024374359723776,0.26214474072333604,0.23798587651307734,0.38932932878540877,False
DT,model,GMM,"{'n_components': 13, 'covariance_type': 'diag'}",13,0.2581371910360417,1.7454754730496638,445.2696489030358,0.09161178838983601,0.15593183298408117,0.40354430379746836,1.1898734177215189,1.7525388455219164,1975,0.0,0.20455696202531645,2,404,min_cluster_size<10,False,0.5296227942582264,0.6567321452698804,0.224937069021363,0.3079585628609859,0.260386190713081,0.3854208101821436,False
DT,model,GMM,"{'n_components': 13, 'covariance_type': 'spherical'}",13,0.28138158680961467,1.8852195698771348,456.3148138315304,0.13450454506533033,0.2597668807855134,0.4739240506329114,0.9179746835443038,1.478110322872511,1975,0.0,0.17721518987341772,2,350,min_cluster_size<10,False,0.547830946743363,0.6275706069931912,0.3298331662323107,0.5157109530715578,0.3762016692300564,0.466148596099642,False
DT,model,GMM,"{'n_components': 15, 'covariance_type': 'full'}",15,0.26409742037589573,1.3959696656125489,490.54236227924383,0.10790855670381358,0.22683981857315605,0.47645569620253164,0.9063291139240506,1.4439748235821983,1975,0.0,0.14278481012658228,2,282,min_cluster_size<10,False,0.5342916514625007,0.729666367272015,0.26479152291483227,0.4498307322591099,0.39060767610775293,0.45481689374555256,False
DT,model,GMM,"{'n_components': 15, 'covariance_type': 'tied'}",15,0.23156134211538576,1.3296029259492503,470.2882363172559,0.07650372340328572,0.14607232233129863,0.4273417721518987,1.130632911392405,1.7058351085968182,1975,0.0,0.1448101265822785,2,286,min_cluster_size<10,False,0.5088049973886942,0.7435156550983175,0.18798964068309734,0.28823172738690506,0.2800962980601276,0.3849800265027568,False
DT,model,GMM,"{'n_components': 15, 'covariance_type': 'diag'}",15,0.19745524236212214,1.8469186494644738,396.0584158631033,0.07873837322696141,0.1530815135301843,0.42227848101265825,1.1356962025316455,1.7067253418183792,1975,0.0,0.14025316455696202,2,277,min_cluster_size<10,False,0.48208849027747297,0.6355631718456815,0.19345457376982136,0.30225566492865014,0.2797205980944264,0.3655027111468586,False
DT,model,GMM,"{'n_components': 15, 'covariance_type': 'spherical'}",15,0.2585477364225985,1.7616368282724943,451.72756042763973,0.1247988447472313,0.2678590162018804,0.5063291139240507,0.8050632911392405,1.3350200301915542,1975,0.0,0.12050632911392405,2,238,min_cluster_size<10,False,0.5299443888943405,0.6533596237134557,0.30609745505454666,0.5319016373371712,0.43658923593772914,0.4741174973323616,False
DT,model,GMM,"{'n_components': 17, 'covariance_type': 'full'}",17,0.28749839308564323,1.3479864072829266,472.08775992393817,0.16116765239557385,0.3214094281822484,0.5630379746835443,0.7032911392405063,1.1947140964062903,1975,0.0,0.13367088607594937,2,264,min_cluster_size<10,False,0.5526224561670063,0.7396794243970475,0.39503895189954585,0.6390449027494192,0.4958017358019323,0.5428843482489945,False
DT,model,GMM,"{'n_components': 17, 'covariance_type': 'tied'}",17,0.2916156762455654,1.0425712857590295,511.405650246403,0.12838573300908862,0.27039672892850414,0.5134177215189873,0.8425316455696202,1.3772105361053166,1975,0.0,0.17215189873417722,2,340,min_cluster_size<10,False,0.5558476688303348,0.8034128840479023,0.31486934590425636,0.5369790740580758,0.4187838213106273,0.50249481166167,False
DT,model,GMM,"{'n_components': 17, 'covariance_type': 'diag'}",17,0.2621061440392932,1.6200129401512458,459.0390997896616,0.15332385486533195,0.2843206482055598,0.5367088607594936,0.7579746835443038,1.2829949140067114,1975,0.0,0.13164556962025317,2,260,min_cluster_size<10,False,0.532731814694529,0.682913433341924,0.3758566047620088,0.5648379480332605,0.45854509412505906,0.5060188308954239,False
DT,model,GMM,"{'n_components': 17, 'covariance_type': 'spherical'}",17,0.3233026361174328,1.249023927179139,528.0298723391473,0.18304446131350638,0.36665283734625803,0.6025316455696202,0.5564556962025317,1.0075663121689418,1975,0.0,0.14531645569620252,2,287,min_cluster_size<10,False,0.5806691786152148,0.7603307307278303,0.4485396371616766,0.7295675788026221,0.5747826302643146,0.5957434764266536,False
DT,model,GMM,"{'n_components': 19, 'covariance_type': 'full'}",19,0.28531681179918955,1.2870670957733044,460.7576531524535,0.17802042738052706,0.38454886377356506,0.6141772151898734,0.5437974683544303,0.99365072945774,1975,0.0,0.1179746835443038,2,233,min_cluster_size<10,False,0.5509135468406717,0.7523919530455432,0.43625314422740485,0.7653738151772088,0.5806553429655352,0.590587606593539,False
DT,model,GMM,"{'n_components': 19, 'covariance_type': 'tied'}",19,0.28316645852242867,1.1597761115405862,474.8595165059713,0.12905339397343013,0.269870490884165,0.5225316455696203,0.8040506329113924,1.3312219569756867,1975,0.0,0.1670886075949367,2,330,min_cluster_size<10,False,0.54922909951231,0.7789547989420873,0.31650213975682623,0.535926180898723,0.43819211475911235,0.5013033797452281,False
DT,model,GMM,"{'n_components': 19, 'covariance_type': 'diag'}",19,0.2916424879271643,1.3875584898196307,462.225106716348,0.17228670436684312,0.3424867573428228,0.5888607594936709,0.579746835443038,1.0220356950837464,1975,0.0,0.13164556962025317,2,260,min_cluster_size<10,False,0.555868671363233,0.7314215957961935,0.4222310758587458,0.6812162659363288,0.568676200473617,0.5701558561600963,False
DT,model,GMM,"{'n_components': 19, 'covariance_type': 'spherical'}",19,0.3132149591845169,1.2401015352197267,485.8734485394456,0.19008106882617118,0.39366933070721527,0.6288607594936709,0.5088607594936709,0.9612755239323388,1975,0.0,0.14531645569620252,2,287,min_cluster_size<10,False,0.5727671465897511,0.7621926388910443,0.46574796609394764,0.7836219774829248,0.5943184632702712,0.6103646632810743,False
MI,partition,KMeans,"{'k': 3, 'n_init': 10}",3,0.24485266578358708,1.5905841348069094,500.1218010411593,0.17591325234744168,0.21427713829967704,0.4253164556962025,1.0850632911392406,1.6460155189449446,1975,0.0,0.3488607594936709,634,689,,True,0.519216558542504,0.6890545817193444,0.4310999562711435,0.4246954151428937,0.3053416126992029,0.4657099507725882,False
MI,partition,KMeans,"{'k': 3, 'n_init': 20}",3,0.24482883263910912,1.5904728840418851,500.12251909824084,0.17618851985230158,0.21463816668984306,0.4253164556962025,1.0840506329113924,1.644784622890244,1975,0.0,0.3493670886075949,634,690,,True,0.5191978892024582,0.6890777973221227,0.4317731348958528,0.4254177580567651,0.30586108062550854,0.4660893054565126,False
MI,partition,KMeans,"{'k': 5, 'n_init': 10}",5,0.2955994641750687,1.3595976193091268,489.5820844668776,0.17348615049459573,0.22123533117198357,0.4460759493670886,1.060253164556962,1.61825034441992,1975,0.0,0.31139240506329113,241,615,,True,0.5589683099859681,0.7372564182620632,0.4251643733981859,0.43861731561268774,0.31705918834578084,0.4858260685964073,False
MI,partition,KMeans,"{'k': 5, 'n_init': 20}",5,0.2955994641750687,1.3595976193091268,489.5820844668776,0.17348615049459573,0.22123533117198357,0.4460759493670886,1.060253164556962,1.61825034441992,1975,0.0,0.31139240506329113,241,615,,True,0.5589683099859681,0.7372564182620632,0.4251643733981859,0.43861731561268774,0.31705918834578084,0.4858260685964073,False
MI,partition,KMeans,"{'k': 7, 'n_init': 10}",7,0.2909481537016273,1.2726552936172342,450.36326762874364,0.20906438768629976,0.32040409432203354,0.5422784810126582,0.8111392405063291,1.3958346715781733,1975,0.0,0.2708860759493671,157,535,,True,0.5553247749514967,0.7553993811212292,0.5121724958951793,0.6370334382502776,0.41092398538347963,0.5579240376940909,False
MI,partition,KMeans,"{'k': 7, 'n_init': 20}",7,0.2909481537016273,1.2726552936172342,450.36326762874364,0.20906438768629976,0.32040409432203354,0.5422784810126582,0.8111392405063291,1.3958346715781733,1975,0.0,0.2708860759493671,157,535,,True,0.5553247749514967,0.7553993811212292,0.5121724958951793,0.6370334382502776,0.41092398538347963,0.5579240376940909,False
MI,partition,KMeans,"{'k': 9, 'n_init': 10}",9,0.29751138354207246,1.2588622237667375,434.05638060796053,0.21007081582588155,0.3635654572123415,0.5853164556962025,0.570632911392405,1.0050505371763556,1975,0.0,0.21873417721518987,119,432,,True,0.5604659836494527,0.7582776932898991,0.5146337595710978,0.7233903716274842,0.5758443482001708,0.6061940151827793,False
MI,partition,KMeans,"{'k': 9, 'n_init': 20}",9,0.2989046030198816,1.2579600246618776,434.08634998730446,0.21091708997634365,0.36590906237507664,0.5837974683544304,0.5893670886075949,1.0419067233937809,1975,0.0,0.22329113924050634,119,441,,True,0.5615573414521816,0.7584659625214936,0.5167033597188705,0.728079439380399,0.5602901455907903,0.604605014696205,False
MI,partition,KMeans,"{'k': 11, 'n_init': 10}",11,0.28344458963502067,1.2997778935563669,409.7750041010294,0.22476266038643544,0.3918258562337007,0.6146835443037975,0.4850632911392405,0.8413370913408149,1975,0.0,0.1458227848101266,65,288,,True,0.5494469693919262,0.7497394873994583,0.5505633028012364,0.7799335674877061,0.6449353846786532,0.6334406032170959,True
MI,partition,KMeans,"{'k': 11, 'n_init': 20}",11,0.2972574335684096,1.2642693099687632,411.02342085706755,0.1980561128556985,0.37506938721013716,0.589873417721519,0.5270886075949367,0.8992261089051568,1975,0.0,0.18835443037974683,73,372,,True,0.5602670557061715,0.7571493525955484,0.4852512822391845,0.7464073490783695,0.620504818185909,0.6110140533746085,False
MI,partition,KMeans,"{'k': 13, 'n_init': 10}",13,0.3057380921257744,1.239546140521484,393.8689580960909,0.186733702761351,0.3629005356301056,0.6151898734177215,0.499746835443038,0.8735204489212284,1975,0.0,0.15848101265822784,71,313,,True,0.5669102537351105,0.7623085376239365,0.4575618371679742,0.7220600014785123,0.6313532288499737,0.6050439493611333,False
MI,partition,KMeans,"{'k': 13, 'n_init': 20}",13,0.28722554243587123,1.2774506789742497,394.61692823587947,0.21046671397570016,0.3820183562617533,0.6293670886075949,0.4850632911392405,0.8662446229763525,1975,0.0,0.14430379746835442,58,285,,True,0.5524087226595789,0.7543986890217788,0.515601945671217,0.7603107945964311,0.634423803494609,0.6210938503243523,True
MI,partition,KMeans,"{'k': 15, 'n_init': 10}",15,0.31551267820607226,1.1883360472162443,375.2467129631747,0.18815564241533808,0.3775294572194797,0.6303797468354431,0.47037974683544304,0.8380205731440358,1975,0.0,0.15848101265822784,17,313,,True,0.5745670306874072,0.7729949646714939,0.4610392522779698,0.7513294388288709,0.6463350356269656,0.616817238391792,True
MI,partition,KMeans,"{'k': 15, 'n_init': 20}",15,0.30950990555274904,1.2159790990327624,377.7650144822616,0.1959018102585931,0.38123439468032994,0.6374683544303797,0.4931645569620253,0.901194706339411,1975,0.0,0.14379746835443039,43,284,,True,0.5698648478098647,0.7672264640197124,0.47998284178063805,0.7587422501037717,0.6196740224229382,0.615292034000736,False
MI,partition,KMeans,"{'k': 17, 'n_init': 10}",17,0.28957707094165663,1.2250512698597709,370.34573275148745,0.1977693736964351,0.3858508290492389,0.6541772151898734,0.450126582278481,0.83681130761777,1975,0.0,0.13569620253164558,17,268,,True,0.5542507576181801,0.7653333002809171,0.48455004918597155,0.7679787776028983,0.6468453749467508,0.6190660883729604,False
MI,partition,KMeans,"{'k': 17, 'n_init': 20}",17,0.28957707094165663,1.2250512698597709,370.34573275148745,0.1977693736964351,0.3858508290492389,0.6541772151898734,0.450126582278481,0.83681130761777,1975,0.0,0.13569620253164558,17,268,,True,0.5542507576181801,0.7653333002809171,0.48455004918597155,0.7679787776028983,0.6468453749467508,0.6190660883729604,False
MI,partition,KMeans,"{'k': 19, 'n_init': 10}",19,0.2850309946737564,1.2364279635048132,355.86137739036417,0.19343591268603055,0.39132781061801764,0.6643037974683544,0.43645569620253166,0.8230846581187016,1975,0.0,0.1291139240506329,17,255,,True,0.5506896562369562,0.7629592330056341,0.47395238229208897,0.7789370815296129,0.6526383532597244,0.6179726274644932,False
MI,partition,KMeans,"{'k': 19, 'n_init': 20}",19,0.2850309946737564,1.2364279635048132,355.86137739036417,0.19343591268603055,0.39132781061801764,0.6643037974683544,0.43645569620253166,0.8230846581187016,1975,0.0,0.1291139240506329,17,255,,True,0.5506896562369562,0.7629592330056341,0.47395238229208897,0.7789370815296129,0.6526383532597244,0.6179726274644932,False
MI,partition,MiniBatchKMeans,{'k': 3},3,0.24411992261381937,1.5867590872547435,496.32822929197096,0.18242489504098053,0.22286356287270015,0.43037974683544306,1.0658227848101265,1.618719606527629,1975,0.0,0.34025316455696203,639,672,,True,0.5186425750542888,0.6898527855299881,0.44702446096437176,0.4418750694713596,0.31686114837883605,0.47454816693063445,False
MI,partition,MiniBatchKMeans,{'k': 5},5,0.2859846986833007,1.3420755956123944,480.9335073943256,0.29008343257436775,0.38910379273834667,0.5569620253164557,0.7706329113924051,1.3054898687727738,1975,0.0,0.3210126582278481,268,634,,True,0.5514367261199776,0.7409128815855062,0.7103080849134612,0.7744872831218896,0.4490516787712273,0.6325565632187146,True
MI,partition,MiniBatchKMeans,{'k': 7},7,0.2903467332331553,1.2471851529358484,415.07896607916905,0.258144456286524,0.39554406960978666,0.5782278481012658,0.6308860759493671,1.0786771082198177,1975,0.0,0.31291139240506327,119,618,,True,0.554853661152528,0.7607144427177837,0.6321999328342104,0.787372941114923,0.5447721532452158,0.6379309367206337,True
MI,partition,MiniBatchKMeans,{'k': 9},9,0.2720888626138025,1.3557959641492827,392.04353256219196,0.2590691523796532,0.3974651566934344,0.5863291139240506,0.5058227848101265,0.8600853652068717,1975,0.0,0.21974683544303797,107,434,,True,0.5405516291475045,0.7380497405917745,0.6344613172448534,0.7912166378423875,0.637023159345069,0.6505478252322277,False
MI,partition,MiniBatchKMeans,{'k': 11},11,0.2988775151475876,1.2782677450705215,397.97994544005627,0.20855995771330146,0.38811514989376894,0.5767088607594937,0.5341772151898734,0.8924436655624441,1975,0.0,0.21721518987341773,99,429,,True,0.5615361225694011,0.7542281851881146,0.5109388905131784,0.7725092138825094,0.6233671734311546,0.6218027978174694,True
MI,partition,MiniBatchKMeans,{'k': 13},13,0.28002906876152744,1.302920059512878,369.97196275066545,0.20036103329797478,0.3793516609600331,0.6081012658227848,0.5083544303797468,0.8749683538581065,1975,0.0,0.14227848101265822,79,281,,True,0.5467714718016021,0.7490837860504014,0.4908880651721557,0.754975290500019,0.6307421779231506,0.6111721813106326,False
MI,partition,MiniBatchKMeans,{'k': 15},15,0.27613104368852887,1.284706367414406,357.4790360414573,0.18790975632666276,0.3748295595933885,0.6207594936708861,0.48455696202531645,0.8416379449500521,1975,0.0,0.14379746835443039,29,284,,True,0.543718011706901,0.7528845854497862,0.46043792718115595,0.7459275037691697,0.6448084171740331,0.6048224815396642,False
MI,partition,MiniBatchKMeans,{'k': 17},17,0.2808214659753368,1.279828378459013,354.57017068502915,0.20646581314445925,0.4033143370507453,0.6759493670886076,0.37873417721518987,0.7101435048413486,1975,0.0,0.11341772151898734,25,224,,True,0.5473921843999586,0.7539025151145475,0.5058175691225075,0.80291963433282,0.7003022534432575,0.6368862114863731,True
MI,partition,MiniBatchKMeans,{'k': 19},19,0.2791611324879533,1.27871109556886,344.44500482723885,0.20108749858842828,0.40349071991867663,0.6916455696202531,0.3594936708860759,0.688421419359473,1975,0.0,0.10430379746835443,19,206,,True,0.5460915868017698,0.7541356676305161,0.49266466755526456,0.8032725398611634,0.7094694992535047,0.6351941945637114,True
MI,hierarchical,Agglomerative_single,{'k': 3},3,0.2243697325348594,0.7713431479696929,8.03916788407668,-4.765010535442184e-05,0.004372624629590392,0.22379746835443037,1.3746835443037975,1.724433497145062,1975,0.0,0.9969620253164557,1,1969,largest_cluster_ratio>0.7; min_cluster_size<10,False,0.5031715567464268,0.8600122675025315,0.0007799358384194443,0.0047200276962412425,0.27224732795831597,0.3101471830176907,False
MI,hierarchical,Agglomerative_single,{'k': 5},5,0.1947992662990986,0.656044508306542,12.651147922273232,5.152213925351916e-05,0.010191091515933042,0.22734177215189874,1.3635443037974684,1.7141259720630995,1975,0.0,0.9929113924050633,1,1961,largest_cluster_ratio>0.7; min_cluster_size<10,False,0.48000797084287494,0.8840725732336441,0.001022465864869477,0.016361572902734385,0.27659735301463395,0.31064220170031964,False
MI,hierarchical,Agglomerative_single,{'k': 7},7,0.1351007705724186,0.6435071871566665,9.855774447835266,6.37325516843396e-05,0.013051790636414814,0.22886075949367088,1.3610126582278481,1.712796218490673,1975,0.0,0.9913924050632912,1,1958,largest_cluster_ratio>0.7; min_cluster_size<10,False,0.43324404013401585,0.8866888380984893,0.0010523269581775895,0.022085238394658698,0.2771585412060559,0.30032191148823173,False
MI,hierarchical,Agglomerative_single,{'k': 9},9,0.15718151060293117,0.7593719713740332,50.57869170291384,0.011262992564534084,0.042713632512507656,0.27949367088607596,1.390379746835443,1.8219477684297307,1975,0.0,0.8455696202531645,1,1670,largest_cluster_ratio>0.7; min_cluster_size<10,False,0.45054066016134003,0.8625103903745289,0.028440603162624343,0.08143243067977965,0.23109394535057526,0.30755552805925246,False
MI,hierarchical,Agglomerative_single,{'k': 11},11,0.13861243999827585,0.7228437601957628,44.95950029338247,0.011595230364607727,0.04919754486163054,0.28405063291139243,1.3767088607594937,1.8106576188385888,1975,0.0,0.8410126582278481,1,1661,largest_cluster_ratio>0.7; min_cluster_size<10,False,0.43599485426600104,0.8701330295602774,0.029253105115747517,0.09440539421153568,0.2358586617321039,0.3081644857576299,False
MI,hierarchical,Agglomerative_single,{'k': 13},13,0.11353980101931622,0.6972559605104851,37.720965278876456,0.011638881205815486,0.05129564448849967,0.2850632911392405,1.3746835443037975,1.8092588873676945,1975,0.0,0.8405063291139241,1,1660,largest_cluster_ratio>0.7; min_cluster_size<10,False,0.41635457459683833,0.8754726440189813,0.02935985514156912,0.09860325631697363,0.2364489602661427,0.3048297845382236,False
MI,hierarchical,Agglomerative_single,{'k': 15},15,0.06329821478989664,0.6754954118856306,32.54860850190826,0.011507642415891679,0.05317494012625716,0.28556962025316457,1.3736708860759494,1.8086990919064705,1975,0.0,0.84,1,1659,largest_cluster_ratio>0.7; min_cluster_size<10,False,0.3769985736032366,0.8800135948430358,0.029038904987447645,0.10236333703079052,0.23668520749943822,0.29620295092863264,False
MI,hierarchical,Agglomerative_single,{'k': 17},17,-0.03936782036338624,0.6941450424186224,28.728186317904015,0.01147397754749728,0.054459537180106835,0.28607594936708863,1.3731645569620252,1.8085591159675614,1975,0.0,0.838987341772152,1,1657,largest_cluster_ratio>0.7; min_cluster_size<10,False,0.2965766585177655,0.8761218246217477,0.02895657609134967,0.10493354924762399,0.23674428073347786,0.2758904708793801,False
MI,hierarchical,Agglomerative_single,{'k': 19},19,-0.048145586332464824,0.6913319182592956,26.400655571278847,0.011652722807980975,0.057215655873602625,0.28810126582278484,1.3670886075949367,1.8035127467939065,1975,0.0,0.8369620253164557,1,1653,largest_cluster_ratio>0.7; min_cluster_size<10,False,0.28970072580689954,0.8767088621404099,0.02939370538013716,0.11044797100021735,0.23887397066139693,0.27562192690013265,False
MI,hierarchical,Agglomerative_complete,{'k': 3},3,0.12592855912342432,1.4780952365455378,109.79485244979892,0.023739845997029704,0.11864327433833231,0.29670886075949365,1.1321518987341772,1.4966629547095767,1975,0.0,0.8962025316455696,13,1770,largest_cluster_ratio>0.7,False,0.42605912440998234,0.7125285558393497,0.05895328949899918,0.233351892471852,0.3683720095678059,0.3368095726374868,False
MI,hierarchical,Agglomerative_complete,{'k': 5},5,0.12015503968689173,1.7972391919355737,213.18577594984356,0.2224338721055733,0.2930507805701245,0.46835443037974683,1.1848101265822786,1.8188882402115163,1975,0.0,0.3756962025316456,13,742,,True,0.4215365236377219,0.6459301886655961,0.5448681500335759,0.5823051318406143,0.23238514030803736,0.4723134945553635,False
MI,hierarchical,Agglomerative_complete,{'k': 7},7,0.134677467950868,1.530562775776863,206.71448486150885,0.23477346364790672,0.3214264996901506,0.5063291139240507,0.8577215189873417,1.4142135623730951,1975,0.0,0.3037974683544304,8,600,min_cluster_size<10,False,0.43291245230718517,0.7015797273141136,0.575045156462904,0.6390790592952703,0.4031676486460464,0.5337217499131391,False
MI,hierarchical,Agglomerative_complete,{'k': 9},9,0.12895994099793676,1.5224861043700024,198.9271114465833,0.1706404258992807,0.31181475470943437,0.5063291139240507,0.8577215189873417,1.4142135623730951,1975,0.0,0.2977215189873418,8,588,min_cluster_size<10,False,0.42843371241603206,0.7032651520850088,0.4182050304479508,0.6198479515323408,0.4031676486460464,0.49076018098780744,False
MI,hierarchical,Agglomerative_complete,{'k': 11},11,0.1374081436801553,1.479541165428312,220.80033691020526,0.17367964381653953,0.32193834981806974,0.5255696202531646,0.8739240506329113,1.4731349504639693,1975,0.0,0.2977215189873418,8,588,min_cluster_size<10,False,0.4350514866168166,0.7122268220887467,0.4256375697110702,0.6401031652186203,0.37830139680477193,0.4936820415390311,False
MI,hierarchical,Agglomerative_complete,{'k': 13},13,0.14182249398450372,1.5503333386517326,226.9040918748549,0.18054058403395562,0.3262978533896032,0.5620253164556962,0.7655696202531646,1.3178425022587084,1975,0.0,0.20050632911392405,8,396,min_cluster_size<10,False,0.4385094024192901,0.697454043016057,0.44241629665206333,0.6488256274921448,0.4438385684709325,0.5109410890382551,False
MI,hierarchical,Agglomerative_complete,{'k': 15},15,0.1579137565668886,1.5519611561341666,234.2403123978826,0.1663629844236068,0.32389710450446924,0.5746835443037974,0.7336708860759493,1.2667110807225601,1975,0.0,0.1848101265822785,8,365,min_cluster_size<10,False,0.4511142541707623,0.6971143530906925,0.40774436175647516,0.6440222270050978,0.4654172658865344,0.5089685941734848,False
MI,hierarchical,Agglomerative_complete,{'k': 17},17,0.15867570428844488,1.4861908947455653,212.4454149248381,0.16456566008225518,0.3229418961848503,0.5746835443037974,0.7336708860759493,1.2667110807225601,1975,0.0,0.1848101265822785,5,365,min_cluster_size<10,False,0.45171111461122915,0.7108391689397617,0.4033489271087008,0.642111053314213,0.4654172658865344,0.5097909969453855,False
MI,hierarchical,Agglomerative_complete,{'k': 19},19,0.17310947059805107,1.4380918711717345,220.40077419271245,0.16071241926319446,0.33970259023079213,0.5939240506329114,0.640506329113924,1.128458116865215,1975,0.0,0.1848101265822785,5,365,min_cluster_size<10,False,0.46301759125446945,0.7208763837406942,0.3939256595255215,0.6756457251168535,0.5237633627533835,0.5284668015743066,False
MI,hierarchical,Agglomerative_average,{'k': 3},3,0.25376833456550624,1.2193522049709118,85.68361707374191,6.470965273443725e-05,0.04878525794026672,0.2379746835443038,1.3275949367088609,1.6811689724486503,1975,0.0,0.9650632911392405,34,1906,largest_cluster_ratio>0.7,False,0.5262005153753473,0.7665225705447121,0.0010547165011839154,0.09358049361025035,0.29050600450603703,0.3189304684935846,False
MI,hierarchical,Agglomerative_average,{'k': 5},5,0.22261836439917634,0.9328902244226003,44.52346579575851,3.825320457446754e-05,0.049887352199757665,0.23848101265822785,1.3270886075949366,1.6810183772969667,1975,0.0,0.9650632911392405,1,1906,largest_cluster_ratio>0.7; min_cluster_size<10,False,0.5017996485074361,0.8263009239794854,0.0009900161094828124,0.09578555559552962,0.29056955930488304,0.3221242999514585,False
MI,hierarchical,Agglomerative_average,{'k': 7},7,0.15536388377024513,0.8705525531778304,34.3472024740767,-0.00012111792931111805,0.0527323653549064,0.24050632911392406,1.3255696202531646,1.6814701222893906,1975,0.0,0.9625316455696202,1,1901,largest_cluster_ratio>0.7; min_cluster_size<10,False,0.44911684915532324,0.8393094333001214,0.0006002670877736901,0.1014778367248548,0.290378911984553,0.3116231519614313,False
MI,hierarchical,Agglomerative_average,{'k': 9},9,0.16786730222481996,0.9156070901890426,77.56306314815386,0.010465164842343729,0.07377361219791514,0.29215189873417724,1.3549367088607596,1.793659719644007,1975,0.0,0.8146835443037974,1,1609,largest_cluster_ratio>0.7; min_cluster_size<10,False,0.45891121645245925,0.8299075362939597,0.026489480856878904,0.14357700667954348,0.24303218659022807,0.3159792930914056,False
MI,hierarchical,Agglomerative_average,{'k': 11},11,0.1539443981303967,0.9029366109040636,63.202788058975784,0.010164625972127351,0.07464994432810416,0.29215189873417724,1.3549367088607596,1.793659719644007,1975,0.0,0.8146835443037974,1,1609,largest_cluster_ratio>0.7; min_cluster_size<10,False,0.4480049161443475,0.8325515883508354,0.02575450001187538,0.14533036547813769,0.24303218659022807,0.31372858443144735,False
MI,hierarchical,Agglomerative_average,{'k': 13},13,0.19722187886832007,0.8793490431240739,109.54775496442251,0.11212169290899829,0.1881427220043777,0.36860759493670886,1.068860759493671,1.5226559075044592,1975,0.0,0.5103797468354431,1,1008,min_cluster_size<10,False,0.48190568844768983,0.8374737981349052,0.2750949302776542,0.3724058696852793,0.35740235438420687,0.4422125757312051,False
MI,hierarchical,Agglomerative_average,{'k': 15},15,0.18667091992062426,0.8943200662968772,96.20739559260014,0.11230558761507511,0.1913119666070373,0.370126582278481,1.0673417721518987,1.5221570304395193,1975,0.0,0.5103797468354431,1,1008,min_cluster_size<10,False,0.47364075133099864,0.8343496728572993,0.27554465275903145,0.37874687067969887,0.35761289257987017,0.4407834110690313,False
MI,hierarchical,Agglomerative_average,{'k': 17},17,0.257070536453004,0.9230866977385612,158.42668059578585,0.1548411695092356,0.24994966128658272,0.45721518987341775,1.0081012658227848,1.5378762275096265,1975,0.0,0.3346835443037975,1,661,min_cluster_size<10,False,0.528787246219632,0.8283467056985951,0.3795672635473753,0.496068733423092,0.3509790109665406,0.49594674550331297,False
MI,hierarchical,Agglomerative_average,{'k': 19},19,0.24572555949998973,0.9157926599115696,142.46911292030518,0.15499552418917834,0.2513222155720493,0.4587341772151899,1.0055696202531645,1.535404948028493,1975,0.0,0.3346835443037975,1,661,min_cluster_size<10,False,0.5199003268816083,0.8298688119493232,0.3799447446133448,0.4988149298137823,0.3520219507196446,0.494668219282133,False
MI,hierarchical,Agglomerative_ward,{'k': 3},3,0.18974132191180546,1.7380727883863745,400.46656917781235,0.14458879515647133,0.17619193265940541,0.3756962025316456,1.158481012658228,1.6943689314754822,1975,0.0,0.40455696202531644,431,799,,True,0.47604590516638706,0.658276923740382,0.35449463730218433,0.3484948193810603,0.28493530231977027,0.41563795754931326,False
MI,hierarchical,Agglomerative_ward,{'k': 5},5,0.2444734118315499,1.5022243952408607,422.175653019647,0.26154205816219767,0.347652947461727,0.530126582278481,0.8374683544303797,1.3892899561569143,1975,0.0,0.270379746835443,265,534,,True,0.5189194755872596,0.7074933278701376,0.6405089156149413,0.6915527406451099,0.41368601369217284,0.5824512108162719,False
MI,hierarchical,Agglomerative_ward,{'k': 7},7,0.2620645035769181,1.483990077438081,397.8726785452211,0.22329701651606468,0.32215619594061634,0.530126582278481,0.8374683544303797,1.3892899561569143,1975,0.0,0.21822784810126583,198,431,,True,0.532699196256267,0.7112984314031445,0.546979007134111,0.6405390301179529,0.41368601369217284,0.5554323728141937,False
MI,hierarchical,Agglomerative_ward,{'k': 9},9,0.28725636513756825,1.3347090188405764,382.8000193290944,0.17328173170203195,0.3222769044546409,0.530126582278481,0.8374683544303797,1.3892899561569143,1975,0.0,0.21822784810126583,68,431,,True,0.552432867165548,0.7424501251283571,0.4246644583729349,0.6407805428136982,0.41368601369217284,0.5344961343143636,False
MI,hierarchical,Agglomerative_ward,{'k': 11},11,0.2815788691262342,1.3100452955479827,365.7536260872328,0.18662472153510132,0.35900950136953513,0.5837974683544304,0.6025316455696202,1.0326321290392095,1975,0.0,0.21822784810126583,68,431,,True,0.5479854849184406,0.7475969050437233,0.4572953188513889,0.7142748491129005,0.5642042488802569,0.5834418138420023,False
MI,hierarchical,Agglomerative_ward,{'k': 13},13,0.2690554887800758,1.3324009418682374,347.49655032782493,0.17974144292367006,0.35410245656503475,0.5929113924050633,0.5554430379746835,0.9549338899511396,1975,0.0,0.13721518987341771,61,271,,True,0.5381754807697647,0.7429317703391561,0.440461962398754,0.7044568704188966,0.5969947862961047,0.5811666141650585,False
MI,hierarchical,Agglomerative_ward,{'k': 15},15,0.2750046983742623,1.3552408144723027,333.9024931494711,0.17154800782302176,0.35289333048313287,0.5979746835443038,0.5544303797468354,0.9591663046625439,1975,0.0,0.13721518987341771,34,271,,True,0.542835705819802,0.7381655881940852,0.42042456141491324,0.7020376599605798,0.5952086048512926,0.5758872750021371,False
MI,hierarchical,Agglomerative_ward,{'k': 17},17,0.28238776615304695,1.293010984466857,323.5914376740145,0.1685598969778336,0.3582883407280427,0.6086075949367089,0.5331645569620254,0.9367328084520045,1975,0.0,0.13721518987341771,21,271,,True,0.5486191224004578,0.7511515934054261,0.41311700671365476,0.7128319562730729,0.60467608320722,0.580966781371747,False
MI,hierarchical,Agglomerative_ward,{'k': 19},19,0.2681401190883744,1.3110872974322554,315.7055556127153,0.16556155024587874,0.36201090332940117,0.6248101265822785,0.45569620253164556,0.7942833725751579,1975,0.0,0.11240506329113924,21,222,,True,0.5374584395057487,0.7473794620280794,0.40578441970725804,0.7202800317978191,0.6647931928329818,0.5889182774437328,False
MI,density,DBSCAN,"{'eps': 0.2, 'min_samples': 5}",13,-0.37464422570644346,1.0812568282353818,8.050247765889447,0.00375553911460464,0.0919762563386267,1.0,0.0,0.0,1975,0.9463291139240506,0.013164556962025316,5,26,min_cluster_size<10; noise_ratio>0.5,False,0.03394286185459396,0.7953400569783523,0.010080800064671843,0.17999672149122314,1.0,0.35730643225025277,True
MI,density,DBSCAN,"{'eps': 0.2, 'min_samples': 10}",1,,,,,,,,,1975,0.9949367088607595,0.005063291139240506,10,10,n_clusters<=1; noise_ratio>0.5,False,,,,,,0.0,False
MI,density,DBSCAN,"{'eps': 0.2, 'min_samples': 20}",0,,,,,,,,,1975,1.0,1.0,0,0,n_clusters<=1; largest_cluster_ratio>0.7; min_cluster_size<10; noise_ratio>0.5,False,,,,,,0.0,False
MI,density,DBSCAN,"{'eps': 0.4, 'min_samples': 5}",33,-0.32211453145108554,1.1965756060614892,14.789145951238094,0.024464023421935533,0.2186948024467252,0.8150406504065041,0.18495934959349594,0.43006900561827976,1975,0.7508860759493671,0.021265822784810127,3,42,min_cluster_size<10; noise_ratio>0.5,False,0.07509121831506126,0.7712755488528401,0.06072429680765965,0.4335342446626904,0.8185004707231778,0.3783754419526454,False
MI,density,DBSCAN,"{'eps': 0.4, 'min_samples': 10}",12,-0.28865149108143934,1.2901265538288422,14.059839494365091,0.009488430233485477,0.14736141031837016,0.9747474747474747,0.025252525252525252,0.15891043154093204,1975,0.899746835443038,0.013164556962025316,10,26,noise_ratio>0.5,False,0.10130399440105121,0.751753511027469,0.02410083399850089,0.2908109250294775,0.9329359518005919,0.37432306286854844,True
MI,density,DBSCAN,"{'eps': 0.4, 'min_samples': 20}",2,0.00867579260248292,1.0176062717089844,24.719007994638787,0.0016458271312237635,0.04527702712151571,1.0,0.0,0.0,1975,0.9762025316455696,0.013164556962025316,21,26,noise_ratio>0.5,False,0.33421090977302903,0.808622536758294,0.004921407886405623,0.08656125151966347,1.0,0.41906064765655227,False
MI,density,DBSCAN,"{'eps': 0.6, 'min_samples': 5}",64,-0.11977611743196427,1.3108827749759742,23.4351469325537,0.055475944037385115,0.2929568684519219,0.7411545623836127,0.27281191806331473,0.5484021142894778,1975,0.4562025316455696,0.10632911392405063,4,210,min_cluster_size<10,False,0.23359001225873996,0.7474221413939539,0.13656529402281245,0.5821172331740327,0.7685610348626257,0.4456819397281112,True
MI,density,DBSCAN,"{'eps': 0.6, 'min_samples': 10}",17,-0.20486549655771705,1.2874998546108114,35.47205844265105,0.04219479875227698,0.23110083288964398,0.7310789049919485,0.27697262479871176,0.5413646501019735,1975,0.6855696202531646,0.09265822784810127,10,183,noise_ratio>0.5,False,0.16693650983693217,0.7523016457360322,0.10408567706931976,0.4583561379647509,0.7715310150766108,0.4036604172970026,True
MI,density,DBSCAN,"{'eps': 0.6, 'min_samples': 20}",9,-0.18151417083461563,1.3106135767545184,32.31623157352902,0.019533323002117485,0.17076256334330914,0.7714285714285715,0.22857142857142856,0.47809144373375745,1975,0.8227848101265823,0.05012658227848101,22,99,noise_ratio>0.5,False,0.18522842431120404,0.7474783171782425,0.04866605502879096,0.33763177769486596,0.7982338395574324,0.3808869019774515,False
MI,density,DBSCAN,"{'eps': 0.8, 'min_samples': 5}",39,0.08178924813505661,1.580264776919848,70.61370178338056,0.11411232990594666,0.3381656267349411,0.6846254927726675,0.34231274638633374,0.6325594091029538,1975,0.22936708860759494,0.11240506329113924,4,222,min_cluster_size<10,False,0.39148325016941365,0.6912080061347308,0.2799631194109235,0.6725705800026522,0.7330446196029453,0.5190373042362808,True
MI,density,DBSCAN,"{'eps': 0.8, 'min_samples': 10}",19,-0.042807498723798916,1.5821780623648425,70.19126085304005,0.09800322111158484,0.3220346971356059,0.7121771217712177,0.3081180811808118,0.5905154418682638,1975,0.4511392405063291,0.10987341772151898,12,217,,True,0.29388223751855747,0.6908087452857568,0.24056759501366498,0.6402959362138896,0.7507881913608214,0.48343579863016684,True
MI,density,DBSCAN,"{'eps': 0.8, 'min_samples': 20}",11,-0.1231740990909409,1.380987634390219,70.02519310780619,0.07310838698682197,0.2658446676548742,0.6967654986522911,0.316711590296496,0.5862301324514717,1975,0.6243037974683544,0.10835443037974683,20,214,noise_ratio>0.5,False,0.23092825375182766,0.7327927896889269,0.17968619818114376,0.5278713437684908,0.7525966956515111,0.44227257213215776,True
MI,density,DBSCAN,"{'eps': 1.0, 'min_samples': 5}",19,0.20022841564662786,1.6093822277210854,130.93950310337965,0.16877146250041844,0.3339490256718729,0.5580985915492958,0.5933098591549296,0.9873020096282406,1975,0.13721518987341771,0.2020253164556962,4,399,min_cluster_size<10,False,0.484260814416326,0.6851318306444114,0.4136343993772096,0.6641340360036347,0.5833346563908495,0.5435306147237607,False
MI,density,DBSCAN,"{'eps': 1.0, 'min_samples': 10}",14,0.19915220048133178,2.099224097928965,154.66793455265696,0.15987736613904158,0.34628657143875713,0.6131339401820546,0.43953185955786733,0.7407864937948158,1975,0.22126582278481013,0.1827848101265823,21,361,,True,0.4834177772374974,0.5829125400132812,0.3918835008843752,0.6888189056760033,0.687370170456497,0.5470590704751602,False
MI,density,DBSCAN,"{'eps': 1.0, 'min_samples': 20}",10,0.06067221055808407,1.6606982299779305,126.4659212588613,0.1251606968617639,0.3267759308235039,0.6492335437330928,0.39675383228133454,0.7029501147601431,1975,0.43848101265822786,0.17670886075949366,24,349,,True,0.37494153215783926,0.6744233027137669,0.3069823800983988,0.6497821612608636,0.7033380381582393,0.509779405291902,False
MI,density,DBSCAN,"{'eps': 1.2, 'min_samples': 5}",13,0.21878526854540914,1.584453942103193,150.2954744172311,0.13814752119385898,0.3242006262554746,0.4740947075208914,0.7192200557103064,1.073094605999948,1975,0.09113924050632911,0.4339240506329114,5,857,min_cluster_size<10,False,0.4987970497530779,0.6903338189338768,0.33874222239315255,0.6446295110636832,0.5471281042945979,0.5190549383951112,False
MI,density,DBSCAN,"{'eps': 1.2, 'min_samples': 10}",7,0.22950314579436348,2.5418086241967703,213.39797331312403,0.13538896711493045,0.31035195023507944,0.47153024911032027,0.7176749703440095,1.0660288721917348,1975,0.14632911392405062,0.4111392405063291,91,812,,True,0.507192739844012,0.490554824042185,0.3319960587223465,0.6169211832359646,0.5501100149727283,0.4859406037278577,False
MI,density,DBSCAN,"{'eps': 1.2, 'min_samples': 20}",12,0.20758484859399678,1.9402087279035753,158.36967523921618,0.16062569428172022,0.3471028661412842,0.5825242718446602,0.47119741100323626,0.7640803427824441,1975,0.21772151898734177,0.27544303797468356,21,544,,True,0.49002336699705007,0.6160955717466525,0.39371356982104844,0.690452142036529,0.6775396024056284,0.5524243117531276,False
MI,density,DBSCAN,"{'eps': 1.4, 'min_samples': 5}",13,0.19524287877556532,1.5497259134195167,162.12558652964435,0.13818521153310506,0.32916623953590896,0.4662379421221865,0.7395498392282959,1.0966185969911695,1975,0.05518987341772152,0.45164556962025315,5,892,min_cluster_size<10,False,0.4803554680931583,0.6975807993840297,0.33883439575285007,0.6545646731280799,0.5372004107481151,0.5150593689879415,False
MI,density,DBSCAN,"{'eps': 1.4, 'min_samples': 10}",8,0.22798866958705497,2.402445664993044,210.16335366298492,0.13788498356110238,0.3200168517189846,0.4672635702294348,0.7341913822048125,1.0891950380908273,1975,0.09518987341772152,0.4339240506329114,9,857,min_cluster_size<10,False,0.5060063973816652,0.5196368272282632,0.3381001752229154,0.6362586461345302,0.5403333322755194,0.492477630610668,False
MI,density,DBSCAN,"{'eps': 1.4, 'min_samples': 20}",7,0.23626432745286233,2.548371631300124,219.76573838931668,0.1366714407999856,0.31364981981591405,0.4694944799535154,0.7251597908192912,1.0763961650998761,1975,0.12860759493670887,0.42025316455696204,90,830,,True,0.5124890111610587,0.4891852679235398,0.3351324037550472,0.6235195361286346,0.5457347664472098,0.4879580276262946,False
MI,density,OPTICS,"{'min_samples': 5, 'xi': 0.03}",109,-0.17188813076549747,1.2760623650504006,13.280249315315539,0.01857938839141805,0.2946462358380026,0.8945102260495156,0.10656620021528525,0.3297257235110524,1975,0.529620253164557,0.012658227848101266,5,25,min_cluster_size<10; noise_ratio>0.5,False,0.19276883995004843,0.7546883997898863,0.04633316655501319,0.5854973068566028,0.8608477643682306,0.4329729104968849,True
MI,density,OPTICS,"{'min_samples': 5, 'xi': 0.05}",93,-0.2354305645353332,1.2156470083781492,12.290963845057945,0.014141737924446604,0.2783098219135575,0.9042690815006468,0.09702457956015524,0.3156135321588087,1975,0.6086075949367089,0.012151898734177215,5,24,min_cluster_size<10; noise_ratio>0.5,False,0.14299381741867045,0.767295764080006,0.035480699825179735,0.5528115315607406,0.8668034506744651,0.4159954137919676,False
MI,density,OPTICS,"{'min_samples': 10, 'xi': 0.03}",33,-0.25258950991621765,1.342021605941653,22.010405012285926,0.01904077999290767,0.24137495637735498,0.8107692307692308,0.19384615384615383,0.45064056971928645,1975,0.6708860759493671,0.019240506329113925,10,38,noise_ratio>0.5,False,0.12955261219128034,0.7409241480496047,0.047461519732411576,0.47891252771065224,0.8098187727815813,0.38919278890127784,False
MI,density,OPTICS,"{'min_samples': 10, 'xi': 0.05}",28,-0.28304378266656155,1.3064550938393065,21.55124125313653,0.01828543394702522,0.23721400077117483,0.8275261324041812,0.18292682926829268,0.4514784076932588,1975,0.7093670886075949,0.03139240506329114,10,62,noise_ratio>0.5,False,0.10569670957011423,0.7483461016604351,0.04561428820900478,0.4705873187272931,0.8094651848784781,0.3825607994786346,False
MI,density,OPTICS,"{'min_samples': 20, 'xi': 0.03}",15,-0.11282192531927603,1.3760461290433623,65.46839000738676,0.03355861216531203,0.23951878686845673,0.6662531017369727,0.40818858560794047,0.764439170671917,1975,0.5918987341772152,0.08556962025316456,21,169,noise_ratio>0.5,False,0.23903747545082352,0.7338239738361523,0.08296550811837608,0.47519871758319854,0.6773881683516045,0.39733178327552343,False
MI,density,OPTICS,"{'min_samples': 20, 'xi': 0.05}",11,-0.09832596989470757,1.2482831534490324,86.34216225028473,0.06687610004516419,0.2595158612384342,0.6949924127465857,0.503793626707132,1.011316844635148,1975,0.6663291139240506,0.0840506329113924,23,166,noise_ratio>0.5,False,0.2503926670143904,0.7604853140123861,0.16444487009807016,0.5152087150315176,0.5731998147899113,0.40970345159268295,False
MI,model,GMM,"{'n_components': 3, 'covariance_type': 'full'}",3,0.23365495229835134,1.7750791028948851,385.1181088637363,0.09518794918022483,0.14111135322560342,0.3270886075949367,1.5017721518987341,2.0098491662027964,1975,0.0,0.47645569620253164,377,941,,True,0.5104449958565921,0.6505545148406954,0.23368272537422044,0.2783058573527337,0.1517950077365069,0.35571998768401886,False
MI,model,GMM,"{'n_components': 3, 'covariance_type': 'tied'}",3,0.23438936098320048,1.649205895491657,459.1150411080783,0.10977856334115953,0.1362599790976855,0.37468354430379747,1.2607594936708861,1.818609846050521,1975,0.0,0.36,615,711,,True,0.5110202840013304,0.6768215017047678,0.26936470527054285,0.268599264133765,0.23250262938191613,0.38340988807013143,False
MI,model,GMM,"{'n_components': 3, 'covariance_type': 'diag'}",3,0.23912205475205467,1.63922720228977,463.9823965375331,0.11190498158641655,0.14869308851983734,0.37670886075949367,1.310886075949367,1.8846481725184716,1975,0.0,0.3822784810126582,534,755,,True,0.5147275694325449,0.6789038368471062,0.27456495333697334,0.2934753368557732,0.20463285729515335,0.3841065782068422,False
MI,model,GMM,"{'n_components': 3, 'covariance_type': 'spherical'}",3,0.13317408705367623,1.7187387173873547,282.3966450072113,0.07737948841525673,0.14624589392480009,0.3508860759493671,1.3848101265822785,1.9674567532602507,1975,0.0,0.6172151898734177,357,1219,,True,0.4317348011913652,0.6623115217254276,0.19013136201205408,0.2885790081383094,0.16968563201648568,0.3320372466837126,False
MI,model,GMM,"{'n_components': 5, 'covariance_type': 'full'}",5,0.2625159209149068,1.6127396214917002,416.3402760458085,0.15996782962995237,0.19803771923459312,0.4318987341772152,1.12,1.687481833001132,1975,0.0,0.26784810126582276,254,529,,True,0.5330528073290004,0.684431215955316,0.3921047332758582,0.3922037064391608,0.2878418245635219,0.45035298842309057,False
MI,model,GMM,"{'n_components': 5, 'covariance_type': 'tied'}",5,0.26716128088801067,1.5800343645439643,430.8312855370665,0.107807936785021,0.14328506954230466,0.3878481012658228,1.2592405063291139,1.8117758265220396,1975,0.0,0.2739240506329114,256,541,,True,0.5366916811273372,0.6912560881608865,0.2645454525383611,0.2826550127679458,0.23538675102584816,0.393473298760919,False
MI,model,GMM,"{'n_components': 5, 'covariance_type': 'diag'}",5,0.23505258701624934,1.730875895438994,367.70591011257363,0.11416353777081312,0.15223693478301806,0.3929113924050633,1.2445569620253165,1.8037934710148913,1975,0.0,0.3210126582278481,256,634,,True,0.5115398122721231,0.6597787579782702,0.280088350465939,0.3005658380622882,0.23875549824580844,0.389709829739761,False
MI,model,GMM,"{'n_components': 5, 'covariance_type': 'spherical'}",5,0.29431217831178275,1.3759240114282203,483.34015867207444,0.19282500422879056,0.2384449063067596,0.460253164556962,1.0136708860759494,1.5667429732741096,1975,0.0,0.30734177215189873,228,607,,True,0.5579599337081335,0.7338494571130068,0.47245837915765654,0.4730501053543113,0.33879654559572125,0.5063988217056895,False
MI,model,GMM,"{'n_components': 7, 'covariance_type': 'full'}",7,0.2632639837441689,1.944537477149294,347.3330360280477,0.17842941619760225,0.27470214493480166,0.4941772151898734,0.9827848101265823,1.5807384910905378,1975,0.0,0.2420253164556962,108,478,,True,0.5336387912451387,0.615192256403214,0.43725334412219546,0.5455933183339553,0.3328900983454358,0.4834188897214961,False
MI,model,GMM,"{'n_components': 7, 'covariance_type': 'tied'}",7,0.2632265436424048,1.6404918279510519,374.23490015432475,0.1315904684772027,0.21630805128643524,0.4521518987341772,1.1179746835443038,1.7050928925287028,1975,0.0,0.22278481012658227,158,440,,True,0.5336094630970284,0.6786399371156371,0.32270666551842625,0.4287588507192472,0.2804095312046342,0.4362707565700231,False
MI,model,GMM,"{'n_components': 7, 'covariance_type': 'diag'}",7,0.2625449173594878,1.4243215883343736,374.87959787049687,0.1701868988548251,0.26926426062819764,0.4931645569620253,0.9868354430379747,1.5800977377236807,1975,0.0,0.2830379746835443,165,559,,True,0.5330755212635592,0.7237499407578347,0.41709591038595706,0.5347132399181783,0.3331605117743225,0.4929444373686455,False
MI,model,GMM,"{'n_components': 7, 'covariance_type': 'spherical'}",7,0.207586705680346,1.6273211094405937,320.15805922996043,0.18951843143320946,0.31893423589198616,0.5073417721518987,0.760506329113924,1.2613033243234424,1975,0.0,0.24,141,474,,True,0.49002482171808287,0.6813883781639085,0.4643720119412889,0.634092556451894,0.4676994699702083,0.529461242601255,False
MI,model,GMM,"{'n_components': 9, 'covariance_type': 'full'}",9,0.2685542812479152,1.7452662537040853,327.91751580794,0.20709508783505945,0.36203371811894314,0.549367088607595,0.6739240506329114,1.1754880483861732,1975,0.0,0.21316455696202533,88,421,,True,0.5377828672873074,0.6567758047738796,0.5073564876773808,0.7203256794587954,0.5039155933920374,0.5686331800544808,False
MI,model,GMM,"{'n_components': 9, 'covariance_type': 'tied'}",9,0.26984771577536765,1.43798358046828,336.7689160356524,0.1520600707052447,0.27266395848699176,0.4936708860759494,0.8820253164556962,1.4102697470674435,1975,0.0,0.22278481012658227,16,440,,True,0.5387960600299715,0.7208989816433283,0.3727659657734005,0.541515330070907,0.4048320341566959,0.4982190600393175,False
MI,model,GMM,"{'n_components': 9, 'covariance_type': 'diag'}",9,0.2724972542599414,1.4609144708878383,349.1334863160688,0.18196216334481044,0.30931349372713374,0.5326582278481012,0.7756962025316456,1.296929187140029,1975,0.0,0.20810126582278482,89,411,,True,0.5408715366830237,0.7161138060697647,0.4458928305272967,0.6148434471899619,0.4526644936133436,0.5368675785142079,False
MI,model,GMM,"{'n_components': 9, 'covariance_type': 'spherical'}",9,0.25119279046854204,1.515501551469113,340.39807393931636,0.21907025572738006,0.3551928941749623,0.5802531645569621,0.5817721518987342,1.0230260399818827,1975,0.0,0.1660759493670886,113,328,,True,0.524183001127761,0.7047226755968343,0.5366422802612824,0.7066386098665557,0.5682582509574108,0.5905621633582514,False
MI,model,GMM,"{'n_components': 11, 'covariance_type': 'full'}",11,0.28227324135214216,1.5768226188416208,326.7248718545937,0.18614133151750958,0.37118621140213975,0.5620253164556962,0.6324050632911392,1.0789117818021048,1975,0.0,0.17974683544303796,57,355,,True,0.5485294110972037,0.6919263092819226,0.45611316759308396,0.7386379198461308,0.5446731153137154,0.574679902104523,False
MI,model,GMM,"{'n_components': 11, 'covariance_type': 'tied'}",11,0.24025744135102176,1.5517826130115182,303.94530205660027,0.1597691266619243,0.3081296224695955,0.5382278481012658,0.730632911392405,1.204842549721852,1975,0.0,0.14430379746835442,21,285,,True,0.5156169576758426,0.697151611137532,0.39161879654747156,0.6124747663961176,0.491527283365087,0.5215583518588933,False
MI,model,GMM,"{'n_components': 11, 'covariance_type': 'diag'}",11,0.2927652550957377,2.1824781377718847,278.6569224983569,0.17433969642410968,0.3252531625018799,0.529113924050633,0.7812658227848102,1.2707019887856466,1975,0.0,0.20810126582278482,11,411,,True,0.5567481743630027,0.5655392417868402,0.4272517569970922,0.6467354177455208,0.46373300609246737,0.5205877829883714,False
MI,model,GMM,"{'n_components': 11, 'covariance_type': 'spherical'}",11,0.22771792976050714,1.8341590463572606,290.1662638660657,0.21752451749493434,0.38488331529741204,0.6086075949367089,0.4982278481012658,0.8644893129194245,1975,0.0,0.1448101265822785,94,286,,True,0.505794317356286,0.6382258220960584,0.5328621103570724,0.7660429832949109,0.6351645868221807,0.5973373451014211,False
MI,model,GMM,"{'n_components': 13, 'covariance_type': 'full'}",13,0.30271945828698993,1.3985099108334538,324.86545846167166,0.18269605896859872,0.35869541522846426,0.56,0.6425316455696203,1.090581078419938,1975,0.0,0.18075949367088606,29,357,,True,0.5645456517136689,0.7291362736228137,0.4476876041129163,0.7136464279013625,0.5397483897104755,0.5774253971273677,False
MI,model,GMM,"{'n_components': 13, 'covariance_type': 'tied'}",13,0.27576810954171077,1.3632805144809887,275.6598749510959,0.1607237581903269,0.31254701951212727,0.520506329113924,0.7367088607594937,1.196408126461573,1975,0.0,0.20506329113924052,12,405,,True,0.5434337126288911,0.736487878545814,0.39395338936372587,0.6213130614951875,0.4950868141182073,0.5370342793279459,False
MI,model,GMM,"{'n_components': 13, 'covariance_type': 'diag'}",13,0.2975215734211485,2.0163049010183025,265.02553866373404,0.17395367623876487,0.33341569655495357,0.5336708860759494,0.7635443037974684,1.2443289076364603,1975,0.0,0.20455696202531645,14,404,,True,0.5604739657400103,0.6002159638392475,0.42630772788761667,0.6630669550790824,0.4748630846417812,0.5311604781730124,False
MI,model,GMM,"{'n_components': 13, 'covariance_type': 'spherical'}",13,0.2470331717954694,1.5862011386758097,289.0188991257889,0.20522258700961923,0.3865188666232751,0.6131645569620253,0.4891139240506329,0.8714893406611902,1975,0.0,0.13822784810126582,52,273,,True,0.52092462556846,0.689969217201954,0.5027772056764837,0.7693153822050545,0.6322104056943669,0.6012602288611606,False
MI,model,GMM,"{'n_components': 15, 'covariance_type': 'full'}",15,0.29799983128994245,1.5720801655158385,287.1225640706089,0.19003175857304827,0.36714338409826175,0.5863291139240506,0.5878481012658228,1.0170695058582946,1975,0.0,0.18734177215189873,12,370,,True,0.5608486019442397,0.6929159556235205,0.46562737573077256,0.7305490610901221,0.5707720525228093,0.5842931574303613,False
MI,model,GMM,"{'n_components': 15, 'covariance_type': 'tied'}",15,0.2544534995601595,1.4823078151211635,274.6959082585991,0.155184773778802,0.3067778200107761,0.5640506329113925,0.669873417721519,1.1306993467134523,1975,0.0,0.14329113924050632,12,283,,True,0.5267372292061411,0.7116494827753309,0.38040756269473985,0.6097700901056098,0.522817509513224,0.5295626358100062,False
MI,model,GMM,"{'n_components': 15, 'covariance_type': 'diag'}",15,0.29545531746481724,1.914734582907739,275.2978700213211,0.17278672027103836,0.3356354583104575,0.5615189873417722,0.7088607594936709,1.1834299003802145,1975,0.0,0.20405063291139242,13,403,,True,0.5588553947996129,0.6214114689561008,0.423453886443999,0.6675082378652748,0.5005639396349097,0.5390280642610913,False
MI,model,GMM,"{'n_components': 15, 'covariance_type': 'spherical'}",15,0.25418397887733446,1.8016397197317169,247.70276070635913,0.17925187397936196,0.37225389198389824,0.620253164556962,0.4815189873417722,0.855362829225267,1975,0.0,0.13063291139240507,39,258,,True,0.5265261041789052,0.6450118947077247,0.4392647003071118,0.7407741272013384,0.6390161838282491,0.5771188411735135,False
MI,model,GMM,"{'n_components': 17, 'covariance_type': 'full'}",17,0.2886663646718328,1.3943167025200671,280.91333968072763,0.1966205055378868,0.38380214345880126,0.6116455696202532,0.5073417721518987,0.8944271909999159,1975,0.0,0.17721518987341772,13,350,,True,0.5535373693764872,0.7300113045365269,0.4817404422643792,0.763879782733485,0.6225300776895255,0.6074091315386235,False
MI,model,GMM,"{'n_components': 17, 'covariance_type': 'tied'}",17,0.29037030355052373,1.3319126518136588,270.4256566679656,0.17352051809235053,0.34189513859379916,0.5746835443037974,0.590379746835443,1.003790285223393,1975,0.0,0.2,8,395,min_cluster_size<10,False,0.5548721246108578,0.7430336657997874,0.4252484208494204,0.680032559550041,0.5763762050260401,0.5737653111727519,False
MI,model,GMM,"{'n_components': 17, 'covariance_type': 'diag'}",17,0.29146135689251274,1.7276706059616862,254.9819057585988,0.17430792463698574,0.3380509036586025,0.5645569620253165,0.7012658227848101,1.1763492119070893,1975,0.0,0.20354430379746835,2,402,min_cluster_size<10,False,0.555726785055202,0.660447631826271,0.42717405771336625,0.6723410429260455,0.5035521615435787,0.5463539442137053,False
MI,model,GMM,"{'n_components': 17, 'covariance_type': 'spherical'}",17,0.2898252032246622,1.5419226771138088,310.8422610820252,0.18454753739234905,0.3907328143983294,0.6410126582278481,0.4881012658227848,0.9239431184201489,1975,0.0,0.1448101265822785,44,286,,True,0.5544451283598187,0.6992091642264595,0.45221547491849323,0.7777466175251772,0.610073641947918,0.5952232464719072,False
MI,model,GMM,"{'n_components': 19, 'covariance_type': 'full'}",19,0.29526587269149374,1.3830852903346538,271.6289398766993,0.19280151317965916,0.37739084712433085,0.6045569620253165,0.5245569620253164,0.9140257315714276,1975,0.0,0.18329113924050633,6,362,min_cluster_size<10,False,0.558706996047768,0.7323550547469602,0.47240093077792383,0.7510521087829545,0.6142590192273416,0.6031398600813784,False
MI,model,GMM,"{'n_components': 19, 'covariance_type': 'tied'}",19,0.2624687784543696,1.3269691341042789,264.4023459354858,0.1684579557411397,0.33963166424178887,0.5893670886075949,0.5513924050632911,0.9464122793643611,1975,0.0,0.1878481012658228,8,371,min_cluster_size<10,False,0.5330158789821272,0.7440652698830822,0.41286770499693487,0.6755038169263584,0.6005911122111917,0.5695244814584199,False
MI,model,GMM,"{'n_components': 19, 'covariance_type': 'diag'}",19,0.2988160270213019,1.3135095782208377,241.59228709280777,0.1755136760171594,0.34167537065011633,0.5665822784810126,0.6936708860759494,1.16401748649269,1975,0.0,0.2020253164556962,2,399,min_cluster_size<10,False,0.5614879567581517,0.7468739849772645,0.43012277502113466,0.6795928494852941,0.5087564481316503,0.5636239977405354,False
MI,model,GMM,"{'n_components': 19, 'covariance_type': 'spherical'}",19,0.2629263977329098,1.6442077228653036,266.4077947016549,0.16623677215699284,0.3769079850839612,0.6455696202531646,0.47443037974683544,0.9280440845050466,1975,0.0,0.12658227848101267,44,250,,True,0.5333743482529555,0.6778645110745078,0.4074357041831671,0.7500860020092515,0.6083429350049262,0.5710636770725798,False
ET,partition,KMeans,"{'k': 3, 'n_init': 10}",3,0.27791786619458586,1.41940451159956,681.4431584155994,0.23704949607853817,0.29383613103808065,0.48253164556962025,0.8698734177215189,1.3616817598799924,1975,0.0,0.4156962025316456,507,821,,True,0.5451176926007856,0.724776027187723,0.5806112925101865,0.5838764552071031,0.42533734071872686,0.5627975867807122,False
ET,partition,KMeans,"{'k': 3, 'n_init': 20}",3,0.2778193517830632,1.4192672114943736,681.4415800756575,0.23694751937407288,0.29383936339884337,0.48253164556962025,0.8703797468354431,1.3629825820557435,1975,0.0,0.41620253164556964,507,822,,True,0.5450405227984616,0.7248046787183686,0.580361904055493,0.5838829224904404,0.42478836227692474,0.562611419350195,False
ET,partition,KMeans,"{'k': 5, 'n_init': 10}",5,0.2849014062145403,1.4097967146217547,576.7371155849642,0.36597179467902047,0.4589034483154866,0.5918987341772152,0.5691139240506329,0.9720134395070258,1975,0.0,0.3179746835443038,248,628,,True,0.5505881450405067,0.7267809643956886,0.895896366607121,0.9141419140876923,0.5897868030093367,0.7257169202862814,True
ET,partition,KMeans,"{'k': 5, 'n_init': 20}",5,0.2849014062145403,1.4097967146217547,576.7371155849642,0.36597179467902047,0.4589034483154866,0.5918987341772152,0.5691139240506329,0.9720134395070258,1975,0.0,0.3179746835443038,248,628,,True,0.5505881450405067,0.7267809643956886,0.895896366607121,0.9141419140876923,0.5897868030093367,0.7257169202862814,True
ET,partition,KMeans,"{'k': 7, 'n_init': 10}",7,0.27034594014533686,1.3573338513847,502.3259963162279,0.35792753828706364,0.4555147293650909,0.6156962025316456,0.47848101265822784,0.8434408130173042,1975,0.0,0.22886075949367088,121,452,,True,0.5391863366965959,0.7377288171431352,0.8762237886270123,0.907361790453109,0.6440475632150642,0.7294256351133516,True
ET,partition,KMeans,"{'k': 7, 'n_init': 20}",7,0.2652820065804701,1.3767665897211978,502.46694827108143,0.36119423274838824,0.45507852289428735,0.6222784810126583,0.45164556962025315,0.7891671623468518,1975,0.0,0.21721518987341773,138,429,,True,0.5352195794867344,0.7336736294415731,0.8842126316469654,0.906489031795473,0.666952357376318,0.7342729234442454,True
ET,partition,KMeans,"{'k': 9, 'n_init': 10}",9,0.26396918860488255,1.3296609105669495,467.98348258681955,0.2667422122819437,0.4309840363972756,0.6486075949367088,0.43291139240506327,0.7894878968296514,1975,0.0,0.20658227848101265,129,408,,True,0.5341912030076218,0.7435035549761164,0.6532261181063456,0.8582809626835571,0.6668169996618803,0.6704854078598189,True
ET,partition,KMeans,"{'k': 9, 'n_init': 20}",9,0.26684894725568054,1.3206079359772624,468.17075414252804,0.26497045771073047,0.43081273634974826,0.6440506329113924,0.43746835443037974,0.7923686649949143,1975,0.0,0.21468354430379746,120,424,,True,0.5364470192114457,0.7453927128798022,0.6488932154407049,0.8579382268244179,0.6656012457732707,0.6699549487733248,True
ET,partition,KMeans,"{'k': 11, 'n_init': 10}",11,0.223510785054319,1.4234501343746049,428.3567784090337,0.26070791252332504,0.4283693174232617,0.6789873417721519,0.3908860759493671,0.7401676170070012,1975,0.0,0.13569620253164558,108,268,,True,0.5024987129842248,0.723931794149721,0.6384689762684161,0.8530494524364667,0.6876313514395516,0.6593153795889987,True
ET,partition,KMeans,"{'k': 11, 'n_init': 20}",11,0.2493216730480677,1.337704190361409,440.021014839004,0.24544269134690572,0.4106399137472104,0.6506329113924051,0.4151898734177215,0.7510330438212373,1975,0.0,0.18430379746835443,46,364,,True,0.5227172890635943,0.7418250983048065,0.6011372156501219,0.8175765936214785,0.683045878349389,0.6514830556372496,True
ET,partition,KMeans,"{'k': 13, 'n_init': 10}",13,0.23873094535079775,1.3504951543811918,401.08290805113324,0.21893476910429852,0.3863380708235524,0.6415189873417722,0.49063291139240506,0.9214737782762095,1975,0.0,0.1250632911392405,52,247,,True,0.5144211996870878,0.739155903717509,0.5363109418468953,0.7689536473156534,0.6111157632537885,0.6111226206892278,False
ET,partition,KMeans,"{'k': 13, 'n_init': 20}",13,0.25370942042751143,1.3391112540834305,411.47057684972,0.22981353750604386,0.39966663895723964,0.6511392405063291,0.4318987341772152,0.8153588943417974,1975,0.0,0.1837974683544304,46,363,,True,0.5261543658596278,0.7415314748636809,0.562915441912913,0.7956213471577465,0.6558988125592644,0.6340201377582022,False
ET,partition,KMeans,"{'k': 15, 'n_init': 10}",15,0.2495446379285086,1.2983359788029238,384.55690054434865,0.24435459268884518,0.42297450428197986,0.6881012658227849,0.3908860759493671,0.7820777260734723,1975,0.0,0.11088607594936709,36,219,,True,0.522891945293915,0.7500403834890167,0.5984762231782571,0.8422555504874443,0.6699442710684163,0.6531752864281954,True
ET,partition,KMeans,"{'k': 15, 'n_init': 20}",15,0.24915755441035345,1.351510660411813,385.1803424513157,0.20479816746464077,0.4031226082130196,0.649620253164557,0.4010126582278481,0.7186485206291958,1975,0.0,0.17316455696202532,17,342,,True,0.522588729164242,0.7389439898073371,0.5017392692671943,0.8025360247024188,0.6967129309349613,0.6266465879713147,False
ET,partition,KMeans,"{'k': 17, 'n_init': 10}",17,0.24984234943911932,1.292209527039623,371.5697660768078,0.20771273746992322,0.396504749119242,0.6754430379746835,0.4430379746835443,0.8958413060188842,1975,0.0,0.11189873417721519,36,221,,True,0.5231251531877482,0.7513188400510592,0.508866976654136,0.7892950615216794,0.6219332869258734,0.6134767750815565,False
ET,partition,KMeans,"{'k': 17, 'n_init': 20}",17,0.2520945793529298,1.263605488432009,375.1170391904816,0.22042348705908918,0.40629988840095904,0.68,0.41620253164556964,0.823699588841847,1975,0.0,0.1210126582278481,8,239,min_cluster_size<10,False,0.5248894040679054,0.7572878776394854,0.5399516661884629,0.8088931032360119,0.6523788376114663,0.6316131822177099,False
ET,partition,KMeans,"{'k': 19, 'n_init': 10}",19,0.24765717073648666,1.317381328867079,361.16612687957144,0.18392406987662238,0.40043077355052825,0.6749367088607595,0.3670886075949367,0.6791655341555622,1975,0.0,0.09822784810126582,17,194,,True,0.5214134258788351,0.746066035251792,0.4506907580616982,0.7971502219602301,0.7133757068285773,0.6171836259326521,True
ET,partition,KMeans,"{'k': 19, 'n_init': 20}",19,0.2467191884223839,1.3195225254565224,364.6567471100546,0.19030735331629564,0.400849978395107,0.6860759493670886,0.38126582278481014,0.7587464678874265,1975,0.0,0.10734177215189873,17,212,,True,0.5206786713526297,0.7456192143289873,0.4663013546311546,0.7979889638907546,0.6797906267064272,0.6142443585701928,False
ET,partition,MiniBatchKMeans,{'k': 3},3,0.27799056377341924,1.424026006115321,680.4637988790477,0.24301084612521012,0.30135914105577044,0.4870886075949367,0.859240506329114,1.3469139598318347,1975,0.0,0.41265822784810124,502,815,,True,0.5451746391703413,0.7238116223056817,0.5951900326628671,0.598928437614257,0.4315697097622516,0.5698161188987432,False
ET,partition,MiniBatchKMeans,{'k': 5},5,0.23186439554955574,1.6090602694942011,542.2177543073948,0.40579989140193007,0.4706726353065555,0.6344303797468355,0.49721518987341773,0.8978173251653638,1975,0.0,0.2470886075949367,307,488,,True,0.509042389799074,0.6851990162885275,0.993297704953841,0.937689615754913,0.6210993590207168,0.7432381902988883,True
ET,partition,MiniBatchKMeans,{'k': 7},7,0.21784918927226485,1.4624483112090991,467.27545119502236,0.32301262572088935,0.4558322449378637,0.649620253164557,0.44354430379746834,0.8181485736757077,1975,0.0,0.20556962025316455,172,406,,True,0.49806378594576634,0.7157937271236465,0.7908378552779068,0.9079970732460518,0.6547215003620972,0.6967383304337925,True
ET,partition,MiniBatchKMeans,{'k': 9},9,0.21703551287173306,1.4986402135585462,411.3308641855136,0.2731941961144211,0.41278182095935234,0.640506329113924,0.49063291139240506,0.9076328929442952,1975,0.0,0.18329113924050633,67,362,,True,0.4974264046122716,0.7082412682389424,0.6690047244667447,0.8218621056172231,0.6169569518530587,0.6445146787187906,False
ET,partition,MiniBatchKMeans,{'k': 11},11,0.2454840069992407,1.2920526552229157,410.7752616155619,0.24498638779837573,0.38470823697515577,0.640506329113924,0.5103797468354431,0.9562585318557087,1975,0.0,0.16253164556962024,17,321,,True,0.519711110314757,0.751351575770072,0.6000213055269646,0.7656926878918371,0.5964357553522356,0.626776894580164,False
ET,partition,MiniBatchKMeans,{'k': 13},13,0.24861915432291723,1.2759432916979199,390.1924353314469,0.24285439386407578,0.3861444581120352,0.6577215189873418,0.4820253164556962,0.9321270082417261,1975,0.0,0.149873417721519,20,296,,True,0.5221669814455426,0.7547132477956693,0.5948074218710968,0.7685662684446022,0.6066198423695591,0.6290594967391123,False
ET,partition,MiniBatchKMeans,{'k': 15},15,0.23001013043206928,1.342036444835561,378.0953360158326,0.24427334173074935,0.40740199767480545,0.6789873417721519,0.3949367088607595,0.7703361094476795,1975,0.0,0.12354430379746835,20,244,,True,0.5075898787363666,0.7409210514968163,0.5982775204354284,0.8110981952619019,0.6748995174653674,0.6442496402998299,False
ET,partition,MiniBatchKMeans,{'k': 17},17,0.20310498348932016,1.4327778630120651,345.07551813869276,0.24771243894661898,0.4135656818492331,0.7088607594936709,0.36658227848101266,0.7557375473709965,1975,0.0,0.11291139240506329,17,223,,True,0.4865141311479715,0.7219853010822415,0.6066879818707472,0.8234304486469939,0.6810604639888844,0.6413249835118419,False
ET,partition,MiniBatchKMeans,{'k': 19},19,0.21329234401272262,1.3444720529286935,345.9876033989014,0.23250060318534232,0.4170185644741896,0.7164556962025317,0.3478481012658228,0.7301811809147271,1975,0.0,0.09518987341772152,17,188,,True,0.4944942488347502,0.7404127933288696,0.5694867776011349,0.830338950483706,0.6918458691709446,0.6399771920150464,True
ET,hierarchical,Agglomerative_single,{'k': 3},3,0.2924484084711179,0.6001137357993963,18.595596858745907,4.747870207809929e-05,0.005347272872333434,0.22481012658227847,1.3670886075949367,1.7160449080901927,1975,0.0,0.9954430379746836,1,1966,largest_cluster_ratio>0.7; min_cluster_size<10,False,0.5564999772615734,0.8957441028391171,0.0010125774638457786,0.006670096640511596,0.27578751556743397,0.3298977717167859,False
ET,hierarchical,Agglomerative_single,{'k': 5},5,0.2630826328235876,0.5289633474762402,17.237727627937698,0.00010248678689111053,0.011208195540017821,0.22784810126582278,1.3589873417721519,1.7092451513290223,1975,0.0,0.9924050632911392,1,1960,largest_cluster_ratio>0.7; min_cluster_size<10,False,0.5334967326927277,0.9105916335727311,0.001147102121600646,0.018396587058075193,0.2786571774943032,0.32874062729706366,False
ET,hierarchical,Agglomerative_single,{'k': 7},7,0.11579709754962729,0.5436621524244515,11.950145528555165,4.831461417764306e-05,0.01391411101531732,0.22835443037974684,1.3584810126582278,1.7090970300798747,1975,0.0,0.9918987341772152,1,1959,largest_cluster_ratio>0.7; min_cluster_size<10,False,0.4181227943358432,0.9075243142880529,0.0010146217231485073,0.023810562585647423,0.2787196882464035,0.30022852319508364,False
ET,hierarchical,Agglomerative_single,{'k': 9},9,0.047329313905479474,0.5813081167033398,10.859054314099494,0.00012081912617122886,0.019584497119855132,0.23139240506329115,1.350379746835443,1.7025669376606576,1975,0.0,0.9888607594936709,1,1953,largest_cluster_ratio>0.7; min_cluster_size<10,False,0.3644895720720341,0.8996684244636902,0.001191934652598357,0.0351558288669068,0.2814755452943164,0.28793912373961095,False
ET,hierarchical,Agglomerative_single,{'k': 11},11,0.04063651962455391,0.5712298511618553,8.980503110892139,6.558163953591584e-05,0.022130504008991383,0.23189873417721518,1.349367088607595,1.7019720505224207,1975,0.0,0.9883544303797468,1,1952,largest_cluster_ratio>0.7; min_cluster_size<10,False,0.3592468709923488,0.9017715381767044,0.0010568489827352077,0.04024986048638609,0.28172660206463074,0.2877244602061607,False
ET,hierarchical,Agglomerative_single,{'k': 13},13,0.15960325800619934,0.6575448625533553,73.91286767353034,0.06377382146887145,0.0890670545179378,0.31746835443037974,1.230379746835443,1.687481833001132,1975,0.0,0.5544303797468354,1,1095,min_cluster_size<10,False,0.45243770005124434,0.8837594820992754,0.15685811325760432,0.17417601215800385,0.2878418245635219,0.36858264237850846,True
ET,hierarchical,Agglomerative_single,{'k': 15},15,0.16419528636104064,0.7782761461125708,82.41800352359813,0.08302681490243227,0.12084212604005472,0.3341772151898734,1.461772151898734,1.965396858175616,1975,0.0,0.48455696202531645,1,957,min_cluster_size<10,False,0.45603479731785007,0.8585655023417436,0.203942143927108,0.23775133857818984,0.17055495759758244,0.363552752968746,False
ET,hierarchical,Agglomerative_single,{'k': 17},17,0.1415036290218489,0.7512038497626363,72.74314115267944,0.08289886943682435,0.1214054472545468,0.3341772151898734,1.461772151898734,1.965396858175616,1975,0.0,0.4840506329113924,1,956,min_cluster_size<10,False,0.4382596242827128,0.8642148988040583,0.20362924774047106,0.23887842746816518,0.17055495759758244,0.3600472084661459,False
ET,hierarchical,Agglomerative_single,{'k': 19},19,0.17660078452945424,0.7648221670999993,88.65374837764845,0.18268809355529853,0.3113280903563982,0.4253164556962025,1.1853164556962026,1.6909288886080083,1975,0.0,0.4840506329113924,1,956,min_cluster_size<10,False,0.46575246021194716,0.8613730536648829,0.4476681243491374,0.6188742371197767,0.28638708366876797,0.5076696564917237,True
ET,hierarchical,Agglomerative_complete,{'k': 3},3,0.14168355344914477,1.6208711564665155,236.9933287556646,0.10078845780940947,0.22070850049769186,0.3539240506329114,1.4962025316455696,2.1260291625469296,1975,0.0,0.710379746835443,93,1403,largest_cluster_ratio>0.7,False,0.4384005654127777,0.6827343423570769,0.247379012186519,0.4375632367237402,0.10276423738948237,0.36004237873984324,False
ET,hierarchical,Agglomerative_complete,{'k': 5},5,0.1388319524507792,1.3793886705092984,166.48306956878977,0.09841702190838558,0.23305354621229554,0.3837974683544304,1.5544303797468355,2.181162156839876,1975,0.0,0.6708860759493671,3,1325,min_cluster_size<10,False,0.4361668060881306,0.7331264584983799,0.24157956281362633,0.4622631122356415,0.0794967794209509,0.36464438371973257,False
ET,hierarchical,Agglomerative_complete,{'k': 7},7,0.1480162449558595,1.6356672529486873,168.53549291472268,0.09704328653216572,0.2243665167734065,0.40759493670886077,1.3954430379746836,2.030401843372297,1975,0.0,0.5645569620253165,3,1115,min_cluster_size<10,False,0.4433611853281677,0.6796467204560019,0.23822003335609432,0.44488216844092104,0.14312128053712414,0.36769889411302875,False
ET,hierarchical,Agglomerative_complete,{'k': 9},9,0.18982717127388768,1.5862553328375106,240.76855278275377,0.17379658031636072,0.28784073452046066,0.5134177215189873,0.8759493670886076,1.4298800516215744,1975,0.0,0.389873417721519,3,770,min_cluster_size<10,False,0.4761131539901798,0.6899579080650624,0.425923542994288,0.5718809105122366,0.3965560110091245,0.4940961992345367,False
ET,hierarchical,Agglomerative_complete,{'k': 11},11,0.1567713194405898,1.4489839304933012,210.93189643082366,0.16849972585406475,0.28524301252306045,0.5134177215189873,0.8759493670886076,1.4298800516215744,1975,0.0,0.389873417721519,3,770,min_cluster_size<10,False,0.45021934300150845,0.7186034490548736,0.4129698556201519,0.5666834076893502,0.3965560110091245,0.48790153036887357,False
ET,hierarchical,Agglomerative_complete,{'k': 13},13,0.1562521708131451,1.3336760756252497,210.92491015755942,0.1694160939516713,0.2908857077804298,0.5260759493670886,0.8759493670886076,1.4502727809762226,1975,0.0,0.389873417721519,3,770,min_cluster_size<10,False,0.449812675628304,0.7426656777978096,0.4152108735564615,0.5779732703298543,0.3879497856588061,0.49194168664710214,False
ET,hierarchical,Agglomerative_complete,{'k': 15},15,0.18333130330740513,1.3643940005599204,242.30974606060775,0.16899093790518954,0.3051429157263506,0.5260759493670886,0.8759493670886076,1.4502727809762226,1975,0.0,0.22835443037974684,3,451,min_cluster_size<10,False,0.4710247122165501,0.7362555183413511,0.41417113600079514,0.6064989857911549,0.3879497856588061,0.5003020948059734,False
ET,hierarchical,Agglomerative_complete,{'k': 17},17,0.1630572818001397,1.3303836235015047,227.63902980911928,0.15450951255200526,0.29985354468581327,0.5417721518987342,0.8278481012658228,1.4104492506317252,1975,0.0,0.22126582278481013,3,437,min_cluster_size<10,False,0.45514335833292174,0.7433527405847928,0.37875618207062334,0.5959160516119014,0.4047562793080669,0.49031645979200383,False
ET,hierarchical,Agglomerative_complete,{'k': 19},19,0.14599764867788545,1.388531330295881,222.32294474599507,0.13467458186767056,0.298032109322421,0.5417721518987342,0.8278481012658228,1.4104492506317252,1975,0.0,0.20708860759493672,3,409,min_cluster_size<10,False,0.4417799478895474,0.7312185852545725,0.33024899860892054,0.5922717373040537,0.4047562793080669,0.47248204087002427,False
ET,hierarchical,Agglomerative_average,{'k': 3},3,0.2489536780974436,1.3380545480543946,87.11174110622726,0.0004581731138887452,0.050445284906360174,0.2410126582278481,1.3174683544303798,1.6721092569233051,1975,0.0,0.9605063291139241,36,1897,largest_cluster_ratio>0.7,False,0.5224290256800245,0.7417519863129121,0.0020169484645535807,0.0969018631990566,0.29432942372888504,0.31577545570871685,False
ET,hierarchical,Agglomerative_average,{'k': 5},5,0.1870689445853732,1.0301736000308312,49.016729889170556,0.00023839531586521457,0.051294515745475854,0.2410126582278481,1.3174683544303798,1.6721092569233051,1975,0.0,0.9605063291139241,1,1897,largest_cluster_ratio>0.7; min_cluster_size<10,False,0.47395253804549065,0.8060000100525991,0.0014794723251508755,0.09860099793633918,0.29432942372888504,0.31341403853677813,False
ET,hierarchical,Agglomerative_average,{'k': 7},7,0.08883579883775303,1.0330867508094286,36.59780236717776,-4.146305211053337e-05,0.05606524383709648,0.2410126582278481,1.3174683544303798,1.6721092569233051,1975,0.0,0.958987341772152,1,1894,largest_cluster_ratio>0.7; min_cluster_size<10,False,0.3970030610923896,0.8053920991650235,0.0007950665455323079,0.1081462351665881,0.29432942372888504,0.29534616680499926,False
ET,hierarchical,Agglomerative_average,{'k': 9},9,0.21425806274054116,1.0075137767809395,152.48253155162638,0.07586738190658716,0.12391367201238379,0.34582278481012657,1.181772151898734,1.6559826330649299,1975,0.0,0.5012658227848101,1,990,min_cluster_size<10,False,0.49525073026903477,0.8107286198332366,0.1864334399473403,0.24389686488076662,0.30113524930776303,0.3888419151227469,False
ET,hierarchical,Agglomerative_average,{'k': 11},11,0.17927812456586903,0.9594740055769676,132.7824001018912,0.07495653522779808,0.12999122981799083,0.3554430379746835,1.1726582278481013,1.6538409456225593,1975,0.0,0.4881012658227848,1,964,min_cluster_size<10,False,0.4678497147980623,0.8207534699598047,0.18420592488027734,0.2560567972686474,0.3020390932434345,0.38494326865253964,False
ET,hierarchical,Agglomerative_average,{'k': 13},13,0.15048261427648446,1.0696171898360578,139.5054886594694,0.08868432133474777,0.15886372835230642,0.3681012658227848,1.1559493670886076,1.6506232041339164,1975,0.0,0.4521518987341772,1,893,min_cluster_size<10,False,0.4452931791348494,0.7977689950760222,0.21777782133962506,0.3138246772750797,0.3033970580302332,0.39318621257733055,False
ET,hierarchical,Agglomerative_average,{'k': 15},15,0.13128860088090893,0.980417157276019,122.4167509745825,0.08837073796042297,0.16095226922739264,0.36860759493670886,1.1554430379746836,1.6504698218723637,1975,0.0,0.4521518987341772,1,893,min_cluster_size<10,False,0.43025783357832037,0.8163830920063058,0.21701093959393153,0.31800341430115014,0.3034617890569,0.39266752705056135,False
ET,hierarchical,Agglomerative_average,{'k': 17},17,0.186500986123454,0.9639827631746568,143.97264323049134,0.19135724777724364,0.3289530992182232,0.45367088607594935,0.8967088607594936,1.3427724955045603,1975,0.0,0.4521518987341772,1,893,min_cluster_size<10,False,0.47350763621278286,0.8198125908081961,0.4688689170816174,0.654138223568061,0.4333175079437003,0.5433502620687787,False
ET,hierarchical,Agglomerative_average,{'k': 19},19,0.17471575881588033,0.9689680283167347,131.81731802434388,0.19163563703008496,0.3279833567387207,0.4567088607594937,0.8815189873417721,1.3207209385287848,1975,0.0,0.4521518987341772,1,893,min_cluster_size<10,False,0.46427585329277826,0.8187722749482738,0.469549730076442,0.652197970038341,0.4426237986985302,0.5426266923300034,False
ET,hierarchical,Agglomerative_ward,{'k': 3},3,0.2590470453596701,1.4969507301672627,620.1184970070202,0.23968430939518165,0.2974177304026763,0.48,0.8486075949367089,1.313609386481828,1975,0.0,0.3959493670886076,506,782,,True,0.5303355151405099,0.7085938264915002,0.5870548427787389,0.5910424925377197,0.4456250457823433,0.5634180464906638,False
ET,hierarchical,Agglomerative_ward,{'k': 5},5,0.26148043005944405,1.4622094493180229,508.4471944000809,0.28610925484270777,0.38901564140580164,0.549873417721519,0.669367088607595,1.0935946996436146,1975,0.0,0.3478481012658228,190,687,,True,0.5322416709339358,0.715843572378921,0.7005890608640706,0.7743109105923416,0.5384765686157895,0.6394261691183489,False
ET,hierarchical,Agglomerative_ward,{'k': 7},7,0.22683900594202125,1.5000490804417617,460.90665387329943,0.37980033911299405,0.4570375967735008,0.6425316455696203,0.4840506329113924,0.9211989985539003,1975,0.0,0.1837974683544304,116,363,,True,0.5051058254262009,0.7079472685174917,0.929714671926274,0.9104087322205551,0.611231726947062,0.7237048698382381,False
ET,hierarchical,Agglomerative_ward,{'k': 9},9,0.2189897576532968,1.446548937502023,417.61672337968156,0.2899050507166717,0.431647240281096,0.6425316455696203,0.4840506329113924,0.9211989985539003,1975,0.0,0.1837974683544304,116,363,,True,0.49895723326114744,0.719111578864509,0.7098718443419559,0.859607896074334,0.611231726947062,0.6612615360310147,False
ET,hierarchical,Agglomerative_ward,{'k': 11},11,0.2180717155204905,1.3780389502529051,389.73691844012853,0.27299168594019757,0.42022878591128343,0.6592405063291139,0.4769620253164557,0.9277712507244908,1975,0.0,0.1650632911392405,30,326,,True,0.4982380985800507,0.7334081156117265,0.668509477050444,0.8367619376232396,0.6084580774636823,0.648904017385605,False
ET,hierarchical,Agglomerative_ward,{'k': 13},13,0.21188801813354846,1.4131064624374299,366.53781261537523,0.2366592308394529,0.4060932244306002,0.6592405063291139,0.4769620253164557,0.9277712507244908,1975,0.0,0.10531645569620253,30,208,,True,0.49339419099732945,0.726090292375874,0.579656881937631,0.8084796115034847,0.6084580774636823,0.6201398693083804,False
ET,hierarchical,Agglomerative_ward,{'k': 15},15,0.2258920863589994,1.4446881698610006,349.338556150719,0.2290153041381471,0.40119594223926214,0.6592405063291139,0.4769620253164557,0.9277712507244908,1975,0.0,0.10531645569620253,30,208,,True,0.5043640700230156,0.7194998803958053,0.5609633275829949,0.798681165773178,0.6084580774636823,0.6157506218195866,False
ET,hierarchical,Agglomerative_ward,{'k': 17},17,0.22438065336675853,1.4761137546355219,335.2086672624269,0.19208987186888418,0.3909396880286923,0.659746835443038,0.46531645569620256,0.9081905783382024,1975,0.0,0.10329113924050633,30,204,,True,0.5031801114180311,0.7129420477998354,0.4706605810802084,0.7781605287438788,0.6167215951192405,0.5904698786299651,False
ET,hierarchical,Agglomerative_ward,{'k': 19},19,0.22861749114896524,1.380562410095818,325.4832372739025,0.19482064599351084,0.397097860134474,0.6708860759493671,0.4440506329113924,0.8856092803648539,1975,0.0,0.10227848101265823,14,202,,True,0.5064989754205498,0.7328815247039928,0.4773388076676274,0.7904817536230816,0.6262514493963007,0.5997142274003656,False
ET,density,DBSCAN,"{'eps': 0.2, 'min_samples': 5}",13,-0.41797543766108547,1.0217164432013814,9.60241581308641,0.00375553911460464,0.0919762563386267,1.0,0.0,0.0,1975,0.9463291139240506,0.013164556962025316,5,26,min_cluster_size<10; noise_ratio>0.5,False,0.0,0.8077648338139809,0.010080800064671843,0.17999672149122314,1.0,0.35068443331194854,True
ET,density,DBSCAN,"{'eps': 0.2, 'min_samples': 10}",1,,,,,,,,,1975,0.9949367088607595,0.005063291139240506,10,10,n_clusters<=1; noise_ratio>0.5,False,,,,,,0.0,False
ET,density,DBSCAN,"{'eps': 0.2, 'min_samples': 20}",0,,,,,,,,,1975,1.0,1.0,0,0,n_clusters<=1; largest_cluster_ratio>0.7; min_cluster_size<10; noise_ratio>0.5,False,,,,,,0.0,False
ET,density,DBSCAN,"{'eps': 0.4, 'min_samples': 5}",33,-0.33788557866276975,1.1979744238800132,15.958465469114289,0.023876840219184684,0.21742690074901322,0.8142857142857143,0.18571428571428572,0.4309458036856673,1975,0.7518987341772152,0.021265822784810127,3,42,min_cluster_size<10; noise_ratio>0.5,False,0.062737202522269,0.7709836461515234,0.05928831481232247,0.43099743639005944,0.8181304407177072,0.37442962985842676,False
ET,density,DBSCAN,"{'eps': 0.4, 'min_samples': 10}",12,-0.35218846693226485,1.2384420155804141,16.42272432815079,0.009269428059778442,0.14602182452144422,0.9744897959183674,0.025510204081632654,0.15971914124998499,1975,0.900759493670886,0.013164556962025316,10,26,noise_ratio>0.5,False,0.05153324724953502,0.7625389443635572,0.023565254682012086,0.28813069174508865,0.9325946567302724,0.36289400224523816,False
ET,density,DBSCAN,"{'eps': 0.4, 'min_samples': 20}",2,0.03122384194402329,0.9289938939619887,29.98702974046855,0.0016458271312237635,0.04527702712151571,1.0,0.0,0.0,1975,0.9762025316455696,0.013164556962025316,21,26,noise_ratio>0.5,False,0.3518735896143318,0.8271140029749154,0.004921407886405623,0.08656125151966347,1.0,0.4262500375493712,True
ET,density,DBSCAN,"{'eps': 0.6, 'min_samples': 5}",62,-0.13590907783363806,1.3085828432407767,23.858234946043908,0.05109101624283791,0.29059034179828785,0.7473982970671712,0.26773888363292336,0.5459058939351292,1975,0.4648101265822785,0.11392405063291139,4,225,min_cluster_size<10,False,0.22095249713931842,0.747902086871812,0.12584176287559204,0.5773823042728613,0.7696145002678673,0.439414123729002,True
ET,density,DBSCAN,"{'eps': 0.6, 'min_samples': 10}",17,-0.22214587526494967,1.2605139475212284,37.99121180437166,0.04078806173263963,0.23029747303499726,0.7353896103896104,0.2727272727272727,0.5375509640592592,1975,0.6881012658227849,0.09468354430379747,10,187,noise_ratio>0.5,False,0.15340018161540345,0.7579330146481347,0.10064544066114263,0.45674878155151705,0.7731404828887987,0.40034177157684403,True
ET,density,DBSCAN,"{'eps': 0.6, 'min_samples': 20}",9,-0.24586255077695476,1.2639338528041941,35.538864209597996,0.01878960652060585,0.1667868395670789,0.7667638483965015,0.23323615160349853,0.4829452884162952,1975,0.8263291139240506,0.05012658227848101,21,99,noise_ratio>0.5,False,0.13482207580574168,0.7572193551728799,0.04684726410956336,0.3296771791771443,0.7961853996244108,0.36768889505621205,False
ET,density,DBSCAN,"{'eps': 0.8, 'min_samples': 5}",37,0.0475443745979125,1.3853831792596527,71.17024715401625,0.11428127122869457,0.32801546981953794,0.6386333771353482,0.45137976346911957,0.8077320173340562,1975,0.22936708860759494,0.13822784810126582,4,273,min_cluster_size<10,False,0.3646580366739762,0.7318755355589357,0.28037627274466653,0.6522622216512411,0.6591175392488736,0.500702748785962,False
ET,density,DBSCAN,"{'eps': 0.8, 'min_samples': 10}",18,-0.06805465067302552,1.5540274215494705,72.10880924562181,0.08981568168993133,0.3059219633471277,0.6746765249537893,0.37707948243992606,0.6932470679543886,1975,0.4521518987341772,0.12253164556962025,12,242,,True,0.274105255703888,0.6966831686659751,0.22054461216857052,0.6080576984679555,0.7074329587518858,0.46086018878858137,False
ET,density,DBSCAN,"{'eps': 0.8, 'min_samples': 20}",10,-0.14221265870354705,1.4258598645274203,79.64481609657186,0.07455281686725591,0.2674673627050544,0.699055330634278,0.3144399460188934,0.5843205450138101,1975,0.6248101265822785,0.11645569620253164,20,230,noise_ratio>0.5,False,0.21601468060927184,0.7234289361422406,0.18321861411557963,0.53111801993801,0.7534025877677082,0.43867088464679205,True
ET,density,DBSCAN,"{'eps': 1.0, 'min_samples': 5}",23,0.00608927725134134,1.4416194201378243,74.22058951188403,0.18225105066470754,0.3245123304608997,0.4909515469935785,0.7711617046117922,1.179460333517872,1975,0.13265822784810127,0.3924050632911392,4,775,min_cluster_size<10,False,0.332184801356295,0.7201402613818046,0.4465993170005303,0.6452531665161234,0.5022391929257444,0.4999528823590444,False
ET,density,DBSCAN,"{'eps': 1.0, 'min_samples': 10}",10,0.1541786568091927,1.8759219362878747,167.8497647341389,0.22669106139271417,0.3581149404054707,0.5769736842105263,0.4710526315789474,0.7556802442693255,1975,0.23037974683544304,0.2810126582278481,11,555,,True,0.44818841920401115,0.6295108198819731,0.5552792911194196,0.7124850181992683,0.6810846472846894,0.5883832327499818,False
ET,density,DBSCAN,"{'eps': 1.0, 'min_samples': 20}",7,0.03240409031022944,1.792534689483626,154.98006144220886,0.16884250745721338,0.3253691867487501,0.5870337477797514,0.4502664298401421,0.7281451653913324,1975,0.429873417721519,0.25316455696202533,23,500,,True,0.3527981196572529,0.6469119154894105,0.4138081429011032,0.6469675581944351,0.6927051169992442,0.5242745100920148,False
ET,density,DBSCAN,"{'eps': 1.2, 'min_samples': 5}",16,0.03959243115773544,1.5326886373268067,106.26806144441237,0.18916309244999815,0.32706761661438344,0.45757071547420963,0.8164170826400444,1.2086763431522272,1975,0.08708860759493671,0.43696202531645567,5,863,min_cluster_size<10,False,0.3584289997860163,0.7011361064788366,0.4635030150426338,0.6503657640185913,0.48990932974864976,0.5061901502315067,False
ET,density,DBSCAN,"{'eps': 1.2, 'min_samples': 10}",7,0.15285870436732737,2.278477244704606,170.66745338136275,0.182876607052649,0.3047308946335506,0.45039085989176186,0.8280216476247745,1.2199484428643466,1975,0.1579746835443038,0.41620253164556964,14,822,,True,0.4471544540466145,0.5455063266591065,0.4481291422849454,0.6056746170576799,0.48515223085292747,0.4935284868109934,False
ET,density,DBSCAN,"{'eps': 1.2, 'min_samples': 20}",6,0.138999105101052,2.154881685431248,220.83325109835394,0.2082917811423209,0.33334655726315193,0.5263157894736842,0.6440789473684211,1.0358698353506939,1975,0.23037974683544304,0.2951898734177215,21,583,,True,0.43629774263619625,0.5712980181466449,0.5102830530748879,0.6629286216990398,0.5628378584550129,0.5343467665956263,False
ET,density,DBSCAN,"{'eps': 1.4, 'min_samples': 5}",17,0.06193624270172451,1.4186640378048008,110.46234086148152,0.19144137642062295,0.3374368845837148,0.4499735309687665,0.8353626257278983,1.2274433827302849,1975,0.043544303797468355,0.4567088607594937,5,902,min_cluster_size<10,False,0.37593169297947204,0.7249305478823282,0.46907465732864567,0.671112518134621,0.4819891848304171,0.5170558844456553,False
ET,density,DBSCAN,"{'eps': 1.4, 'min_samples': 10}",9,0.11059801885464027,2.1775172134709573,155.61553669625616,0.1905241831689995,0.31911177659618145,0.44725028058361394,0.8372615039281706,1.2281764972582354,1975,0.09772151898734177,0.4379746835443038,8,865,min_cluster_size<10,False,0.4140501731938398,0.5665744782452922,0.4668316214423911,0.6344477785704101,0.4816797927561435,0.4967097457326418,False
ET,density,DBSCAN,"{'eps': 1.4, 'min_samples': 20}",3,0.2421524762173109,2.9387829538336296,349.3559500111892,0.18201029176155403,0.2945987887464829,0.4341702388242498,0.8567054500918555,1.242983984429434,1975,0.17316455696202532,0.42683544303797466,321,843,,True,0.5171014051162564,0.407714959093467,0.44601053065833607,0.5854023750693068,0.4754306747861531,0.48483171902529476,False
ET,density,OPTICS,"{'min_samples': 5, 'xi': 0.03}",110,-0.15224602735027165,1.1857236424156936,15.746916518490707,0.025984920447064644,0.302229528731725,0.8931937172774869,0.1099476439790576,0.34092574923602736,1975,0.5164556962025316,0.012658227848101266,5,25,min_cluster_size<10; noise_ratio>0.5,False,0.2081551901738675,0.7735401164475973,0.06444371646172285,0.6006699027930968,0.8561210824394809,0.44550544603289793,True
ET,density,OPTICS,"{'min_samples': 5, 'xi': 0.05}",98,-0.2020056743589737,1.1529032528852172,14.41459560507634,0.02142384875878318,0.2888630057001518,0.9005988023952096,0.1029940119760479,0.3319331871304267,1975,0.5772151898734177,0.012151898734177215,5,24,min_cluster_size<10; noise_ratio>0.5,False,0.16917670911689364,0.780389014306449,0.053289417780952426,0.5739262630740263,0.859916161293891,0.430747055590311,True
ET,density,OPTICS,"{'min_samples': 10, 'xi': 0.03}",37,-0.22534834172238233,1.3579809450044704,24.209109034898038,0.019359272622161056,0.2447381894365222,0.784656796769852,0.2395693135935397,0.5391783789811122,1975,0.6237974683544304,0.019240506329113925,10,38,noise_ratio>0.5,False,0.1508915770401981,0.7375937828498096,0.04824040727400483,0.48564165936390086,0.7724536744036585,0.38775904729133903,False
ET,density,OPTICS,"{'min_samples': 10, 'xi': 0.05}",28,-0.2713076669579598,1.2589465251937428,25.034315772968995,0.023171684336644762,0.2412410897862253,0.8211243611584327,0.20954003407155025,0.5237136427066511,1975,0.7027848101265822,0.02430379746835443,10,48,noise_ratio>0.5,False,0.11489002164787444,0.7582601014248672,0.05756382551070481,0.47864468843224484,0.778980167402543,0.3844452137487202,False
ET,density,OPTICS,"{'min_samples': 20, 'xi': 0.03}",14,-0.18358583732972542,1.263187172816364,48.97270614437883,0.02553902516386348,0.21735998144421434,0.7555555555555555,0.2611111111111111,0.5426273532033236,1975,0.7265822784810126,0.062278481012658225,20,123,noise_ratio>0.5,False,0.18360561510554624,0.7573751709643148,0.06335326020295563,0.43086354474347605,0.7709981238067971,0.3941751509446535,False
ET,density,OPTICS,"{'min_samples': 20, 'xi': 0.05}",11,-0.24641301517956257,1.2064716693562352,37.32313988539643,0.018939216389795666,0.1843730586623817,0.8438438438438438,0.19519519519519518,0.522755462212757,1975,0.8313924050632912,0.021772151898734177,20,43,noise_ratio>0.5,False,0.13439087768478566,0.7692104567658766,0.04721314153499864,0.3648635553495022,0.7793845427616879,0.3713890151745905,False
ET,model,GMM,"{'n_components': 3, 'covariance_type': 'full'}",3,0.28936268712125157,1.8596489192446624,457.13138432331476,0.09408444350516733,0.14409868859295125,0.34227848101265823,1.4354430379746836,1.9402466240211105,1975,0.0,0.4820253164556962,73,952,,True,0.5540828232338965,0.6329066428194439,0.23098405437390684,0.2842828957041191,0.18116896511872949,0.3700789432042312,False
ET,model,GMM,"{'n_components': 3, 'covariance_type': 'tied'}",3,0.2548873719146246,1.3481417560886835,602.3630284756699,0.12527583523044467,0.1873617480355967,0.4156962025316456,1.1853164556962026,1.7416709567306299,1975,0.0,0.5032911392405063,281,994,,True,0.5270770966763968,0.7396470064971278,0.3072639559739066,0.37084330278574096,0.2649727028171458,0.4281533501184353,False
ET,model,GMM,"{'n_components': 3, 'covariance_type': 'diag'}",3,0.2638421217285973,1.3712440154480472,520.0963933797946,0.09165732030388993,0.14968865230228504,0.36658227848101266,1.3554430379746836,1.8808831752629778,1975,0.0,0.5032911392405063,97,994,,True,0.5340916670557412,0.7348260699718602,0.22504841929243405,0.2954672534560922,0.20622177726072555,0.3855733755533817,False
ET,model,GMM,"{'n_components': 3, 'covariance_type': 'spherical'}",3,0.20476093039198853,1.8699666851209173,492.5744685107412,0.19712635066851983,0.24280354816510802,0.4481012658227848,0.9584810126582278,1.4961554105968498,1975,0.0,0.3888607594936709,453,768,,True,0.48781129258012,0.6307535506219122,0.4829775084757678,0.48177084351851374,0.36858620546740284,0.4832931004785165,False
ET,model,GMM,"{'n_components': 5, 'covariance_type': 'full'}",5,0.2479160326177313,1.9189759129087869,459.66422534169084,0.35996224435577545,0.44410768139205614,0.5589873417721519,0.6789873417721519,1.1387312504535447,1975,0.0,0.2582278481012658,100,510,,True,0.5216162014920284,0.620526396098087,0.8811997505870707,0.8845386538357257,0.5194278517397517,0.6803493158577969,False
ET,model,GMM,"{'n_components': 5, 'covariance_type': 'tied'}",5,0.2718235656544707,1.4602175652347398,551.728829212959,0.33650839160758234,0.414801828569179,0.5675949367088607,0.6486075949367088,1.093826172754397,1975,0.0,0.3032911392405063,229,599,,True,0.5403438127113875,0.7162592350455816,0.8238423362231835,0.8259037217966423,0.5383788813607248,0.6800467570321214,False
ET,model,GMM,"{'n_components': 5, 'covariance_type': 'diag'}",5,0.25382267223710386,1.6846364669220582,467.5097830186504,0.3547003192188291,0.44333872633472077,0.550379746835443,0.7083544303797469,1.1767795573438036,1975,0.0,0.2663291139240506,84,526,,True,0.5262430799840285,0.669427915940582,0.8683314843933709,0.8830001342846832,0.503370545353689,0.6821819576988775,False
ET,model,GMM,"{'n_components': 5, 'covariance_type': 'spherical'}",5,0.17799084578449262,1.895263884904438,320.228868032011,0.25704076936437426,0.3789197154214726,0.5270886075949367,0.7827848101265823,1.3372936963807713,1975,0.0,0.3924050632911392,155,775,,True,0.4668413440677364,0.6254745780103466,0.6295008185862699,0.7541110570838768,0.43562969377662353,0.5681493246829599,False
ET,model,GMM,"{'n_components': 7, 'covariance_type': 'full'}",7,0.22150432394895322,1.584223196138008,427.58135757609557,0.3766637732273934,0.4805165893946398,0.6455696202531646,0.5073417721518987,0.9870041616882238,1975,0.0,0.21417721518987343,128,423,,True,0.5009269814529828,0.6903819705728275,0.9220440639834536,0.9573853257702211,0.5834603554303126,0.7195999268966288,False
ET,model,GMM,"{'n_components': 7, 'covariance_type': 'tied'}",7,0.28084285363108563,1.4123929085151323,442.83864116803994,0.28269021095189095,0.38874848802618145,0.5559493670886076,0.739240506329114,1.2373921126733956,1975,0.0,0.3326582278481013,44,657,,True,0.5474089381026991,0.7262391954815504,0.6922276407051159,0.7737763921003287,0.47779058000656816,0.6304695988405493,False
ET,model,GMM,"{'n_components': 7, 'covariance_type': 'diag'}",7,0.20375993756636923,1.551929993978479,415.36849944575346,0.4085405072897085,0.47622539691384724,0.6481012658227848,0.4729113924050633,0.892727296164095,1975,0.0,0.22936708860759494,84,453,,True,0.48702717970478665,0.6971208559513964,1.0,0.9487995398182258,0.6232474744525822,0.7432943491821565,True
ET,model,GMM,"{'n_components': 7, 'covariance_type': 'spherical'}",7,0.2197267954293613,1.9532731468701598,353.3323917453888,0.30019921355906914,0.4260485085291158,0.5858227848101266,0.6070886075949367,1.1244126455480454,1975,0.0,0.22278481012658227,133,440,,True,0.49953458086547387,0.6133693130895365,0.7350466661514008,0.8484059952879439,0.5254706495612613,0.633005737923093,False
ET,model,GMM,"{'n_components': 9, 'covariance_type': 'full'}",9,0.2157666312499891,1.6441180691359407,372.4691502823591,0.30272727732251137,0.4714040761700753,0.6384810126582279,0.43746835443037974,0.7974643359352239,1975,0.0,0.22227848101265824,40,439,,True,0.4964324450239321,0.6778832198480433,0.7412291557566216,0.9391530771863994,0.6634507493065789,0.6846609946116207,True
ET,model,GMM,"{'n_components': 9, 'covariance_type': 'tied'}",9,0.2597295892735651,1.4119460209578907,407.4419712427347,0.24180903589522484,0.40283682234238277,0.5767088607594937,0.6227848101265823,1.0592569643177694,1975,0.0,0.2759493670886076,41,545,,True,0.5308701757865882,0.7263324511460238,0.5922509536088582,0.8019642264611664,0.5529679239951739,0.6206183687889749,False
ET,model,GMM,"{'n_components': 9, 'covariance_type': 'diag'}",9,0.20444893757877278,1.5626119291127583,391.1598989738589,0.3174232133403749,0.4708718008928831,0.6683544303797468,0.4131645569620253,0.7917294001349039,1975,0.0,0.1888607594936709,40,373,,True,0.487566897639824,0.6948917695902603,0.7771687048231054,0.9380881047765234,0.6658710310162419,0.6943050879739983,True
ET,model,GMM,"{'n_components': 9, 'covariance_type': 'spherical'}",9,0.1877903474092235,1.8051325090223809,299.3606145912544,0.23211485187050354,0.4068347458889247,0.5974683544303797,0.5924050632911393,1.122835470436736,1975,0.0,0.21113924050632912,118,417,,True,0.474517638242021,0.6442830259332686,0.5685434060261458,0.8099632421139694,0.5261362556304041,0.5841294524002083,False
ET,model,GMM,"{'n_components': 11, 'covariance_type': 'full'}",11,0.18442756734424579,1.567257059768857,355.83026649348756,0.299978626301351,0.4808088173096645,0.6850632911392405,0.37518987341772153,0.7267057628936108,1975,0.0,0.1549367088607595,40,306,,True,0.47188345438138024,0.6939224323624038,0.7345072104431992,0.9579700132059001,0.6933125796909598,0.6880440489795825,True
ET,model,GMM,"{'n_components': 11, 'covariance_type': 'tied'}",11,0.20274099711322666,1.49802167420469,363.3801446194229,0.22352467684953203,0.37934786441368007,0.6075949367088608,0.5513924050632911,0.9644307037203248,1975,0.0,0.16455696202531644,41,325,,True,0.4862290078217736,0.7083703438811528,0.5475357603558995,0.7549676943983552,0.5929869010353226,0.596539277993409,False
ET,model,GMM,"{'n_components': 11, 'covariance_type': 'diag'}",11,0.20917685161427957,1.508414962942162,338.60533390137255,0.23797825252208124,0.38317025268107374,0.5929113924050633,0.5858227848101266,1.0105769751903169,1975,0.0,0.1908860759493671,27,377,,True,0.4912704389378516,0.7062014917133745,0.5828826066839115,0.7626155003721385,0.5735120576025969,0.6035632217387872,False
ET,model,GMM,"{'n_components': 11, 'covariance_type': 'spherical'}",11,0.141491145542325,1.7474058875116194,262.4265635007698,0.22305206733895114,0.4048961380094419,0.6516455696202532,0.5412658227848102,1.1053380260801373,1975,0.0,0.20050632911392405,116,396,,True,0.43824984553428115,0.6563293099694978,0.5463799732951663,0.8060844899087045,0.5335206006373281,0.5722236448165579,False
ET,model,GMM,"{'n_components': 13, 'covariance_type': 'full'}",13,0.12989920481083791,1.7526788326836835,270.30824365231507,0.22844786014864327,0.4056216684288829,0.6273417721518987,0.5524050632911393,1.008570865072662,1975,0.0,0.1691139240506329,37,334,,True,0.42916947078530404,0.6552289615758488,0.5595756186899741,0.8075361257677027,0.5743586846258775,0.5814727723955277,False
ET,model,GMM,"{'n_components': 13, 'covariance_type': 'tied'}",13,0.21696081246085733,1.543867447040565,336.6725945833067,0.20805529508340911,0.3787853875424576,0.6263291139240507,0.5007594936708861,0.8947101928076622,1975,0.0,0.1640506329113924,39,324,,True,0.49736788915395735,0.6988033332543757,0.50970471615865,0.7538422948641045,0.6224106440771995,0.5941471243613639,False
ET,model,GMM,"{'n_components': 13, 'covariance_type': 'diag'}",13,0.1344407686351611,1.7726774966985561,256.02487191579917,0.19993714046570765,0.3493568367898985,0.5559493670886076,0.6794936708860759,1.131370849898476,1975,0.0,0.17113924050632912,31,338,,True,0.4327270374108161,0.6510556775560424,0.48985141686165157,0.6949618697212467,0.5225341189168371,0.5370540694430777,False
ET,model,GMM,"{'n_components': 13, 'covariance_type': 'spherical'}",13,0.184905625415917,1.5827694236380068,332.7209929301228,0.23759692229702148,0.39843054915698833,0.6683544303797468,0.4982278481012658,1.0163224844531697,1975,0.0,0.11037974683544304,57,218,,True,0.4722579340774985,0.6906853411148886,0.5819500470757715,0.7931481878925991,0.5710873136358368,0.600344487366608,False
ET,model,GMM,"{'n_components': 15, 'covariance_type': 'full'}",15,0.13530464548915772,1.8753730755882896,247.33401624966635,0.23119875416101973,0.4179055298945467,0.6546835443037975,0.4982278481012658,0.953607408007926,1975,0.0,0.14329113924050632,34,283,,True,0.43340374252456365,0.6296253551121752,0.5663030493357203,0.8321135842900648,0.597554593780816,0.5886984576315701,False
ET,model,GMM,"{'n_components': 15, 'covariance_type': 'tied'}",15,0.2186661069856353,1.4805849176650623,313.3409829147402,0.20813270647057575,0.3736413074804528,0.6303797468354431,0.4921518987341772,0.8870374530074673,1975,0.0,0.1549367088607595,18,306,,True,0.4987037063135725,0.7120090138128025,0.5098940290642042,0.7435500577924775,0.6256487259752356,0.5956130397802833,False
ET,model,GMM,"{'n_components': 15, 'covariance_type': 'diag'}",15,0.1450190939867763,1.559120232593706,246.06997807032312,0.1992209031066497,0.3400462356096174,0.5463291139240506,0.7068354430379746,1.1635824210742063,1975,0.0,0.18126582278481013,12,358,,True,0.4410134115939032,0.6956204103271684,0.4880998273284757,0.6763332882311143,0.5089400562680839,0.5398593757679538,False
ET,model,GMM,"{'n_components': 15, 'covariance_type': 'spherical'}",15,0.19392437740467233,1.554946025973723,318.9388895562014,0.21456634217759607,0.3993801454707193,0.6683544303797468,0.5083544303797468,1.0389868482738729,1975,0.0,0.09215189873417722,47,182,,True,0.4793226396106741,0.6964914760028351,0.5256277642878251,0.7950481331239052,0.5615224035607607,0.587273023055788,False
ET,model,GMM,"{'n_components': 17, 'covariance_type': 'full'}",17,0.1901639765295183,1.61909107769318,264.7398840660894,0.2935277395415954,0.43618430598464397,0.6718987341772152,0.4,0.7617435031275043,1975,0.0,0.1670886075949367,24,330,,True,0.47637698538902773,0.6831058058855022,0.7187312870217339,0.8686856233389956,0.6785258052982484,0.6672509435460148,False
ET,model,GMM,"{'n_components': 17, 'covariance_type': 'tied'}",17,0.22521258513065334,1.3947805812621465,303.6415275325253,0.17150769794667783,0.32984738029674676,0.6010126582278481,0.6212658227848101,1.1180905966327062,1975,0.0,0.15240506329113923,18,301,,True,0.5038317928195089,0.7299145031831961,0.42032598186360287,0.6559274944887876,0.528138707215287,0.5445434847646329,False
ET,model,GMM,"{'n_components': 17, 'covariance_type': 'diag'}",17,0.15304117005769025,1.580186975264391,234.31551997142333,0.18556361224017606,0.34734166013775575,0.5802531645569621,0.6030379746835443,1.0299317907856258,1975,0.0,0.17569620253164556,11,347,,True,0.4472973858373909,0.6912242416395221,0.4547003300379161,0.6909299192859774,0.5653438569792154,0.5458913245034948,False
ET,model,GMM,"{'n_components': 17, 'covariance_type': 'spherical'}",17,0.2117447172677424,1.4092448325974705,326.3371883866382,0.2006322053225455,0.39071112224483046,0.6774683544303798,0.45569620253164556,0.9299516797029179,1975,0.0,0.09164556962025316,48,181,,True,0.49328193839066825,0.726896130110311,0.4915512281221489,0.7777032160260335,0.6075378836621385,0.5934057702810837,False
ET,model,GMM,"{'n_components': 19, 'covariance_type': 'full'}",19,0.19098997465007328,1.7351335731678186,251.43644324555484,0.22301953996984905,0.4256653226372866,0.6653164556962026,0.43544303797468353,0.8503163968097665,1975,0.0,0.13721518987341771,4,271,min_cluster_size<10,False,0.47702401875904976,0.6588902737068222,0.5463004262029343,0.8476393198097882,0.6411459004457576,0.6100397303571391,False
ET,model,GMM,"{'n_components': 19, 'covariance_type': 'tied'}",19,0.22498011248558336,1.366026007807939,313.49516825946307,0.16965422576558556,0.35402265692788726,0.6288607594936709,0.5336708860759494,1.000253132518926,1975,0.0,0.149873417721519,19,296,,True,0.50364968882286,0.7359149541034951,0.4157932352379536,0.7042972078992913,0.5778689690765861,0.5614663491309386,False
ET,model,GMM,"{'n_components': 19, 'covariance_type': 'diag'}",19,0.14556952894091524,1.5126292463483761,247.00852198042827,0.191263507744836,0.3675722368794804,0.6060759493670886,0.5341772151898734,0.9458771296018302,1975,0.0,0.17063291139240505,4,337,min_cluster_size<10,False,0.44144458664683817,0.7053220628884787,0.4686396717657618,0.7314071065404116,0.6008169583631419,0.5631938316901118,False
ET,model,GMM,"{'n_components': 19, 'covariance_type': 'spherical'}",19,0.21430582607939963,1.3442014208968893,313.44713777400625,0.19132147757217768,0.38884204697787683,0.6769620253164557,0.43037974683544306,0.8778569993981965,1975,0.0,0.08911392405063291,48,176,,True,0.49528814497172724,0.7404692683180357,0.46878143949335604,0.7739635841539932,0.6295230995917088,0.5940869439054169,False
XGB,partition,KMeans,"{'k': 3, 'n_init': 10}",3,0.25864232681405463,1.496348126832144,523.7719317284711,0.27180253209377603,0.3486665012753033,0.5017721518987341,0.7989873417721519,1.2588924205754353,1975,0.0,0.4172151898734177,508,824,,True,0.5300184848737775,0.7087195766349528,0.6656013497314957,0.6935806515657097,0.46871692970266665,0.6029933788219509,False
XGB,partition,KMeans,"{'k': 3, 'n_init': 20}",3,0.25864232681405463,1.496348126832144,523.7719317284711,0.27180253209377603,0.3486665012753033,0.5017721518987341,0.7989873417721519,1.2588924205754353,1975,0.0,0.4172151898734177,508,824,,True,0.5300184848737775,0.7087195766349528,0.6656013497314957,0.6935806515657097,0.46871692970266665,0.6029933788219509,False
XGB,partition,KMeans,"{'k': 5, 'n_init': 10}",5,0.27712064795552166,1.154266042887922,507.71585462080435,0.406384508121782,0.5018154862747508,0.5934177215189873,0.5913924050632912,1.0078175442666424,1975,0.0,0.3230379746835443,2,638,min_cluster_size<10,False,0.5444932035238392,0.7801046298227451,0.9947274105039104,1.0,0.5746766042385462,0.7667561688280584,True
XGB,partition,KMeans,"{'k': 5, 'n_init': 20}",5,0.27738650537366194,1.1533950978794938,507.7738418648468,0.40456519263337565,0.5001005027474857,0.5929113924050633,0.5913924050632912,1.0068122397328856,1975,0.0,0.32556962025316455,2,643,min_cluster_size<10,False,0.5447014589870467,0.780286377007612,0.9902781955520003,0.9965686737329535,0.5751008670830504,0.7652933446624567,True
XGB,partition,KMeans,"{'k': 7, 'n_init': 10}",7,0.2679462246668797,1.1669398654052459,491.250177408795,0.3899680136600687,0.4856627986879273,0.6091139240506329,0.5058227848101265,0.8798734086161903,1975,0.0,0.26936708860759495,2,532,min_cluster_size<10,False,0.5373065551880412,0.7774598801063602,0.9545801611222288,0.9676818229919384,0.6286721260988174,0.7604773597620759,True
XGB,partition,KMeans,"{'k': 7, 'n_init': 20}",7,0.2679462246668797,1.1669398654052459,491.250177408795,0.3899680136600687,0.4856627986879273,0.6091139240506329,0.5058227848101265,0.8798734086161903,1975,0.0,0.26936708860759495,2,532,min_cluster_size<10,False,0.5373065551880412,0.7774598801063602,0.9545801611222288,0.9676818229919384,0.6286721260988174,0.7604773597620759,True
XGB,partition,KMeans,"{'k': 9, 'n_init': 10}",9,0.27797637361591504,1.1770647906135223,461.0041655927528,0.2889944940907314,0.4587978524434495,0.6081012658227848,0.4769620253164557,0.8273795755427592,1975,0.0,0.25924050632911394,2,512,min_cluster_size<10,False,0.5451635235210405,0.7753470295408419,0.7076450386117177,0.9139306386534669,0.6508257941574274,0.6967589495938213,True
XGB,partition,KMeans,"{'k': 9, 'n_init': 20}",9,0.27521548582918853,1.1819614123910118,461.07026969679447,0.2926911530780215,0.46826812093993087,0.6156962025316456,0.4562025316455696,0.7946020419450802,1975,0.0,0.25772151898734175,2,509,min_cluster_size<10,False,0.5430008230445574,0.7743252116134126,0.7166853785325148,0.9328786813205474,0.66465870664616,0.7039338756635941,True
XGB,partition,KMeans,"{'k': 11, 'n_init': 10}",11,0.2707796863841975,1.1833312419158015,438.22892080850954,0.2632736155687849,0.4226724134982423,0.6156962025316456,0.48455696202531645,0.8535851421719505,1975,0.0,0.20455696202531645,2,404,min_cluster_size<10,False,0.5395261053760644,0.7740393581353296,0.6447435143706675,0.8416511294975095,0.6397664107898842,0.6663742602395857,False
XGB,partition,KMeans,"{'k': 11, 'n_init': 20}",11,0.2707796863841975,1.1833312419158015,438.22892080850954,0.2632736155687849,0.4226724134982423,0.6156962025316456,0.48455696202531645,0.8535851421719505,1975,0.0,0.20455696202531645,2,404,min_cluster_size<10,False,0.5395261053760644,0.7740393581353296,0.6447435143706675,0.8416511294975095,0.6397664107898842,0.6663742602395857,False
XGB,partition,KMeans,"{'k': 13, 'n_init': 10}",13,0.28568842767011915,1.1840250995059995,413.4744969814884,0.22177802188691753,0.40456203084686904,0.6096202531645569,0.4921518987341772,0.8662446229763525,1975,0.0,0.2020253164556962,2,399,min_cluster_size<10,False,0.5512046466184287,0.7738945652236111,0.5432642398719509,0.8054160107864748,0.634423803494609,0.6373985687230297,True
XGB,partition,KMeans,"{'k': 13, 'n_init': 20}",13,0.2692965306860686,1.2251289309227547,413.70958421026785,0.24173886923100796,0.4023043828107749,0.6111392405063291,0.49265822784810126,0.8706174151395685,1975,0.0,0.20303797468354431,2,401,min_cluster_size<10,False,0.5383642973697907,0.7653170941147016,0.5920793579875661,0.800898925412279,0.6325783793675948,0.6440589926419052,False
XGB,partition,KMeans,"{'k': 15, 'n_init': 10}",15,0.2827274783408203,1.1868808611661466,408.36464764424267,0.20382271257156512,0.3965017387162524,0.6364556962025316,0.44556962025316454,0.8081859668182969,1975,0.0,0.1589873417721519,2,314,min_cluster_size<10,False,0.5488852309014614,0.7732986301905607,0.4993537520092788,0.7892890383298014,0.6589259615796419,0.6282330883216677,True
XGB,partition,KMeans,"{'k': 15, 'n_init': 20}",15,0.2827274783408203,1.1868808611661466,408.36464764424267,0.20382271257156512,0.3965017387162524,0.6364556962025316,0.44556962025316454,0.8081859668182969,1975,0.0,0.1589873417721519,2,314,min_cluster_size<10,False,0.5488852309014614,0.7732986301905607,0.4993537520092788,0.7892890383298014,0.6589259615796419,0.6282330883216677,True
XGB,partition,KMeans,"{'k': 17, 'n_init': 10}",17,0.292036677060476,1.1455372978123868,388.40479481548107,0.1883163506064773,0.3961683093457144,0.64,0.419746835443038,0.750695879699275,1975,0.0,0.1579746835443038,2,312,min_cluster_size<10,False,0.5561774535710925,0.7819261281143111,0.46143227113119656,0.7886219153288262,0.6831881697691978,0.6266222716458825,True
XGB,partition,KMeans,"{'k': 17, 'n_init': 20}",17,0.27844191815254876,1.1691596595529046,394.4444728220967,0.21498160210031353,0.4212445118703915,0.6794936708860759,0.3615189873417721,0.6832535715515687,1975,0.0,0.11189873417721519,2,221,min_cluster_size<10,False,0.5455282009251865,0.7769966575912565,0.5266433004435153,0.8387941945564397,0.711650456105209,0.6527415943853716,True
XGB,partition,KMeans,"{'k': 19, 'n_init': 10}",19,0.2962661070187938,1.089439371240101,384.8699672431181,0.20013134888051196,0.4092310007386395,0.649620253164557,0.4212658227848101,0.7650597726296963,1975,0.0,0.1448101265822785,2,286,min_cluster_size<10,False,0.5594905147646991,0.7936325391192804,0.49032636196514817,0.8147576509684243,0.6771262593050709,0.6391379995566316,True
XGB,partition,KMeans,"{'k': 19, 'n_init': 20}",19,0.2962661070187938,1.089439371240101,384.8699672431181,0.20013134888051196,0.4092310007386395,0.649620253164557,0.4212658227848101,0.7650597726296963,1975,0.0,0.1448101265822785,2,286,min_cluster_size<10,False,0.5594905147646991,0.7936325391192804,0.49032636196514817,0.8147576509684243,0.6771262593050709,0.6391379995566316,True
XGB,partition,MiniBatchKMeans,{'k': 3},3,0.2592023442164423,1.4796316736093995,522.5433349942165,0.255890648276631,0.3340855392000951,0.4982278481012658,0.839493670886076,1.323210518379206,1975,0.0,0.43493670886075947,477,859,,True,0.5304571661953457,0.7122079350098142,0.6266881475719771,0.6644071712540608,0.44157313574666524,0.5840932215307449,False
XGB,partition,MiniBatchKMeans,{'k': 5},5,0.25970281758510755,1.3538157291610664,405.95772771353677,0.3276368836177021,0.4741128689375034,0.590379746835443,0.6126582278481013,1.0394740637042965,1975,0.0,0.31443037974683546,165,621,,True,0.5308492045817238,0.7384629723469377,0.8021466785727662,0.9445728095786305,0.5613167868571083,0.6979676954488794,False
XGB,partition,MiniBatchKMeans,{'k': 7},7,0.28161078513903565,1.4289308632275473,360.01105712917723,0.3024705187217762,0.4801864756684805,0.6111392405063291,0.44354430379746834,0.7462988847080342,1975,0.0,0.2992405063291139,72,591,,True,0.5480104858534387,0.7227880858439129,0.7406012414598974,0.9567248366858219,0.6850438080754166,0.7110886318228776,True
XGB,partition,MiniBatchKMeans,{'k': 9},9,0.2409325652023441,1.4384048939037368,347.58285608065444,0.28130189800766425,0.43581330531411977,0.6364556962025316,0.5027848101265823,0.9192732407392485,1975,0.0,0.20506329113924052,47,405,,True,0.5161458059260176,0.7208110627390347,0.6888324611726233,0.8679433279608635,0.6120444433537185,0.6619666140503887,False
XGB,partition,MiniBatchKMeans,{'k': 11},11,0.22281590349391886,1.4293077917739692,310.420092109298,0.2929545629711533,0.4535672622217537,0.6789873417721519,0.39341772151898735,0.7527165990470867,1975,0.0,0.19949367088607595,46,394,,True,0.5019543878258458,0.722709429095731,0.7173295588533395,0.9034653126987139,0.6823353772972057,0.6852142733984042,False
XGB,partition,MiniBatchKMeans,{'k': 13},13,0.24247103546344545,1.3645398349605853,283.47833828379777,0.26669538029857115,0.4295763975601379,0.6713924050632911,0.40810126582278483,0.7637349928087008,1975,0.0,0.1939240506329114,22,383,,True,0.5173509437743342,0.7362250858897943,0.6531115884593566,0.8554645693832157,0.6776853484530099,0.6669061510399761,True
XGB,partition,MiniBatchKMeans,{'k': 15},15,0.2539951342346836,1.3132906585378152,262.80045653439515,0.2426363656249843,0.432210753955834,0.670379746835443,0.41012658227848103,0.7670426522558879,1975,0.0,0.1959493670886076,18,387,,True,0.526378175530517,0.7469196687296442,0.5942742243539613,0.8607353700373357,0.6762894361114324,0.656569243008453,True
XGB,partition,MiniBatchKMeans,{'k': 17},17,0.24741029267900208,1.313290113343344,241.84933957990975,0.24117468609795584,0.43052540784377824,0.6789873417721519,0.3939240506329114,0.7462988847080342,1975,0.0,0.1858227848101266,18,367,,True,0.5212200376161459,0.7469197824998127,0.5906996236604594,0.8573633420898815,0.6850438080754166,0.6556311456226888,True
XGB,partition,MiniBatchKMeans,{'k': 19},19,0.2566241527771951,1.2840904415958323,241.38330133019295,0.21574925030669978,0.4217458526658019,0.669367088607595,0.370126582278481,0.6828829430612912,1975,0.0,0.16860759493670885,18,333,,True,0.5284375781914682,0.7530131157043136,0.5285206174341228,0.8397972734855866,0.7118068702983807,0.6455224813445589,True
XGB,hierarchical,Agglomerative_single,{'k': 3},3,0.8586173299218696,0.10051230704584424,87.71466461694378,6.214678007024149e-07,0.002013545627098351,0.22278481012658227,1.3741772151898735,1.7225239062477293,1975,0.0,0.9989873417721519,1,1973,largest_cluster_ratio>0.7; min_cluster_size<10,False,1.0,1.0,0.0008979860646735705,0.0,0.2730532215345781,0.45483514082308407,True
XGB,hierarchical,Agglomerative_single,{'k': 5},5,0.5297942390096928,0.36617453612046114,54.05686618823837,2.384243424490274e-05,0.006984670282742812,0.22531645569620254,1.3675949367088607,1.7170772930709166,1975,0.0,0.9964556962025316,1,1968,largest_cluster_ratio>0.7; min_cluster_size<10,False,0.7424213114298337,0.9445621000263458,0.0009547739454780377,0.00994618918286469,0.2753518241188849,0.3840906295489865,True
XGB,hierarchical,Agglomerative_single,{'k': 7},7,0.45040226899041863,0.3806643693575837,48.986548117492795,9.421915197207471e-05,0.012852660132980328,0.22835443037974684,1.3584810126582278,1.7090970300798747,1975,0.0,0.9934177215189873,1,1962,largest_cluster_ratio>0.7; min_cluster_size<10,False,0.6802307898827068,0.9415383885697619,0.0011268832617420239,0.021686819566639648,0.2787196882464035,0.3705671371558531,True
XGB,hierarchical,Agglomerative_single,{'k': 9},9,0.35360525273528204,0.3747628026973341,37.35621577777051,3.545121675979817e-05,0.013725867893590106,0.22835443037974684,1.3584810126582278,1.7090970300798747,1975,0.0,0.9929113924050633,1,1961,largest_cluster_ratio>0.7; min_cluster_size<10,False,0.6044062836555504,0.9427699165266656,0.0009831637267270227,0.023433927149852027,0.2787196882464035,0.35202187604632773,True
XGB,hierarchical,Agglomerative_single,{'k': 11},11,0.28120502946259,0.4112787798931922,30.896703421286617,5.8460548209182076e-05,0.01562767549245085,0.22936708860759494,1.3554430379746836,1.7064286490144307,1975,0.0,0.9918987341772152,1,1959,largest_cluster_ratio>0.7; min_cluster_size<10,False,0.5476926431656614,0.9351498303056183,0.001039434044970579,0.027239049627760675,0.27984580963851124,0.3375105132203671,True
XGB,hierarchical,Agglomerative_single,{'k': 13},13,0.23385448319033553,0.4104990802995505,27.061259743078736,5.343230579552533e-05,0.017476841905017824,0.23037974683544304,1.3544303797468353,1.7061319046162189,1975,0.0,0.9908860759493671,1,1957,largest_cluster_ratio>0.7; min_cluster_size<10,False,0.5106012954198129,0.9353125365669952,0.0010271372600142393,0.030938848012238312,0.2799710429566239,0.3288390244481666,True
XGB,hierarchical,Agglomerative_single,{'k': 15},15,0.21940455957581295,0.4344781892683607,25.786060662899413,0.0001597181475717526,0.020507802851147585,0.23291139240506328,1.3468354430379748,1.6994414570154468,1975,0.0,0.9863291139240506,1,1948,largest_cluster_ratio>0.7; min_cluster_size<10,False,0.4992821621915389,0.9303086206956996,0.0012870638969393084,0.03700317209669902,0.2827945737722093,0.3267979901954212,False
XGB,hierarchical,Agglomerative_single,{'k': 17},17,0.1853825019477283,0.4263546876703534,22.820549685953832,0.00017377755376742223,0.021407100885256228,0.23341772151898735,1.3453164556962025,1.6981002042863866,1975,0.0,0.9858227848101265,1,1947,largest_cluster_ratio>0.7; min_cluster_size<10,False,0.4726314882319014,0.9320038179038043,0.0013214467847118664,0.038802480904790715,0.28336061488604336,0.3207813015526513,True
XGB,hierarchical,Agglomerative_single,{'k': 19},19,0.16558179726108646,0.41133003749088454,22.057771959008715,0.00022086200225331527,0.025067259048524082,0.23493670886075949,1.340759493670886,1.6940700746195592,1975,0.0,0.9848101265822785,1,1945,largest_cluster_ratio>0.7; min_cluster_size<10,False,0.45712090005574274,0.9351391339654436,0.0014365938460878924,0.04612569809463386,0.28506142714616456,0.3188413837137022,True
XGB,hierarchical,Agglomerative_complete,{'k': 3},3,0.4150249558702305,0.9754058107298059,164.64355091622505,0.001218631505381049,0.02496198819724417,0.24,1.3382278481012657,1.7022695200782225,1975,0.0,0.9721518987341772,2,1920,largest_cluster_ratio>0.7; min_cluster_size<10,False,0.6525184966451616,0.8174288504851457,0.0038766824509315566,0.04591507295951834,0.2816010627124642,0.3499205958332158,True
XGB,hierarchical,Agglomerative_complete,{'k': 5},5,0.3689106893335852,0.7954298017574224,106.72084650350806,0.0007972508412797452,0.030267290218087543,0.24,1.3382278481012657,1.7022695200782225,1975,0.0,0.9670886075949368,2,1910,largest_cluster_ratio>0.7; min_cluster_size<10,False,0.6163955702839571,0.8549859093783996,0.002846177756659079,0.05652988172550406,0.2816010627124642,0.3478580182182324,True
XGB,hierarchical,Agglomerative_complete,{'k': 7},7,0.1359975348316355,1.2392506226606455,139.69269562333173,0.14028898542270987,0.18700550268350238,0.3868354430379747,1.2627848101265822,1.8807485716792178,1975,0.0,0.550379746835443,2,1087,min_cluster_size<10,False,0.4339465071085975,0.7623702057416312,0.3439792660651823,0.37013052973881627,0.2062785832308658,0.4056122702616852,False
XGB,hierarchical,Agglomerative_complete,{'k': 9},9,0.12624154031205653,1.110633899713423,173.6674462671417,0.19283417482500267,0.24322869091413296,0.4769620253164557,0.980253164556962,1.5514794899046964,1975,0.0,0.41670886075949365,2,823,min_cluster_size<10,False,0.42630429357949345,0.7892097043279531,0.4724808062485294,0.4826214659640249,0.34523810499777685,0.48451857150035776,False
XGB,hierarchical,Agglomerative_complete,{'k': 11},11,0.14318001765762794,1.2055759401368804,239.629926796363,0.19395485268957383,0.2987254387232545,0.5174683544303798,0.9417721518987342,1.5419862252910503,1975,0.0,0.3341772151898734,2,660,min_cluster_size<10,False,0.43957279844314073,0.7693973758737943,0.47522147258325753,0.593658945604876,0.3492444924290218,0.5030059144642044,False
XGB,hierarchical,Agglomerative_complete,{'k': 13},13,0.15092941241397287,1.280615862832459,227.63960083967072,0.19790262250362745,0.300026107197851,0.5270886075949367,0.8774683544303797,1.4542821971202011,1975,0.0,0.30430379746835445,2,601,min_cluster_size<10,False,0.4456431718254193,0.7537381843397966,0.4848759149245212,0.5962613134006293,0.38625771500665385,0.5123812393498798,False
XGB,hierarchical,Agglomerative_complete,{'k': 15},15,0.1495952708207451,1.2247561526339463,198.81442346970087,0.19775789061621535,0.3011881742222741,0.5275949367088607,0.8754430379746836,1.4514942104734605,1975,0.0,0.30430379746835445,1,601,min_cluster_size<10,False,0.4445980918068682,0.765394884794842,0.4845219668151385,0.5985863684472689,0.38743431284886753,0.5143640652115918,False
XGB,hierarchical,Agglomerative_complete,{'k': 17},17,0.12492746894787697,1.2764680729062405,191.38293875690107,0.17532241437498783,0.3077391982729817,0.5275949367088607,0.8754430379746836,1.4514942104734605,1975,0.0,0.30430379746835445,1,601,min_cluster_size<10,False,0.4252749352770274,0.7546037374289293,0.42965503637794744,0.6116936085716643,0.38743431284886753,0.49616395738360625,False
XGB,hierarchical,Agglomerative_complete,{'k': 19},19,0.1333375183682223,1.2805688755751545,192.5967590970042,0.15679936778212727,0.3154205254992461,0.5275949367088607,0.8754430379746836,1.4514942104734605,1975,0.0,0.2470886075949367,1,488,min_cluster_size<10,False,0.4318628226863134,0.7537479895532797,0.3843561223737167,0.6270623508704852,0.38743431284886753,0.48866314989834575,False
XGB,hierarchical,Agglomerative_average,{'k': 3},3,0.621496549419597,0.44674425830293796,139.69563651752256,7.869877227658789e-05,0.008154786022186755,0.22632911392405064,1.3655696202531646,1.7164874348284787,1975,0.0,0.9944303797468355,2,1964,largest_cluster_ratio>0.7; min_cluster_size<10,False,0.814254955437961,0.927748960217891,0.0010889274998961377,0.012287348038565982,0.27560075857345845,0.3999615686876245,True
XGB,hierarchical,Agglomerative_average,{'k': 5},5,0.5219796335914144,0.47938474448612434,80.89907757017062,0.00013352245885112673,0.013009015741994107,0.22886075949367088,1.3589873417721519,1.711021606149046,1975,0.0,0.9918987341772152,1,1959,largest_cluster_ratio>0.7; min_cluster_size<10,False,0.736299856243248,0.9209376042550278,0.0012230012037593105,0.021999654704516803,0.27790747056494125,0.38140279731867177,True
XGB,hierarchical,Agglomerative_average,{'k': 7},7,0.36971451397058397,0.5090712046537509,61.26131383380216,0.00029984500166662634,0.018466566835134937,0.23291139240506328,1.3463291139240505,1.6992924812135375,1975,0.0,0.9863291139240506,1,1948,largest_cluster_ratio>0.7; min_cluster_size<10,False,0.6170252343846874,0.9147426889481833,0.0016297501975705267,0.032919082280305795,0.28285744516625755,0.35338450086308937,True
XGB,hierarchical,Agglomerative_average,{'k': 9},9,0.29519553328965187,0.6704269438720067,58.632478732168565,0.0012078678720201656,0.036198867473548994,0.2440506329113924,1.3341772151898734,1.7013769553816689,1975,0.0,0.9670886075949368,1,1910,largest_cluster_ratio>0.7; min_cluster_size<10,False,0.5586518967211636,0.8810712733234796,0.0038503595186027213,0.06839773731601098,0.28197774661704067,0.3394414649792733,True
XGB,hierarchical,Agglomerative_average,{'k': 11},11,0.22738960571755618,0.7151788937970799,48.23154047719585,0.0011150665349219963,0.03860426429897669,0.24455696202531646,1.3341772151898734,1.7022695200782225,1975,0.0,0.9650632911392405,1,1906,largest_cluster_ratio>0.7; min_cluster_size<10,False,0.5055371295895305,0.8717325196278032,0.0036234098228486817,0.0732104373673768,0.2816010627124642,0.32535179094486466,True
XGB,hierarchical,Agglomerative_average,{'k': 13},13,0.17467707073811894,0.8128360007689123,58.127108403542515,0.003616490999731873,0.10912895634312932,0.2739240506329114,1.2845569620253166,1.6692300961593194,1975,0.0,0.9164556962025316,1,1810,largest_cluster_ratio>0.7; min_cluster_size<10,False,0.46424554756119046,0.851353616134901,0.009740751867605835,0.21431571589583837,0.29554449925525195,0.33745587451286035,False
XGB,hierarchical,Agglomerative_average,{'k': 15},15,0.08395334856844283,0.8499637457953478,56.41979459446133,0.0019160707658776096,0.11858950298371493,0.28151898734177216,1.2769620253164558,1.666953561805244,1975,0.0,0.9068354430379747,1,1791,largest_cluster_ratio>0.7; min_cluster_size<10,False,0.39317846612891155,0.8436058673405296,0.0055823004185819305,0.23324430714605734,0.2965052518513457,0.3205187681801305,False
XGB,hierarchical,Agglomerative_average,{'k': 17},17,0.06112720396785933,0.8143880393891081,51.32463336797051,0.0013727201761480697,0.11884952984233102,0.28151898734177216,1.2769620253164558,1.666953561805244,1975,0.0,0.9068354430379747,1,1791,largest_cluster_ratio>0.7; min_cluster_size<10,False,0.3752979444933382,0.8510297396016001,0.004253512979921958,0.23376456694792835,0.2965052518513457,0.3169080607210134,False
XGB,hierarchical,Agglomerative_average,{'k': 19},19,0.20809871949794026,0.8079627805989708,118.59647832597736,0.09598091674704681,0.1916761487815747,0.3979746835443038,1.0764556962025316,1.5760871273224055,1975,0.0,0.45772151898734176,1,904,min_cluster_size<10,False,0.4904259001438706,0.8523705506583816,0.2356219619591707,0.3794755236618491,0.3348530864319583,0.4332594939601866,False
XGB,hierarchical,Agglomerative_ward,{'k': 3},3,0.2842482982177142,1.075780856719727,469.5152193530927,0.08983284869354793,0.11770536918908776,0.3281012658227848,1.4739240506329114,1.9802825524004832,1975,0.0,0.5037974683544304,2,995,min_cluster_size<10,False,0.5500765425832386,0.7964827725318614,0.22058659482064888,0.23147533883536714,0.16427283435810835,0.3797140679276778,False
XGB,hierarchical,Agglomerative_ward,{'k': 5},5,0.23730719015083493,1.2856477817255443,453.6517154934948,0.3155732062277732,0.41169537254819855,0.5336708860759494,0.7655696202531646,1.2439219316950316,1975,0.0,0.30683544303797466,2,606,min_cluster_size<10,False,0.5133059221795561,0.7526881328618649,0.7726444321727705,0.8196883477287563,0.47503483833905147,0.6523510283444851,False
XGB,hierarchical,Agglomerative_ward,{'k': 7},7,0.24788831543235462,1.262072972229591,444.5994883780537,0.3427026557726165,0.4204200434343303,0.579240506329114,0.619746835443038,1.0692479316045023,1975,0.0,0.24151898734177216,2,477,min_cluster_size<10,False,0.5215944896461834,0.7576076802709455,0.838990677956531,0.8371446042507421,0.5487514939900513,0.689109433376942,False
XGB,hierarchical,Agglomerative_ward,{'k': 9},9,0.22894284665014356,1.2787833012549763,407.41092659692555,0.25746469938847,0.41399355847025193,0.6045569620253165,0.5574683544303798,1.0035380449165525,1975,0.0,0.22734177215189874,2,449,min_cluster_size<10,False,0.5067538378241605,0.7541205998822014,0.6305375578510044,0.8242865410032268,0.5764826565404673,0.6363804513596989,False
XGB,hierarchical,Agglomerative_ward,{'k': 11},11,0.23729485837999836,1.341801699491876,381.1107329786083,0.26239068341872945,0.42686025573369085,0.6445569620253164,0.43139240506329113,0.7827248736613021,1975,0.0,0.16151898734177214,2,319,min_cluster_size<10,False,0.5132962622698733,0.7409700377186357,0.6425842654946026,0.8500301330484399,0.6696711591235206,0.6615543893808844,True
XGB,hierarchical,Agglomerative_ward,{'k': 13},13,0.23586127779437288,1.2916308412478346,364.88401573054654,0.2561702421140261,0.42647034904937614,0.6516455696202532,0.40607594936708863,0.7422170005795927,1975,0.0,0.16151898734177214,2,319,min_cluster_size<10,False,0.5121732881922904,0.7514395991260436,0.6273719064305849,0.84925001065874,0.6867664619709458,0.6623430325176255,True
XGB,hierarchical,Agglomerative_ward,{'k': 15},15,0.2514805037238256,1.3391344420784062,353.0272258807794,0.23870511729152266,0.41831897744987045,0.6516455696202532,0.40607594936708863,0.7422170005795927,1975,0.0,0.16151898734177214,2,319,min_cluster_size<10,False,0.5244083770366565,0.7415266360360067,0.5846601860102153,0.8329408070791321,0.6867664619709458,0.650790549623178,True
XGB,hierarchical,Agglomerative_ward,{'k': 17},17,0.2639560124030779,1.2420805025663717,345.08329487871686,0.20664301598485246,0.41050873857383835,0.6516455696202532,0.40607594936708863,0.7422170005795927,1975,0.0,0.16151898734177214,2,319,min_cluster_size<10,False,0.5341808816254714,0.761779671664967,0.5062509263560508,0.817314139311673,0.6867664619709458,0.6343253160360657,False
XGB,hierarchical,Agglomerative_ward,{'k': 19},19,0.26524287148212017,1.1615374166294885,338.432514559922,0.1930666041085032,0.4044694474134014,0.6516455696202532,0.40607594936708863,0.7422170005795927,1975,0.0,0.16151898734177214,2,319,min_cluster_size<10,False,0.5351889235882021,0.7785872530712205,0.4730492221445091,0.805230770542414,0.6867664619709458,0.6269855323694121,True
XGB,density,DBSCAN,"{'eps': 0.2, 'min_samples': 5}",32,-0.34113480274968766,1.0940655807073436,10.044835995863025,0.02179287346682764,0.21098739068397895,0.943952802359882,0.05604719764011799,0.23674289353667619,1975,0.8283544303797469,0.012151898734177215,3,24,min_cluster_size<10; noise_ratio>0.5,False,0.060191971051884084,0.7926671503299312,0.054191883713397115,0.418113312617571,0.9000887690691254,0.39023078694727076,True
XGB,density,DBSCAN,"{'eps': 0.2, 'min_samples': 10}",9,-0.25509918882216825,1.0106017004059864,17.671307429225326,0.013967095822198686,0.13503911191988652,0.9751552795031055,0.024844720496894408,0.15762208124782012,1975,0.9184810126582279,0.012151898734177215,12,24,noise_ratio>0.5,False,0.1275866924636429,0.8100842376730479,0.03505360498785985,0.26615656217823247,0.9334796668060648,0.38879212770178073,True
XGB,density,DBSCAN,"{'eps': 0.2, 'min_samples': 20}",3,0.023452842502251107,0.918547914042614,24.684724318055736,0.003349866598756243,0.06609221944642305,1.0,0.0,0.0,1975,0.9645569620253165,0.012151898734177215,23,24,noise_ratio>0.5,False,0.3457862925223348,0.8292938506405557,0.009088710328398144,0.12820813327833497,1.0,0.43234404830051687,True
XGB,density,DBSCAN,"{'eps': 0.4, 'min_samples': 5}",46,-0.22792149135838452,1.3555725294072585,13.471831218891499,0.035209669551541374,0.23865514286000658,0.7654867256637168,0.24926253687315633,0.5279782779119825,1975,0.6567088607594936,0.02329113924050633,5,46,min_cluster_size<10; noise_ratio>0.5,False,0.1488759384580729,0.738096366538271,0.08700324058208862,0.47347074508407017,0.777180388129465,0.3961409391292846,True
XGB,density,DBSCAN,"{'eps': 0.4, 'min_samples': 10}",18,-0.26564512187460043,1.2261161786692736,20.940009117339734,0.02411540882993713,0.20230891286271832,0.7840909090909091,0.22272727272727272,0.4861724348043977,1975,0.7772151898734178,0.021772151898734177,12,43,noise_ratio>0.5,False,0.11932569230742283,0.7651110770907107,0.05987174469943128,0.40074947883570355,0.7948234657424145,0.37864313578915854,False
XGB,density,DBSCAN,"{'eps': 0.4, 'min_samples': 20}",5,-0.25188999494714914,1.1034929515868386,23.181953562201084,0.006834712244212788,0.09731351340952381,0.8923076923076924,0.1076923076923077,0.3281650616569468,1975,0.9341772151898734,0.015189873417721518,24,30,noise_ratio>0.5,False,0.1301005668615805,0.7906998641046651,0.017611051532916786,0.19067546568333452,0.8615064014431651,0.35643548435545724,False
XGB,density,DBSCAN,"{'eps': 0.6, 'min_samples': 5}",46,-0.09059310536207976,1.5206025022021896,24.06138792156587,0.07206578168959368,0.28797765947486714,0.6798964624676446,0.33908541846419327,0.6140433049287882,1975,0.4131645569620253,0.09367088607594937,5,185,min_cluster_size<10,False,0.25645009169122673,0.7036582186828956,0.17713646169677388,0.5721548689411075,0.7408588637073775,0.4479403742320761,True
XGB,density,DBSCAN,"{'eps': 0.6, 'min_samples': 10}",21,-0.1186351756202875,1.4528091266497516,35.28727537237074,0.05071198040609056,0.2585121828157931,0.6952941176470588,0.3176470588235294,0.5861138215097011,1975,0.569620253164557,0.08962025316455696,10,177,noise_ratio>0.5,False,0.23448375209547506,0.7178052142337641,0.12491481429360457,0.5132005627195426,0.7526457816839973,0.4250296644770654,True
XGB,density,DBSCAN,"{'eps': 0.6, 'min_samples': 20}",10,-0.18573778375080843,1.3564299008328975,43.043742638920115,0.03944389583123353,0.2088495480086654,0.7063197026022305,0.3066914498141264,0.5768134487395732,1975,0.7275949367088608,0.07645569620253165,20,151,noise_ratio>0.5,False,0.18191991981122194,0.7379174518634208,0.09735822463704198,0.41383593291683735,0.7565707640887407,0.3938966966468529,False
XGB,density,DBSCAN,"{'eps': 0.8, 'min_samples': 5}",27,0.03979163671765285,1.76471939568922,56.63692851624326,0.11675905419455548,0.30911642104172354,0.6310013717421125,0.42592592592592593,0.7384222976806254,1975,0.26177215189873415,0.11341772151898734,5,224,min_cluster_size<10,False,0.3585850445051906,0.6527163592768599,0.28643579847813544,0.614449145628918,0.6883679184370257,0.48900362016910337,False
XGB,density,DBSCAN,"{'eps': 0.8, 'min_samples': 10}",14,0.035180262621688385,1.8429453667854703,84.37292749575106,0.11787794126782501,0.30761958237820464,0.6402535657686212,0.401743264659271,0.6969482947213914,1975,0.3610126582278481,0.10582278481012658,17,209,,True,0.3549727930393645,0.6363923090869555,0.28917208535504785,0.6114542819803709,0.705870951475886,0.48938739855387925,False
XGB,density,DBSCAN,"{'eps': 0.8, 'min_samples': 20}",12,-0.013238418245244937,1.7468508620678276,79.83593572060929,0.11524449334511619,0.30557366257655216,0.6669829222011385,0.357685009487666,0.6379818750288092,1975,0.46632911392405063,0.09924050632911392,35,196,,True,0.3170447379097658,0.6564451316470578,0.2827318742165958,0.6073608208805574,0.7307562077429753,0.4856662874593277,True
XGB,density,DBSCAN,"{'eps': 1.0, 'min_samples': 5}",10,0.1330874252173304,2.0155009937741664,122.7634398229858,0.12526065290121588,0.29759407759543705,0.4559710494571773,0.7279855247285887,1.061725840863837,1975,0.16050632911392404,0.390379746835443,6,771,min_cluster_size<10,False,0.4316669159279151,0.6003837217081164,0.30722682692914227,0.5913953266874474,0.5519259983388257,0.4738754926413641,False
XGB,density,DBSCAN,"{'eps': 1.0, 'min_samples': 10}",9,0.17342962081024524,1.997116129961953,136.66612772020738,0.13528139692986807,0.3091236821871803,0.5006605019815059,0.6505944517833554,0.9836846054026711,1975,0.23341772151898735,0.3518987341772152,9,695,min_cluster_size<10,False,0.4632683761722004,0.6042202409024369,0.3317329911681981,0.6144636736746619,0.584861288525618,0.498525186726788,False
XGB,density,DBSCAN,"{'eps': 1.0, 'min_samples': 20}",7,0.17834104116966,1.9499025560557366,152.5541988563332,0.13842960894862688,0.30312339443797964,0.5083514887436456,0.6383442265795207,0.9712647012147142,1975,0.30278481012658226,0.32354430379746835,35,639,,True,0.467115664425849,0.6140726817131944,0.3394320802348859,0.6024583426400819,0.5901027886903107,0.5021371475562374,False
XGB,density,DBSCAN,"{'eps': 1.2, 'min_samples': 5}",9,0.22406794865571814,2.086588773585812,140.71861599651106,0.12397562596754334,0.29871100114451327,0.4386873920552677,0.8578008059873344,1.2495249529099979,1975,0.12050632911392405,0.4232911392405063,5,836,min_cluster_size<10,False,0.5029351588231387,0.5855492560022659,0.30408423781618343,0.5936300590048709,0.47267022777711987,0.473165791966325,False
XGB,density,DBSCAN,"{'eps': 1.2, 'min_samples': 10}",6,0.24649318323335384,2.2411631121850633,189.94900512260404,0.1243746075062124,0.2908213342351302,0.43863912515188336,0.7563791008505468,1.0859200510302993,1975,0.16658227848101265,0.39746835443037976,87,785,,True,0.5205016335416933,0.5532929704489584,0.30505996447749906,0.5778444722199145,0.541715456079161,0.48440410712096127,False
XGB,density,DBSCAN,"{'eps': 1.2, 'min_samples': 20}",8,0.2161927852050357,2.0273300546872233,158.55001104722135,0.133053285803365,0.3074849458752838,0.48515476942514213,0.6727732154137713,1.0025236633191483,1975,0.19848101265822785,0.3827848101265823,35,756,,True,0.4967662664005434,0.5979152552725053,0.3262840487490696,0.6111849022681864,0.5769107501255216,0.5025097524436113,False
XGB,density,DBSCAN,"{'eps': 1.4, 'min_samples': 5}",11,0.1694110473108027,2.096337974452715,118.92360844163457,0.16527545025610582,0.3210966620723253,0.4395183360700602,0.8620689655172413,1.256183392633317,1975,0.0749367088607595,0.44455696202531647,4,878,min_cluster_size<10,False,0.4601204862565688,0.5835148108936592,0.4050847497707623,0.638419122646369,0.4698602050605022,0.49356344004993746,False
XGB,density,DBSCAN,"{'eps': 1.4, 'min_samples': 10}",6,0.20265274961482416,2.3986142221854165,191.36694711287186,0.16452585758565025,0.3129109874848861,0.4340909090909091,0.8681818181818182,1.2590580894967764,1975,0.10886075949367088,0.43443037974683546,5,858,min_cluster_size<10,False,0.4861598804534824,0.5204363655889248,0.40325158837655317,0.6220412859040146,0.4686470134081967,0.4874539176130892,False
XGB,density,DBSCAN,"{'eps': 1.4, 'min_samples': 20}",5,0.24881780675338472,2.438393465474015,221.61054221686211,0.16382475184851786,0.3078964926619438,0.4340175953079179,0.8674486803519061,1.259101760542713,1975,0.13670886075949368,0.41670886075949365,89,823,,True,0.5223225928789706,0.5121353070675738,0.40153700388123187,0.6120083220134694,0.46862858316984657,0.49331216018617646,False
XGB,density,OPTICS,"{'min_samples': 20, 'xi': 0.03}",18,-0.18187115750953436,1.399415929018913,35.92239698080882,0.04677044803187179,0.26102465071588316,0.7821637426900585,0.23538011695906433,0.5200652230800575,1975,0.6536708860759494,0.033924050632911394,20,67,noise_ratio>0.5,False,0.1849487840970466,0.7289472074325813,0.11527562588204779,0.5182274897795583,0.7805198887872056,0.41823628483403563,True
XGB,density,OPTICS,"{'min_samples': 20, 'xi': 0.05}",14,-0.15820765559230882,1.3995972105640744,38.624657255591835,0.04508695298932423,0.2376530138709466,0.7092307692307692,0.3169230769230769,0.6076436202502,1975,0.6708860759493671,0.0729113924050633,20,144,noise_ratio>0.5,False,0.20348523716032768,0.7289093779368238,0.11115856572260813,0.4714656928672632,0.743559685532503,0.40742914844784756,False
XGB,model,GMM,"{'n_components': 3, 'covariance_type': 'full'}",3,0.27649329833010583,1.5273146848655148,490.0710913745778,0.21411265521708567,0.354195358641844,0.4172151898734177,1.1792405063291138,1.677098156891272,1975,0.0,0.49670886075949366,384,981,,True,0.5440017785045642,0.7022575328857821,0.5245182531441819,0.7046427482021818,0.2922239871966863,0.5366098475147184,False
XGB,model,GMM,"{'n_components': 3, 'covariance_type': 'tied'}",3,0.2767240481243403,1.5267060388302653,490.3487624256238,0.21381658834651024,0.3519546508588908,0.41670886075949365,1.179746835443038,1.6772491040277904,1975,0.0,0.49670886075949366,385,981,,True,0.5441825329315781,0.702384544008662,0.5237942087683033,0.7001595567602886,0.292160283851721,0.5358078573106572,False
XGB,model,GMM,"{'n_components': 3, 'covariance_type': 'diag'}",3,0.27649329833010583,1.5273146848655148,490.0710913745778,0.21411265521708567,0.354195358641844,0.4172151898734177,1.1792405063291138,1.677098156891272,1975,0.0,0.49670886075949366,384,981,,True,0.5440017785045642,0.7022575328857821,0.5245182531441819,0.7046427482021818,0.2922239871966863,0.5366098475147184,False
XGB,model,GMM,"{'n_components': 3, 'covariance_type': 'spherical'}",3,0.17724540397993652,1.2935651956282963,292.5413119689981,0.1773586622744153,0.36940054791531307,0.42632911392405065,1.1443037974683545,1.6651300933705153,1975,0.0,0.7078481012658228,225,1398,largest_cluster_ratio>0.7,False,0.4662574132924058,0.7510359416507932,0.4346347689519082,0.7350651776424636,0.29727479966397774,0.5075931733878626,False
XGB,model,GMM,"{'n_components': 5, 'covariance_type': 'full'}",5,0.2707634412463688,4.892581075900139,291.86860206511915,0.23645062279431955,0.37276951819621923,0.47139240506329116,1.0248101265822784,1.5297886012639008,1975,0.0,0.44151898734177214,67,872,,True,0.5395133799884221,0.0,0.5791467219134842,0.7418057882862329,0.354392184986035,0.4618143307156185,False
XGB,model,GMM,"{'n_components': 5, 'covariance_type': 'tied'}",5,0.23499460699553743,1.4722318870523714,370.1547763652368,0.28587015549424905,0.40080667205746023,0.5169620253164557,0.8486075949367089,1.3331223461758555,1975,0.0,0.3473417721518987,28,686,,True,0.511494394483315,0.71375210870889,0.7000043330348767,0.7979023168929646,0.43739010452176097,0.6171008666241783,False
XGB,model,GMM,"{'n_components': 5, 'covariance_type': 'diag'}",5,0.2821667308419386,3.269467582930923,312.7515666203969,0.22730069629476227,0.36206965706187755,0.4607594936708861,1.0425316455696203,1.5372176081100373,1975,0.0,0.45721518987341775,32,903,,True,0.5484459776696391,0.33870830558996257,0.5567701797193813,0.7203975858281221,0.3512569642936495,0.5054213159186977,False
XGB,model,GMM,"{'n_components': 5, 'covariance_type': 'spherical'}",5,0.24029088190108636,2.4007449355450428,310.6332458202235,0.3641502530317837,0.4490823820378902,0.5559493670886076,0.5777215189873418,0.9680987500629353,1975,0.0,0.27139240506329115,221,536,,True,0.5156431528344819,0.5199917322870251,0.8914417074872165,0.8944919978331255,0.5914388967014779,0.6822315539387427,False
XGB,model,GMM,"{'n_components': 7, 'covariance_type': 'full'}",7,0.24602811558916313,1.5990564354299188,321.4461521308898,0.31439709251113707,0.48636090178672525,0.6096202531645569,0.5215189873417722,0.9090264649195042,1975,0.0,0.2972151898734177,36,587,,True,0.5201373297041656,0.6872865977792819,0.7697681950569155,0.9690785824720903,0.6163688307510736,0.6942049243781909,True
XGB,model,GMM,"{'n_components': 7, 'covariance_type': 'tied'}",7,0.25181923131444706,1.4230617824860785,327.80158219481996,0.23079040159650424,0.38116264050174864,0.5508860759493671,0.7205063291139241,1.1832159566199232,1975,0.0,0.33974683544303796,27,671,,True,0.5246737142680924,0.7240128346996919,0.5653044054241662,0.7585986848777377,0.5006542290798065,0.5950171036756403,False
XGB,model,GMM,"{'n_components': 7, 'covariance_type': 'diag'}",7,0.19885814885854264,2.5949561519174047,241.78207705793807,0.16679396890686077,0.3245728012792543,0.47645569620253164,0.9848101265822785,1.4835810251643986,1975,0.0,0.3675949367088608,76,726,,True,0.483187436262477,0.47946409678341473,0.40879835300711553,0.6453741560790616,0.3738929004561621,0.466500765338002,False
XGB,model,GMM,"{'n_components': 7, 'covariance_type': 'spherical'}",7,0.2252807177428753,2.2246993572949116,239.49471402719783,0.2423804984947727,0.39564482662596995,0.5392405063291139,0.6308860759493671,1.0399610508772779,1975,0.0,0.24658227848101266,140,487,,True,0.5038851634902131,0.5567285962056581,0.5936484901870758,0.787574535002399,0.5611112664836211,0.588251136397255,False
XGB,model,GMM,"{'n_components': 9, 'covariance_type': 'full'}",9,0.27212137581745854,1.3756418140226971,355.4633455988311,0.2517152414444497,0.41076059813350685,0.5640506329113925,0.6541772151898734,1.0847621217389063,1975,0.0,0.3488607594936709,2,689,min_cluster_size<10,False,0.5405770978830965,0.7339083455428551,0.6164770090275996,0.8178180580426451,0.5422041302653455,0.6304633133185682,False
XGB,model,GMM,"{'n_components': 9, 'covariance_type': 'tied'}",9,0.24183857255837254,1.3471023995049753,337.0529602945292,0.22383067466727932,0.34012280543410434,0.5235443037974683,0.739240506329114,1.2016865784851691,1975,0.0,0.2688607594936709,2,531,min_cluster_size<10,False,0.5168555133433202,0.7398638974963687,0.5482840912939083,0.6764864885656063,0.49285917961054093,0.5773092949907116,False
XGB,model,GMM,"{'n_components': 9, 'covariance_type': 'diag'}",9,0.2377333783876813,2.641128165186607,268.8805236545476,0.184616442645064,0.31971207826095904,0.48658227848101265,0.9422784810126582,1.4406398016071482,1975,0.0,0.379746835443038,2,750,min_cluster_size<10,False,0.5136397704103065,0.4698290069096437,0.4523839857032351,0.6356488576698625,0.3920151360983404,0.4857306459349794,False
XGB,model,GMM,"{'n_components': 9, 'covariance_type': 'spherical'}",9,0.1963252319822538,1.6019535379116108,302.11742008133626,0.2854922842105323,0.421320967069178,0.6050632911392405,0.5589873417721519,1.046755082400676,1975,0.0,0.20556962025316455,2,406,min_cluster_size<10,False,0.48120331341562383,0.6866820358204633,0.699080232417846,0.838947165548684,0.5582440207456589,0.6355640708128714,False
XGB,model,GMM,"{'n_components': 11, 'covariance_type': 'full'}",11,0.2305936448533,1.6520003916642751,313.5261073117856,0.24687598286779935,0.39740587101674607,0.5741772151898734,0.5817721518987342,0.9887980172853007,1975,0.0,0.1989873417721519,2,393,min_cluster_size<10,False,0.5080469660989525,0.676238351439734,0.6046423922431009,0.7910980195020675,0.5827033049518854,0.6148134562171605,False
XGB,model,GMM,"{'n_components': 11, 'covariance_type': 'tied'}",11,0.2281610958990515,1.7031261059806695,308.15220070965404,0.2158252513918655,0.3245316459924184,0.5164556962025316,0.7564556962025316,1.221329427149061,1975,0.0,0.21316455696202533,2,421,min_cluster_size<10,False,0.5061414649743816,0.665569532442669,0.5287064813849525,0.6452918128877114,0.4845694220609895,0.5522550728015885,False
XGB,model,GMM,"{'n_components': 11, 'covariance_type': 'diag'}",11,0.24113635650242438,1.5480785724027937,300.856366887754,0.2291423800589851,0.35357045016471994,0.5432911392405063,0.6820253164556962,1.1103654319209795,1975,0.0,0.21063291139240506,2,416,min_cluster_size<10,False,0.5163054428166967,0.6979245634442265,0.5612740972601746,0.7033924359758742,0.5313989136948231,0.5858722176711976,False
XGB,model,GMM,"{'n_components': 11, 'covariance_type': 'spherical'}",11,0.20962985082041918,1.4381229089014063,304.1896112094613,0.2664177919634641,0.38755139874365707,0.6182278481012659,0.5012658227848101,0.910139786175589,1975,0.0,0.1610126582278481,2,318,min_cluster_size<10,False,0.49162528914352627,0.7208699068449799,0.6524327341435963,0.7713812647805484,0.6158989822354319,0.6330319780126963,False
XGB,model,GMM,"{'n_components': 13, 'covariance_type': 'full'}",13,0.22907396293604726,2.2245086881185037,247.42133047830654,0.20620670354884502,0.3876325781812142,0.5605063291139241,0.64,1.0510994846265878,1975,0.0,0.3265822784810127,2,645,min_cluster_size<10,False,0.5068565458209731,0.5567683846948481,0.5051839053658161,0.7715436879945358,0.5564105778593049,0.5635390392719658,False
XGB,model,GMM,"{'n_components': 13, 'covariance_type': 'tied'}",13,0.23356241605787836,1.5971056157608694,275.90719770049714,0.16210890631902428,0.31689251362427767,0.5174683544303798,0.7554430379746836,1.2209147846563269,1975,0.0,0.21215189873417722,2,419,min_cluster_size<10,False,0.5103725089658444,0.6876936912003382,0.3973408292025464,0.6300074937467297,0.48474441122846323,0.5215323945298505,False
XGB,model,GMM,"{'n_components': 13, 'covariance_type': 'diag'}",13,0.2060779849993763,1.9921532356535725,250.24076085133802,0.19985254392471002,0.36389181190657044,0.5488607594936709,0.6050632911392405,0.9887980172853007,1975,0.0,0.22835443037974684,2,451,min_cluster_size<10,False,0.4888429877618822,0.6052558884583812,0.4896445323506995,0.7240433396687967,0.5827033049518854,0.5605574252375992,False
XGB,model,GMM,"{'n_components': 13, 'covariance_type': 'spherical'}",13,0.20721189624171463,1.8021146113966677,244.78787391533282,0.19360013581068525,0.35936664092562753,0.6070886075949367,0.5063291139240507,0.910695936417636,1975,0.0,0.1230379746835443,2,243,min_cluster_size<10,False,0.4897312203064589,0.6449127951981273,0.4743539970677116,0.7149894112765239,0.6156642733728539,0.5681394899893111,False
XGB,model,GMM,"{'n_components': 15, 'covariance_type': 'full'}",15,0.24530504129552966,1.5391406716925347,305.69937806607,0.18876004401459567,0.38341634173202416,0.5944303797468354,0.5392405063291139,0.9247647665313172,1975,0.0,0.17215189873417722,2,340,min_cluster_size<10,False,0.519570920186585,0.6997897079447291,0.4625173426089277,0.7631078735122498,0.6097268865587593,0.5869020802291769,False
XGB,model,GMM,"{'n_components': 15, 'covariance_type': 'tied'}",15,0.23468389813203738,1.433432303141901,270.2559754413164,0.1608571726777927,0.3177516230243963,0.5220253164556962,0.7448101265822785,1.2090376966409004,1975,0.0,0.20810126582278482,2,411,min_cluster_size<10,False,0.5112510053059752,0.7218487337328559,0.39427966028057176,0.6317263934352852,0.48975682983063673,0.5273703014379854,False
XGB,model,GMM,"{'n_components': 15, 'covariance_type': 'diag'}",15,0.2111017056115781,1.5864006200129774,265.11018766746355,0.17713603478497228,0.3511665205910741,0.5559493670886076,0.6177215189873417,1.0173183910953145,1975,0.0,0.1868354430379747,2,369,min_cluster_size<10,False,0.49277824475202914,0.6899275898074424,0.4340903237685147,0.6985826715909446,0.5706670169290489,0.5541270847257038,False
XGB,model,GMM,"{'n_components': 15, 'covariance_type': 'spherical'}",15,0.229275362710071,1.4833602517913669,291.34270787392137,0.17910586496616485,0.3610785920259221,0.6131645569620253,0.4718987341772152,0.8431406027166329,1975,0.0,0.12556962025316457,2,248,min_cluster_size<10,False,0.5070143093452056,0.7114298622479621,0.43890762893121793,0.7184146702862753,0.6441742592278995,0.5797920162948214,False
XGB,model,GMM,"{'n_components': 17, 'covariance_type': 'full'}",17,0.23639273941942607,1.8179953066439922,264.82238381860213,0.19183119290061187,0.3914078318186896,0.5989873417721518,0.5326582278481012,0.9162388721758513,1975,0.0,0.17265822784810125,2,341,min_cluster_size<10,False,0.5125896007694479,0.6415988412435137,0.47002797044136313,0.7790971873518678,0.6133250203279119,0.5814238011575923,False
XGB,model,GMM,"{'n_components': 17, 'covariance_type': 'tied'}",17,0.25697800930813797,1.191700431055251,266.83383037440285,0.1583026419115985,0.3244083948127926,0.5255696202531646,0.7382278481012658,1.2029499605531964,1975,0.0,0.22784810126582278,2,450,min_cluster_size<10,False,0.5287147664537931,0.7722928913079242,0.38803244447193724,0.6450452128455707,0.49232600180035657,0.5402527187145282,False
XGB,model,GMM,"{'n_components': 17, 'covariance_type': 'diag'}",17,0.19967026305703175,1.9237529286786204,234.35970323395262,0.16397643972791995,0.35443533826353985,0.5711392405063291,0.5934177215189873,0.9895658170779313,1975,0.0,0.1827848101265823,2,361,min_cluster_size<10,False,0.48382359386818447,0.6195295373299321,0.4019079631707889,0.7051228976417476,0.5823792748564337,0.536606609476782,False
XGB,model,GMM,"{'n_components': 17, 'covariance_type': 'spherical'}",17,0.22299310468642694,1.4976980127853892,268.544803097223,0.20403845628617517,0.40653352329781206,0.6688607594936709,0.4070886075949367,0.8018964862646203,1975,0.0,0.12455696202531645,2,246,min_cluster_size<10,False,0.5020931957503522,0.7084378849442954,0.49988136262268845,0.8093605581973717,0.6615802745967982,0.61047946098387,False
XGB,model,GMM,"{'n_components': 19, 'covariance_type': 'full'}",19,0.21767219201551205,2.1052519391859827,249.6681552000912,0.17133591423435177,0.3610468212974535,0.5848101265822785,0.5772151898734177,0.9803125308940247,1975,0.0,0.17164556962025315,2,339,min_cluster_size<10,False,0.4979251377713074,0.5816546613083271,0.4199058773428387,0.7183511036494041,0.5862843855821609,0.5417154956386283,False
XGB,model,GMM,"{'n_components': 19, 'covariance_type': 'tied'}",19,0.24106260826411424,1.498999897313052,247.25787154955523,0.15644288970656756,0.3206489097856343,0.5372151898734178,0.7215189873417721,1.1866344280454637,1975,0.0,0.1989873417721519,2,393,min_cluster_size<10,False,0.5162476732286315,0.7081662101018715,0.38348433977530777,0.6375232632063063,0.4992115514013956,0.5266287345274906,False
XGB,model,GMM,"{'n_components': 19, 'covariance_type': 'diag'}",19,0.1957677841683153,2.309425326291184,233.62964802924608,0.16490641857136268,0.35362363120369267,0.5751898734177215,0.5594936708860759,0.9285895115779944,1975,0.0,0.18430379746835443,2,364,min_cluster_size<10,False,0.4807666449430349,0.5390481385404964,0.4041822667764983,0.7034988402025242,0.6081127515792395,0.5292418250571842,False
XGB,model,GMM,"{'n_components': 19, 'covariance_type': 'spherical'}",19,0.22083884083352362,1.449957864668144,281.2410988783479,0.18757038577852625,0.40534408631906005,0.6713924050632911,0.3918987341772152,0.7570763217549636,1975,0.0,0.12455696202531645,2,246,min_cluster_size<10,False,0.5004056851302019,0.718400210282264,0.4596079817832142,0.80698074154998,0.6804954687966627,0.6049096532625231,False
