segmentId,name_vn,lat_start,lon_start,lat_end,lon_end,speedLimit,currentSpeed,freeFlowSpeed,congestionIndex,trafficVolume,crossTime,traffic_label,cluster_label_RF,speed_drop,congestion_level_desc,congestion_score
2016fae29720e80048b5a8d7ea8a84a8,Đường Tân Vĩnh,10.7564549,106.7023549,10.757461,106.7015563,50.0,16.0,33.0,0.4848484848484848,1930.91,0.1124999999999999,B,0,17.0,Đông,0.3525522499652841
3ef73e396466c2064083ffd1d6d7db30,Đường Bành Văn Trân,10.7904195,106.6569689,10.7883571,106.657746,50.0,20.0,34.0,0.5882352941176471,1101.18,0.09,C,0,14.0,Trung bình,0.3462239403045396
c6a567f43c47b41238fa4ec6b881889a,Đường Nguyễn Tất Thành,10.7650945,106.7071763,10.7578081,106.7164541,50.0,16.0,36.0,0.4444444444444444,2040.0,0.1124999999999999,B,0,20.0,Đông,0.3644155333038111
45b1b3b95545b4b05224dd0d92480fd6,Phan Văn Đối,10.8296291,106.5950621,10.8295371,106.5949971,50.0,0.0,0.0,1.0,900.0,,A,2,0.0,Rất đông / kẹt xe,0.4208202002209255
2b4070260e2726ad3905ed6b34017434,Hẻm 10 Xa Lộ Hà Nội,10.855961,106.7849851,10.8578137,106.788085,55.0,35.0,45.5,0.7692307692307693,1163.08,0.0514285714285714,E,4,10.5,Thông thoáng,0.4104920293012986
05aedb10f20e8c3eb8a216b9c3334501,Đường Cao Tốc Thành phố Hồ Chí Minh-Long Thành-Dầu Giây,10.7859271,106.8534308,10.7963832,106.7909752,85.0,62.0,70.0,0.8857142857142857,848.57,0.0290322580645161,E,4,8.0,Thông thoáng,0.43579579427513604
d9e1d8b94cec807a05fc468dc86b9c78,Đường Hoàng Diệu,10.7610014,106.7004904,10.7610792,106.7004391,50.0,12.5,26.0,0.4807692307692308,2589.23,0.144,B,0,13.5,Đông,0.3419053626514702
71f93cf8ea9aaf48105f9b0698e6d2d9,Tô Hiến Thành,10.7736176,106.6614007,10.7768372,106.664107,50.0,0.0,0.0,1.0,1350.0,,A,2,0.0,Rất đông / kẹt xe,0.4381703670716967
3d0fa54c033be561ff58713143b26e73,Cao Tốc Thành Phố Hồ Chí Minh-Trung Lương,10.6887747,106.5896523,10.6894658,106.5930448,45.0,29.0,43.0,0.6744186046511628,946.05,0.0620689655172413,D,4,14.0,Tương đối thoáng,0.38583651083120496
cb19f4ec4fb65fd0ede65fb5ba4bb487,Lý Chính Thắng,10.788335,106.6850959,10.7885356,106.6851801,60.0,0.0,0.0,1.0,2700.0,,A,2,0.0,Rất đông / kẹt xe,0.49022086762401035
8f74804e41a4d09c93121dec7f75639b,Trần Minh Quyền,10.771263,106.6737333,10.770053,106.6752791,50.0,0.0,0.0,1.0,900.0,,A,2,0.0,Rất đông / kẹt xe,0.4208202002209255
edd04a4ad93a14c44c8817dc0837f268,Đường Lê Đại Hành,10.7597225,106.6587965,10.7552474,106.6584197,50.0,16.0,31.0,0.5161290322580645,2461.94,0.1124999999999999,B,0,15.0,Đông,0.37022018344689084
41723ba1c376e35d2c57eeffc1efaf49,Cách Mạng Tháng Tám,10.7827246,106.6724641,10.7822806,106.6732878,50.0,0.0,0.0,1.0,900.0,,A,2,0.0,Rất đông / kẹt xe,0.4208202002209255
0da7a0c372bed2f60ce19a48bf5305e9,Nguyễn Trọng Tuyển,10.7983381,106.6674578,10.7980849,106.6699079,50.0,0.0,0.0,1.0,900.0,,A,2,0.0,Rất đông / kẹt xe,0.4208202002209255
e23d7725d49882c6f00ded48b8b3c83a,Đường Vân Côi,10.7883735,106.6565352,10.7877277,106.6560806,50.0,20.5,34.5,0.5942028985507246,1090.43,0.0878048780487804,C,0,14.0,Trung bình,0.34896651934490475
781c8b16c457964f56e5df5fe4d2fe98,Đường Bờ Bao Tân Thắng,10.8011202,106.6193571,10.8012387,106.6193967,50.0,22.0,35.0,0.6285714285714286,1028.57,0.0818181818181818,C,0,13.0,Trung bình,0.35508609143019115
159f25108169fb3c404f3cfcec9c30d2,Đường Phạm Văn Đồng,10.8666573,106.7617638,10.8185142,106.6869633,50.0,32.0,42.0,0.7619047619047619,788.57,0.0562499999999999,E,4,10.0,Thông thoáng,0.38733804545386585
b53cf89bf433baa10711717ee40602f8,Cầu Bình Triệu 2,10.8235017,106.7135696,10.8190196,106.7129039,50.0,0.0,0.0,1.0,1800.0,,A,2,0.0,Rất đông / kẹt xe,0.45552053392246794
46fc423d727b252cc98937db8a8b6798,Lý Thường Kiệt,10.7592404,106.6612178,10.7571594,106.6618976,50.0,0.0,0.0,1.0,1350.0,,A,2,0.0,Rất đông / kẹt xe,0.4381703670716967
cb4335a416d83971695b8a9fe1614d99,Lý Thường Kiệt,10.8866826,106.5896647,10.7757808,106.6565902,50.0,0.0,0.0,1.0,1350.0,,A,2,0.0,Rất đông / kẹt xe,0.4381703670716967
b38f64d6ca9f83b275adfe80fb653f6f,Đường Quốc Lộ 1K,10.8883021,106.7760528,10.8882135,106.7761239,50.0,30.5,45.0,0.6777777777777778,2350.0,0.0590163934426229,D,4,14.5,Tương đối thoáng,0.4465829242311166
e62b460cb5dfffa330bf11b4536e472d,Đặng Văn Bi,10.8422045,106.7634239,10.8421583,106.7634728,50.0,0.0,0.0,1.0,1800.0,,A,2,0.0,Rất đông / kẹt xe,0.45552053392246794
bf49a14c2b009c4a36d6796e6015b9f2,Đường Lý Thái Tổ,10.7680397,106.667873,10.7681015,106.6679949,50.0,21.0,34.5,0.6086956521739131,2128.7,0.0857142857142857,C,0,13.5,Trung bình,0.39182640547822284
c95548f592ae75b176d1b311b379afb2,Tô Ký,10.8876775,106.6024445,10.8527736,106.6262305,50.0,0.0,0.0,1.0,1350.0,,A,2,0.0,Rất đông / kẹt xe,0.4381703670716967
51d905077b9a55d0a107c12a6f045eb1,Đường Lái Thiêu 113,10.8877621,106.6998839,10.8886155,106.6944551,50.0,31.0,48.0,0.6458333333333334,2992.5,0.0580645161290322,D,4,17.0,Tương đối thoáng,0.4786490137114202
7ad3cce7b24417a8603842e257daea43,Cao tốc TP. Hồ Chí Minh - Long Thành - Dầu Giây,10.7917928,106.8178476,10.786298,106.8450235,120.0,0.0,0.0,1.0,1800.0,,A,2,0.0,Rất đông / kẹt xe,0.45552053392246794
5d8b247037cfbb3cd4864f4597a29aa7,Đường Lạc Long Quân,10.7664078,106.6422822,10.7632226,106.6421549,50.0,18.0,32.0,0.5625,2295.0,0.1,B,0,14.0,Đông,0.3786379755228324
3c0167e8901fdb249e907289256872ee,Đường 3 Tháng 2,10.7776498,106.6811565,10.7575536,106.6482993,50.0,20.0,32.5,0.6153846153846154,2630.77,0.09,C,0,12.5,Trung bình,0.40504543736988957
a333685ffb8d0df90a7394f1e42a388a,Bến Cát,10.7852199,106.6568031,10.7851391,106.6568613,50.0,0.0,0.0,1.0,900.0,,A,2,0.0,Rất đông / kẹt xe,0.4208202002209255
64991b3007d81e6b8fbb43f1a76dceeb,Đường Trần Phú,10.757428,106.6739837,10.7526071,106.6683833,50.0,0.0,0.0,1.0,2250.0,,A,2,0.0,Rất đông / kẹt xe,0.4728707007732391
b55e682daf84d7d0f78c7de5786ed240,Cao tốc TP. Hồ Chí Minh - Long Thành - Dầu Giây,10.7860991,106.8473249,10.7866225,106.843937,50.0,0.0,0.0,1.0,900.0,,A,2,0.0,Rất đông / kẹt xe,0.4208202002209255
1171672493fa5b8fbd4b784a3056fee0,Đường Lê Văn Việt,10.8389857,106.768291,10.8488622,106.7742039,50.0,40.0,49.0,0.8163265306122449,2071.84,0.045,E,4,9.0,Thông thoáng,0.45592916087418767
bcc920cc86be8735dfd10dea8cc8b01a,Đường Xa Lộ Hà Nội,10.8187919,106.7581999,10.8418294,106.7695847,55.0,39.0,49.0,0.7959183673469388,2182.04,0.0461538461538461,E,4,10.0,Thông thoáng,0.4590588666159543
29dea696b73d817af6c22452c91b2b3f,Đường Nguyễn Chí Thanh,10.7607311,106.6727534,10.7607915,106.6740891,55.0,0.0,0.0,1.0,2250.0,,A,2,0.0,Rất đông / kẹt xe,0.4728707007732391
a361dcc42a688b832c9e1eabc017ebd9,Đường Hoàng Quốc Việt,10.7087139,106.7318964,10.7130973,106.7314656,55.0,24.0,37.0,0.6486486486486487,1488.65,0.075,D,4,13.0,Tương đối thoáng,0.3834463990915296
4ff1c86146a8f15a787642fe50ee30d5,Đường Xa Lộ Hà Nội,10.8020857,106.7438001,10.8006952,106.7363742,55.0,33.0,50.0,0.66,1458.0,0.0545454545454545,E,4,17.0,Thông thoáng,0.4269795684062044
148e250a25be8ebb375a477a09e79c50,Đường Đỗ Xuân Hợp,10.8324177,106.7672026,10.8188716,106.7582527,55.0,31.5,43.0,0.7325581395348837,1682.79,0.0571428571428571,E,4,11.5,Thông thoáng,0.42080634503454645
175ae2ba6f1197c63b44b93c36cd637d,Trường Chinh,10.832788,106.6218498,10.8311999,106.6227295,50.0,0.0,0.0,1.0,900.0,,A,2,0.0,Rất đông / kẹt xe,0.4208202002209255
16155de97876bdd1fe650e7744c21aa1,Đường Hồng Đức,10.8415062,106.7687324,10.8496688,106.773359,50.0,37.5,44.5,0.8426966292134831,1286.29,0.048,E,4,7.0,Thông thoáng,0.42023734704041094
e99983bb87cba148ff3645de7da54618,Đường Đồng Văn Cống,10.7698762,106.7752086,10.7698083,106.775235,55.0,14.0,32.0,0.4375,2058.75,0.1285714285714286,B,0,18.0,Đông,0.34210978308746776
2b065232c5b3ce59f240ba6117083449,Đường Phạm Văn Đồng,10.8701199,106.7633832,10.8641108,106.7571974,50.0,31.0,41.0,0.7560975609756098,799.02,0.0580645161290322,D,4,10.0,Tương đối thoáng,0.3846687582634834
ad618e33678436ff8f07f7f837cacf90,Nguyễn Thị Nhỏ,10.7544346,106.6508617,10.758499,106.6513356,50.0,0.0,0.0,1.0,1350.0,,A,2,0.0,Rất đông / kẹt xe,0.4381703670716967
93c02284c0d51d86197a2bdc052a0c3f,Đường Phạm Hùng,10.7460556,106.6689199,10.7416454,106.668879,50.0,18.0,33.0,0.5454545454545454,1767.27,0.1,B,0,15.0,Đông,0.3589506805649587
308acee2fda85ded85fe59bdee90a062,Phường An Phú Đông,10.8643469,106.6941172,10.8519273,106.6913666,50.0,0.0,0.0,1.0,900.0,,A,2,0.0,Rất đông / kẹt xe,0.4208202002209255
e27d6a4a5936730ac37ebe037fc302d2,Cầu Văn Thánh 2,10.7894924,106.7121753,10.7892164,106.7138262,50.0,0.0,0.0,1.0,900.0,,A,2,0.0,Rất đông / kẹt xe,0.4208202002209255
96aa53044924ad12b8cb081060a5ead3,Đường Linh Trung,10.8565707,106.7843268,10.8603829,106.7908151,50.0,41.0,48.0,0.8541666666666666,933.75,0.0439024390243902,E,4,7.0,Thông thoáng,0.4127128605841957
19159488838aabb5e7b22630b92d0b76,Đường Số 32,10.7406127,106.699903,10.7394635,106.7068498,50.0,18.5,32.5,0.5692307692307692,1135.38,0.0972972972972973,B,0,14.0,Đông,0.33748854627085
e60f6940bca29797062ec575599d5b16,Đường Đào Duy Từ,10.7942586,106.6839488,10.7991177,106.6803031,50.0,14.5,30.5,0.4754098360655737,1956.39,0.1241379310344827,B,0,16.0,Đông,0.338863885934761
e254e5ddc7550b0040a2e8c4bcd412bd,Đường Phạm Văn Đồng,10.8398287,106.7394746,10.8251409,106.710872,65.0,32.0,42.0,0.7619047619047619,1971.43,0.0562499999999999,E,4,10.0,Thông thoáng,0.4329443084785397
7b83e57eef6b9b0d27df3954c0c6a10c,Đường Hồng Bàng,10.75373,106.65443,10.7554182,106.6634172,50.0,13.5,17.5,0.7714285714285715,771.43,0.1333333333333333,B,0,4.0,Đông,0.33365108320520814
8ebb4c8c33e51a98f243c943da7e73e1,Xa Lộ Hà Nội,10.8458797,106.7715847,10.8584028,106.7887514,50.0,0.0,0.0,1.0,1350.0,,A,2,0.0,Rất đông / kẹt xe,0.4381703670716967
9793e9678dd4c80b990793cdd330a5cb,Hà Huy Giáp,10.8589939,106.6798911,10.8717216,106.6768789,50.0,0.0,0.0,1.0,1350.0,,A,2,0.0,Rất đông / kẹt xe,0.4381703670716967
c4453b9f2d10111b0d1b59fd270efc2d,Cầu cụt,10.8552658,106.6556187,10.8551425,106.655734,50.0,0.0,0.0,1.0,900.0,,A,2,0.0,Rất đông / kẹt xe,0.4208202002209255
11cd545a14b3f700ac39c4d5a330f3fa,Đường Lê Đại Hành,10.7648499,106.6551501,10.7626323,106.6568351,50.0,17.0,31.5,0.5396825396825397,3565.71,0.1058823529411764,B,0,14.5,Đông,0.4203989137984159
49ecdc5552ce5a28149992c19a4c4a1d,Phạm Thế Hiển,10.7404244,106.6548139,10.7508219,106.6874216,50.0,0.0,0.0,1.0,1350.0,,A,2,0.0,Rất đông / kẹt xe,0.4381703670716967
aed05b4a8b12657ed5b95a0b9cc53203,Đường Phạm Văn Đồng,10.8235017,106.7061476,10.8242579,106.7074369,50.0,36.5,44.0,0.8295454545454546,666.82,0.0493150684931506,E,4,7.5,Thông thoáng,0.39423442140023063
5656bf2ba7f66aa64aec7a8b486ebab9,Lý Thường Kiệt,10.765485,106.6595662,10.7738791,106.6572154,50.0,0.0,0.0,1.0,900.0,,A,2,0.0,Rất đông / kẹt xe,0.4208202002209255
416ab8efe59b1653f203084e57cf715e,Đường Cây Bàng,10.7187059,106.5920538,10.7189172,106.5920047,50.0,22.0,35.0,0.6285714285714286,1028.57,0.0818181818181818,C,0,13.0,Trung bình,0.35508609143019115
eb48c7456ae2c4beb72622f31718e6f6,Đường Số 9A,10.7292604,106.6884076,10.7288508,106.6880005,65.0,18.0,33.0,0.5454545454545454,2356.36,0.1,B,0,15.0,Đông,0.38166359120967164
3a1aa87c6bcdaad34a529936ba1386ac,Hoàng Hoa Thám,10.797138,106.6470466,10.8031077,106.6923844,50.0,0.0,0.0,1.0,900.0,,A,2,0.0,Rất đông / kẹt xe,0.4208202002209255
1f44fb04b5944655da7f198ac258e82d,Đường Xa Lộ Hà Nội,10.7988988,106.728642,10.7994998,106.7320752,60.0,36.5,42.5,0.8588235294117647,614.12,0.0493150684931506,E,4,6.0,Thông thoáng,0.39317544110842156
bcdfbeb63259abe653c415f33f8e1fb7,Ðiện Biên Phủ,10.78553,106.6927956,10.7780742,106.685171,55.0,0.0,0.0,1.0,1800.0,,A,2,0.0,Rất đông / kẹt xe,0.45552053392246794
a7e8464abc9a8b7fa8ccfdb1d8c3e6bd,Đường Lý Thái Tổ,10.7461614,106.7956925,10.7443127,106.8027109,50.0,43.0,43.0,1.0,720.0,0.041860465116279,E,4,0.0,Thông thoáng,0.413880133480617
2af34f0361bde9c96846a777b2d42b51,Đường Âu Cơ,10.7760618,106.6470365,10.7722809,106.6496421,50.0,18.0,31.0,0.5806451612903226,1672.26,0.1,B,0,13.0,Đông,0.3545496142524706
e50efc6df4e60f7efd231b37a1f22a36,Trần Hưng Ðạo,10.7520028,106.6580656,10.752179,106.6632877,50.0,0.0,0.0,1.0,900.0,,A,2,0.0,Rất đông / kẹt xe,0.4208202002209255
6afd746a49d0b1813739926e3782a98c,Đường Phan Thúc Duyện,10.8045573,106.6610854,10.8039431,106.6609131,50.0,30.0,42.0,0.7142857142857143,874.29,0.06,D,4,12.0,Tương đối thoáng,0.38480588588019704
b28e73faf97bb111111ad345d3f83c3f,Nguyễn Thi,10.7505935,106.6591297,10.7505909,106.6591695,50.0,0.0,0.0,1.0,2700.0,,A,2,0.0,Rất đông / kẹt xe,0.49022086762401035
bcdfbeb63259abe653c415f33f8e1fb7,Vòng Xoay Ngã Bảy,10.7678833,106.6745229,10.78553,106.6927956,50.0,25.0,38.0,0.6578947368421053,1463.68,0.072,D,0,13.0,Tương đối thoáng,0.38737513652619154
05c137fe6c30f85f4f01fbd41b8e0694,ấp Mới 1,10.8746132,106.6085312,10.8748532,106.6088444,50.0,24.0,37.0,0.6486486486486487,992.43,0.075,D,4,13.0,Tương đối thoáng,0.36431417732555255
06bcedd952eae18f7df052dc12bed073,Đường Quốc lộ 1A,10.729901,106.602171,10.7277176,106.60178,50.0,52.0,52.0,1.0,540.0,0.0346153846153846,E,4,0.0,Thông thoáng,0.4069400667403085
7e414735915eb505134c1ae99ee1f5f8,Đường Hoàng Sa,10.7916133,106.661654,10.7915741,106.6616367,50.0,19.0,34.0,0.5588235294117647,2308.24,0.0947368421052631,B,0,15.0,Đông,0.3868809038053452
cf96a7ac012ae3bf2e474c3f90b39a19,Lê Đức Thọ,10.8398015,106.6791366,10.8610348,106.6499071,50.0,0.0,0.0,1.0,900.0,,A,2,0.0,Rất đông / kẹt xe,0.4208202002209255
e3aae21f4d5f96ba007d0355dfde2112,Đường Nguyễn Trãi,10.7711638,106.6930476,10.7529979,106.6588732,50.0,0.0,0.0,1.0,1350.0,,A,2,0.0,Rất đông / kẹt xe,0.4381703670716967
04333fe7c5c67cf08d89fe0bc6d041fa,Đường Cao Triều Phát,10.7311497,106.712272,10.7302354,106.7122946,50.0,29.0,34.0,0.8529411764705882,1249.41,0.0620689655172413,D,4,5.0,Tương đối thoáng,0.40488026173577196
032c252746f3dc7a69f21b37884a1b01,đường song hành cao tốc Long Thành Dầu Giây,10.7957644,106.7806947,10.7957648,106.7808587,50.0,0.0,0.0,1.0,1800.0,,A,2,0.0,Rất đông / kẹt xe,0.45552053392246794
b11770597d1bb3722013241f37a0ca4f,Đường Hải Thượng Lãn Ông,10.750916,106.6564736,10.7504187,106.6633972,50.0,0.0,0.0,1.0,1350.0,,A,2,0.0,Rất đông / kẹt xe,0.4381703670716967
af1638d7752e8b881830970c73587a23,Đường Hoàng Minh Giám,10.8123044,106.6768879,10.80837,106.6736261,50.0,16.5,31.0,0.532258064516129,2403.87,0.1090909090909091,B,0,14.5,Đông,0.3716753094830746
cb8f17d21348ad140c8a6868fb442f2f,Phạm Văn Đồng,10.818071,106.6867094,10.823167,106.7030896,50.0,0.0,0.0,1.0,2250.0,,A,2,0.0,Rất đông / kẹt xe,0.4728707007732391
52b178c7b399b7c542dfef7654a82b37,Vòng Xoay,10.750597,106.6592038,10.7506107,106.6592357,50.0,16.0,30.0,0.5333333333333333,3600.0,0.1124999999999999,B,0,14.0,Đông,0.4135233518631871
4978590a182110740fd4defcabb9d463,Đường Quốc lộ 1A,10.7237483,106.6010824,10.7238063,106.6010908,60.0,53.0,53.0,1.0,1080.0,0.0339622641509433,E,4,0.0,Thông thoáng,0.427760266961234
19b4a156b48dd03667819ca43a83dbb8,Đường đất,10.8368731,106.7001735,10.830835,106.6929691,50.0,0.0,0.0,1.0,900.0,,A,2,0.0,Rất đông / kẹt xe,0.4208202002209255
9ef65b4becace6d590f765878c758b50,Đường Trần Nhật Duật,10.7916682,106.6898524,10.7915069,106.6888956,50.0,11.0,24.0,0.4583333333333333,1335.0,0.1636363636363636,B,0,13.0,Đông,0.27683934000462795
f804c0bf2888c95589c44831e208fc2d,Quách Thị Trang,10.7047386,106.8353721,10.7048398,106.8345554,60.0,35.0,46.0,0.7608695652173914,1580.87,0.0514285714285714,E,4,11.0,Thông thoáng,0.4270156728029018
03b477d928da55ca9ffa29542cabadf9,Cộng Hòa,10.8009238,106.6600301,10.8016842,106.6509196,50.0,0.0,0.0,1.0,900.0,,A,2,0.0,Rất đông / kẹt xe,0.4208202002209255
acc73b2742b6a7ae6a316c547525d1d1,Nguyễn Khoái,10.7558779,106.6939259,10.7533608,106.6952956,50.0,0.0,0.0,1.0,1350.0,,A,2,0.0,Rất đông / kẹt xe,0.4381703670716967
3ea305cbef3167c345c81b93932e4cf8,Đường Nguyễn Thái Sơn,10.8145897,106.6790274,10.8177209,106.6814029,50.0,20.0,34.0,0.5882352941176471,1651.76,0.09,C,0,14.0,Trung bình,0.3674520622260899
b696fc42fe664c8db994254601b5855c,Đường Hồng Bàng,10.7534697,106.6530134,10.753623,106.6478806,50.0,27.0,35.0,0.7714285714285715,1542.86,0.0666666666666666,D,0,8.0,Tương đối thoáng,0.4021039588772084
fb32fb1c46998abfe7d3427292b49d6a,Đường Phạm Văn Đồng,10.8196001,106.6902882,10.837129,106.7326464,65.0,31.0,43.5,0.7126436781609196,2193.1,0.0580645161290322,D,4,12.5,Tương đối thoáng,0.4396238466886162
381092131277420bae740266d89055c3,Đường Hà Huy Giáp,10.8629755,106.6803378,10.8591758,106.6799122,50.0,25.0,34.0,0.7352941176470589,1254.71,0.072,D,4,9.0,Tương đối thoáng,0.38155519638064184
f2cca9ecbb9945a5cdf82c34e47e6227,Hẻm 373 Lý Thường Kiệt,10.7801804,106.654269,10.7803895,106.6547735,50.0,0.0,0.0,1.0,1800.0,,A,2,0.0,Rất đông / kẹt xe,0.45552053392246794
7642b13b19d9c6929cf66e4bf469be97,Lê Qúy Đôn,10.8832727,106.800583,10.8832727,106.800583,45.0,0.0,0.0,1.0,1350.0,,A,2,0.0,Rất đông / kẹt xe,0.4381703670716967
262cbdf1777be39dabf6d19c07b9a079,Quận Tân Bình,10.7902723,106.6523466,10.8117157,106.6648526,40.0,0.0,0.0,1.0,2250.0,,A,2,0.0,Rất đông / kẹt xe,0.4728707007732391
f4f7cbdb58c848cd2364e53e9d891250,Cầu Thầy Tiêu,10.7289172,106.716972,10.7294379,106.7153476,80.0,0.0,0.0,1.0,1800.0,,A,2,0.0,Rất đông / kẹt xe,0.45552053392246794
1ffd381733dc696272b3a0db86e73ed5,Đường Phan Xích Long,10.7946727,106.693204,10.7958364,106.6927968,50.0,0.0,0.0,1.0,900.0,,A,2,0.0,Rất đông / kẹt xe,0.4208202002209255
f521b9189379948467851f9a32299097,Đường Xa Lộ Hà Nội,10.8575649,106.7860239,10.8378557,106.7676582,50.0,39.5,49.0,0.8061224489795918,708.98,0.0455696202531645,E,4,9.5,Thông thoáng,0.40282325243902756
a564f038f5d9a89c41047d3ee5b510ff,Đường Số 7,10.8249576,106.6029789,10.8249497,106.6029143,50.0,36.0,47.0,0.7659574468085106,781.28,0.05,E,4,11.0,Thông thoáng,0.39887839315157625
f6ed2d4c6e4db8d25250b835d732f70f,Đường Sư Vạn Hạnh,10.7697703,106.6710427,10.769677,106.6710665,50.0,13.5,26.5,0.5094339622641509,1243.02,0.1333333333333333,B,0,13.0,Đông,0.3003268470121177
e4125b6fed6b067a2590c97f5141fe9d,Lý Thường Kiệt,10.7887464,106.6529164,10.7805208,106.6552592,50.0,0.0,0.0,1.0,1350.0,,A,2,0.0,Rất đông / kẹt xe,0.4381703670716967
1ef01f1af018ff06b9ba19eb43edf177,Lê Hồng Phong,10.760492,106.6770991,10.7663147,106.6749228,50.0,0.0,0.0,1.0,1350.0,,A,2,0.0,Rất đông / kẹt xe,0.4381703670716967
c1d9c55ac84173f24d9850910ad301af,Đường Tạ Uyên,10.7537874,106.6537848,10.7537826,106.6537256,50.0,26.0,35.0,0.7428571428571429,2468.57,0.0692307692307692,D,0,9.0,Tương đối thoáng,0.43235777742639175
ee3a62132d60650c698f951d336fd4f7,Đường Lạc Long Quân,10.7742613,106.6477025,10.769814,106.6444321,50.0,19.0,32.0,0.59375,1091.25,0.0947368421052631,B,0,13.0,Đông,0.3390811179066968
74ef85fbba86aea448f55f140da46e7f,Đường Lê Minh Xuân,10.786231,106.651613,10.7874965,106.6560086,50.0,0.0,0.0,1.0,900.0,,A,2,0.0,Rất đông / kẹt xe,0.4208202002209255
4acc35dfc56bacf61b6804ae09abdd9c,Lê Văn Việt,10.8486663,106.7744207,10.8484707,106.774693,50.0,0.0,0.0,1.0,2700.0,,A,2,0.0,Rất đông / kẹt xe,0.49022086762401035
e4125b6fed6b067a2590c97f5141fe9d,Đường Lý Thường Kiệt,10.7805208,106.6552592,10.7787511,106.6557798,50.0,16.0,31.0,0.5161290322580645,1846.45,0.1124999999999999,B,0,15.0,Đông,0.3464893963469327
bc56b10658d431cbf3782373345d71b3,Hoà Hảo,10.7597892,106.6590053,10.7603765,106.6617195,50.0,0.0,0.0,1.0,1350.0,,A,2,0.0,Rất đông / kẹt xe,0.4381703670716967
2f1bdbe2cf4979978d49925cf2871b35,Bến Vân Đồn,10.7584116,106.6937223,10.7573004,106.6918919,60.0,0.0,0.0,1.0,2250.0,,A,2,0.0,Rất đông / kẹt xe,0.4728707007732391
eb7db68e1472770b808a2181c54828b9,Đường Kinh Dương Vương,10.7384659,106.6149043,10.7379148,106.6147828,50.0,25.0,35.0,0.7142857142857143,1311.43,0.072,D,0,10.0,Tương đối thoáng,0.3823053848086221
5c004ea2ebb15c29edb255aed69fafd1,Phạm Văn Đồng,10.8316231,106.7254178,10.8402083,106.7418062,50.0,0.0,0.0,1.0,900.0,,A,2,0.0,Rất đông / kẹt xe,0.4208202002209255
e553cd5c3a7edecf84a2689095a9f748,Đường Trần Huy Liệu,10.792161,106.6779981,10.794303,106.6778425,50.0,16.5,33.5,0.4925373134328358,1273.43,0.1090909090909091,B,0,17.0,Đông,0.3312701378663675
f1fe8c6487b8951009b7e4f5a032eebb,Đường Nghĩa Phát,10.7836425,106.6543665,10.7857783,106.6579632,50.0,18.5,33.0,0.5606060606060606,1150.91,0.0972972972972973,B,0,14.5,Đông,0.3383632804053745
cb19f4ec4fb65fd0ede65fb5ba4bb487,Đường Lý Chính Thắng,10.7792426,106.6820441,10.788335,106.6850959,55.0,10.0,28.0,0.3571428571428571,3034.29,0.18,B,0,18.0,Đông,0.33721111072703247
02862b37fd3ae1f424a8a25e660c1147,Đường Hàn Hải Nguyên,10.7580377,106.6496262,10.757963,106.6489515,50.0,22.5,33.0,0.6818181818181818,1399.09,0.08,C,0,10.5,Trung bình,0.37334753497348994
49659a77c26e913c341cbca256c8cc7b,Cầu Thanh Lộc,10.8608943,106.6696497,10.8610728,106.6698521,50.0,0.0,0.0,1.0,900.0,,A,2,0.0,Rất đông / kẹt xe,0.4208202002209255
d21e230286ed05f3b67dd652c64f0201,Xa Lộ Hà Nội,10.8633078,106.7965925,10.8010884,106.7392519,55.0,0.0,0.0,1.0,2250.0,,A,2,0.0,Rất đông / kẹt xe,0.4728707007732391
6b0fbf6a2e4ef04b02bd48b90ded9f0e,Đường Lý Thường Kiệt,10.7765701,106.656462,10.7765446,106.6563765,50.0,19.0,33.0,0.5757575757575758,1123.64,0.0947368421052631,B,0,14.0,Đông,0.3404887908905032
e43538d8c2cafb6c92cd81166c383ffd,Lãnh Binh Thăng,10.7653269,106.6464629,10.7632537,106.6503161,50.0,0.0,0.0,1.0,1350.0,,A,2,0.0,Rất đông / kẹt xe,0.4381703670716967
c79e211f70eccbf9c5834a86b875367e,Đường An Phú Đông 3,10.8547157,106.7063222,10.8547574,106.7068791,50.0,29.0,48.0,0.6041666666666666,1072.5,0.0620689655172413,D,4,19.0,Tương đối thoáng,0.4019334631051189
565705c0eed96a1a9a86d19728864b8e,Đường Thoại Ngọc Hầu,10.7842211,106.6392437,10.78599,106.6416689,50.0,17.0,31.0,0.5483870967741935,1172.9,0.1058823529411764,B,0,14.0,Đông,0.3279081895208816
76af8535a1772f60979e2ace59b57ceb,Hàn Hải Nguyên,10.7582635,106.6457587,10.7580428,106.648904,50.0,0.0,0.0,1.0,2250.0,,A,2,0.0,Rất đông / kẹt xe,0.4728707007732391
9bcf9d131b18487f8813ef4c6c42ab9e,Hẻm 145 Nguyễn Thiện Thuật,10.7680707,106.679824,10.7676816,106.6802989,50.0,20.0,30.5,0.6557377049180327,979.67,0.09,C,0,10.5,Trung bình,0.34337899476415923
c5ba02c38f7cc53873ee9f364b07a153,Đường Phạm Văn Đồng,10.8344857,106.7294684,10.8156051,106.6818266,65.0,31.5,43.5,0.7241379310344828,3426.21,0.0571428571428571,E,4,12.0,Thông thoáng,0.48840966588667256
e4f9d9ee24eae3af1cf0ee65e59da33e,Đường Xa Lộ Hà Nội,10.8054703,106.7542574,10.8303445,106.7632003,55.0,42.5,46.5,0.913978494623656,1029.68,0.0423529411764705,E,4,4.0,Thông thoáng,0.4190216589360531
91c1d62e3d990e9f6f7befb66bcbcb20,Đường Nguyễn Duy,10.7447602,106.6688752,10.7448407,106.6689569,50.0,10.0,16.5,0.6060606060606061,1603.64,0.18,B,0,6.5,Đông,0.30244627091744514
5d8686b2d447843e68030c5cda6fa2e2,Lý Thường Kiệt,10.7757808,106.6565902,10.7677013,106.6588507,50.0,0.0,0.0,1.0,900.0,,A,2,0.0,Rất đông / kẹt xe,0.4208202002209255
5308417b3a518055ee7b96e09e4261f4,Út Tịch,10.8009968,106.6575383,10.7934217,106.6591633,50.0,0.0,0.0,1.0,900.0,,A,2,0.0,Rất đông / kẹt xe,0.4208202002209255
420037df86171068f7144183b30a00af,Hem 3m,10.7908008,106.6641842,10.7907633,106.6642609,50.0,0.0,0.0,1.0,2700.0,,A,2,0.0,Rất đông / kẹt xe,0.49022086762401035
a82b6cd023afa4cde99737b56ad45749,Đường Ngô Gia Tự,10.7565017,106.6664916,10.7615444,106.670086,50.0,27.5,38.5,0.7142857142857143,874.29,0.0654545454545454,D,0,11.0,Tương đối thoáng,0.37512846652535836
2d1e2e76955d8d94f92ac490ffbb3d5c,Đường Bàu Cát,10.7922881,106.6429867,10.7929669,106.6410455,50.0,16.0,32.0,0.5,1260.0,0.1124999999999999,B,0,16.0,Đông,0.32502291434670366
a264b8cb890cb9e83830948e5a9a7670,Trần Văn Mười,10.8496569,106.5879562,10.8777391,106.5913288,50.0,0.0,0.0,1.0,1350.0,,A,2,0.0,Rất đông / kẹt xe,0.4381703670716967
3569d379d4fd684d7643c11f1ab33a61,Vũ Huy Tấn,10.7959469,106.6927346,10.7956893,106.6961219,50.0,0.0,0.0,1.0,900.0,,A,2,0.0,Rất đông / kẹt xe,0.4208202002209255
110e7cec58e4bd5ee1d6aa5e4e12f13a,Hẻm 282 Lê Văn Quới,10.7763027,106.6087456,10.7763962,106.6028052,50.0,19.5,32.5,0.6,2160.0,0.0923076923076923,C,0,13.0,Trung bình,0.38359421579018166
1fee7aa948b15b4c4027a2597b67d37d,Đường Quốc Lộ 22,10.8774435,106.5916776,10.8450745,106.6138112,50.0,39.0,46.0,0.8478260869565217,950.87,0.0461538461538461,E,4,7.0,Thông thoáng,0.4100185668415557
0748a04cc0fc3eaa1b3262cdb77d7fbb,Đường Nguyễn Thị Nhỏ,10.756343,106.6510842,10.7601722,106.6704457,50.0,20.0,27.0,0.7407407407407407,826.67,0.09,C,0,7.0,Trung bình,0.34857831827658764
64991b3007d81e6b8fbb43f1a76dceeb,Đường An Dương Vương,10.7575894,106.674106,10.757428,106.6739837,50.0,22.0,28.0,0.7857142857142857,1118.57,0.0818181818181818,C,0,6.0,Trung bình,0.3739478298694698
7782905963074112e23f8988d4f875bd,Nguyễn Xiển,10.8592096,106.8363216,10.8837836,106.8346037,50.0,0.0,0.0,1.0,900.0,,A,2,0.0,Rất đông / kẹt xe,0.4208202002209255
d46b643247d74c11a53fe9372275429f,Cầu Sài Gòn 1,10.7997621,106.7319201,10.7981356,106.7225975,55.0,0.0,0.0,1.0,900.0,,A,2,0.0,Rất đông / kẹt xe,0.4208202002209255
2ea509c2ea03cfaec16ecdab5eb5ec6a,Hẻm 341 Khuông Việt,10.7693434,106.6376979,10.7719922,106.6410076,50.0,0.0,0.0,1.0,900.0,,A,2,0.0,Rất đông / kẹt xe,0.4208202002209255
e59398367b5e8a7e0db0c709f85a2c9d,Phường Sơn Kỳ,10.8013922,106.6190596,10.8013405,106.6190675,50.0,0.0,0.0,1.0,900.0,,A,2,0.0,Rất đông / kẹt xe,0.4208202002209255
309416b616752c1e32c69af3a4c8917d,Đường Bàu Cát,10.7924125,106.6418466,10.7926149,106.6419251,50.0,16.0,32.0,0.5,2520.0,0.1124999999999999,B,0,16.0,Đông,0.3736033815288631
edd1cb66ba061a4d7e7df40bdad581a4,Đường Hàn Hải Nguyên,10.7580658,106.6494435,10.7711007,106.6734728,50.0,22.0,32.5,0.676923076923077,1412.31,0.0818181818181818,C,0,10.5,Trung bình,0.37126757592351933
fd6f15ac19a957141598dd378d42dddc,Trường Chinh,10.8152248,106.6323883,10.8083021,106.6345381,50.0,0.0,0.0,1.0,2250.0,,A,2,0.0,Rất đông / kẹt xe,0.4728707007732391
84eac5395bc14015e1b7708db7ef3ff7,Đường Số 8,10.8824106,106.7698521,10.8418186,106.6623835,50.0,26.0,40.0,0.65,1485.0,0.0692307692307692,D,4,14.0,Tương đối thoáng,0.39369799777208936
b9d383cf31bb70a7cbce76c3ccb5deae,Hẻm 84A Trần Hữu Trang,10.79358,106.6724314,10.7938991,106.6717593,50.0,18.0,33.0,0.5454545454545454,1178.18,0.1,B,0,15.0,Đông,0.3362377699202458
d17e93aa70957e8c5bd2f8194ccecd7b,Đường Phan Đăng Lưu,10.8025532,106.6965436,10.8032397,106.6845465,50.0,17.0,32.0,0.53125,2407.5,0.1058823529411764,B,0,15.0,Đông,0.3761206785258478
0b82b4afd40f0bef656c72b9d0ee6272,Tô Ký,10.8658854,106.6160443,10.8599399,106.61763,50.0,0.0,0.0,1.0,1800.0,,A,2,0.0,Rất đông / kẹt xe,0.45552053392246794
5cbe5643b0a58f3615b226311c35809b,Cầu Thị Nghè 2,10.7875007,106.7093873,10.7876817,106.7096016,50.0,0.0,0.0,1.0,2700.0,,A,2,0.0,Rất đông / kẹt xe,0.49022086762401035
4be0bd6ff2e3ba57c460743447aaf5e4,Đường Hưng Nhơn,10.7159649,106.5856745,10.7117174,106.5985988,50.0,33.0,43.0,0.7674418604651163,1167.91,0.0545454545454545,E,4,10.0,Thông thoáng,0.40489315430431266
7ac9e10ab273227210ba16ae4be9d1e9,Đường Nguyễn Thị Nhỏ,10.7514819,106.6504956,10.7716614,106.6527803,50.0,17.0,30.0,0.5666666666666667,1140.0,0.1058823529411764,B,0,13.0,Đông,0.326632762326283
9f49b898d17c44119f3936623504c3af,Hẻm Số 1 Công Trường Tự Do,10.79196,106.7089225,10.7921268,106.708958,50.0,27.0,42.0,0.6428571428571429,1002.86,0.0666666666666666,D,4,15.0,Tương đối thoáng,0.38100726096043047
81f76bbbcd1147a3e9f2e52b5b9c05eb,Đường Tỉnh Lộ 830C,10.6817688,106.5406723,10.681336,106.5412694,50.0,34.0,46.0,0.7391304347826086,1659.13,0.0529411764705882,E,4,12.0,Thông thoáng,0.42820977769044927
d8ff2b0f0bf87975af40b356ad7e578e,Nguyễn Lương Bằng,10.7348064,106.7180368,10.7232098,106.7253596,50.0,0.0,0.0,1.0,900.0,,A,2,0.0,Rất đông / kẹt xe,0.4208202002209255
caeb9367aa7e3984284fcec14cdd6abb,Đường Tỉnh Lộ 15,10.8502828,106.6308139,10.850249,106.6309142,50.0,43.0,43.0,1.0,720.0,0.041860465116279,E,4,0.0,Thông thoáng,0.413880133480617
03723a986c31cf1a234b8145447456ea,Đường Mễ Cốc,10.7390302,106.64357,10.7384808,106.6427235,50.0,35.0,43.0,0.813953488372093,1042.33,0.0514285714285714,E,4,8.0,Thông thoáng,0.40530261390336453
b001fef67f6c2ecbf851f1f2f2485b76,Dương Thị Mười,10.8703305,106.6368278,10.8704226,106.6368738,50.0,0.0,0.0,1.0,900.0,,A,2,0.0,Rất đông / kẹt xe,0.4208202002209255
b68cc61f0721ec77835b5c01818b3659,Đường Cộng Hòa,10.8021815,106.6453771,10.8022319,106.644295,50.0,22.5,39.5,0.569620253164557,1134.68,0.08,C,0,17.0,Trung bình,0.3666998647519032
16af3b86bfbe294ba072106469d09d52,Trần Phú,10.7631515,106.6795568,10.7574203,106.674132,50.0,0.0,0.0,1.0,2250.0,,A,2,0.0,Rất đông / kẹt xe,0.4728707007732391
376075e39c6e7d0a8df99fb9356f61b0,Đi ga quốc tế,10.8130678,106.6650669,10.8144166,106.6652668,45.0,0.0,0.0,1.0,2250.0,,A,2,0.0,Rất đông / kẹt xe,0.4728707007732391
8f7bb7b891d811251396f8362ce3f0b6,Đường Phạm Hữu Lầu,10.703606,106.7265583,10.7028333,106.7247561,50.0,31.5,39.5,0.7974683544303798,724.56,0.0571428571428571,E,4,8.0,Thông thoáng,0.384329529558196
9523d99d713f28cae6b5d9e97a962137,Đường Lê Đức Thọ,10.8600761,106.6505875,10.860121,106.650645,50.0,30.0,48.0,0.625,2070.0,0.06,D,4,18.0,Tương đối thoáng,0.4417370856458339
555304c560b2afe9670bbcb31285298a,Đường Bạch Đằng,10.8125831,106.6647613,10.8140262,106.6643593,55.0,16.0,33.0,0.4848484848484848,3218.18,0.1124999999999999,B,0,17.0,Đông,0.40218413725860025
98c9357b3e508c6dca3ff35cc3c350f2,Đường Lý Tự Trọng,10.7721656,106.6944832,10.7779424,106.7010583,50.0,10.0,24.0,0.4166666666666667,3525.0,0.18,B,0,14.0,Đông,0.34891122728053175
9a8a0ab0d467f2a0b7a5ddaddc02581d,Đường Trường Sơn,10.8134061,106.6652599,10.8140069,106.6747486,55.0,16.5,33.0,0.5,3150.0,0.1090909090909091,B,0,16.5,Đông,0.40273232479736215
86f741a0057e73e46e4fe58d849b9794,Đường Trần Hưng Đạo,10.7529032,106.6714119,10.752615,106.6684652,50.0,16.5,30.0,0.55,1755.0,0.1090909090909091,B,0,13.5,Đông,0.3463661623986811
26875e61fd516a3f73cd403ce256de7b,Bùi Hữu Nghĩa,10.7555638,106.6742704,10.7940986,106.6976069,50.0,10.5,17.5,0.6,1080.0,0.1714285714285714,B,0,7.0,Đông,0.28388929921929845
34b694fa39d720c50e59d25c063bdac1,Đường Tam Bình,10.8547733,106.7343846,10.8550441,106.7349099,50.0,27.0,41.0,0.6585365853658537,1461.95,0.0666666666666666,D,4,14.0,Tương đối thoáng,0.3973254127023246
334246ae637fa7a6c3b2f1fedb042d2d,Đường Kênh Nước Đen,10.7994476,106.6193962,10.7916934,106.6052666,50.0,21.0,40.5,0.5185185185185185,1226.67,0.0857142857142857,C,0,19.5,Trung bình,0.36740570673175343
35b78941d6de203d9d443c0657bc1467,Nguyễn Văn Quá,10.8261451,106.6265884,10.8264064,106.6266087,50.0,0.0,0.0,1.0,1800.0,,A,2,0.0,Rất đông / kẹt xe,0.45552053392246794
18ead8f3b4eae621f99e051d0932fbce,THOI TAM THÔN 5,10.8826122,106.6159517,10.8839449,106.6112355,50.0,0.0,0.0,1.0,900.0,,A,2,0.0,Rất đông / kẹt xe,0.4208202002209255
0d75079eb78984f37854f4810843277e,Đường Nam Kỳ Khởi Nghĩa,10.7910679,106.6825988,10.7921893,106.681367,50.0,16.0,33.0,0.4848484848484848,1287.27,0.1124999999999999,B,0,17.0,Đông,0.3277361135389944
6ab60321f847c51e9299df7419d6dc51,Đường Xuân Hồng,10.7944927,106.6525329,10.7937384,106.6517611,50.0,21.5,34.5,0.6231884057971014,3114.78,0.0837209302325581,C,0,13.0,Trung bình,0.43267405781611484
d0669f7c3f0eecbc66b9e383dc464dd0,Hẻm 1129 Lạc Long Quân,10.7894105,106.6516978,10.7897093,106.6518377,50.0,16.0,32.0,0.5,1260.0,0.1124999999999999,B,0,16.0,Đông,0.32502291434670366
302b40b302ebe4e7abfb61128801822a,Đường Quang Trung,10.8388107,106.6491032,10.8408842,106.6452271,50.0,23.0,35.0,0.6571428571428571,1954.29,0.0782608695652174,C,4,12.0,Trung bình,0.3962158715755042
6ff50f75da847a3b499876fa9435ec6a,Đường Ngô Quyền,10.7637713,106.6597513,10.7659517,106.6640311,50.0,22.0,33.0,0.6666666666666666,1440.0,0.0818181818181818,C,0,11.0,Trung bình,0.3717479273235713
fd91ff459d18d4e151ebe8f48a7c84f1,Đường Số 10,10.7775374,106.7646391,10.7776559,106.7647651,50.0,0.0,0.0,1.0,900.0,,A,2,0.0,Rất đông / kẹt xe,0.4208202002209255
aa1586e1bd069c86b4f39a0f3c25741e,Đường Kinh Dương Vương,10.7540208,106.6340806,10.7539125,106.6340886,50.0,24.0,35.0,0.6857142857142857,925.71,0.075,D,0,11.0,Tương đối thoáng,0.3619958048842346
7f8b583c5b4428827747d1af9e579b87,Đường Phạm Văn Đồng,10.8289838,106.7222594,10.8705207,106.7634123,50.0,33.0,42.0,0.7857142857142857,1118.57,0.0545454545454545,E,4,9.0,Thông thoáng,0.40298008793398593
ac1c4efbeecd268d1562a4cfe1d97564,Cầu vượt Lý Thái Tổ - Nguyễn Tri Phương,10.7692426,106.6699972,10.7681372,106.667887,50.0,0.0,0.0,1.0,900.0,,A,2,0.0,Rất đông / kẹt xe,0.4208202002209255
1184d7a8983d26d2dfdf9a31af40a31d,Nam Kỳ Khởi Nghĩa,10.7898473,106.683905,10.781312,106.6931176,50.0,0.0,0.0,1.0,1800.0,,A,2,0.0,Rất đông / kẹt xe,0.45552053392246794
24448e059d6d78bd72ea442a2f0350d4,Quốc lộ 1,10.8741188,106.7474536,10.7226708,106.6008754,55.0,0.0,0.0,1.0,2250.0,,A,2,0.0,Rất đông / kẹt xe,0.4728707007732391
d1353b9f804072b489f953c63f1b591e,Đường Cao Tốc Thành phố Hồ Chí Minh-Long Thành-Dầu Giây,10.792934,106.8117098,10.794041,106.8052263,120.0,60.0,75.0,0.8,1440.0,0.03,E,4,15.0,Thông thoáng,0.4809952391515284
f4ccbc6cb56968e5336eefd9f1c336a0,Đường Vườn Lài,10.7880016,106.6313252,10.844574,106.6935088,50.0,25.5,41.5,0.6144578313253012,1053.98,0.0705882352941176,D,0,16.0,Tương đối thoáng,0.3776315073623489
373575dcf77c2630d31bc5f414d50560,Hẻm 972/1 Quốc Lộ 13,10.8684531,106.7160636,10.8684713,106.7161334,50.0,27.0,42.0,0.6428571428571429,2005.71,0.0666666666666666,D,4,15.0,Tương đối thoáng,0.41967307168553253
5875f55758d573b92074ba276d706719,An Phú Đông,10.8581333,106.6884983,10.8580682,106.688522,50.0,0.0,0.0,1.0,900.0,,A,2,0.0,Rất đông / kẹt xe,0.4208202002209255
686f25face0f632a5e8e1d1dcfaaa247,Hẻm 36A Cộng Hòa,10.8073797,106.6348128,10.8009238,106.6600301,50.0,25.0,39.0,0.6410256410256411,2515.38,0.072,D,0,14.0,Tương đối thoáng,0.4286775277563085
f506c2954e91ae6562d11c8524b84e60,Đường Raymondienne,10.7267486,106.7231704,10.7270427,106.7236852,50.0,32.0,42.0,0.7619047619047619,1971.43,0.0562499999999999,E,4,10.0,Thông thoáng,0.4329443084785397
80a00f44205387c5f1573ee3f580a879,Đường Tên Lửa,10.7383637,106.6150634,10.73825,106.6149888,50.0,0.0,0.0,1.0,1350.0,,A,2,0.0,Rất đông / kẹt xe,0.4381703670716967
8b7b56809af4395a2a2a9a0c41c89784,Đường Quốc lộ 1A,10.819436,106.6017747,10.8133227,106.6004668,65.0,36.0,47.0,0.7659574468085106,1171.91,0.05,E,4,11.0,Thông thoáng,0.4139394946558357
bcbced11f42b439c245dea1d61eb96f7,Đường Gò Dưa,10.8691182,106.73608,10.8665765,106.7267906,50.0,26.0,42.5,0.611764705882353,1058.82,0.0692307692307692,D,4,16.5,Tương đối thoáng,0.381232077488896
06070fea94d2723df987abeeb511b66c,Đường Khuông Việt,10.7813924,106.6433121,10.7770894,106.6398819,50.0,20.0,33.0,0.6060606060606061,1603.64,0.09,C,0,13.0,Trung bình,0.3653494967238967
823a0dbc9b2b7b01d1fa23d547c80121,Đường Lãnh Binh Thăng,10.7620808,106.6568525,10.7621391,106.6567535,50.0,22.0,34.0,0.6470588235294118,1990.59,0.0818181818181818,C,0,12.0,Trung bình,0.3922806726285469
aea40f06ee141f22ed1220995d753e19,Hẻm 655 Đường 3 Tháng 2,10.752477,106.6667664,10.7517792,106.6668579,50.0,14.0,25.0,0.56,2304.0,0.1285714285714286,B,0,11.0,Đông,0.3486301401501704
361b4883e8c6ea8df1ebd9a0d1142a31,Đường Trần Văn Mười,10.8691692,106.5938542,10.8689519,106.5939939,50.0,39.0,48.0,0.8125,697.5,0.0461538461538461,E,4,9.0,Thông thoáng,0.4009158509445301
a6f3b751e5eaba5dae0bd0512031d06b,Đường Phổ Quang,10.8087826,106.6687556,10.8085272,106.6717917,50.0,24.5,37.5,0.6533333333333333,1476.0,0.073469387755102,D,0,13.0,Tương đối thoáng,0.38543701594045027
6ea17f272e9d92c4348b73e649fb543d,Đường Quốc Lộ 1A,10.845755,106.6932002,10.8606545,106.6917699,50.0,27.5,41.0,0.6707317073170732,952.68,0.0654545454545454,D,4,13.5,Tương đối thoáng,0.3793029393234815
bbb7badb4cb5b83e958214bebd1cebc2,Đường Lê Tuấn Mậu,10.7490204,106.625679,10.7482606,106.6267106,50.0,23.0,35.0,0.6571428571428571,977.14,0.0782608695652174,C,0,12.0,Trung bình,0.3585409481572129
c3558babbf99dd4193c778d95caeadb1,Hẻm 373 Lý Thường Kiệt,10.7790549,106.6503541,10.7799875,106.6539968,50.0,0.0,0.0,1.0,900.0,,A,2,0.0,Rất đông / kẹt xe,0.4208202002209255
f16148691bd1eb33aed19cce28aafe05,Quách Thị Trang,10.7052216,106.8287243,10.7054699,106.8257462,55.0,0.0,0.0,1.0,1350.0,,A,2,0.0,Rất đông / kẹt xe,0.4381703670716967
a27d6f142e0e8d4af8e0ea7b1e45798e,Đường Hồng Bàng,10.7537647,106.6538338,10.7566007,106.6695824,55.0,0.0,0.0,1.0,2700.0,,A,2,0.0,Rất đông / kẹt xe,0.49022086762401035
43d35d74a03520d74e9ca1ef0fa9089d,Đường Kha Vạn Cân,10.8402083,106.7418062,10.8380903,106.7343264,50.0,31.0,45.0,0.6888888888888889,2300.0,0.0580645161290322,D,4,14.0,Tương đối thoáng,0.44569455443766176
b21b9defc7b6a2819b3490e827421fde,Trần Đại Nghĩa,10.8736394,106.7774485,10.7447939,106.5384069,50.0,0.0,0.0,1.0,900.0,,A,2,0.0,Rất đông / kẹt xe,0.4208202002209255
6ba9c3f0ba5b44682018f75d1c8c54fa,Đường Nguyễn Hữu Cầu,10.791062,106.6911349,10.7900598,106.6904811,50.0,12.0,27.0,0.4444444444444444,2040.0,0.15,B,0,15.0,Đông,0.31602843652961754
e8c79d619669b25ac8a8b5c6cd0d1892,Đường Phạm Hồng Thái,10.7712522,106.6938843,10.7711253,106.6963858,50.0,21.0,34.0,0.6176470588235294,1572.35,0.0857142857142857,C,0,13.0,Trung bình,0.3702726890570003
c92973a10f5c4e436f42e0922f3c7400,Đường Phạm Văn Đồng,10.8260009,106.7145095,10.8374007,106.7326691,50.0,29.5,42.0,0.7023809523809523,1791.43,0.0610169491525423,D,4,12.5,Tương đối thoáng,0.41870777476434484
0853e1a6c840ee0fb0057511fad0dab5,Đường Đất Thánh,10.7828795,106.6602062,10.7819,106.656532,50.0,21.0,35.0,0.6,1620.0,0.0857142857142857,C,0,14.0,Trung bình,0.3724514349240949
03a32720a21696ddc4450a75c1855641,Đường Lạc Long Quân,10.769814,106.6444321,10.7666571,106.6423879,50.0,19.0,31.5,0.6031746031746031,1611.43,0.0947368421052631,B,0,12.5,Đông,0.3592843490890646
945f4133aaa997f4ea99a4b9f3d73e0b,Lê Quang Sung,10.7510631,106.6528193,10.7510631,106.6528193,50.0,0.0,0.0,1.0,900.0,,A,2,0.0,Rất đông / kẹt xe,0.4208202002209255
ed2a2eeb60f28bf68dfbdaf48dbb553a,Đường Nguyễn Văn Linh,10.7283976,106.7085848,10.7285196,106.7085817,50.0,34.0,39.0,0.8717948717948718,1476.92,0.0529411764705882,E,4,5.0,Thông thoáng,0.4236263335465247
664dcdfef1d5aec1a2702489cef533a1,Xa Lộ Hà Nội,10.8000814,106.7343734,10.8019073,106.7457465,65.0,0.0,0.0,1.0,1800.0,,A,2,0.0,Rất đông / kẹt xe,0.45552053392246794
abfcf67d913fad9e43c3bf2068eb5422,Lý Thái Tổ,10.7670409,106.6763647,10.7312283,106.8238056,50.0,0.0,0.0,1.0,900.0,,A,2,0.0,Rất đông / kẹt xe,0.4208202002209255
e262dafe7f7172c778a551c4da58a45b,Cầu vượt Linh Xuân,10.8727455,106.766864,10.8739107,106.7634192,50.0,0.0,0.0,1.0,1800.0,,A,2,0.0,Rất đông / kẹt xe,0.45552053392246794
ebe8ea125e970e051c6915ee1c00489c,Đường Lạc Long Quân,10.7662165,106.6422433,10.761987,106.642118,50.0,18.0,32.0,0.5625,1721.25,0.1,B,0,14.0,Đông,0.3565165127880991
70e4a4bd292e71170132eff4d4361923,Đường Ấp 1A,10.7888288,106.5759596,10.7800867,106.5682102,50.0,32.5,44.5,0.7303370786516854,845.39,0.0553846153846153,E,4,12.0,Thông thoáng,0.39218330914466015
9d63c09781c0bd9e4d4195934b92e2d2,Đường Phan Văn Đáng,10.7468469,106.7929002,10.7471454,106.7931437,50.0,43.0,43.0,1.0,540.0,0.041860465116279,E,4,0.0,Thông thoáng,0.4069400667403085
b3153071a495f769721580a41acd5142,Đường Võ Văn Kiệt,10.7169989,106.59955,10.7687081,106.7032148,60.0,29.5,36.0,0.8194444444444444,1027.5,0.0610169491525423,D,4,6.5,Tương đối thoáng,0.3931195933734468
2e6abadccb4cfeb3a8bb0d5c2f6e958e,Đường Liên Khu 3,10.8820255,106.8100261,10.8827193,106.8089551,45.0,42.0,58.0,0.7241379310344828,1284.83,0.0428571428571428,E,4,16.0,Thông thoáng,0.4445564537706841
18d7ce6ec8a1000b894ff94bbc417c96,Đường Ngô Gia Tự,10.7618189,106.6702758,10.7563976,106.666426,50.0,27.5,38.5,0.7142857142857143,874.29,0.0654545454545454,D,0,11.0,Tương đối thoáng,0.37512846652535836
109cf033e8c4c3ef6213cbb544d89d95,Tây Thạnh,10.810356,106.620154,10.813438,106.6228898,50.0,0.0,0.0,1.0,900.0,,A,2,0.0,Rất đông / kẹt xe,0.4208202002209255
a828dad6ef44da85028cdabab924f10c,Đường Hai Bà Trưng,10.7916908,106.6871714,10.7821327,106.6989225,50.0,12.0,26.5,0.4528301886792453,2017.36,0.15,B,0,14.5,Đông,0.3147531498880609
d21e230286ed05f3b67dd652c64f0201,Xa Lộ Hà Nội,10.8010884,106.7392519,10.8020857,106.7438001,60.0,0.0,0.0,1.0,1800.0,,A,2,0.0,Rất đông / kẹt xe,0.45552053392246794
9e47c3bf4de719049094e4f0c1e32dfc,Đường Quốc Lộ 22,10.8466302,106.6128986,10.843027,106.6149651,55.0,29.5,39.5,0.7468354430379747,1223.54,0.0610169491525423,D,4,10.0,Tương đối thoáng,0.3961365609442306
222b2069e78e15952a8c4886ce1eb4d5,Đường Nguyễn Văn Giai,10.7926284,106.697328,10.7930658,106.6974031,50.0,21.0,36.0,0.5833333333333334,2220.0,0.0857142857142857,C,0,15.0,Trung bình,0.39644520577888664
eaa1d8a0b5ee7587a574cab4779e8069,Kênh 10,10.708894,106.5725739,10.7087587,106.5725888,60.0,0.0,0.0,1.0,2700.0,,A,2,0.0,Rất đông / kẹt xe,0.49022086762401035
fb6194532d92f29c0e0c4b3e44855ea9,Đường Xa Lộ Hà Nội,10.8139606,106.7570201,10.8099928,106.7562309,80.0,42.0,48.0,0.875,1755.0,0.0428571428571428,E,4,6.0,Thông thoáng,0.44572100110835855
1e1e73a5851e5963e4ea83aa60ceacce,Đường Quang Trung,10.8299958,106.6706701,10.835952,106.6605258,50.0,23.0,35.0,0.6571428571428571,1465.71,0.0782608695652174,C,4,12.0,Trung bình,0.37737821708672686
41f71824fb500e7f5c9ee32056caee4b,Đường 3 Tháng 2,10.7618422,106.6562075,10.755822,106.6453021,50.0,22.5,32.5,0.6923076923076923,913.85,0.08,C,0,10.0,Trung bình,0.35534923702150956
aa55d5db7a80a888fe5daa8bcf5af867,Đường Nguyễn Tri Phương,10.7546206,106.6696106,10.7522326,106.6695017,60.0,19.0,32.0,0.59375,1636.87,0.0947368421052631,B,0,13.0,Đông,0.36011800243362524
ab8d9751785a0f9569f4a4f02c7b4ec3,Đường D4,10.7452196,106.6957773,10.7452248,106.6957332,50.0,9.5,17.5,0.5428571428571428,2365.71,0.1894736842105263,B,0,8.0,Đông,0.3129080438758268
4adadefb2f494e815b54b8b48c9e86cf,Phan Thúc Duyện,10.8052601,106.6589142,10.8026411,106.6635788,50.0,0.0,0.0,1.0,900.0,,A,2,0.0,Rất đông / kẹt xe,0.4208202002209255
04edd61439bdc3ac6e47a41f3a4f9295,Đường Hoàng Văn Thụ,10.7932413,106.6535674,10.8002745,106.666894,55.0,17.5,33.5,0.5223880597014925,1829.55,0.1028571428571428,B,0,16.0,Đông,0.3588264479683936
d9eec1e51c8d82b8c962493b9f272f9f,Đường Ông Ích Khiêm,10.7665527,106.6429996,10.7666288,106.6427319,50.0,0.0,0.0,1.0,1800.0,,A,2,0.0,Rất đông / kẹt xe,0.45552053392246794
ea14fc6b6273dcb810b2b2df002c6e95,Cách Mạng Tháng Tám,10.7782417,106.68085,10.7752936,106.6864011,50.0,0.0,0.0,1.0,1800.0,,A,2,0.0,Rất đông / kẹt xe,0.45552053392246794
e36b882b9c85d454a0300fea6df86f4e,Đường Nguyễn Tuyển,10.7833422,106.7653756,10.7836471,106.7652891,50.0,23.0,30.0,0.7666666666666667,780.0,0.0782608695652174,C,4,7.0,Trung bình,0.3604945643295371
c15265178536469ed1ba284720b67dff,Đường Kinh Dương Vương,10.7414323,106.61846,10.7413924,106.6184129,50.0,25.0,35.0,0.7142857142857143,874.29,0.072,D,0,10.0,Tương đối thoáng,0.36545104717051957
0227b4a3e4d032515da44a51acb1821b,Đường Nguyễn Trãi,10.7563856,106.6762478,10.7527545,106.6535477,50.0,21.5,31.5,0.6825396825396826,1397.14,0.0837209302325581,C,0,10.0,Trung bình,0.36881533839560804
47ed5ada72329906efb3f9b95e354dfb,Đường Hồng Bàng,10.753623,106.6478806,10.7533034,106.6507117,50.0,21.5,31.5,0.6825396825396826,1862.86,0.0837209302325581,C,0,10.0,Trung bình,0.3867716044083662
fe89e81c704908a30c246e67aed9365a,Đường Tỉnh Lộ 830C,10.6817688,106.5406723,10.6828162,106.5444885,50.0,33.0,45.0,0.7333333333333333,1680.0,0.0545454545454545,E,4,12.0,Thông thoáng,0.4259475862031224
0b0a8e08ffa48b8dd690d2211a56eb23,Đường Dương Văn Cam,10.8510377,106.7547163,10.8495638,106.7534794,50.0,31.0,45.0,0.6888888888888889,1380.0,0.0580645161290322,D,4,14.0,Tương đối thoáng,0.4102231022094184
0ba552a3c2f0087ed6e8e2aea0968a05,Đường Hậu Giang,10.7453991,106.6239247,10.745339,106.6240715,50.0,26.0,35.0,0.7428571428571429,1234.29,0.0692307692307692,D,0,9.0,Tương đối thoáng,0.3847689686695698
52efa4a6ed66077d21676ae95c9d4dcc,Đường Tùng Thiện Vương,10.746712,106.6604334,10.746844,106.6604618,50.0,0.0,0.0,1.0,900.0,,A,2,0.0,Rất đông / kẹt xe,0.4208202002209255
2585606f680b6e28b53a0d226a792f6c,Hà Huy Giáp,10.8846445,106.6812882,10.8671779,106.679258,50.0,0.0,0.0,1.0,900.0,,A,2,0.0,Rất đông / kẹt xe,0.4208202002209255
8e365e564f35d72bd965cbb878b47020,Số 18,10.8226043,106.6066965,10.8232027,106.6059457,50.0,0.0,0.0,1.0,900.0,,A,2,0.0,Rất đông / kẹt xe,0.4208202002209255
bc94aeffd098c8bc40f404954c2d385c,Đường Phan Xích Long,10.8015575,106.6832089,10.799015,106.6869344,50.0,17.0,32.0,0.53125,1203.75,0.1058823529411764,B,0,15.0,Đông,0.3297089822000348
6d08264bbd0f9b27969170e3ea60e7e0,Đường Cao Tốc Thành phố Hồ Chí Minh-Long Thành-Dầu Giây,10.7949371,106.7599681,10.7962415,106.775074,55.0,64.0,64.0,1.0,540.0,0.0281249999999999,E,4,0.0,Thông thoáng,0.4069400667403085
8b552f8e88cb01f028e9b6af0f77967d,Đường Phạm Văn Đồng,10.8339731,106.7284081,10.8252909,106.7114115,50.0,37.5,42.5,0.8823529411764706,2001.18,0.048,E,4,5.0,Thông thoáng,0.44942522277268554
ecdf13761c150a7cff9fccf24046e694,Đường Số 9,10.8629278,106.7549076,10.8629278,106.7549076,50.0,32.0,42.0,0.7619047619047619,1577.14,0.0562499999999999,E,4,10.0,Thông thoáng,0.417742092283894
2d336fe7e3efcbc9de946b98a5b77a9d,Đường Phan Văn Trị,10.8112469,106.6954833,10.831922,106.6746596,50.0,21.5,33.0,0.6515151515151515,987.27,0.0837209302325581,C,4,11.5,Trung bình,0.35111557219762
0b0f4610cc9e1528061e9acb6362a9e0,Hẻm 602 Điện Biên Phủ,10.7987712,106.7178735,10.7986979,106.7178674,50.0,0.0,0.0,1.0,900.0,,A,2,0.0,Rất đông / kẹt xe,0.4208202002209255
945aec7de09c136c6cd74a84b5782d39,Đường Điện Biên Phủ,10.7931923,106.659131,10.792888,106.7005738,50.0,23.0,36.5,0.6301369863013698,1025.75,0.0782608695652174,C,0,13.5,Trung bình,0.36064430393634683
400735b80522e4d3002a2062d74fbb13,Đường Hương Lộ 8,10.6812591,106.5374757,10.681695,106.5402437,50.0,33.5,46.0,0.7282608695652174,1273.7,0.053731343283582,E,4,12.5,Thông thoáng,0.41243752604941536
9d130c830bfd99fbe740630fa2a717f9,Phạm Văn Đồng,10.8575701,106.7518877,10.849516,106.7489666,50.0,0.0,0.0,1.0,900.0,,A,2,0.0,Rất đông / kẹt xe,0.4208202002209255
ffc45fc8323e15dc38fe196bf3e46a21,Cầu Kênh 2,10.7745747,106.7248969,10.7742939,106.7240549,70.0,0.0,0.0,1.0,2700.0,,A,2,0.0,Rất đông / kẹt xe,0.49022086762401035
9eda13e00b96dcb2827ef8343db1a2b9,Đường Thoại Ngọc Hầu,10.7737359,106.621551,10.7842211,106.6392437,50.0,19.0,31.0,0.6129032258064516,1585.16,0.0947368421052631,B,0,12.0,Đông,0.35857953042560786
6be66491f570c0e12dc9a63eb2d8f0a2,Đường Tân Hòa Đông,10.7542847,106.6342541,10.7560579,106.6326357,50.0,25.0,35.0,0.7142857142857143,2185.71,0.072,D,0,10.0,Tương đối thoáng,0.4160140600848271
fee33ae4b742737a9c531680f3ca0eda,Đường Quang Trung,10.844692,106.6397062,10.8350079,106.6634568,50.0,23.0,36.5,0.6301369863013698,1538.63,0.0782608695652174,C,4,13.5,Trung bình,0.3804188674350658
b0166dc361a75fc95ddbe6d2e14328f3,Đường Trần Quý,10.7582245,106.6518136,10.7591573,106.6561005,50.0,17.5,29.5,0.5932203389830508,1638.31,0.1028571428571428,B,0,12.0,Đông,0.35021589584890356
d1353b9f804072b489f953c63f1b591e,Đường Cao Tốc Thành phố Hồ Chí Minh-Long Thành-Dầu Giây,10.7918961,106.8178943,10.792934,106.8117098,120.0,60.0,75.0,0.8,1440.0,0.03,E,4,15.0,Thông thoáng,0.4809952391515284
798016db3d58f253bb6838065124c4b4,Đường Kinh Dương Vương,10.7321249,106.6096162,10.731368,106.6109526,50.0,24.0,35.0,0.6857142857142857,925.71,0.075,D,0,11.0,Tương đối thoáng,0.3619958048842346
1e451e288c8c3755f9b6d46f70b02cb3,Đường Nguyễn Hữu Cảnh,10.7980288,106.720103,10.7979697,106.7201402,50.0,25.0,37.0,0.6756756756756757,943.78,0.072,D,4,12.0,Tương đối thoáng,0.3670591812913926
86aed5ebadfeff72663e379b9a37794e,Hẻm 131 Tô Hiến Thành,10.7808937,106.6698201,10.7793615,106.6704423,50.0,0.0,0.0,1.0,1350.0,,A,2,0.0,Rất đông / kẹt xe,0.4381703670716967
f38b112f44d0cd8e293122b52eb6c5dd,Đường Hoàng Văn Thụ,10.8002745,106.666894,10.7999007,106.6717039,55.0,16.0,31.0,0.5161290322580645,1230.97,0.1124999999999999,B,0,15.0,Đông,0.3227589948062379
357ed077dbeb535b9abb98b40ce50f74,Bắc Hải,10.7837858,106.6617536,10.7855566,106.6633132,50.0,0.0,0.0,1.0,900.0,,A,2,0.0,Rất đông / kẹt xe,0.4208202002209255
f4cf8e23c594e3f2d7e6d6c087a69c32,Vòng xoay Điện Biên Phủ,10.7921176,106.6992858,10.7921359,106.6992344,50.0,0.0,0.0,1.0,900.0,,A,2,0.0,Rất đông / kẹt xe,0.4208202002209255
20ca31c84c747b68760945e40693c888,Đường 3 Tháng 2,10.7674299,106.6665142,10.766037,106.6639913,50.0,19.0,32.5,0.5846153846153846,1661.54,0.0947368421052631,B,0,13.5,Đông,0.36107538061025624
d7aadd1b866976511f86901f6fd9416f,Đường Tùng Thiện Vương,10.7463121,106.6599822,10.7463656,106.6600922,50.0,23.0,32.0,0.71875,866.25,0.0782608695652174,C,0,9.0,Trung bình,0.35782538932002084
f3bd3e0952b04e44f2390f3158e257d0,Lê Văn Sỹ,10.7970292,106.6645994,10.7889674,106.675853,50.0,0.0,0.0,1.0,900.0,,A,2,0.0,Rất đông / kẹt xe,0.4208202002209255
b21b9defc7b6a2819b3490e827421fde,Đường Trần Đại Nghĩa,10.7447939,106.5384069,10.7446677,106.5386627,50.0,38.0,46.0,0.8260869565217391,673.04,0.0473684210526315,E,4,8.0,Thông thoáng,0.3974832919204561
d0c3adcbf72ef7a098ee15e241027b39,Đường Xô Viết Nghệ Tĩnh,10.8055396,106.7115254,10.805844,106.7115501,50.0,27.0,42.0,0.6428571428571429,3008.57,0.0666666666666666,D,4,15.0,Tương đối thoáng,0.4583392679698979
4dbd824cfd5c8482767ec70bad40b790,Đường D1,10.8578972,106.7878255,10.8579871,106.7879739,65.0,35.0,45.5,0.7692307692307693,1550.77,0.0514285714285714,E,4,10.5,Thông thoáng,0.425439776382133
e43d788acc4b6cb765356f6885197d48,Đường Số 9A,10.7357728,106.6894218,10.7357633,106.6896458,50.0,19.5,34.0,0.5735294117647058,2255.29,0.0923076923076923,C,0,14.5,Trung bình,0.38778054397649264
9a835c1abba19bd231bc8bc4c4e01b6c,Cầu Thủ Thiêm 2,10.7154014,106.8475443,10.7829212,106.7056039,55.0,35.0,43.0,0.813953488372093,1389.77,0.0514285714285714,E,4,8.0,Thông thoáng,0.4186984849492133
4b91d6307ecea004c46250c6c8f77435,Điện Biên Phủ,10.8009447,106.7151083,10.7984442,106.7051673,55.0,0.0,0.0,1.0,1350.0,,A,2,0.0,Rất đông / kẹt xe,0.4381703670716967
b3d2dfe0fb15f1fe7380b3d98be8ba80,Cầu Thị Nghè,10.7910523,106.7058445,10.7924505,106.707195,50.0,0.0,0.0,1.0,1350.0,,A,2,0.0,Rất đông / kẹt xe,0.4381703670716967
7bc30df6b84e52e3c1f49f4fcee90763,Hẻm 81 Phạm Hữu Lầu,10.7045223,106.7321155,10.7045223,106.7321155,50.0,33.0,41.0,0.8048780487804879,711.22,0.0545454545454545,E,4,8.0,Thông thoáng,0.38773516083449205
2bce33fda4082d0b8462f80a91918a80,Đường Quang Trung,10.8374889,106.6544376,10.8393084,106.6472307,50.0,23.0,36.0,0.6388888888888888,2020.0,0.0782608695652174,C,4,13.0,Trung bình,0.39876986280578397
98c9357b3e508c6dca3ff35cc3c350f2,Đường Lý Tự Trọng,10.7779424,106.7010583,10.7818664,106.7046426,50.0,13.0,23.0,0.5652173913043478,2285.22,0.1384615384615384,B,0,10.0,Đông,0.34098880880170473
6e31e82e1b38c60c5466903c8cb2e499,Trường Chinh,10.7984865,106.6430538,10.8284986,106.6246086,50.0,0.0,0.0,1.0,900.0,,A,2,0.0,Rất đông / kẹt xe,0.4208202002209255
8594247c7d6b09f93080d0dc64757d78,Đường Dương Bá Trạc,10.7440266,106.688839,10.7415004,106.6884045,50.0,18.0,33.0,0.5454545454545454,1767.27,0.1,B,0,15.0,Đông,0.3589506805649587
89610f622ce413b575606101ef1063c9,Đường Trần Quốc Toản,10.7893494,106.6892673,10.7831971,106.6863082,50.0,14.5,27.5,0.5272727272727272,1210.91,0.1241379310344827,B,0,13.0,Đông,0.3085260983510687
3c45cb822d65c8e4e3364f4e7b3ae167,Hẻm 354 Lý Thường Kiệt,10.7760663,106.6587872,10.7760663,106.6587872,50.0,22.0,35.0,0.6285714285714286,1028.57,0.0818181818181818,C,0,13.0,Trung bình,0.35508609143019115
a8358e6b21b29c958798a96d7ac8e39c,Bùi Thị Xuân,10.7984947,106.6626344,10.7979599,106.6628737,50.0,0.0,0.0,1.0,900.0,,A,2,0.0,Rất đông / kẹt xe,0.4208202002209255
f1c455e96fc9caeeef3e07f07cda2988,Đường Bà Huyện Thanh Quan,10.7807155,106.6832444,10.7767699,106.6884634,55.0,18.0,33.0,0.5454545454545454,1178.18,0.1,B,0,15.0,Đông,0.3362377699202458
533d4363465fe3da773b88f3bcb892e5,Kinh Trung ương,10.7909507,106.5554753,10.7910811,106.5554064,50.0,0.0,0.0,1.0,900.0,,A,2,0.0,Rất đông / kẹt xe,0.4208202002209255
73bda8328a14288c99df7d4bbc87c701,Cao Thắng,10.7720072,106.6798441,10.7725943,106.6791758,50.0,0.0,0.0,1.0,1350.0,,A,2,0.0,Rất đông / kẹt xe,0.4381703670716967
a9b66452f50c1ce9f45f754a07a783c0,Đường Lê Hồng Phong,10.7709488,106.6730236,10.7709488,106.6730236,50.0,0.0,0.0,1.0,1350.0,,A,2,0.0,Rất đông / kẹt xe,0.4381703670716967
57ea3c7bfa4eaa6b92261fdedaec2005,Đường Nguyễn Lương Bằng,10.7310052,106.7203264,10.7318083,106.7200097,65.0,32.0,43.0,0.7441860465116279,1640.93,0.0562499999999999,E,4,11.0,Thông thoáng,0.42050522216521313
b4ef1b7c4e9d2bf3a2655c4d7bc5568a,Phường Hiệp Bình Phước,10.8410074,106.7045433,10.8412473,106.7050813,50.0,0.0,0.0,1.0,900.0,,A,2,0.0,Rất đông / kẹt xe,0.4208202002209255
d6583cef8c19683b634ea1233c2d9b03,Đường Nguyễn Thị Huỳnh,10.7956505,106.6755726,10.7949615,106.6778016,50.0,15.0,33.0,0.4545454545454545,1341.82,0.12,B,0,18.0,Đông,0.3234854781280003
7d70409c8767e15154aa1619fbcb954b,Đường Bến Vân Đồn,10.7671805,106.6998985,10.7645089,106.700715,55.0,29.0,33.5,0.8656716417910447,1203.58,0.0620689655172413,D,4,4.5,Tương đối thoáng,0.4050093607691105
10b2860fd7c0d270a4e512a6eb7f16b0,Đường Khánh Hội,10.7579629,106.6997338,10.7579884,106.6997668,50.0,20.0,34.0,0.5882352941176471,1651.76,0.09,C,0,14.0,Trung bình,0.3674520622260899
df2b038c0bd8d1cae19775a89f3aeb75,Đường Cao Tốc Thành phố Hồ Chí Minh-Long Thành-Dầu Giây,10.7942306,106.7570472,10.7939773,106.7555931,50.0,64.0,64.0,1.0,720.0,0.0281249999999999,E,4,0.0,Thông thoáng,0.413880133480617
e81c34176304c25be82ac6ec6b99009f,Lý Thái Tổ,10.7438421,106.8044591,10.7376092,106.8141974,50.0,0.0,0.0,1.0,900.0,,A,2,0.0,Rất đông / kẹt xe,0.4208202002209255
88f2dd0897210dc36331d0bc9bf31947,Hẻm 20 Quốc Lộ 1A,10.8581167,106.7877131,10.8685319,106.804085,50.0,41.5,52.5,0.7904761904761904,737.14,0.0433734939759036,E,4,11.0,Thông thoáng,0.410147740890565
8f648cb615ed770cc3698809e27eafca,Bến Hàm Tử,10.7494447,106.673072,10.7507824,106.6681836,50.0,0.0,0.0,1.0,1800.0,,A,2,0.0,Rất đông / kẹt xe,0.45552053392246794
c7695e86589d35c00b8cc3f8b4147749,Điện Biên Phủ,10.7973168,106.7040931,10.7938821,106.7008614,50.0,0.0,0.0,1.0,3600.0,,A,2,0.0,Rất đông / kẹt xe,0.5249212013255528
463837a37b7889b8a27a02938ccee6d3,Đường Hòa Bình,10.7695756,106.6353005,10.7723027,106.6257843,50.0,21.0,30.0,0.7,1800.0,0.0857142857142857,C,0,9.0,Trung bình,0.38390763069666145
01f58867a108c33d5a3c9b604e9b80ad,Đường Phạm Văn Đồng,10.8193084,106.6900639,10.8195596,106.6899222,65.0,36.0,46.0,0.782608695652174,1878.26,0.05,E,4,10.0,Thông thoáng,0.44030510164311487
ee8b2c3f4e5ec2107444452b0ab76d30,Đường Mai Chí Thọ,10.7948062,106.7522864,10.7882091,106.7505717,55.0,33.0,37.0,0.8918918918918919,1109.19,0.0545454545454545,E,4,4.0,Thông thoáng,0.41040271532279354
19159488838aabb5e7b22630b92d0b76,Đường Lê Văn Lương,10.7394635,106.7068498,10.7399476,106.7035805,50.0,18.5,30.0,0.6166666666666667,1050.0,0.0972972972972973,B,0,11.5,Đông,0.33509821282709656
9fa001dd3f2515350b7880710a8941ba,Hẻm 354 Lý Thường Kiệt,10.775411,106.6582765,10.7755941,106.6584192,50.0,21.0,35.0,0.6,1080.0,0.0857142857142857,C,0,14.0,Trung bình,0.3516312347031694
dc3bd1b79cd39a9091861c0bf9cf1372,Đường Âu Cơ,10.769155,106.6519481,10.7694423,106.6515852,50.0,17.0,31.5,0.5396825396825397,2971.43,0.1058823529411764,B,0,14.5,Đông,0.39748589789602407
46df3fab6fa51b6145d3294fe13f6ae1,Đường Cao Tốc Thành phố Hồ Chí Minh-Long Thành-Dầu Giây,10.7883612,106.8358795,10.790253,106.8268185,85.0,61.0,76.0,0.8026315789473685,1072.89,0.0295081967213114,E,4,15.0,Thông thoáng,0.4682331631874706
81e23f422129017a89124e6745ee2365,Đường Trần Xuân Soạn,10.7507792,106.6892692,10.7507855,106.6893325,50.0,23.0,35.0,0.6571428571428571,1954.29,0.0782608695652174,C,0,12.0,Trung bình,0.3962158715755042
573db5c9e513464ec598b4100d46964e,Tản Đà,10.7510333,106.6646409,10.7548043,106.663899,50.0,0.0,0.0,1.0,1350.0,,A,2,0.0,Rất đông / kẹt xe,0.4381703670716967
f5175d15ddba119b025d41f4d096e548,Đường Số 10,10.7246478,106.7159815,10.7255698,106.715968,50.0,33.5,43.0,0.7790697674418605,1894.19,0.053731343283582,E,4,9.5,Thông thoáng,0.43420838068998246
2268892ea7efae68e2fa50c4e77360bf,Đường Phạm Văn Đồng,10.8212703,106.6975926,10.8370873,106.7325701,50.0,34.5,46.0,0.75,2025.0,0.0521739130434782,E,4,11.5,Thông thoáng,0.44322787541236963
ba7f7c3490fb2dcff2bca07b64fdd373,Công Trường Quách Thị Trang,10.7712269,106.6986125,10.7718767,106.6986499,55.0,0.0,0.0,1.0,1800.0,,A,2,0.0,Rất đông / kẹt xe,0.45552053392246794
8c515135a71d10801093bde057b75663,Đường Võ Chí Công,10.796707,106.7886419,10.7961184,106.7760321,65.0,40.5,45.0,0.9,810.0,0.0444444444444444,E,4,4.5,Thông thoáng,0.4079953281410939
db9d31bddc50b8824845e7a0e7e568fa,Đường Đặng Nguyên Cẩn,10.7534511,106.6316452,10.7563978,106.6332036,50.0,23.0,34.5,0.6666666666666666,1920.0,0.0782608695652174,C,0,11.5,Trung bình,0.3950934816418133
6c7caac2b32332d6c200755c8743e122,Đường Đất Thánh,10.7821462,106.6568445,10.7827199,106.6600419,50.0,21.0,35.0,0.6,2160.0,0.0857142857142857,C,0,14.0,Trung bình,0.39327163514502034
aca6705b1d62342359f176619f7beaba,Đường Ngô Quyền,10.7659563,106.6640385,10.7659563,106.6640385,50.0,23.0,34.0,0.6764705882352942,942.35,0.0782608695652174,C,0,11.0,Trung bình,0.35774716134827356
98633ad0fc5093fe3208463dd3710a09,Đường Ngô Quyền,10.7613478,106.6650929,10.756629,106.6661917,50.0,23.0,31.0,0.7419354838709677,1236.77,0.0782608695652174,C,0,8.0,Trung bình,0.37469958067742026
38b68e4bfe46f142d77488b621cd805c,Nguyễn Thị Định,10.7682878,106.7773201,10.7636062,106.7826284,50.0,0.0,0.0,1.0,900.0,,A,2,0.0,Rất đông / kẹt xe,0.4208202002209255
63912295e9183a9f8c702bb66225df24,Đường Phan Văn Trị,10.8319624,106.6745438,10.8269605,106.6885765,50.0,24.0,33.0,0.7272727272727273,850.91,0.075,D,4,9.0,Tương đối thoáng,0.3617427390640002
7d3e7728e0ffb113b4066d8f20fe2905,Cao Xuân Dục,10.7470453,106.6603737,10.746165,106.6591277,50.0,0.0,0.0,1.0,900.0,,A,2,0.0,Rất đông / kẹt xe,0.4208202002209255
56d965277710f2be9607a53c3c8ec30c,Bình Thới,10.7684923,106.6512531,10.7661016,106.6476679,50.0,0.0,0.0,1.0,900.0,,A,2,0.0,Rất đông / kẹt xe,0.4208202002209255
43a99183d8178e3e85913a10ba11a473,Đường Quang Trung,10.8430788,106.6419808,10.8374889,106.6544376,50.0,23.0,35.0,0.6571428571428571,1954.29,0.0782608695652174,C,4,12.0,Trung bình,0.3962158715755042
ba73dfbc32d5dca66befe71067c49a08,Đường Hồng Bàng,10.7521361,106.6496345,10.753419,106.649744,50.0,21.5,29.5,0.7288135593220338,1696.27,0.0837209302325581,C,0,8.0,Trung bình,0.38547410745409977
d18386288fcba237e76dbd8c1e2dba0e,Đường Tạ Uyên,10.7556925,106.6537349,10.754424,106.6537781,50.0,21.0,29.5,0.711864406779661,1317.97,0.0857142857142857,C,0,8.5,Trung bình,0.3667604617571993
47c36795ba3c72876b1dcb3c4af4330f,Đường Tân Chánh Hiệp 8,10.870711,106.6364066,10.8741821,106.6306399,50.0,27.0,47.0,0.574468085106383,1125.96,0.0666666666666666,D,4,20.0,Tương đối thoáng,0.3979605746176792
b7e6bbf9dd14cbbb36a22cc440ce1698,Đường Phan Thúc Duyện,10.8050283,106.6643387,10.8026411,106.6635788,55.0,20.5,38.0,0.5394736842105263,2972.37,0.0878048780487804,C,0,17.5,Trung bình,0.42644390724932685
dd1d591b49a4a9dd45b2082eb03d8b85,Đường Lê Thị Hà,10.8752155,106.6035093,10.8756688,106.6030332,50.0,24.0,37.0,0.6486486486486487,992.43,0.075,D,4,13.0,Tương đối thoáng,0.36431417732555255
f92b3d0350a5ebeec92b2332dd10257e,Đường Nguyễn Oanh,10.8506971,106.6787535,10.8308983,106.6775689,50.0,24.5,35.5,0.6901408450704225,917.75,0.073469387755102,D,4,11.0,Tương đối thoáng,0.3640306924022412
7819559c0527c6a6dbef960718e219a4,Hẻm 26 Đường Tân Sơn Nhì,10.80264,106.6353988,10.8028848,106.636066,50.0,21.0,35.0,0.6,1080.0,0.0857142857142857,C,0,14.0,Trung bình,0.3516312347031694
997d78e071529c77b516901bdfd5ec4b,Đường Quốc Lộ 1,10.8685319,106.804085,10.8752397,106.810076,50.0,41.0,57.0,0.7192982456140351,865.26,0.0439024390243902,E,4,16.0,Thông thoáng,0.4258191940519871
2739fe71a8fdb3855bc69a5d8982bc75,Thị trấn Tân Túc,10.6795155,106.5693537,10.6797073,106.5693331,50.0,0.0,0.0,1.0,900.0,,A,2,0.0,Rất đông / kẹt xe,0.4208202002209255
8fcc2f58e9291525349e290250a6f329,Cầu Băng Ky,10.8182453,106.6985355,10.8184238,106.6989116,50.0,0.0,0.0,1.0,900.0,,A,2,0.0,Rất đông / kẹt xe,0.4208202002209255
2ca7b4653e4e6bc5e83b915fb8ec6a94,Đường Trần Hưng Đạo,10.7519402,106.6590317,10.7520192,106.6589344,50.0,13.5,25.5,0.5294117647058824,3621.18,0.1333333333333333,B,0,12.0,Đông,0.3929104913671507
7c3f006884ec418918d5f7736a3a07ff,Đường Ngô Gia Tự,10.7669024,106.6738588,10.7671362,106.6740191,50.0,24.0,35.0,0.6857142857142857,1851.43,0.075,D,0,11.0,Tương đối thoáng,0.39768779701111445
f661d7fe234a818fcb8118593f40f036,Đường Trần Văn Giàu,10.7495269,106.5938427,10.7495472,106.5939152,50.0,52.0,52.0,1.0,720.0,0.0346153846153846,E,4,0.0,Thông thoáng,0.413880133480617
da7747ba881916d828ba942bf47585ff,Đường Đào Duy Anh,10.8081046,106.6740205,10.8054457,106.6781072,50.0,11.0,30.0,0.3666666666666666,3750.0,0.1636363636363636,B,0,19.0,Đông,0.37952179457688506
48172140970e69de3ba55a2a5a6b7508,Đường Phạm Văn Đồng,10.8207283,106.6940372,10.8204546,106.6941876,50.0,47.0,47.0,1.0,540.0,0.0382978723404255,E,4,0.0,Thông thoáng,0.4069400667403085
418de2d4cb47c9713d6fb6099c8c7795,Đường Phạm Văn Đồng,10.8252486,106.7108326,10.8239671,106.706066,65.0,32.0,42.0,0.7619047619047619,1577.14,0.0562499999999999,E,4,10.0,Thông thoáng,0.417742092283894
2599c94869c5b3c7e0bfb6e807ce8110,Lý Chiêu Hoàng,10.7359493,106.6337742,10.7359829,106.633682,50.0,0.0,0.0,1.0,1350.0,,A,2,0.0,Rất đông / kẹt xe,0.4381703670716967
8e795d3fc416bd5da0d94ed82fc0ed5a,Vĩnh Lộc,10.8125836,106.5775667,10.812224,106.577018,50.0,0.0,0.0,1.0,1800.0,,A,2,0.0,Rất đông / kẹt xe,0.45552053392246794
6302f25e3364b7773f9fdd4fd81402de,Phường Bình Hưng Hòa B,10.8045394,106.5779904,10.785662,106.5934583,40.0,0.0,0.0,1.0,900.0,,A,2,0.0,Rất đông / kẹt xe,0.4208202002209255
be2d989e54855044a68776ff4b143463,Nguyễn Thượng Hiền,10.7770101,106.6820734,10.776852,106.6821788,50.0,0.0,0.0,1.0,900.0,,A,2,0.0,Rất đông / kẹt xe,0.4208202002209255
f926068beb9a7c651b071ac2c93118d9,Đường Xa Lộ Hà Nội,10.8043176,106.7516401,10.8603257,106.7918394,65.0,40.5,46.5,0.8709677419354839,1184.52,0.0444444444444444,E,4,6.0,Thông thoáng,0.421592421663771
46f5da33523dee74042c58e5d7affd5b,Đường Mai Chí Thọ,10.8081678,106.7557179,10.8085665,106.7559278,80.0,40.0,50.0,0.8,2160.0,0.045,E,4,10.0,Thông thoáng,0.46036840933856876
0863019ede145989e16c17472b285e3c,Phan Huy ích,10.8442903,106.6401134,10.8231377,106.6297806,50.0,0.0,0.0,1.0,1350.0,,A,2,0.0,Rất đông / kẹt xe,0.4381703670716967
f022a7d9fd692cd2af3ead98c7582eee,Đường Quốc Lộ 22,10.8552391,106.6071961,10.8551791,106.6071458,50.0,32.5,40.0,0.8125,1046.25,0.0553846153846153,E,4,7.5,Thông thoáng,0.3998461012216197
a25cddb3055d03469e0df03c4b4e7b74,Đường Kha Vạn Cân,10.8374629,106.7327377,10.8450502,106.7284891,50.0,32.0,42.0,0.7619047619047619,1182.86,0.0562499999999999,E,4,10.0,Thông thoáng,0.4025402616485116
ffa3d90b524c18e1e40617da660bcc89,Đường Trường Sa,10.7879997,106.6710981,10.7880524,106.6711168,50.0,16.0,31.0,0.5161290322580645,1230.97,0.1124999999999999,B,0,15.0,Đông,0.3227589948062379
997aedfe6c626102e11c9aac6233d89a,Hẻm 317 Đường Thống Nhất,10.8397244,106.6652733,10.8348284,106.6644581,50.0,21.0,36.0,0.5833333333333334,2220.0,0.0857142857142857,C,4,15.0,Trung bình,0.39644520577888664
1ef01f1af018ff06b9ba19eb43edf177,Đường Lê Hồng Phong,10.7663147,106.6749228,10.7654291,106.6752055,50.0,25.0,36.0,0.6944444444444444,910.0,0.072,D,0,11.0,Tương đối thoáng,0.3660086268677885
2a2bdd55372e1f53cafe4e2e4e7f1833,Đường Hoàng Trọng Hậu,10.7400283,106.6961929,10.7400256,106.6961154,50.0,0.0,0.0,1.0,900.0,,A,2,0.0,Rất đông / kẹt xe,0.4208202002209255
c68748ce02047283148440e0db8245b0,Quốc lộ 1,10.8706221,106.7733958,10.8666505,106.7915871,50.0,0.0,0.0,1.0,900.0,,A,2,0.0,Rất đông / kẹt xe,0.4208202002209255
43ccf1a8e1425f3a0fedfc6934db009d,Chui Nguyễn Văn Linh,10.7450815,106.7441524,10.7347762,106.7279543,50.0,35.0,44.0,0.7954545454545454,1456.36,0.0514285714285714,E,4,9.0,Thông thoáng,0.42115680589522597
95a40015cfa8df8f369c121ae448eb3f,Đường Nguyễn Văn Linh,10.7279406,106.7122757,10.7283925,106.712277,50.0,30.0,42.0,0.7142857142857143,1311.43,0.06,D,4,12.0,Tương đối thoáng,0.4016602235182995
8f34cd4295a3e0db72169eaed2e023ab,Trần Xuân Soạn,10.7512278,106.6919615,10.7504862,106.6880473,50.0,0.0,0.0,1.0,1800.0,,A,2,0.0,Rất đông / kẹt xe,0.45552053392246794
dcb231b63bb8341d562a3f080349a85d,Hẻm Lê Đại Hành,10.7673207,106.6534073,10.753578,106.6497631,50.0,22.0,33.0,0.6666666666666666,2400.0,0.0818181818181818,C,0,11.0,Trung bình,0.4087616166052166
046f52bf7e18ec415ae154d42c669d40,Đường Quốc Lộ 1A,10.8671103,106.7887782,10.8706221,106.7733958,50.0,29.5,45.0,0.6555555555555556,980.0,0.0610169491525423,D,4,15.5,Tương đối thoáng,0.391682452105507
7ad2b14da2e3c4ad5c40c985979237d3,Đường Quách Thị Trang,10.7130085,106.8474689,10.7086939,106.8475454,50.0,37.5,43.0,0.872093023255814,590.23,0.048,E,4,5.5,Thông thoáng,0.39443562064254856
c3c013d289edec4813b34f41d283e138,Đường Ngô Quyền,10.7558381,106.6663734,10.7558381,106.6663734,60.0,25.0,35.0,0.7142857142857143,2622.86,0.072,D,0,10.0,Tương đối thoáng,0.43286878328219297
364573706454b6977a6ae34b10f00b3c,Đường Bình Thới,10.7636884,106.643989,10.7628698,106.6422657,50.0,17.5,28.5,0.6140350877192983,1054.74,0.1028571428571428,B,0,11.0,Đông,0.32905006808770393
23b2f235a90abe1a200e390bb787a70d,Pasteur,10.7732727,106.7014834,10.7778266,106.6988251,55.0,0.0,0.0,1.0,1800.0,,A,2,0.0,Rất đông / kẹt xe,0.45552053392246794
45643833053c624086021bbba2dde705,Đường Nội Khu An Khang,10.870652,106.8069619,10.7158518,106.7295974,50.0,33.0,45.0,0.7333333333333333,840.0,0.0545454545454545,E,4,12.0,Thông thoáng,0.3935606080816828
905bc8bda150d1615ee1f18008f93d4d,Đường Lương Định Của,10.7750334,106.7104127,10.7749435,106.7108802,50.0,27.0,32.0,0.84375,641.25,0.0666666666666666,D,4,5.0,Tương đối thoáng,0.37656966073334497
77b85826e6a848c25b2f557ebe13e08a,Đường Quốc Lộ 13,10.8215874,106.7136257,10.8233581,106.713869,50.0,26.0,42.0,0.6190476190476191,2091.43,0.0692307692307692,D,4,16.0,Tương đối thoáng,0.42005949890141814
f64084f5e90ce4ca4255d29ea3d64081,Tam Bình,10.845997,106.7287514,10.8560454,106.7381233,50.0,0.0,0.0,1.0,900.0,,A,2,0.0,Rất đông / kẹt xe,0.4208202002209255
833b30cba7e5b5e95f0b5ade0cd9985d,Đường Phạm Văn Đồng,10.8233047,106.7053644,10.8408851,106.7435101,50.0,34.0,46.0,0.7391304347826086,1244.35,0.0529411764705882,E,4,12.0,Thông thoáng,0.41221755056519843
bbe60f9a46cf61aed393aa19886c8fe9,Đường Trường Chinh,10.7959135,106.647854,10.8339258,106.6206709,50.0,25.5,36.5,0.6986301369863014,902.47,0.0705882352941176,D,0,11.0,Tương đối thoáng,0.3679326671194679
ce385110ddaf17e88fef5ca10f83a755,Đường Cao Thắng,10.7729223,106.678801,10.7716819,106.6802249,50.0,11.0,28.0,0.3928571428571428,2905.71,0.1636363636363636,B,0,17.0,Đông,0.34147017958062326
55842aeaeb4e96c02f236781dc0f177b,Đường Số 17,10.8599601,106.7899405,10.8599391,106.7903213,50.0,42.0,48.0,0.875,585.0,0.0428571428571428,E,4,6.0,Thông thoáng,0.40061056729635336
32196ce38d97227596a014fe983dc5bf,Đường Kha Vạn Cân,10.8319797,106.725621,10.8413672,106.7463168,50.0,31.5,43.5,0.7241379310344828,1284.83,0.0571428571428571,E,4,12.0,Thông thoáng,0.40584677635132926
2947a56d595711934870681ef813b92f,Cầu Kỳ Hà 4,10.7559963,106.7606269,10.7550762,106.7597266,70.0,0.0,0.0,1.0,1800.0,,A,2,0.0,Rất đông / kẹt xe,0.45552053392246794
bfc437a1fe8725c4ea25584d08ad8bb6,Đường Quốc Lộ 1A,10.8618381,106.7958668,10.8607361,106.795148,50.0,38.0,38.0,1.0,720.0,0.0473684210526315,E,4,0.0,Thông thoáng,0.413880133480617
218b6419daf3a9e5e99de93e29777c75,Trường Sa,10.7925479,106.6855754,10.7939608,106.7006919,50.0,0.0,0.0,1.0,2700.0,,A,2,0.0,Rất đông / kẹt xe,0.49022086762401035
413e109f5978d8f37bd40bd818e0401a,Trần Quốc Thảo,10.7827317,106.6868337,10.7815324,106.6881451,50.0,0.0,0.0,1.0,1350.0,,A,2,0.0,Rất đông / kẹt xe,0.4381703670716967
e60f6940bca29797062ec575599d5b16,Đường Hoàng Văn Thụ,10.7991177,106.6803031,10.7991862,106.6802718,50.0,17.0,30.5,0.5573770491803278,2313.44,0.1058823529411764,B,0,13.5,Đông,0.3718000308869466
082271af9cca5bf56d0676b7cd0d99da,Đường Nguyễn Ảnh Thủ,10.8821993,106.6167264,10.8776763,106.6236125,50.0,23.0,36.0,0.6388888888888888,1010.0,0.0782608695652174,C,4,13.0,Trung bình,0.35982837720738636
2c2cf7de99d1512a422bc3afcdf54213,Hẻm 995 Hồng Bàng,10.7546298,106.636522,10.7543494,106.6365345,50.0,0.0,0.0,1.0,2700.0,,A,2,0.0,Rất đông / kẹt xe,0.49022086762401035
c11a22a51386b6683718470043bdd752,Đường Nguyễn Trãi,10.7527545,106.6535477,10.7669665,106.6883289,50.0,20.0,30.5,0.6557377049180327,1959.34,0.09,C,0,10.5,Trung bình,0.3811510791168149
92caadfa55c5aaf878bdd05a4f992321,Vòng Xoay Ngã Bảy,10.7677321,106.6723696,10.7676423,106.6741538,50.0,24.0,35.0,0.6857142857142857,1851.43,0.075,D,0,11.0,Tương đối thoáng,0.39768779701111445
ca3f462646b2a5314e70c8d3eb9a3992,Cầu Thủ Thiêm,10.7844433,106.7192073,10.7874118,106.7177091,55.0,34.0,40.0,0.85,1260.0,0.0529411764705882,E,4,6.0,Thông thoáng,0.41341001112089726
8e91f098c9fc9b9ce3b48432b280fa2e,Đường Hoàng Văn Thụ,10.8006191,106.6610875,10.8003982,106.6611458,50.0,23.0,35.5,0.647887323943662,993.8,0.0782608695652174,C,0,12.5,Trung bình,0.35912552393941277
e5b84819c6a7788684b0a8577fe6ef97,Đường Xóm Củi,10.746712,106.6605461,10.7467638,106.6605397,50.0,23.0,33.0,0.696969696969697,905.45,0.0782608695652174,C,0,10.0,Trung bình,0.3574917180937428
0e60c50ff9d41a8b1c205ff3e7497061,Quách Thị Trang,10.7063918,106.8237646,10.7065115,106.8236348,50.0,0.0,0.0,1.0,900.0,,A,2,0.0,Rất đông / kẹt xe,0.4208202002209255
9a4098e379a9b102af2e32a4d82c34cb,Đường Trịnh Đình Trọng,10.7760645,106.6384349,10.7751926,106.6464389,50.0,19.0,33.0,0.5757575757575758,1685.45,0.0947368421052631,B,0,14.0,Đông,0.36214989586479607
5b068f2599657f98ab48176a2693afd4,Đường Quốc Lộ 1K,10.8828952,106.7701845,10.8746157,106.765511,50.0,30.0,44.0,0.6818181818181818,2798.18,0.06,D,4,14.0,Tương đối thoáng,0.4611617136915266
80216e1f4967d5adf12e30e7d4ae3165,Hẻm 6 Quốc Hương,10.8007157,106.7326817,10.8007639,106.732697,50.0,33.0,41.5,0.7951807228915663,728.67,0.0545454545454545,E,4,8.5,Thông thoáng,0.38811647321425435
546c0fd92ee9ee660ef6cb75081d69d1,Đường Thoại Ngọc Hầu,10.7815006,106.6357625,10.7820031,106.6361909,50.0,0.0,0.0,1.0,1350.0,,A,2,0.0,Rất đông / kẹt xe,0.4381703670716967
831b123fd6bb71ec3ccaebb02de8b7a4,Hẻm 264 Lê Văn Quới,10.7735866,106.6215672,10.7762952,106.6093332,50.0,20.5,30.0,0.6833333333333333,1860.0,0.0878048780487804,C,0,9.5,Trung bình,0.38224249165310836
79e19c1649105ef8ca20fbe1590908a4,Hẻm 2 Đường Số 17,10.8603829,106.7908151,10.8599603,106.7901143,50.0,39.0,49.0,0.7959183673469388,727.35,0.0461538461538461,E,4,10.0,Thông thoáng,0.40297194613562454
c8211d047c9c3e383930be241bcf7320,Xã Đông Thạnh,10.8857251,106.6282581,10.8856777,106.6282883,40.0,11.5,17.5,0.6571428571428571,1954.29,0.1565217391304348,B,0,6.0,Đông,0.3381513554464719
5c0ee164d2f247a7660b2fa34ac8345b,Đường Đồng Nai,10.7807392,106.6588525,10.7782236,106.6617292,50.0,24.0,33.0,0.7272727272727273,1701.82,0.075,D,0,9.0,Tương đối thoáng,0.39455036234175517
bb3933dee270e2276ba40eb7efc5f3fb,Đường Phạm Ngọc Thạch,10.78092,106.6978143,10.7817113,106.6969534,50.0,18.5,33.0,0.5606060606060606,1726.36,0.0972972972972973,B,0,14.5,Đông,0.3605502882148774
03623143fab66f59fb8fe2674244cb4e,Đường Phạm Văn Đồng,10.8154234,106.6814749,10.8212703,106.6975926,50.0,34.0,44.0,0.7727272727272727,769.09,0.0529411764705882,E,4,10.0,Thông thoáng,0.3923124333472196
0b7b9e0a38b8c71f5a9bd524cf67aa2e,Cống Quỳnh,10.7635026,106.6905496,10.7666744,106.688366,50.0,0.0,0.0,1.0,1800.0,,A,2,0.0,Rất đông / kẹt xe,0.45552053392246794
f85218043555cdffad83f79fdedad6e7,Xa Lộ Hà Nội,10.8594106,106.7904411,10.8581937,106.7878367,50.0,0.0,0.0,1.0,1350.0,,A,2,0.0,Rất đông / kẹt xe,0.4381703670716967
a087bae8763010f3d9314b1be78089de,Nguyễn Văn Khối,10.8463002,106.6441247,10.8425938,106.6571611,50.0,0.0,0.0,1.0,1350.0,,A,2,0.0,Rất đông / kẹt xe,0.4381703670716967
a075b85befd3006493db5b5098a900bd,X2,10.7933726,106.755623,10.7935165,106.7559349,50.0,0.0,0.0,1.0,900.0,,A,2,0.0,Rất đông / kẹt xe,0.4208202002209255
a4d23f755ffadbb80a311a3f1f5a0741,Hẻm 369 Tô Ký,10.8527736,106.6262305,10.8661857,106.6159466,40.0,24.0,36.5,0.6575342465753424,1464.66,0.075,D,4,12.5,Tương đối thoáng,0.3823835006767447
905ee1f521b04a6705f932f24ac21d6a,Đường Đồng Tâm,10.8630927,106.6107839,10.8632256,106.6104704,50.0,19.0,32.0,0.59375,1091.25,0.0947368421052631,B,4,13.0,Đông,0.3390811179066968
fdb402ca72bd0368181a9297111dd635,Vòng Xoay,10.7504376,106.6601575,10.7507744,106.6593065,50.0,21.0,27.5,0.7636363636363637,1963.64,0.0857142857142857,C,0,6.5,Trung bình,0.3996890632445919
9d4dfa0bc2b0894f70651b92575ada16,Đường Quốc Lộ 22,10.8704157,106.5966668,10.8774435,106.5916776,50.0,19.0,22.5,0.8444444444444444,1920.0,0.0947368421052631,B,4,3.5,Đông,0.4117243060145732
20b9106544ecc449efa13972605cfa53,Đường Kênh Tân Hóa,10.7696068,106.6355415,10.7667998,106.6421803,50.0,18.0,31.5,0.5714285714285714,1697.14,0.1,B,0,13.5,Đông,0.35547172203088917
5cfc596b6c752d76fc5c86c8835bccab,Đường Võ Văn Kiệt,10.7518689,106.6773307,10.758139,106.6757437,50.0,28.5,35.0,0.8142857142857143,1041.43,0.0631578947368421,D,0,6.5,Tương đối thoáng,0.39092754276267555
f1f6c3a4d7c5ef9e6d1116e1e7fb2619,Lý Thái Tổ,10.7677425,106.6740246,10.7669304,106.6770101,50.0,0.0,0.0,1.0,1350.0,,A,2,0.0,Rất đông / kẹt xe,0.4381703670716967
461b1aea00fe2f60761d2f1902cead85,Đường Kinh Dương Vương,10.737327,106.614443,10.7461636,106.6242766,50.0,25.0,35.0,0.7142857142857143,874.29,0.072,D,0,10.0,Tương đối thoáng,0.36545104717051957
315ea589cfd10b87f45340a33da31b0b,Đường Nguyễn Thị Thập,10.7405245,106.6937024,10.7407629,106.6949897,50.0,20.0,35.0,0.5714285714285714,2262.86,0.09,C,0,15.0,Trung bình,0.3917997097094101
a7e8464abc9a8b7fa8ccfdb1d8c3e6bd,Lý Thái Tổ,10.7669304,106.6770101,10.7461614,106.7956925,50.0,0.0,0.0,1.0,900.0,,A,2,0.0,Rất đông / kẹt xe,0.4208202002209255
ec78cff62300b277c94662459ad20e79,Đường Số 13,10.8641797,106.7663628,10.8642639,106.766054,50.0,31.0,45.0,0.6888888888888889,920.0,0.0580645161290322,D,4,14.0,Tương đối thoáng,0.39248737609529666
401342ce24d86fd44bbc0b6591d9c796,Đường Nguyễn Trọng Trí,10.7407342,106.6176488,10.7406865,106.6175944,50.0,25.0,35.0,0.7142857142857143,874.29,0.072,D,0,10.0,Tương đối thoáng,0.36545104717051957
af4f9bffc8e9c8f8229437465291e32e,Đường Phạm Văn Đồng,10.867114,106.7578623,10.8672756,106.7622334,50.0,31.0,42.0,0.7380952380952381,1247.14,0.0580645161290322,D,4,11.0,Tương đối thoáng,0.4021000498037739
63fae86ec55193cab7357c63f4f2845a,Đường Đặng Văn Ngữ,10.7937455,106.6690254,10.794193,106.6693074,50.0,17.0,33.0,0.5151515151515151,1849.09,0.1058823529411764,B,0,16.0,Đông,0.3557514652651214
7b5f63e6f2a62d406ff0994f07ad748c,Nguyễn Văn Quỳ,10.7432943,106.7405148,10.7383028,106.7313895,50.0,18.0,22.0,0.8181818181818182,1374.55,0.1,B,4,4.0,Đông,0.3816389091981195
31205e89e330b0359b4792cf264f9425,Hẻm 48 Nguyễn Biểu,10.757374,106.6831763,10.7545595,106.6841957,50.0,21.0,30.0,0.7,1350.0,0.0857142857142857,C,0,9.0,Trung bình,0.3665574638458902
22ad63cc1fad145a51f5915af4b63bc3,Học Lạc,10.7519423,106.6544294,10.7516397,106.6544546,50.0,0.0,0.0,1.0,1800.0,,A,2,0.0,Rất đông / kẹt xe,0.45552053392246794
f51fd8888a8024569847fb00b50eb16b,Đường Hoàng Minh Giám,10.8143542,106.6786185,10.8140447,106.6785004,50.0,22.5,33.0,0.6818181818181818,1399.09,0.08,C,4,10.5,Trung bình,0.37334753497348994
cbf7984140cf5a47b500189d41e6a2c4,Đường Lữ Gia,10.7705044,106.6572944,10.7711526,106.6529443,50.0,16.0,31.0,0.5161290322580645,2461.94,0.1124999999999999,B,0,15.0,Đông,0.37022018344689084
667c4599a90d2c4ecfdf5568b46cc8ed,Quốc lộ 1,10.8666505,106.7915871,10.8752124,106.748644,50.0,0.0,0.0,1.0,900.0,,A,2,0.0,Rất đông / kẹt xe,0.4208202002209255
0239f300f8d0fef3e5e31b4a2bc3b676,Đường Xa Lộ Hà Nội,10.8069194,106.7548299,10.8045382,106.7521024,55.0,30.5,46.0,0.6630434782608695,1933.04,0.0590163934426229,D,4,15.5,Tương đối thoáng,0.43238914479686513
e8b212948238c2edd102706d16576d8f,Đường Quốc Lộ 22,10.8798576,106.5900475,10.8851888,106.5863138,50.0,39.0,45.0,0.8666666666666667,1200.0,0.0461538461538461,E,4,6.0,Thông thoáng,0.41991385984186974
386ef53d909bc4061a83e53a1f50d4d7,Đường 3 Tháng 2,10.7666392,106.6652083,10.7692426,106.6699972,50.0,22.0,32.0,0.6875,922.5,0.0818181818181818,C,0,10.0,Trung bình,0.3531393214666898
b55e682daf84d7d0f78c7de5786ed240,Đường Cao Tốc Thành phố Hồ Chí Minh-Long Thành-Dầu Giây,10.7866225,106.843937,10.7883612,106.8358795,50.0,60.0,75.0,0.8,720.0,0.03,E,4,15.0,Thông thoáng,0.45323497219029446
6aa710567d555652d8eb7c9ced435d3d,Đường Hậu Giang,10.7497109,106.6494313,10.7507545,106.6545334,50.0,19.5,32.0,0.609375,1594.69,0.0923076923076923,C,0,12.5,Trung bình,0.36191913281565163
edd04a4ad93a14c44c8817dc0837f268,Đường Thuận Kiều,10.7552474,106.6584197,10.7546122,106.6583409,50.0,12.0,17.5,0.6857142857142857,1851.43,0.15,B,0,5.5,Đông,0.34446199055950155
01c24750d9990057198ca3095fd78201,Đường Tô Vĩnh Diện,10.7801784,106.7010865,10.8802415,106.7933053,45.0,24.5,37.0,0.6621621621621622,1452.16,0.073469387755102,D,4,12.5,Tương đối thoáng,0.3843498682305838
6809c850a7deedba242b8f5915efc051,Tô Hiến Thành,10.7703883,106.6581461,10.7736176,106.6614007,50.0,0.0,0.0,1.0,1350.0,,A,2,0.0,Rất đông / kẹt xe,0.4381703670716967
9e87e65f14478d95d9cb204282304d19,Nguyễn Thị Nhung,10.8433563,106.7054307,10.8435122,106.7057848,50.0,0.0,0.0,1.0,900.0,,A,2,0.0,Rất đông / kẹt xe,0.4208202002209255
af62fd96ae70b4a6d1e1fae7b2a6368f,Marie Curie,10.8786289,106.8017773,10.8788557,106.8000739,45.0,0.0,0.0,1.0,1350.0,,A,2,0.0,Rất đông / kẹt xe,0.4381703670716967
93bc343a1674b87a9c94751ba59a31ee,Đường Điện Biên Phủ,10.8013276,106.7110941,10.8012791,106.7111262,50.0,20.0,30.0,0.6666666666666666,3840.0,0.09,C,0,10.0,Trung bình,0.4546047311728458
ea14fc6b6273dcb810b2b2df002c6e95,Đường Cách Mạng Tháng 8,10.7752936,106.6864011,10.7756788,106.6867311,50.0,16.0,31.0,0.5161290322580645,2461.94,0.1124999999999999,B,0,15.0,Đông,0.37022018344689084
77d3bced82cef96b7453fb9575be6339,Đường Xa Lộ Hà Nội,10.8336803,106.7646754,10.8030754,106.7498148,70.0,40.5,45.5,0.8901098901098901,1115.6,0.0444444444444444,E,4,5.0,Thông thoáng,0.41938454173883255
cfdfe5236258e46748f0b5bd4c361605,Đường Quang Trung,10.8350079,106.6634568,10.8430788,106.6419808,50.0,23.0,36.5,0.6301369863013698,1538.63,0.0782608695652174,C,4,13.5,Trung bình,0.3804188674350658
c1d462a1c4850c61eadcf64e9a0f8fc1,Đường Lê Đại Hành,10.7587163,106.6592488,10.766178,106.6543476,50.0,15.0,32.0,0.46875,1974.37,0.12,B,0,17.0,Đông,0.3457112727329939
50b15bad01126093b352730855c398dd,Đường Lê Lợi,10.7722079,106.6990769,10.7732655,106.6999404,50.0,15.5,25.0,0.62,1566.0,0.1161290322580645,B,0,9.5,Đông,0.33740167296651846
73318dff2dc6874661d0bafd247488a4,Phạm Văn Chiêu,10.8541753,106.665484,10.8523298,106.6602254,50.0,0.0,0.0,1.0,1350.0,,A,2,0.0,Rất đông / kẹt xe,0.4381703670716967
f5cdb1dc0b32588465f04fff9d92924a,Hoàng Văn Thụ,10.7999559,106.6710835,10.8002636,106.6676731,55.0,0.0,0.0,1.0,3600.0,,A,2,0.0,Rất đông / kẹt xe,0.5249212013255528
f27d392adb5daeb407269666383bc04f,Đường Nguyễn Thông,10.781667,106.679297,10.7781284,106.6843698,50.0,22.5,36.5,0.6164383561643836,1050.41,0.08,C,0,14.0,Trung bình,0.359186785523428
52bfc8ecc2d72dbf0ce1c61199818d79,Đường Hưng Long-Qui Đức,10.6890588,106.6236614,10.6906363,106.6244123,50.0,40.0,54.0,0.7407407407407407,826.67,0.045,E,4,14.0,Thông thoáng,0.4163202537604586
b27f4ea2c0973e77fb34bb8981236aee,Đường Quốc Lộ 1A,10.8653758,106.7238705,10.8648149,106.7227673,50.0,29.0,37.0,0.7837837837837838,1498.38,0.0620689655172413,D,4,8.0,Tương đối thoáng,0.40692529716497017
146e2d73d85a20c3f88e069c1a0eb3c8,Phường An Phú Đông,10.8521558,106.6874451,10.8523365,106.7000553,50.0,0.0,0.0,1.0,900.0,,A,2,0.0,Rất đông / kẹt xe,0.4208202002209255
acbcadfb2e398c7d0d1e13ac3f5b4b63,Đường Kinh Dương Vương,10.7452866,106.6230902,10.7452699,106.6230775,50.0,26.0,35.0,0.7428571428571429,1645.71,0.0692307692307692,D,0,9.0,Tương đối thoáng,0.40063164788233485
e596ca4c2162471e6f778367f79949d5,Đường Bình Thới,10.7629749,106.6424096,10.7630776,106.6422594,50.0,21.0,27.0,0.7777777777777778,1520.0,0.0857142857142857,C,0,6.0,Trung bình,0.38522666666335004
f1f8a3020a67de846fb9e86ae878e8ee,Đường Kha Vạn Cân,10.8413507,106.7438935,10.8408414,106.7442274,50.0,30.5,43.0,0.7093023255813954,1324.88,0.0590163934426229,D,4,12.5,Tương đối thoáng,0.40438113702586626
8c90c50b1eaab6b587c3385563ac3655,Đường Nguyễn Kiệm,10.8280378,106.6792404,10.8260016,106.6798526,50.0,24.0,35.0,0.6857142857142857,925.71,0.075,D,4,11.0,Tương đối thoáng,0.3619958048842346
bad9590cb76fd6a92025e61282305a77,Đường Nguyễn Oanh,10.8265194,106.6800719,10.8280713,106.6792437,50.0,25.0,35.5,0.704225352112676,892.39,0.072,D,4,10.5,Tương đối thoáng,0.36566536299725405
5ee0b83e4d50b690d939cd4f48cb967e,Đường Võ Thị Sáu,10.7915641,106.6955574,10.7825478,106.6866724,50.0,18.0,31.0,0.5806451612903226,1672.26,0.1,B,0,13.0,Đông,0.3545496142524706
a609c168641c7d2add8dbe3234cc80f7,Trần Bình Trọng,10.7592606,106.6803749,10.7582717,106.6807561,50.0,0.0,0.0,1.0,1350.0,,A,2,0.0,Rất đông / kẹt xe,0.4381703670716967
4500eb560fbde7f2b33f070ca8bfadb4,Đường Nguyễn Thị Nhỏ,10.753478,106.6507502,10.7533959,106.6507301,50.0,21.5,31.5,0.6825396825396826,1862.86,0.0837209302325581,C,0,10.0,Trung bình,0.3867716044083662
7a3f7790d7f71c90cdc27d7f12778138,Bưng Ông Thoàn,10.8139216,106.7973612,10.8144883,106.7970824,50.0,0.0,0.0,1.0,1350.0,,A,2,0.0,Rất đông / kẹt xe,0.4381703670716967
8d6f6a6cbefdeba3d4ccf9b818a655ec,Kinh Dương Vương,10.7455465,106.6235109,10.7282004,106.6071858,50.0,0.0,0.0,1.0,1350.0,,A,2,0.0,Rất đông / kẹt xe,0.4381703670716967
f0b3593fdf6f1bfa47bd6d17ec2d759e,Đường Trường Chinh,10.8083021,106.6345381,10.829463,106.6235423,50.0,29.5,36.5,0.8082191780821918,1410.41,0.0610169491525423,D,4,7.0,Tương đối thoáng,0.4067832247928209
8d9b8cb589242f7e5e723eaf2a76477b,Đường Phan Đăng Lưu,10.8039468,106.6857885,10.8037891,106.687792,50.0,17.0,32.0,0.53125,1203.75,0.1058823529411764,B,0,15.0,Đông,0.3297089822000348
78b28ea8ff57391f38e298a231107972,Nguyễn Huệ,10.7719889,106.7062982,10.7719977,106.7061791,60.0,0.0,0.0,1.0,2700.0,,A,2,0.0,Rất đông / kẹt xe,0.49022086762401035
aa55d5db7a80a888fe5daa8bcf5af867,Hẻm 474 Nguyễn Tri Phương,10.7666599,106.6674092,10.7546206,106.6696106,50.0,20.5,32.5,0.6307692307692307,1536.92,0.0878048780487804,C,0,12.0,Trung bình,0.3661712854872561
5d212d7c449189e142f8a351a928feed,Đường An Bình,10.7532859,106.6628252,10.7548304,106.6708395,50.0,18.0,26.0,0.6923076923076923,913.85,0.1,B,0,8.0,Đông,0.3359943983118321
2a66e0efdaf3550d5849f40eb9ed089d,Đường Nguyễn Hữu Cảnh,10.7976427,106.7237951,10.7976579,106.7205235,50.0,42.0,42.0,1.0,1080.0,0.0428571428571428,E,4,0.0,Thông thoáng,0.427760266961234
440742cf2bd4358e9ac77238e8514ada,Đường Chợ Lớn,10.7444411,106.6255188,10.7444479,106.6258206,45.0,25.0,35.0,0.7142857142857143,1311.43,0.072,D,0,10.0,Tương đối thoáng,0.3823053848086221
845ae7048313c76a2823b14517852eea,Hồ Hảo Hớn,10.7598239,106.6940131,10.763051,106.6908753,50.0,0.0,0.0,1.0,1800.0,,A,2,0.0,Rất đông / kẹt xe,0.45552053392246794
21f4bfbc30a9337fed4c0ef7a289e01b,Lê Quý Đôn,10.8838307,106.8004621,10.8810953,106.8015806,45.0,0.0,0.0,1.0,1350.0,,A,2,0.0,Rất đông / kẹt xe,0.4381703670716967
f2d459490aa10bfe84e2ce7c321b0772,Đường Kha Vạn Cân,10.8270992,106.7153558,10.8504341,106.7545053,50.0,30.0,39.0,0.7692307692307693,1163.08,0.06,D,4,9.0,Tương đối thoáng,0.3959759002690405
e835eca8a71269549291cc77ef79d6c0,Đường Nguyễn Thị Minh Khai,10.7919424,106.6999228,10.7886038,106.7035492,50.0,21.0,33.5,0.6268656716417911,1547.46,0.0857142857142857,C,4,12.5,Trung bình,0.36935126592856904
32196ce38d97227596a014fe983dc5bf,Đường Kha Vạn Cân,10.8504341,106.7545053,10.8319797,106.725621,50.0,32.0,42.0,0.7619047619047619,1182.86,0.0562499999999999,E,4,10.0,Thông thoáng,0.4025402616485116
c580ae6269c9eb89baa34e21210caeb4,Tô Ngọc Vân,10.8537487,106.7511235,10.8620076,106.6713827,50.0,0.0,0.0,1.0,900.0,,A,2,0.0,Rất đông / kẹt xe,0.4208202002209255
1fee7aa948b15b4c4027a2597b67d37d,Đường Quốc Lộ 22,10.843311,106.6149367,10.8450745,106.6138112,50.0,30.5,40.5,0.7530864197530864,1206.67,0.0590163934426229,D,4,10.0,Tương đối thoáng,0.39879309079366265
d97d322664206cc3f6e2fdb54b9f954e,Đường Lê Văn Tách,10.87865,106.7619572,10.8060161,106.6057636,50.0,20.0,39.0,0.5128205128205128,1236.92,0.09,C,4,19.0,Trung bình,0.3599477664783879
b7a96e838513fa910e384bf242d0d78f,Âu Cơ,10.7745839,106.6479407,10.7762937,106.6468632,50.0,0.0,0.0,1.0,1350.0,,A,2,0.0,Rất đông / kẹt xe,0.4381703670716967
a3bdd2a7c4c008f49e416ee5957c5044,Cầu Vượt Quang Trung 2,10.8502095,106.6314235,10.8509611,106.627222,50.0,29.5,35.5,0.8309859154929577,1328.45,0.0610169491525423,D,4,6.0,Tương đối thoáng,0.4059901002167412
5fdd56e79f1dcd75d182c02f4c5c7b9d,Đường Đào Trinh Nhất,10.8625105,106.7609449,10.8650568,106.7590353,50.0,31.0,43.5,0.7126436781609196,877.24,0.0580645161290322,D,4,12.5,Tương đối thoáng,0.3888896454613811
23e19b9b24c80c1d54994897c9cb32ba,Quảng trường sáng tạo,10.8754861,106.8052044,10.8742918,106.805084,50.0,0.0,0.0,1.0,900.0,,A,2,0.0,Rất đông / kẹt xe,0.4208202002209255
c6b900a281c5b6673b89d20b01cdada9,Hẻm 312 Kinh Dương Vương,10.7433547,106.6207621,10.7433184,106.6207225,50.0,0.0,0.0,1.0,900.0,,A,2,0.0,Rất đông / kẹt xe,0.4208202002209255
2081ddc5bbfb5ef4adab6c91085293d4,Đường Minh Phụng,10.7618932,106.6444788,10.7618644,106.6445646,50.0,20.5,30.0,0.6833333333333333,930.0,0.0878048780487804,C,0,9.5,Trung bình,0.3463854801615145
095ad12d2a69e3d431676f5d00db8a29,Đường Tân Thuận,10.764817,106.7500323,10.7644644,106.749763,30.0,36.0,44.0,0.8181818181818182,2749.09,0.05,E,4,8.0,Thông thoáng,0.47334524960205004
320440cb37367194702ef3389c7420b7,Đường Trần Hữu Trang,10.7935553,106.6753149,10.7940624,106.673077,50.0,15.5,32.5,0.4769230769230769,1301.54,0.1161290322580645,B,0,17.0,Đông,0.3240935101569345
dc93c8af5cdfc8db446940a3fa18c38c,Bến Bình Đông,10.7482848,106.6604156,10.7482848,106.6604156,50.0,0.0,0.0,1.0,2700.0,,A,2,0.0,Rất đông / kẹt xe,0.49022086762401035
3f79f4e2d4a12633ac5c041f5d1dc195,Đường Tôn Thất Hiệp,10.7623556,106.6521869,10.7602645,106.6532907,50.0,21.0,34.0,0.6176470588235294,2096.47,0.0857142857142857,C,0,13.0,Trung bình,0.3904806211677252
c7fa6feee90efca0931b2fb68d115b84,Đường Nguyễn Kiệm,10.8132332,106.6786725,10.8135747,106.6787698,50.0,11.0,30.0,0.3666666666666666,1500.0,0.1636363636363636,B,0,19.0,Đông,0.29277096032302896
1591e903a4a408ad42787606d739855b,Đường Nguyễn Lương Bằng,10.7225313,106.7257177,10.723735,106.7249535,50.0,21.5,36.5,0.589041095890411,1099.73,0.0837209302325581,C,4,15.0,Trung bình,0.35627174869759026
544c407a0eec14b0791ae6bd5c0310bd,Đường Vườn Lài,10.8391657,106.6996423,10.8340778,106.6938042,50.0,24.5,36.0,0.6805555555555556,935.0,0.073469387755102,D,4,11.5,Tương đối thoáng,0.36446356445268796
554c8c4dc064a89fa434b01dc3086741,Cầu vượt Tân Thới Hiệp,10.8621176,106.6511715,10.8620995,106.6499973,65.0,0.0,0.0,1.0,900.0,,A,2,0.0,Rất đông / kẹt xe,0.4208202002209255
7050a07783c0e630eefbcd94933019af,Hẻm 25 Phạm Đăng Giảng,10.8214287,106.60636,10.818044,106.6044259,50.0,22.0,47.0,0.4680851063829787,1317.45,0.0818181818181818,C,4,25.0,Trung bình,0.397450718272099
e62c4fd68cff6b858de508e76941e900,Cầu Phú Mỹ,10.7449386,106.7441554,10.7469406,106.7484952,50.0,0.0,0.0,1.0,1350.0,,A,2,0.0,Rất đông / kẹt xe,0.4381703670716967
2cf525980f9ddf323e7108cf8319b212,Đường Hoàng Ngọc Phách,10.7810287,106.6332492,10.7834192,106.6249141,50.0,19.0,31.0,0.6129032258064516,1056.77,0.0947368421052631,B,0,12.0,Đông,0.33820696450943233
67ce4fc8fe85edd1dedf7c6c4fcd52bd,Vòng Xoay Lạc Long Quân,10.7669237,106.6422282,10.7670183,106.641639,50.0,19.5,30.0,0.65,1485.0,0.0923076923076923,C,0,10.5,Trung bình,0.35982703003015387
3f4a7dc85944903ea2b70fa37791230b,Đường Hải Thượng Lãn Ông,10.7504649,106.6533788,10.7504649,106.6533788,50.0,16.0,29.0,0.5517241379310345,3500.69,0.1124999999999999,B,0,13.0,Đông,0.40974627234796
7b2ea44f62ca9783ecbc993769dab1b2,Đường Xa Lộ Hà Nội,10.8055309,106.7528475,10.8031584,106.7489288,80.0,35.5,41.0,0.8658536585365854,1202.93,0.0507042253521126,E,4,5.5,Thông thoáng,0.4147580115017303
b2f3a52da6c54d36d1e5fca0b99b1382,Phạm Văn Hai,10.8000753,106.6653921,10.7970292,106.6645994,50.0,0.0,0.0,1.0,900.0,,A,2,0.0,Rất đông / kẹt xe,0.4208202002209255
730424c8a47306d8903e93f2926f995d,Hẻm 506 Lạc Long Quân,10.7711649,106.6460379,10.7705706,106.6472103,50.0,19.0,31.0,0.6129032258064516,1585.16,0.0947368421052631,B,0,12.0,Đông,0.35857953042560786
5021b61f8fd013c5b28a199274d109ce,Đường Bưng Ông Thoàn,10.828493,106.7887386,10.8287562,106.7885591,50.0,22.0,31.0,0.7096774193548387,882.58,0.0818181818181818,C,4,9.0,Trung bình,0.3536553197718901
26ab458d485349580f5ada61278363de,An Dương Vương,10.7566251,106.6697746,10.7566534,106.669461,60.0,0.0,0.0,1.0,2700.0,,A,2,0.0,Rất đông / kẹt xe,0.49022086762401035
7314504505522c43b155196888038a82,Xa Lộ Hà Nội,10.8310841,106.7636119,10.8167282,106.757767,70.0,0.0,0.0,1.0,2700.0,,A,2,0.0,Rất đông / kẹt xe,0.49022086762401035
e5e232dd1ecdfa053e24715dba274d25,Đường Cách Mạng Tháng 8,10.7794508,106.6785811,10.7840477,106.6803024,50.0,15.0,31.0,0.4838709677419355,1933.55,0.12,B,0,16.0,Đông,0.3424594801737954
0cdc96395c88caf86aeaf7d006bb2c0c,Đường Nguyễn Duy,10.7433356,106.6613572,10.7433941,106.6616795,50.0,22.0,34.0,0.6470588235294118,1990.59,0.0818181818181818,C,0,12.0,Trung bình,0.3922806726285469
176e65c0c1d48b75b07ce408c37d051b,Nguyễn Ðình Chiểu,10.7851071,106.6963948,10.7704394,106.6824793,50.0,0.0,0.0,1.0,900.0,,A,2,0.0,Rất đông / kẹt xe,0.4208202002209255
22700581d6bd3daf2342f1772c11114c,Đường Hạnh Thông,10.8263467,106.6799853,10.8259802,106.6799069,50.0,26.0,35.0,0.7428571428571429,822.86,0.0692307692307692,D,4,9.0,Tương đối thoáng,0.3689059038975413
8457240fccffc65244c51d3867b23542,Đường Xa Lộ Hà Nội,10.8355189,106.7658175,10.8354781,106.7658807,50.0,41.0,49.0,0.8367346938775511,1634.69,0.0439024390243902,E,4,8.0,Thông thoáng,0.4401935950171773
db233b3d414187907faf5ed39469d1dc,Đường C12,10.8077887,106.6402306,10.8073545,106.6403983,50.0,29.0,42.0,0.6904761904761905,917.14,0.0620689655172413,D,0,13.0,Tương đối thoáng,0.38353942053409923
e6c235ab937f2d2476eb461312d549ac,Đường Quốc Lộ 1A,10.8678819,106.7813371,10.8617623,106.6586551,50.0,30.0,45.5,0.6593406593406593,1459.78,0.06,D,4,15.5,Tương đối thoáng,0.41218325644497794
5a29d9e1c0f7c90a5c22fb3e69f612f8,Đường Quang Trung,10.835952,106.6605258,10.8395934,106.6466938,50.0,23.0,36.5,0.6301369863013698,1025.75,0.0782608695652174,C,4,13.5,Trung bình,0.36064430393634683
f9379126bfcfcd0d742d7ef3a4f7d2f4,Đường Hùng Vương,10.7610783,106.6746115,10.760649,106.6740819,55.0,0.0,0.0,1.0,1800.0,,A,2,0.0,Rất đông / kẹt xe,0.45552053392246794
3f5aacc1931c055cc7a2cda0d227e7c2,Trần Ðình Xu,10.75857,106.6924841,10.759772,106.6919236,50.0,0.0,0.0,1.0,900.0,,A,2,0.0,Rất đông / kẹt xe,0.4208202002209255
b742e1d71e699d94790e1193f8662294,Đường Sư Vạn Hạnh,10.7575965,106.6738445,10.7589142,106.6735498,50.0,18.5,28.5,0.6491228070175439,991.58,0.0972972972972973,B,0,10.0,Đông,0.33549999179622847
85e4979960e7c7c1b78ee51016b220a5,Huỳnh Văn Bánh,10.7958652,106.681914,10.7918192,106.6716163,50.0,0.0,0.0,1.0,1800.0,,A,2,0.0,Rất đông / kẹt xe,0.45552053392246794
930d3617a3ab7b584b0405b337222571,Lê Đức Thọ,10.8385342,106.680097,10.8404489,106.6787279,50.0,0.0,0.0,1.0,1800.0,,A,2,0.0,Rất đông / kẹt xe,0.45552053392246794
e3ceeae18f4f59cff15ec975feec319b,Đường Phạm Văn Đồng,10.8367273,106.7316781,10.8316231,106.7254178,50.0,32.0,42.0,0.7619047619047619,1182.86,0.0562499999999999,E,4,10.0,Thông thoáng,0.4025402616485116
4f567f2a96a55fa7d1f6b97970a6caab,Đường Mã Lò,10.7834104,106.5989412,10.7764236,106.6008637,50.0,21.0,41.0,0.5121951219512195,1238.05,0.0857142857142857,C,0,20.0,Trung bình,0.3693379020862301
5dcb49eb56272f22e7b44f699bc23285,Đường Võ Văn Kiệt,10.7503613,106.6692116,10.7491553,106.6606556,55.0,34.0,43.0,0.7906976744186046,1473.49,0.0529411764705882,E,4,9.0,Thông thoáng,0.4193007306878799
df5c224c39d21005bbac19fdc087dd6e,Đường Nguyễn Thị Minh Khai,10.7660316,106.682324,10.7657285,106.6818889,55.0,22.0,37.0,0.5945945945945946,2179.46,0.0818181818181818,C,0,15.0,Trung bình,0.40083971899896337
d4bae69d9000469f93a269bf4795864f,Đường Lương Định Của,10.76937,106.71738,10.7786804,106.7229301,50.0,33.5,41.5,0.8072289156626506,1767.47,0.053731343283582,E,4,8.0,Thông thoáng,0.42970354244096526
f8ba99351b6594850c8514d25d121706,Đường Nguyễn Hữu Trí,10.6903712,106.5689492,10.6854735,106.5540502,50.0,34.0,46.0,0.7391304347826086,1244.35,0.0529411764705882,E,4,12.0,Thông thoáng,0.41221755056519843
b280124ab791b50deacdd99db1e18675,Đường Kênh Tân Hóa,10.7803932,106.6363843,10.7789563,106.6401733,50.0,19.0,33.0,0.5757575757575758,1123.64,0.0947368421052631,B,0,14.0,Đông,0.3404887908905032
5aa2a6a36ed3878c5c6eb5a18b63c7ba,Nguyễn Xuân Khoát,10.7951766,106.6345051,10.7954885,106.6345715,50.0,0.0,0.0,1.0,1800.0,,A,2,0.0,Rất đông / kẹt xe,0.45552053392246794
0cb034fcb9cf583d3cfa7b9e3dcab0b6,Nguyễn Hậu,10.7872262,106.6346835,10.7874845,106.634782,50.0,0.0,0.0,1.0,900.0,,A,2,0.0,Rất đông / kẹt xe,0.4208202002209255
b045ce8b1239f0484ea7f11485b073c8,Đường Kha Vạn Cân,10.8495638,106.7534794,10.8494184,106.7536678,50.0,31.0,45.0,0.6888888888888889,1840.0,0.0580645161290322,D,4,14.0,Tương đối thoáng,0.42795882832354004
033917c1a30a4170547643656b2e2087,Kênh Tân Hoá,10.7693744,106.6355574,10.7786413,106.6399809,50.0,0.0,0.0,1.0,900.0,,A,2,0.0,Rất đông / kẹt xe,0.4208202002209255
7b83e57eef6b9b0d27df3954c0c6a10c,Đường Hồng Bàng,10.7554182,106.6634172,10.7550108,106.6603376,55.0,26.0,35.0,0.7428571428571429,2057.14,0.0692307692307692,D,0,9.0,Tương đối thoáng,0.41649471265436333
d616738bc5a306551c061325b843cddb,Nguyễn Thị Minh Khai,10.7657285,106.6818889,10.7897016,106.7045845,50.0,0.0,0.0,1.0,900.0,,A,2,0.0,Rất đông / kẹt xe,0.4208202002209255
faffcf806a2311c66602112a92849d77,Đường Hưng Phú,10.7509485,106.6836257,10.7536129,106.6842501,50.0,21.5,32.5,0.6615384615384615,969.23,0.0837209302325581,C,0,11.0,Trung bình,0.3508839679440288
46d0c6441317268ba24a8d4e830d1d5c,Đường Cao Tốc Thành phố Hồ Chí Minh-Long Thành-Dầu Giây,10.7932441,106.7532978,10.7926709,106.7524658,55.0,46.5,49.5,0.9393939393939394,938.18,0.0387096774193548,E,4,3.0,Thông thoáng,0.4192619624580946
0c807e769efb4db2eee959f1506594be,Hẻm 101 Thành Thái,10.7739209,106.6645769,10.7697668,106.6661869,50.0,17.5,31.5,0.5555555555555556,4640.0,0.1028571428571428,B,0,14.0,Đông,0.4653777876530699
7358eac40e60ece2d0b9ed86c253665b,Lê Quang Định,10.802988,106.698423,10.820498,106.6894367,50.0,0.0,0.0,1.0,1350.0,,A,2,0.0,Rất đông / kẹt xe,0.4381703670716967
3646b7ed845d24d736c5c2e0ac6589a4,Nguyễn Cửu Vân,10.7963537,106.7058178,10.7960538,106.7063387,50.0,0.0,0.0,1.0,1800.0,,A,2,0.0,Rất đông / kẹt xe,0.45552053392246794
26ab458d485349580f5ada61278363de,Đường An Dương Vương,10.7560028,106.6664058,10.7566251,106.6697746,55.0,22.5,31.5,0.7142857142857143,1748.57,0.08,C,0,9.0,Trung bình,0.38948230309188586
ffe0fbd1321fd7e77e1c401476d71054,Trường Sơn,10.8130718,106.6649688,10.8111229,106.6650145,50.0,0.0,0.0,1.0,900.0,,A,2,0.0,Rất đông / kẹt xe,0.4208202002209255
970b4ff86943d2ad35d2f49cddfe64e4,Đường Trần Văn Kiểu,10.7465385,106.6289013,10.7460179,106.6288456,50.0,26.0,35.0,0.7428571428571429,822.86,0.0692307692307692,D,0,9.0,Tương đối thoáng,0.3689059038975413
ed773c718824bb9cf5fdf2546d338ab7,Đường Phan Anh,10.7735855,106.6211738,10.773618,106.6212579,50.0,18.5,31.0,0.5967741935483871,2171.61,0.0972972972972973,B,0,12.5,Đông,0.3774965847463363
42d38218242c47283340f4bf54a67bac,Đường Tân Sơn,10.8385379,106.6467909,10.8248067,106.6412646,50.0,30.0,30.0,1.0,360.0,0.06,D,4,0.0,Tương đối thoáng,0.4
c63e91db92734676e73437f2103e5801,Đường Nguyễn Văn Cừ,10.7536606,106.686888,10.7531123,106.6869589,50.0,21.5,34.5,0.6231884057971014,2076.52,0.0837209302325581,C,0,13.0,Trung bình,0.3926429817394888
c72d5500b593a0b7e74a0d962fea4aa0,Trương Quốc Dung,10.7950667,106.672673,10.7997004,106.6729603,55.0,0.0,0.0,1.0,1800.0,,A,2,0.0,Rất đông / kẹt xe,0.45552053392246794
fabc03cf85b90641ee6d5b2fa3381963,Vòng Xoay Ngã Bảy,10.7679102,106.6744532,10.7679102,106.6744532,50.0,21.0,35.0,0.6,1620.0,0.0857142857142857,C,0,14.0,Trung bình,0.3724514349240949
48c4ed4b2189f7ffec64d2c3ba5e0fd7,Nút Giao Thông Cầu Sài Gòn,10.7982738,106.7308494,10.7981949,106.7318819,45.0,20.5,33.5,0.6119402985074627,1587.76,0.0878048780487804,C,4,13.0,Trung bình,0.3678477755855816
0679a066d9c8f303377f37ac7a47c74d,Vòng Xoay Ngã Sáu Cộng Hòa,10.7651637,106.681627,10.765182,106.6815426,55.0,21.0,31.5,0.6666666666666666,1920.0,0.0857142857142857,C,0,10.5,Trung bình,0.3854160622869746
a979f06e9e1616639d2231bc358d4fa5,Nguyễn Thị Nhỏ,10.7588735,106.6513792,10.7591706,106.6513758,50.0,0.0,0.0,1.0,900.0,,A,2,0.0,Rất đông / kẹt xe,0.4208202002209255
f67cc9b9141adb8a2e9c62d647c26b37,Đường Phan Văn Trị,10.83081,106.6778193,10.8308562,106.6777619,50.0,20.0,34.0,0.5882352941176471,1101.18,0.09,C,0,14.0,Trung bình,0.3462239403045396
b7473290659e2e002152261485c82055,Đường Lê Văn Thọ,10.8365053,106.6583227,10.8364665,106.658324,50.0,21.0,36.0,0.5833333333333334,1110.0,0.0857142857142857,C,4,15.0,Trung bình,0.3536481275469843
6a00832a711b7b634d2304dea9532ce4,Nguyễn Kiệm,10.8192058,106.6787669,10.8132332,106.6786725,50.0,0.0,0.0,1.0,900.0,,A,2,0.0,Rất đông / kẹt xe,0.4208202002209255
4e9b9bfd0bbeb0c9139122563e3d0a05,Đường Cộng Hòa,10.8020955,106.6450548,10.8017925,106.6479549,50.0,28.0,34.5,0.8115942028985508,699.13,0.0642857142857143,D,4,6.5,Tương đối thoáng,0.37630595283143137
21f2a5bd885c29140b3db6a80aa34148,Đường Trần Văn Giàu,10.7520876,106.6082145,10.7519761,106.6081604,50.0,0.0,0.0,1.0,900.0,,A,2,0.0,Rất đông / kẹt xe,0.4208202002209255
348b6c53508366be7fb2d3d6e71b15c4,Đường Tây Hòa,10.8261485,106.7641935,10.8262034,106.7621148,40.0,40.0,49.0,0.8163265306122449,1381.22,0.045,E,4,9.0,Thông thoáng,0.4293016670286774
43af34a1cc2943a2a639ad9d67e0247b,Phường Bình Thắng,10.8853354,106.8049329,10.8852651,106.8048936,40.0,0.0,0.0,1.0,1800.0,,A,2,0.0,Rất đông / kẹt xe,0.45552053392246794
846241f3681f2e83fdbfd0503d1f4547,Đường Phạm Văn Đồng,10.8218467,106.6992827,10.8173044,106.6849075,50.0,33.5,44.5,0.7528089887640449,804.94,0.053731343283582,E,4,11.0,Thông thoáng,0.3928346679193332
6aa6fd37562921a2408c2a7be27f2fef,Đường Cao Tốc Thành phố Hồ Chí Minh-Long Thành-Dầu Giây,10.7923857,106.7519936,10.7926848,106.7536837,50.0,27.0,34.0,0.7941176470588235,1095.88,0.0666666666666666,D,4,7.0,Tương đối thoáng,0.3871960644831992
0e35dfac884bf618c653cc984ca40222,Đường Đỗ Xuân Hợp,10.8136383,106.7753601,10.8131985,106.7686852,50.0,22.0,37.0,0.5945945945945946,2179.46,0.0818181818181818,C,4,15.0,Trung bình,0.40083971899896337
65dc4f1c9d3553a5d837d3c3a420c771,Nguyễn Hoàng,10.801925,106.7438952,10.8017112,106.7439955,60.0,0.0,0.0,1.0,1800.0,,A,2,0.0,Rất đông / kẹt xe,0.45552053392246794
0011fbb6aaa8e16f8ec56fe7e1f253e0,Đường Quách Thị Trang,10.7044998,106.847625,10.7041127,106.8398361,55.0,37.5,43.5,0.8620689655172413,912.41,0.048,E,4,6.0,Thông thoáng,0.40639322876618716
5b019332e6114b8ae49c3362815db79b,Trần Văn Quang,10.7796593,106.6445172,10.7795043,106.6499053,50.0,0.0,0.0,1.0,900.0,,A,2,0.0,Rất đông / kẹt xe,0.4208202002209255
d75b47a305d8110b0fa0afad065240ff,Đường Hoàng Văn Thụ,10.7954312,106.6557557,10.7955147,106.655546,50.0,17.5,34.0,0.5147058823529411,2467.06,0.1028571428571428,B,0,16.5,Đông,0.3841808266141126
5f662f25fd725bdeb66d40dda83905f0,Võ Chí Công,10.7655125,106.770577,10.7588708,106.7634266,90.0,0.0,0.0,1.0,2250.0,,A,2,0.0,Rất đông / kẹt xe,0.4728707007732391
ad966e26648e05b8e1e20a288d61ccde,Tân Xuân 2,10.8819132,106.6077482,10.8822319,106.6079617,50.0,13.0,18.5,0.7027027027027027,895.14,0.1384615384615384,B,4,5.5,Đông,0.3165787643648831
b886bd4f4dc50467f457ac903cb1c28d,Đường Tô Hiến Thành,10.773825,106.6615589,10.7758068,106.6566757,50.0,18.5,32.5,0.5692307692307692,1135.38,0.0972972972972973,B,0,14.0,Đông,0.33748854627085
4f59a582beebb746b7d50caf04dd2313,Đường Long Thuận,10.8119329,106.8596808,10.8119103,106.8596881,50.0,0.0,0.0,1.0,900.0,,A,2,0.0,Rất đông / kẹt xe,0.4208202002209255
db585c3051dd77e3cd88da25f7d29703,Đoàn Văn Bơ,10.7633776,106.7037719,10.763364,106.7038326,50.0,0.0,0.0,1.0,900.0,,A,2,0.0,Rất đông / kẹt xe,0.4208202002209255
dedb61cfd8c8dc9dc40e7adc2a886acd,Đường Vành Đai 2,10.7469406,106.7484952,10.7490341,106.7527933,50.0,37.0,45.0,0.8222222222222222,1360.0,0.0486486486486486,E,4,8.0,Thông thoáng,0.4219251019622873
fd6f15ac19a957141598dd378d42dddc,Đường Trường Chinh,10.7936226,106.6519615,10.8152248,106.6323883,50.0,21.0,35.0,0.6,1620.0,0.0857142857142857,C,0,14.0,Trung bình,0.3724514349240949
471593678f06b0746057cf918d6115f7,Đường Nguyễn Kiệm,10.7998472,106.680033,10.8194173,106.6787757,50.0,18.5,32.0,0.578125,2798.44,0.0972972972972973,B,0,13.5,Đông,0.4014759904317872
ab2c4555571dab5a5fb56672015ee2fe,Quốc lộ 1,10.7226708,106.6008754,10.8684975,106.7794278,55.0,0.0,0.0,1.0,1800.0,,A,2,0.0,Rất đông / kẹt xe,0.45552053392246794
9a1a3b5edeb34ad1ae2d0b1740da455b,Đường Phó Đức Chính,10.7707145,106.6991208,10.7676642,106.7010097,50.0,27.0,27.0,1.0,360.0,0.0666666666666666,D,4,0.0,Tương đối thoáng,0.4
bcf28f149edbafb780548eda8977f1bd,Phan Đăng Lưu,10.8037891,106.687792,10.7993486,106.6803694,50.0,0.0,0.0,1.0,1350.0,,A,2,0.0,Rất đông / kẹt xe,0.4381703670716967
75b9ac0082e9b542bf2515fd064477dd,Nguyễn Văn Quý,10.7402847,106.73585,10.7404302,106.7361197,50.0,0.0,0.0,1.0,1800.0,,A,2,0.0,Rất đông / kẹt xe,0.45552053392246794
6aa710567d555652d8eb7c9ced435d3d,Đường Gò Công,10.7507545,106.6545334,10.7504376,106.6601575,50.0,18.0,25.5,0.7058823529411765,1334.12,0.1,B,0,7.5,Đông,0.35454102116263464
8c3c368227b2950e1900d2e21e42131a,Đường D1,10.8488982,106.8011838,10.8492092,106.8008695,50.0,32.0,41.0,0.7804878048780488,755.12,0.0562499999999999,E,4,9.0,Thông thoáng,0.3862019595489877
a43c875d037878930e511a35276bd2f7,Đường Trường Sơn,10.8101615,106.6648834,10.8122766,106.6650353,55.0,16.0,33.0,0.4848484848484848,3218.18,0.1124999999999999,B,0,17.0,Đông,0.40218413725860025
713582740c5657f37f5ed02a11ca7dd8,Đường Ấp 3 Xã Tân Quý Tây,10.6811514,106.5954928,10.6818,106.5958303,50.0,23.0,33.5,0.6865671641791045,1386.27,0.0782608695652174,C,0,10.5,Trung bình,0.3753656128597822
4f735e9651a22406b096484436a338f8,Nguyễn Hữu Trí,10.6929789,106.5802906,10.6903712,106.5689492,50.0,0.0,0.0,1.0,1350.0,,A,2,0.0,Rất đông / kẹt xe,0.4381703670716967
3dd2bf959a14fc2ab7163d4942282df7,Cầu Phú An,10.7923372,106.7131767,10.792197,106.7134711,50.0,0.0,0.0,1.0,900.0,,A,2,0.0,Rất đông / kẹt xe,0.4208202002209255
1e8dcc83952c7dc465992aac257443b6,Đường Bạch Đằng,10.8143903,106.6785067,10.8029569,106.710341,50.0,0.0,0.0,1.0,2250.0,,A,2,0.0,Rất đông / kẹt xe,0.4728707007732391
f50386b00d8d2553086b779fc16fdd5d,Pham Ngũ Lão,10.8207556,106.6832697,10.8251544,106.6808708,50.0,0.0,0.0,1.0,1350.0,,A,2,0.0,Rất đông / kẹt xe,0.4381703670716967
8ccdc41e826b62aee68d239a63d9f13d,Đường Tân Quý,10.7987681,106.6196106,10.7951375,106.6203627,50.0,19.0,39.0,0.4871794871794871,1283.08,0.0947368421052631,B,0,20.0,Đông,0.3578399976988904
d81af31114067415631b1c2307ba4261,Phú Thọ,10.7589846,106.641575,10.7589257,106.641586,50.0,0.0,0.0,1.0,1800.0,,A,2,0.0,Rất đông / kẹt xe,0.45552053392246794
d476c5d2a9203c68295ecf319b233371,Đường Bạch Đằng,10.8133493,106.6648995,10.8130718,106.6649688,55.0,16.0,33.0,0.4848484848484848,3218.18,0.1124999999999999,B,0,17.0,Đông,0.40218413725860025
3b44d63b3bc134e06b0cb4e26a5d3304,Đường Nguyễn Tất Thành,10.7704106,106.7062443,10.7705573,106.7062775,50.0,20.0,35.0,0.5714285714285714,1697.14,0.09,C,0,15.0,Trung bình,0.36998785106314724
edd1cb66ba061a4d7e7df40bdad581a4,Đường Hàn Hải Nguyên,10.766037,106.6639913,10.7580658,106.6494435,50.0,22.0,33.0,0.6666666666666666,1920.0,0.0818181818181818,C,0,11.0,Trung bình,0.39025477196439395
710295922d5db990b56d770e790aca74,Nguyễn Thị Diệu Hương,10.7779274,106.655911,10.7779274,106.655911,50.0,16.0,31.0,0.5161290322580645,1846.45,0.1124999999999999,B,0,15.0,Đông,0.3464893963469327
58d65b1e2a23e9594357ae9e05c9b19d,Đường Nguyễn Tri Phương,10.7484337,106.6691251,10.740971,106.6689249,55.0,18.0,32.0,0.5625,1147.5,0.1,B,0,14.0,Đông,0.3343950500533658
cc6a55c3ca041636c18d4f046557dea2,Bình Lợi,10.8315214,106.7053404,10.8311762,106.7054531,50.0,0.0,0.0,1.0,1800.0,,A,2,0.0,Rất đông / kẹt xe,0.45552053392246794
c764260e90f919a5a15ba1beb0484381,Nguyễn Thị Tần,10.7492439,106.6845345,10.7486955,106.6848291,50.0,0.0,0.0,1.0,900.0,,A,2,0.0,Rất đông / kẹt xe,0.4208202002209255
9bed430963e383e13407d12d27c15ef4,Nơ Trang Long,10.8112469,106.6954833,10.8252639,106.706678,50.0,0.0,0.0,1.0,1350.0,,A,2,0.0,Rất đông / kẹt xe,0.4381703670716967
b78d9d8b7dfe37e11e98fe569e27dd8a,Đường Tây Thạnh,10.8131648,106.6226738,10.8157799,106.6249673,50.0,21.0,34.0,0.6176470588235294,2620.59,0.0857142857142857,C,0,13.0,Trung bình,0.4106885532784501
06024a91e4cbfb9e2a00efbe60407906,Đường Lạc Long Quân,10.767159,106.6426234,10.7742613,106.6477025,50.0,19.5,32.0,0.609375,1063.12,0.0923076923076923,C,0,12.5,Trung bình,0.34142395905373063
a69ac5661bf7c46f54054a7e97a9c640,Tống Văn Trân,10.7719941,106.6411857,10.769814,106.6444321,50.0,0.0,0.0,1.0,900.0,,A,2,0.0,Rất đông / kẹt xe,0.4208202002209255
50663426f5bd36b04957fdf49fe8c92e,Lê Văn Thịnh,10.7765916,106.7657368,10.7769125,106.7659642,50.0,0.0,0.0,1.0,900.0,,A,2,0.0,Rất đông / kẹt xe,0.4208202002209255
8d6f6a6cbefdeba3d4ccf9b818a655ec,Kinh Dương Vương,10.7282004,106.6071858,10.7265851,106.6050773,50.0,0.0,0.0,1.0,900.0,,A,2,0.0,Rất đông / kẹt xe,0.4208202002209255
90498184b9db90ea772a2c8b99234878,Đường Quốc Lộ 1A,10.8619111,106.6498425,10.8621838,106.6494524,80.0,28.5,47.5,0.6,1080.0,0.0631578947368421,D,4,19.0,Tương đối thoáng,0.400018331477363
272dda626d6da8bee948148f3575bac1,Vòng xoay Mũi Tàu,10.745645,106.6236611,10.7456047,106.6236292,50.0,0.0,0.0,1.0,1800.0,,A,2,0.0,Rất đông / kẹt xe,0.45552053392246794
111232965838e5858be71036527344fe,Quốc Lộ 1,10.8428093,106.6150302,10.8429984,106.6152871,55.0,18.0,18.0,1.0,540.0,0.1,B,4,0.0,Đông,0.4069400667403085
86734732c7cdeead4dd6fbe6653de95d,Đường Quốc Lộ 1A,10.829463,106.6235423,10.8417386,106.6160676,50.0,28.5,37.5,0.76,792.0,0.0631578947368421,D,4,9.0,Tương đối thoáng,0.3767851924348049
e6c235ab937f2d2476eb461312d549ac,Quốc lộ 1,10.8617623,106.6586551,10.8620129,106.6541628,50.0,0.0,0.0,1.0,1800.0,,A,2,0.0,Rất đông / kẹt xe,0.45552053392246794
46fc423d727b252cc98937db8a8b6798,Hẻm 63 Lý Thường Kiệt,10.7677013,106.6588507,10.7592404,106.6612178,50.0,16.0,31.0,0.5161290322580645,1230.97,0.1124999999999999,B,0,15.0,Đông,0.3227589948062379
a37ff905c949d234313f2d4a4630f960,Võ Văn Ngân,10.851171,106.7550306,10.8497041,106.7710929,50.0,0.0,0.0,1.0,900.0,,A,2,0.0,Rất đông / kẹt xe,0.4208202002209255
401b3c340324b71f3c444195c73c3d6e,Đường Bạch Đằng,10.8153557,106.6659991,10.8154126,106.6660397,50.0,16.0,34.0,0.4705882352941176,1312.94,0.1124999999999999,B,0,18.0,Đông,0.3308591315005433
aedfcc521095d7d7ff4a56ad4969f6c6,Trường Chinh,10.8311999,106.6227295,10.8373896,106.6187325,50.0,0.0,0.0,1.0,900.0,,A,2,0.0,Rất đông / kẹt xe,0.4208202002209255
c1d462a1c4850c61eadcf64e9a0f8fc1,Đường Lê Đại Hành,10.766178,106.6543476,10.7648499,106.6551501,50.0,16.5,31.5,0.5238095238095238,3042.86,0.1090909090909091,B,0,15.0,Đông,0.39668131996196043
3e121d99cb433ec1d4c82ffd2797d0c0,Đường Lê Khôi,10.7831843,106.6254206,10.7821283,106.6288258,50.0,18.5,31.0,0.5967741935483871,1085.81,0.0972972972972973,B,0,12.5,Đông,0.3356325599317421
c3215633a558ad6ac300609ca953bd94,Nguyễn Bỉnh Khiêm,10.7886678,106.7034865,10.7918707,106.700004,55.0,0.0,0.0,1.0,1350.0,,A,2,0.0,Rất đông / kẹt xe,0.4381703670716967
ab34c4d8577b63e1d9dc8d9134f3b10f,Trịnh Phong Đáng,10.8670888,106.7575192,10.8663263,106.7546708,50.0,0.0,0.0,1.0,1350.0,,A,2,0.0,Rất đông / kẹt xe,0.4381703670716967
5d8a3e5f7b17ba513395f8a6a4150cc2,Âu Dương Lân,10.7482816,106.6817654,10.7479796,106.6819277,50.0,0.0,0.0,1.0,1800.0,,A,2,0.0,Rất đông / kẹt xe,0.45552053392246794
bbf4640b7a0850b3737a3ac90ebed255,Đường Hương Lộ 8,10.6828162,106.5444885,10.6844568,106.550446,50.0,34.0,45.0,0.7555555555555555,1600.0,0.0529411764705882,E,4,11.0,Thông thoáng,0.42494196514291366
bde5e3eeb8c0ebdd1c755c6e91bec505,Bờ Bao Tân Thắng,10.8073924,106.6216983,10.8012197,106.6186403,50.0,0.0,0.0,1.0,900.0,,A,2,0.0,Rất đông / kẹt xe,0.4208202002209255
20ca31c84c747b68760945e40693c888,Đường 3 Tháng 2,10.7711007,106.6734728,10.7674299,106.6665142,50.0,20.5,31.5,0.6507936507936508,988.57,0.0878048780487804,C,0,11.0,Trung bình,0.3459452880685456
d6b8f09cbdb2633014691a86e7ad5c65,Đường Số 48,10.758507,106.6987348,10.7557367,106.7008649,50.0,20.0,34.0,0.5882352941176471,2202.35,0.09,C,0,14.0,Trung bình,0.3886805697069035
eed11b04b9aca3ebf2eb6d2d785f30b5,Đường Mai Xuân Thưởng,10.7512719,106.6476989,10.7512316,106.6476921,50.0,17.0,24.0,0.7083333333333334,885.0,0.1058823529411764,B,0,7.0,Đông,0.3336827215409536
de3f61bf66722bfe12fa74c4e6f9ad41,Đường Thiên Phước,10.778088,106.6555539,10.7756928,106.6532873,50.0,16.0,31.0,0.5161290322580645,1230.97,0.1124999999999999,B,0,15.0,Đông,0.3227589948062379
6a5ac31dbca60ac6d9564f5301e8e7cc,Đường Sư Vạn Hạnh,10.7774435,106.6659013,10.7742735,106.6682193,50.0,15.0,30.0,0.5,1260.0,0.12,B,0,15.0,Đông,0.315345494991865
5393a9c02c36bc62daade632ac5e6ab9,Nguyễn Xí,10.8226293,106.7033547,10.8230448,106.7031447,50.0,0.0,0.0,1.0,900.0,,A,2,0.0,Rất đông / kẹt xe,0.4208202002209255
9b8f748464a27e77deaba78654baa271,Phạm Ngũ Lão,10.7690424,106.6941176,10.7667354,106.6883701,50.0,0.0,0.0,1.0,1350.0,,A,2,0.0,Rất đông / kẹt xe,0.4381703670716967
d9f08bb369d8a76c946053c9dc973675,Võ Chí Công,10.7568077,106.7614378,10.7917842,106.7927383,50.0,0.0,0.0,1.0,1800.0,,A,2,0.0,Rất đông / kẹt xe,0.45552053392246794
44e91f11a43e9dfdbe7c1eb4c0c12b82,Hẻm 206 Lý Thường Kiệt,10.7571594,106.6618976,10.765485,106.6595662,50.0,22.0,35.0,0.6285714285714286,1028.57,0.0818181818181818,C,0,13.0,Trung bình,0.35508609143019115
c36201641100ff3a417f187e09ee0416,Đường D2,10.8291371,106.8033886,10.8294096,106.8037053,55.0,34.0,41.0,0.8292682926829268,1000.98,0.0529411764705882,E,4,7.0,Thông thoáng,0.4021329325009482
0061b758a42f099e6d194fe2d6e75c78,Đường Số 12,10.8649833,106.728414,10.8648292,106.7285029,50.0,29.0,48.0,0.6041666666666666,1072.5,0.0620689655172413,D,4,19.0,Tương đối thoáng,0.4019334631051189
19c8635315668853c94cc17a523ee97f,Đường Bình Chiểu,10.8878174,106.7287564,10.8878003,106.728711,50.0,22.0,37.0,0.5945945945945946,2179.46,0.0818181818181818,C,4,15.0,Trung bình,0.40083971899896337
3dc3aeb6ac2cd4c7167f26a1d7f12ea3,Đường Quốc Lộ 1A,10.8753473,106.7511683,10.8754506,106.7515008,50.0,29.0,48.0,0.6041666666666666,1608.75,0.0620689655172413,D,4,19.0,Tương đối thoáng,0.42260907860228797
5dc12115410d75d380e733bc87568957,Cao tốc TP. Hồ Chí Minh - Long Thành - Dầu Giây,10.790253,106.8268185,10.7918961,106.8178943,85.0,0.0,0.0,1.0,1350.0,,A,2,0.0,Rất đông / kẹt xe,0.4381703670716967
b12a1264b6847d3f14c9a26861dae40f,Hẻm 504 Kinh Dương Vương,10.7379148,106.6147828,10.7377688,106.6146944,50.0,0.0,0.0,1.0,900.0,,A,2,0.0,Rất đông / kẹt xe,0.4208202002209255
873b5877bb08b0428264550a58850c85,Đường Chu Văn An,10.8113215,106.6960454,10.811203,106.7048425,50.0,18.0,31.5,0.5714285714285714,1131.43,0.1,B,0,13.5,Đông,0.3336602489438896
7fafdc57528daa49e98ef4e9841cfc29,Lê Quý Đôn,10.8839415,106.8020366,10.8805839,106.7847868,40.0,36.0,51.5,0.6990291262135923,1803.5,0.05,E,4,15.5,Thông thoáng,0.44643217869376683
9a4282192c936b70eb0b0847abd98669,Nguyễn Cư Trinh,10.7646953,106.6921459,10.7639667,106.6902673,50.0,0.0,0.0,1.0,1350.0,,A,2,0.0,Rất đông / kẹt xe,0.4381703670716967
8fd77284e48fb199ce2e9b333fed3361,Đường Lê Văn Chí,10.8660484,106.7816929,10.8504219,106.7739597,50.0,38.0,46.5,0.8172043010752689,689.03,0.0473684210526315,E,4,8.5,Thông thoáng,0.3982392995915177
0af145baf979acec1b8de72fdfafd6d4,Đường Nguyễn Huy Tự,10.7926663,106.6967184,10.7926985,106.6961576,50.0,21.0,36.0,0.5833333333333334,1665.0,0.0857142857142857,C,4,15.0,Trung bình,0.3750466666629355
d1e5a78b3acce6585c46e25516d7c517,Hẻm 200C Xóm Chiếu,10.7550068,106.7100356,10.7550302,106.710014,50.0,0.0,0.0,1.0,900.0,,A,2,0.0,Rất đông / kẹt xe,0.4208202002209255
7872630f267e6a8b1cb8cefd4969f75f,Đường Phổ Quang,10.8025366,106.6658741,10.8087826,106.6687556,50.0,16.0,34.0,0.4705882352941176,2625.88,0.1124999999999999,B,0,18.0,Đông,0.3814807494228801
61c36bba58e63f03d429f5069ede8f46,Cầu Bến Cát,10.8614957,106.6652403,10.8614424,106.6653095,50.0,0.0,0.0,1.0,900.0,,A,2,0.0,Rất đông / kẹt xe,0.4208202002209255
d925d332c329172d9673b1ef681cb8ac,Đường Nguyễn Văn Linh,10.7208632,106.6572305,10.7341285,106.7221401,50.0,0.0,0.0,1.0,1350.0,,A,2,0.0,Rất đông / kẹt xe,0.4381703670716967
5e821e35fcda063be2bb55ed0cd66a70,Đường Liên Ấp 6-2,10.8195165,106.5507126,10.8195126,106.5508201,50.0,0.0,0.0,1.0,900.0,,A,2,0.0,Rất đông / kẹt xe,0.4208202002209255
db8992c620d36987239bba1962cdfc4d,Phường 13,10.8345705,106.7008658,10.8592742,106.6514144,50.0,0.0,0.0,1.0,1350.0,,A,2,0.0,Rất đông / kẹt xe,0.4381703670716967
deb41e409d227136251629f2882ac34f,Đường Mai Chí Thọ,10.7784791,106.7322207,10.8012401,106.7529968,65.0,32.0,37.0,0.8648648648648649,1206.49,0.0562499999999999,E,4,5.0,Thông thoáng,0.40953345717315365
2b4070260e2726ad3905ed6b34017434,Hẻm 10 Xa Lộ Hà Nội,10.8488622,106.7742039,10.855961,106.7849851,50.0,39.0,49.0,0.7959183673469388,1454.69,0.0461538461538461,E,4,10.0,Thông thoáng,0.43101521359615774
a960c9c163a0e85f4a7ae26917c861a5,Đường Cao Triều Phát,10.7336611,106.7115662,10.7320511,106.7122498,50.0,30.0,34.0,0.8823529411764706,1715.29,0.06,D,4,4.0,Tương đối thoáng,0.42872504963792013
bfa0cc6491ea7a10d4e693c672c4a592,Đường Trần Phú,10.7529727,106.668592,10.7626244,106.6790625,50.0,19.0,28.5,0.6666666666666666,2880.0,0.0947368421052631,B,0,9.5,Đông,0.41275233221378116
e91d050d81a15c1854aafa980d24fda9,Hàn Hải Nguyên,10.7579867,106.6492826,10.7582635,106.6457587,50.0,0.0,0.0,1.0,1350.0,,A,2,0.0,Rất đông / kẹt xe,0.4381703670716967
3283a06ce034f65eda092dffccc06d7b,Đường Trương Định,10.7712056,106.6966242,10.7807024,106.6863035,50.0,17.0,31.5,0.5396825396825397,1188.57,0.1058823529411764,B,0,14.5,Đông,0.32874607907032194
931e092078f2614a71934d3a4ec00d60,Cầu Sài Gòn 2,10.7983208,106.7250464,10.7988988,106.728642,60.0,0.0,0.0,1.0,900.0,,A,2,0.0,Rất đông / kẹt xe,0.4208202002209255
e75804c942982977f006580ba5986f84,Đường Lê Duẩn,10.780376,106.6984933,10.7803753,106.6984806,50.0,12.0,24.0,0.5,3780.0,0.15,B,0,12.0,Đông,0.38347417129166766
86eb4d8d56efd88ec1eae6d1a69b2f73,Hẻm 25 Thủ Khoa Huân,10.7841856,106.6517538,10.7836106,106.6540868,50.0,17.0,31.0,0.5483870967741935,1172.9,0.1058823529411764,B,0,14.0,Đông,0.3279081895208816
d2a5c936235345a42aaa6cba59014b74,Đường Dương Bá Trạc,10.7413597,106.6885411,10.7415302,106.6884693,50.0,18.0,33.0,0.5454545454545454,1767.27,0.1,B,0,15.0,Đông,0.3589506805649587
9d4dfa0bc2b0894f70651b92575ada16,Đường Quốc Lộ 22,10.86564,106.6000503,10.8704157,106.5966668,50.0,38.0,45.0,0.8444444444444444,1920.0,0.0473684210526315,E,4,7.0,Thông thoáng,0.4455952737565087
aedfcc521095d7d7ff4a56ad4969f6c6,Đường Trường Chinh,10.8373896,106.6187325,10.7959135,106.647854,50.0,21.0,35.0,0.6,1080.0,0.0857142857142857,C,4,14.0,Trung bình,0.3516312347031694
aef549c188f0d96af305bf3dd1f54ee4,Đồng Đen,10.7969579,106.6458983,10.7889094,106.6428981,50.0,0.0,0.0,1.0,900.0,,A,2,0.0,Rất đông / kẹt xe,0.4208202002209255
608546c09584d04780051ef25b4d4be4,Đại lộ ĐHQG TPHCM,10.8738915,106.8076326,10.8749777,106.8056563,50.0,0.0,0.0,1.0,900.0,,A,2,0.0,Rất đông / kẹt xe,0.4208202002209255
40d06e6195c86f447f9dba3952adacfa,Lý Thái Tổ,10.7333357,106.8200297,10.7677321,106.6723696,50.0,0.0,0.0,1.0,1800.0,,A,2,0.0,Rất đông / kẹt xe,0.45552053392246794
ffa8f888d5cc6bbe632951ae521c8a80,Đường Ấp Bắc,10.7997419,106.6413422,10.8000771,106.6415662,50.0,20.0,34.0,0.5882352941176471,1101.18,0.09,C,0,14.0,Trung bình,0.3462239403045396
5a7e5839041549c6fb45086cda5cf4ee,Ðiện Biên Phủ,10.7780742,106.685171,10.7903743,106.697507,55.0,0.0,0.0,1.0,3150.0,,A,2,0.0,Rất đông / kẹt xe,0.5075710344747816
a753b1bdb2fdfddde889ea1af3400b15,Hà Huy Giáp,10.8706967,106.6769479,10.8846445,106.6812882,50.0,0.0,0.0,1.0,1350.0,,A,2,0.0,Rất đông / kẹt xe,0.4381703670716967
220b4b77862c3de70562cc820ae0c922,Đường Cao Tốc Thành phố Hồ Chí Minh-Long Thành-Dầu Giây,10.7862476,106.8630211,10.7859557,106.8547623,100.0,59.5,75.0,0.7933333333333333,1464.0,0.0302521008403361,E,4,15.5,Thông thoáng,0.48323240934055867
db2114bc8fa4cf03dafb98634cd4dc80,Phan Văn Hớn,10.8274348,106.6249037,10.8389566,106.6008101,50.0,0.0,0.0,1.0,1350.0,,A,2,0.0,Rất đông / kẹt xe,0.4381703670716967
6b584a04b44c9d951cfa8ccf3c5c490c,Đường Bình Chiểu,10.8708511,106.7329016,10.8717994,106.73325,50.0,17.0,31.5,0.5396825396825397,1782.86,0.1058823529411764,B,4,14.5,Đông,0.3516594805319771
cd895fd509f55daf8729076c41d8fa39,Đường Nguyễn Tất Thành,10.7523982,106.7241939,10.7522526,106.7242338,50.0,18.5,35.0,0.5285714285714286,1812.86,0.0972972972972973,B,0,16.5,Đông,0.3662928608309891
9364df0a65839c6b289e2c4469d3d22c,Đường Nguyễn Thị Nghĩa,10.7701435,106.6940986,10.7693254,106.6945589,50.0,18.0,29.5,0.6101694915254238,1592.54,0.1,B,0,11.5,Đông,0.3525791298649006
32828727293ddce09fe8e662a3796bae,Lê Khôi,10.7821969,106.6288442,10.779782,106.6280309,50.0,0.0,0.0,1.0,900.0,,A,2,0.0,Rất đông / kẹt xe,0.4208202002209255
c2fce3720560919f0edc308e66c79f50,Phó Cơ Điều,10.7620243,106.6570028,10.7575292,106.657093,50.0,0.0,0.0,1.0,1800.0,,A,2,0.0,Rất đông / kẹt xe,0.45552053392246794
fa6e13c419fb1b5e85f6b85ae022fc35,Hàm Nghi,10.7711901,106.6991751,10.770794,106.7059931,50.0,0.0,0.0,1.0,1800.0,,A,2,0.0,Rất đông / kẹt xe,0.45552053392246794
4ff1c86146a8f15a787642fe50ee30d5,Đường Xa Lộ Hà Nội,10.8006952,106.7363742,10.8336803,106.7646754,55.0,35.5,49.5,0.7171717171717171,1303.64,0.0507042253521126,E,4,14.0,Thông thoáng,0.4222415001853897
75fd17e13077257ddb3018f84c76eac6,Đường Điện Biên Phủ,10.8003961,106.7165178,10.8006159,106.716054,60.0,31.0,50.0,0.62,4176.0,0.0580645161290322,D,4,19.0,Tương đối thoáng,0.5299681245719593
bb49d8c4f19075ee7fbca8ce4bac2c78,Đường Hòa Bình,10.8668839,106.597713,10.8668923,106.5977254,50.0,39.0,48.0,0.8125,697.5,0.0461538461538461,E,4,9.0,Thông thoáng,0.4009158509445301
02801c1189be755f389cb2ec3b613531,Đường Cách Mạng Tháng 8,10.8690532,106.7145929,10.8882744,106.7005934,50.0,29.5,45.0,0.6555555555555556,1960.0,0.0610169491525423,D,4,15.5,Tương đối thoáng,0.4294672599138532
5c0ee164d2f247a7660b2fa34ac8345b,Hẻm 101 Thành Thái,10.7782236,106.6617292,10.7739209,106.6645769,50.0,20.0,31.5,0.6349206349206349,3051.43,0.09,C,0,11.5,Trung bình,0.4219221385158847
2f743d00a75280e86e3a2fd3248fae97,Bạch Đằng,10.8033698,106.7048266,10.8139316,106.6656805,40.0,0.0,0.0,1.0,1350.0,,A,2,0.0,Rất đông / kẹt xe,0.4381703670716967
a73b5a0ee699dad4a7c0d16339012da2,Đường dẫn Sảnh Đến Quốc tế,10.8153763,106.6636437,10.8152546,106.6633414,50.0,0.0,0.0,1.0,900.0,,A,2,0.0,Rất đông / kẹt xe,0.4208202002209255
f3bad4165c5bafb5cf3faa190886fe6d,Nguyễn Đức Thuận,10.8073545,106.6403983,10.8072353,106.6404336,50.0,0.0,0.0,1.0,900.0,,A,2,0.0,Rất đông / kẹt xe,0.4208202002209255
209ade582eaa3ae5786558a7a66cea25,Cầu vượt Ngã tư Thủ Đức,10.8499117,106.7747696,10.8478386,106.7730798,60.0,0.0,0.0,1.0,1800.0,,A,2,0.0,Rất đông / kẹt xe,0.45552053392246794
5950bd3636d25bc77bb4e9e9692c98e3,Đường Nguyễn Hữu Cảnh,10.7896678,106.712201,10.7888202,106.7098683,50.0,25.0,37.0,0.6756756756756757,943.78,0.072,D,4,12.0,Tương đối thoáng,0.3670591812913926
98633ad0fc5093fe3208463dd3710a09,Đường Ngô Quyền,10.7656858,106.664104,10.7613478,106.6650929,50.0,21.5,30.5,0.7049180327868853,1336.72,0.0837209302325581,C,0,9.0,Trung bình,0.36864723913464204
038f1f5aa618da4ea9f19f803614e643,Đường Số 4,10.7388679,106.6898242,10.7392345,106.6909482,50.0,19.5,34.0,0.5735294117647058,1691.47,0.0923076923076923,C,0,14.5,Trung bình,0.3660419415902664
9105769bba4279532a89697abbb61d88,Đường Mai Chí Thọ,10.7780689,106.7323124,10.7793052,106.7347388,65.0,34.0,43.0,0.7906976744186046,1473.49,0.0529411764705882,E,4,9.0,Thông thoáng,0.4193007306878799
be772df75b516422226b7cfb56573d1d,Nguyễn Chí Thanh,10.7592538,106.6655719,10.7584107,106.6615004,50.0,0.0,0.0,1.0,900.0,,A,2,0.0,Rất đông / kẹt xe,0.4208202002209255
6237c4a356ad9dae779897d9c87f4f64,Đường Cao Tốc Thành phố Hồ Chí Minh-Long Thành-Dầu Giây,10.794041,106.8052263,10.7950193,106.7995037,50.0,72.5,80.5,0.9006211180124224,538.88,0.0248275862068965,E,4,8.0,Thông thoáng,0.4317416045997077
c06a1b8efc6200d0966ed39c3cdeef25,Tôn Thất Hiệp,10.7657693,106.6544961,10.7626655,106.6522037,50.0,0.0,0.0,1.0,1350.0,,A,2,0.0,Rất đông / kẹt xe,0.4381703670716967
a179566adbd5698884012c45a0a01aee,Đường Nguyễn Đức Cảnh,10.7229109,106.7191654,10.7230616,106.8257234,50.0,42.5,47.0,0.9042553191489362,798.51,0.0423529411764705,E,4,4.5,Thông thoáng,0.409803521645651
b1bd78e9f106bd74d07a3f5fd05d2c7c,Đường Phạm Văn Đổng,10.8139646,106.6791508,10.8193249,106.6899702,50.0,0.0,0.0,1.0,1350.0,,A,2,0.0,Rất đông / kẹt xe,0.4381703670716967
c5ba02c38f7cc53873ee9f364b07a153,Đường Phạm Văn Đồng,10.8270542,106.7181851,10.8344857,106.7294684,50.0,0.0,0.0,1.0,3150.0,,A,2,0.0,Rất đông / kẹt xe,0.5075710344747816
4ea94be526554335f1d9ce80bc93b90c,Đường Số 5,10.7390636,106.6046711,10.7388319,106.6048642,50.0,52.0,52.0,1.0,360.0,0.0346153846153846,E,4,0.0,Thông thoáng,0.4
17749bd0352f4a16ca94f60978992bf4,Hẻm 341 Lạc Long Quân,10.7691266,106.6405885,10.7684973,106.6414568,50.0,19.0,31.0,0.6129032258064516,1056.77,0.0947368421052631,B,0,12.0,Đông,0.33820696450943233
c0df7ab6395377be90f3f3e34633d252,Đường Nguyễn Lương Bằng,10.713383,106.7312623,10.7135062,106.7312577,55.0,22.0,37.0,0.5945945945945946,1634.59,0.0818181818181818,C,4,15.0,Trung bình,0.37983175141678627
1a18ebf92c26b4fa90079e937e3a53c2,Đường Nguyễn Tri Phương,10.758935,106.6691456,10.756601,106.6695945,55.0,0.0,0.0,1.0,1800.0,,A,2,0.0,Rất đông / kẹt xe,0.45552053392246794
c9a118e60e71de5471b34c33ea2c1781,Trần Quốc Thảo,10.7815324,106.6881451,10.7799599,106.689846,50.0,0.0,0.0,1.0,1800.0,,A,2,0.0,Rất đông / kẹt xe,0.45552053392246794
06024a91e4cbfb9e2a00efbe60407906,Đường Lạc Long Quân,10.7790801,106.6498852,10.767159,106.6426234,50.0,19.5,31.5,0.6190476190476191,1045.71,0.0923076923076923,C,0,12.0,Trung bình,0.34103111819497783
28d72ad2e9fb97295518c87dc1092a1a,Đường Hải Thượng Lãn Ông,10.7507925,106.6590186,10.8515609,106.6439339,50.0,26.0,42.0,0.6190476190476191,2091.43,0.0692307692307692,D,0,16.0,Tương đối thoáng,0.42005949890141814
d1a299017f3767c5c0ce6f5ededa0f9d,Đường Nguyễn Trọng Tuyển,10.7980849,106.6699079,10.7984011,106.6665835,50.0,16.0,32.5,0.4923076923076923,1273.85,0.1124999999999999,B,0,16.5,Đông,0.3263261446956749
c8fcbffac85a53be69921d344e0b43c9,Đường Ngô Gia Tự,10.7565017,106.6664916,10.7585909,106.6679699,50.0,26.5,38.5,0.6883116883116883,921.04,0.0679245283018867,D,0,12.0,Tương đối thoáng,0.37286727782429513
6dda8b1342ad7f1c3ee3790e2f3cadc2,Đường số 15,10.7451997,106.7025956,10.7452314,106.702546,50.0,0.0,0.0,1.0,900.0,,A,2,0.0,Rất đông / kẹt xe,0.4208202002209255
b054d86623fc5578e63fc284ad3db287,Đường Núi Thành,10.8009799,106.643124,10.8007478,106.6429183,50.0,24.0,39.0,0.6153846153846154,1052.31,0.075,D,0,15.0,Tương đối thoáng,0.3683799982741679
3b8503c98906d29b3dc213c8b61b3094,Nguyễn Tri Phương,10.7614123,106.6684746,10.7666599,106.6674092,50.0,0.0,0.0,1.0,1350.0,,A,2,0.0,Rất đông / kẹt xe,0.4381703670716967
27d44fb2b3217cd2af1197a6840ae28f,Bạch Đằng,10.8029724,106.7101437,10.8033698,106.7048266,50.0,0.0,0.0,1.0,2700.0,,A,2,0.0,Rất đông / kẹt xe,0.49022086762401035
affae36eff23201dda569057e2294a40,Đường Lê Đức Thọ,10.8428373,106.6753185,10.8625349,106.6496727,50.0,23.5,34.5,0.6811594202898551,1400.87,0.076595744680851,D,4,11.0,Tương đối thoáng,0.37790636810092904
9a4098e379a9b102af2e32a4d82c34cb,Đường Trịnh Đình Trọng,10.7751926,106.6464389,10.7752249,106.6474762,50.0,18.0,31.0,0.5806451612903226,1672.26,0.1,B,0,13.0,Đông,0.3545496142524706
c00e8a42b8162fb5644d5427c2cae0c5,Vòng xoay Lê Đại Hành,10.7690082,106.6524868,10.7690082,106.6524868,50.0,0.0,0.0,1.0,1800.0,,A,2,0.0,Rất đông / kẹt xe,0.45552053392246794
cec90236b5428cc561e75a4e2a5ae632,Đường Đê Bao,10.83809,106.6900349,10.852303,106.6820873,50.0,21.0,33.5,0.6268656716417911,1031.64,0.0857142857142857,C,4,12.5,Trung bình,0.34946334800642503
0e3f9a7458675955792ad89d4d670e37,Đinh Bộ Lĩnh,10.8180917,106.7127697,10.8029327,106.7093756,50.0,0.0,0.0,1.0,3150.0,,A,2,0.0,Rất đông / kẹt xe,0.5075710344747816
30552af3a2fe8d6f783d9772e098f6ee,Võ Văn Kiệt,10.7186024,106.6036625,10.7581329,106.6915488,50.0,0.0,0.0,1.0,900.0,,A,2,0.0,Rất đông / kẹt xe,0.4208202002209255
df592d3ec1fe413b574dd7e7172ce17e,Đường Quốc Lộ 22,10.8598764,106.6039116,10.8590069,106.6045252,50.0,41.0,48.0,0.8541666666666666,622.5,0.0439024390243902,E,4,7.0,Thông thoáng,0.4007123285124123
b562b9ecd5bab3e0952cb15cc47e6a33,Đường Bà Hom,10.7546911,106.6313514,10.754722,106.6311219,50.0,23.0,35.0,0.6571428571428571,977.14,0.0782608695652174,C,0,12.0,Trung bình,0.3585409481572129
40ee8f79ed99e5258c294b0ede150772,Liên Xã,10.8884699,106.5839509,10.8885006,106.5840148,50.0,0.0,0.0,1.0,900.0,,A,2,0.0,Rất đông / kẹt xe,0.4208202002209255
47d57b8fa5d938cb21fb54105483948a,Đường Lê Văn Tách,10.8761169,106.7542735,10.8783778,106.7609261,50.0,23.5,41.5,0.5662650602409639,1140.72,0.076595744680851,D,4,18.0,Tương đối thoáng,0.374835156613195
2ee54e5ee76e59ff3f929020cdb1aca7,Ông Ích Khiêm,10.7665422,106.6430415,10.7665527,106.6429996,50.0,0.0,0.0,1.0,1800.0,,A,2,0.0,Rất đông / kẹt xe,0.45552053392246794
56540f655ecaf0cd3e212d5b48709ef6,Nguyễn Văn Cừ,10.7643811,106.6819889,10.7622438,106.683007,45.0,0.0,0.0,1.0,1800.0,,A,2,0.0,Rất đông / kẹt xe,0.45552053392246794
40077c6e55abef8381d592f810bc7d01,Đường Trần Văn Giàu,10.7496063,106.5941698,10.7496222,106.594239,50.0,52.0,52.0,1.0,720.0,0.0346153846153846,E,4,0.0,Thông thoáng,0.413880133480617
18fcbaee075713c5fc7d919b31f78ea7,Đường Pasteur,10.7778266,106.6988251,10.7743326,106.7010371,60.0,11.0,24.0,0.4583333333333333,4005.0,0.1636363636363636,B,0,13.0,Đông,0.3797836633192039
cbfe1ea941e24a51f694bcf52f0dd868,Đường Nguyễn Cao-Bắc,10.7290654,106.7123109,10.7287779,106.6949806,65.0,36.0,44.0,0.8181818181818182,1030.91,0.05,E,4,8.0,Thông thoáng,0.40709922809169874
d6b4558d6ca9da6200cea9f228821936,Đường Số 7,10.8253843,106.6005932,10.8252537,106.600561,50.0,35.0,47.0,0.7446808510638298,819.57,0.0514285714285714,E,4,12.0,Thông thoáng,0.39877611343504954
c10432c21f3605f30d3cd810f31923c3,Nguyễn Chí Thanh,10.7601722,106.6704457,10.760806,106.6731253,50.0,0.0,0.0,1.0,1350.0,,A,2,0.0,Rất đông / kẹt xe,0.4381703670716967
79db08d272a01029d4b4f86014285b8a,Hẻm 545 Đường 3 Tháng 2,10.7667954,106.6656006,10.7637713,106.6597513,50.0,21.5,32.5,0.6615384615384615,969.23,0.0837209302325581,C,0,11.0,Trung bình,0.3508839679440288
768246f05b046c8c9df0bb29fc350b45,Nguyễn Văn Nghi,10.8214371,106.6887972,10.8238312,106.6869947,50.0,0.0,0.0,1.0,900.0,,A,2,0.0,Rất đông / kẹt xe,0.4208202002209255
4a68f23855161f6754d4f540960a6f34,Phường An Phú,10.8094109,106.7557929,10.8097169,106.7560287,80.0,0.0,0.0,1.0,2700.0,,A,2,0.0,Rất đông / kẹt xe,0.49022086762401035
3be79d9a97f6122a70000c3736d01667,Đường Xa Lộ Hà Nội,10.8099607,106.7563406,10.815571,106.7575697,80.0,41.0,49.0,0.8367346938775511,1961.63,0.0439024390243902,E,4,8.0,Thông thoáng,0.45279906957315763
447fc8a6d3b68db5219765fc71d67198,Quốc lộ 1A,10.8599881,106.6986862,10.859221,106.7052214,50.0,0.0,0.0,1.0,1350.0,,A,2,0.0,Rất đông / kẹt xe,0.4381703670716967
975c85b47b815aa04433b78ed295926e,Đường Tam Châu,10.8636069,106.7454594,10.8635251,106.7455177,50.0,29.0,48.0,0.6041666666666666,1072.5,0.0620689655172413,D,4,19.0,Tương đối thoáng,0.4019334631051189
aae34676b0a35a0545d443405302fd8c,Đường Hồ Văn Huê,10.7993219,106.6784691,10.8014439,106.6758626,50.0,18.0,32.0,0.5625,2295.0,0.1,B,0,14.0,Đông,0.3786379755228324
d4e002216f4edc3a77b11b9984c8c1e6,Đường Số 15,10.7738467,106.7398113,10.773475,106.7397513,30.0,0.0,0.0,1.0,3600.0,,A,2,0.0,Rất đông / kẹt xe,0.5249212013255528
b27d420fb851a52c8488abd8cc1361e9,Đường Lê Văn Sỹ,10.787646,106.6782642,10.7835849,106.6784817,50.0,16.5,31.5,0.5238095238095238,1825.71,0.1090909090909091,B,0,15.0,Đông,0.3497529742232578
63912295e9183a9f8c702bb66225df24,Phan Văn Trị,10.8269605,106.6885765,10.8112469,106.6954833,50.0,0.0,0.0,1.0,900.0,,A,2,0.0,Rất đông / kẹt xe,0.4208202002209255
9e33da8c42099b753cc4afcb7e2f885c,Đường Nguyễn Chí Thanh,10.7584006,106.6614527,10.7595294,106.6669516,50.0,19.0,25.5,0.7450980392156863,818.82,0.0947368421052631,B,0,6.5,Đông,0.34574209602869965
d18072f177d6608c95ab07b28340de09,Đường Lý Thường Kiệt,10.7820115,106.6549226,10.7887464,106.6529164,50.0,19.0,33.0,0.5757575757575758,1685.45,0.0947368421052631,B,0,14.0,Đông,0.36214989586479607
32b80d1aeaf4553bffede0224626add8,Đường Xa Lộ Hà Nội,10.8159526,106.7573234,10.8100275,106.756146,65.0,48.0,48.0,1.0,720.0,0.0375,E,4,0.0,Thông thoáng,0.413880133480617
45a5f0ce435f0ecbc44a6cbfaf5a3440,Tam Bình,10.8609748,106.7421212,10.8625757,106.743489,50.0,0.0,0.0,1.0,900.0,,A,2,0.0,Rất đông / kẹt xe,0.4208202002209255
2bd1322ecec53c33e8d6948c00a477a7,Đường Bình Đức,10.7232019,106.6337729,10.7231437,106.6337903,50.0,35.0,43.0,0.813953488372093,1042.33,0.0514285714285714,E,4,8.0,Thông thoáng,0.40530261390336453
ba81ae121da65d6eefde7171c47aedfa,Nguyễn Kim,10.7605205,106.6623843,10.7556227,106.6633772,55.0,0.0,0.0,1.0,2250.0,,A,2,0.0,Rất đông / kẹt xe,0.4728707007732391
c18197709096f5642adb864a182087af,Hẻm 221 Đường Lê Văn Sỹ,10.785862,106.6815175,10.7861078,106.6810825,50.0,11.0,28.0,0.3928571428571428,2179.29,0.1636363636363636,B,0,17.0,Đông,0.3134623835723183
45afa7299dcd2a6ec8ea88afb77511a8,Xa Lộ Hà Nội,10.8453128,106.7715728,10.8329768,106.7645442,55.0,0.0,0.0,1.0,1350.0,,A,2,0.0,Rất đông / kẹt xe,0.4381703670716967
daaeaeb9ed3c25549d5261ad2fe56800,Đường Nguyễn Văn Lượng,10.8384914,106.6799748,10.8386842,106.6659911,50.0,23.0,36.0,0.6388888888888888,1515.0,0.0782608695652174,C,4,13.0,Trung bình,0.37929912000658517
71e4041441c7481d02f90f397e354f3c,Đường Quang Trung,10.8266931,106.6794606,10.8299958,106.6706701,50.0,22.0,36.0,0.6111111111111112,2120.0,0.0818181818181818,C,4,14.0,Trung bình,0.3976075342923353
48ed2cb8bdec7fb5383149c4381dac31,Cầu Bình Phước 2,10.8607907,106.7150626,10.8612059,106.7155477,50.0,0.0,0.0,1.0,1800.0,,A,2,0.0,Rất đông / kẹt xe,0.45552053392246794
c7d7260e52bed314656b87bc6a0c6cb2,Đường Hưng Phú,10.7461296,106.6682445,10.7462542,106.6689261,50.0,24.0,34.0,0.7058823529411765,1334.12,0.075,D,0,10.0,Tương đối thoáng,0.3787345695497314
b2bc3f105c6d87dd7bd7128796f40ec8,Đường Hà Huy Giáp,10.8587824,106.6796891,10.8587301,106.6795635,50.0,23.0,28.0,0.8214285714285714,1362.86,0.0782608695652174,C,4,5.0,Trung bình,0.39258324697560965
71d8ab4cb8c71743cfeafd484b7783ec,Đường số 1,10.7443078,106.6957432,10.8671265,106.7881544,50.0,0.0,0.0,1.0,1800.0,,A,2,0.0,Rất đông / kẹt xe,0.45552053392246794
1e522c733dccbfbb0adb05bea6ebdab2,Cầu Thủ Thiêm,10.7890182,106.716779,10.7891973,106.7150911,55.0,33.0,40.0,0.825,1687.5,0.0545454545454545,E,4,7.0,Thông thoáng,0.4263442825323557
0c5789508b78f3391791b84ee047f28d,Vườn Chuối,10.7722208,106.6838351,10.7720296,106.6840093,50.0,0.0,0.0,1.0,900.0,,A,2,0.0,Rất đông / kẹt xe,0.4208202002209255
1546bffddbe259fb943c0c70473a4f91,Nguyễn Hữu Trí,10.6854735,106.5540502,10.6963436,106.5939709,50.0,0.0,0.0,1.0,900.0,,A,2,0.0,Rất đông / kẹt xe,0.4208202002209255
ce594929665cfa4da77b08cbace9a6ae,Đường Ni Sư Huỳnh Liên,10.782654,106.6494573,10.7821504,106.6497547,30.0,18.0,31.5,0.5714285714285714,1131.43,0.1,B,0,13.5,Đông,0.3336602489438896
e2b4b00d3773011513d292061d5b72f2,Hiền Vương,10.7817224,106.6249308,10.7821668,106.6241211,50.0,0.0,0.0,1.0,900.0,,A,2,0.0,Rất đông / kẹt xe,0.4208202002209255
5691ba95d95c1aa1bbdbfc3f0d552ef6,Nguyễn Phúc Nguyên,10.7805493,106.6792239,10.7820636,106.6789157,50.0,0.0,0.0,1.0,1350.0,,A,2,0.0,Rất đông / kẹt xe,0.4381703670716967
a5225eb04a16008d727d7309ff01a126,Đường Tân Thới Nhất 13,10.8339258,106.6206709,10.83315,106.6211617,50.0,29.0,38.0,0.7631578947368421,786.32,0.0620689655172413,D,4,9.0,Tương đối thoáng,0.3782368229565835
438d803e98b5e9edb01239ed9f38a441,Xa Lộ Hà Nội,10.8385833,106.7675662,10.8633078,106.7965925,50.0,0.0,0.0,1.0,2700.0,,A,2,0.0,Rất đông / kẹt xe,0.49022086762401035
33659cfa335ae26ebb27ec2d943d073d,Đường Nguyễn Văn Trỗi,10.7929933,106.6800466,10.7985035,106.6707041,55.0,16.0,34.0,0.4705882352941176,3282.35,0.1124999999999999,B,0,18.0,Đông,0.4067915583840485
5bdefc18782ae7a451aba738f7cf464c,Hẻm 1358 Đường Quang Trung,10.8457909,106.6378814,10.8474862,106.6353191,50.0,23.0,36.0,0.6388888888888888,2020.0,0.0782608695652174,C,4,13.0,Trung bình,0.39876986280578397
dda3a3119514ffc33eb07addfd018b70,Đường Điện Biên Phủ,10.7778272,106.6849154,10.7759864,106.6869946,55.0,22.5,33.5,0.6716417910447762,2377.61,0.08,C,0,11.0,Trung bình,0.41053035069847804
98439f98391e313ef8c24e496830334f,Đường Điện Biên Phủ,10.7989146,106.7192459,10.7981813,106.7199137,50.0,29.0,43.5,0.6666666666666666,1920.0,0.0620689655172413,D,4,14.5,Tương đối thoáng,0.42412573970632944
57cac10e5743ef4902afad6f54b8eeb3,Đường Raymondienne,10.7266492,106.7230082,10.7267196,106.7231231,50.0,32.0,42.0,0.7619047619047619,3154.29,0.0562499999999999,E,4,10.0,Thông thoáng,0.47855057150321356
b68ce6b2e73ca7d6d966cdc718ffa5de,Đường tỉnh 743,10.8873863,106.7382056,10.8874344,106.7383228,50.0,0.0,0.0,1.0,2250.0,,A,2,0.0,Rất đông / kẹt xe,0.4728707007732391
115016d4642e2c221204dff826979d47,Đường Hồ Văn Huê,10.8045481,106.677625,10.8054457,106.6781072,50.0,15.0,31.0,0.4838709677419355,2578.06,0.12,B,0,16.0,Đông,0.36730916025599664
bc8b674fa2656d9856cee71aa75df426,Đường Tô Hiệu,10.7639371,106.6269195,10.7639255,106.6269466,50.0,23.0,35.0,0.6571428571428571,977.14,0.0782608695652174,C,0,12.0,Trung bình,0.3585409481572129
1379ec4a4dc70a809d7df14442eca710,Hẻm 1129 Lạc Long Quân,10.7897093,106.6518377,10.7896403,106.6520158,50.0,19.0,31.0,0.6129032258064516,1056.77,0.0947368421052631,B,0,12.0,Đông,0.33820696450943233
abfcf67d913fad9e43c3bf2068eb5422,Lý Thái Tổ,10.7376092,106.8141974,10.7670409,106.6763647,50.0,0.0,0.0,1.0,900.0,,A,2,0.0,Rất đông / kẹt xe,0.4208202002209255
2750d3a201062d7deb2e154049891644,Xa Lộ Hà Nội,10.8084947,106.7555087,10.8458797,106.7715847,65.0,0.0,0.0,1.0,1800.0,,A,2,0.0,Rất đông / kẹt xe,0.45552053392246794
083c1d1e1f533af54f36d1372bbcd36c,Vĩnh Phú,10.8838911,106.7070109,10.8701485,106.7005955,50.0,0.0,0.0,1.0,900.0,,A,2,0.0,Rất đông / kẹt xe,0.4208202002209255
e65669193ce60571f14327c3428ec1bd,Đường Kha Vạn Cân,10.838735,106.7363075,10.8200201,106.6917234,65.0,32.0,43.5,0.735632183908046,2089.66,0.0562499999999999,E,4,11.5,Thông thoáng,0.4381198634186116
0286d59f234561443404a3cb43f94964,Đường Nguyễn Văn Nghi,10.8263771,106.6800231,10.8265667,106.6798028,50.0,16.5,21.5,0.7674418604651163,1167.91,0.1090909090909091,B,0,5.0,Đông,0.35650605753011916
2338962aaed3e0409092492e98263046,Cầu Tham Lương,10.8249297,106.6275189,10.8251111,106.6277019,80.0,0.0,0.0,1.0,2700.0,,A,2,0.0,Rất đông / kẹt xe,0.49022086762401035
11dc2d922327b66d741c39753e9aa472,Quốc lộ 1A,10.8747377,106.7487214,10.8609657,106.6858709,50.0,0.0,0.0,1.0,1800.0,,A,2,0.0,Rất đông / kẹt xe,0.45552053392246794
1a19e3c1482ed6ff74d99c361f5ff8e9,Đường Châu Văn Liêm,10.7545372,106.6583269,10.7541599,106.6583935,50.0,17.0,29.0,0.5862068965517241,2209.66,0.1058823529411764,B,0,12.0,Đông,0.3685344870741825
3ff2b88cd61445ae362d9d551f4378d6,Đường Ngô Chí Quốc,10.8740594,106.730453,10.8738081,106.7302504,50.0,22.0,38.0,0.5789473684210527,1117.89,0.0818181818181818,C,4,16.0,Trung bình,0.3613094362392709
f2b31c6d6e96c3002347c66bcbbbeb0e,Đường Số 14,10.8671944,106.7747087,10.8675871,106.7749133,50.0,34.0,44.0,0.7727272727272727,769.09,0.0529411764705882,E,4,10.0,Thông thoáng,0.3923124333472196
83eff32d809455af93e472143bd22c95,Phường 7,10.7646858,106.6615305,10.7646858,106.6615305,50.0,0.0,0.0,1.0,900.0,,A,2,0.0,Rất đông / kẹt xe,0.4208202002209255
42207b521df1859c147c0601fb423ed8,Công Trường Công Xã Paris,10.7791557,106.7000845,10.7792456,106.6999777,50.0,12.5,23.5,0.5319148936170213,1202.55,0.144,B,0,11.0,Đông,0.2913047878406633
e36dfdc71f03ab92e089d1ea6e7673de,Đường Trần Phú,10.7574828,106.6741653,10.7566055,106.6696815,50.0,19.0,29.5,0.6440677966101694,1501.02,0.0947368421052631,B,0,10.5,Đông,0.3573063690154213
b2c16b0585d24925d45b474129c80584,Đường số 1A,10.7356907,106.6934274,10.7357575,106.6934288,50.0,0.0,0.0,1.0,1350.0,,A,2,0.0,Rất đông / kẹt xe,0.4381703670716967
cb1f961c35164d938749deb44823ed5f,Cầu vượt Ngã tư Hàng Xanh,10.8012395,106.7098827,10.8010524,106.7094146,50.0,0.0,0.0,1.0,3150.0,,A,2,0.0,Rất đông / kẹt xe,0.5075710344747816
9fe2681384cc7911bbe192c9dbe7a28b,Phạm Văn Bạch,10.8138819,106.6330654,10.8374497,106.6464179,65.0,0.0,0.0,1.0,1800.0,,A,2,0.0,Rất đông / kẹt xe,0.45552053392246794
94aadac0163a4195d344b2ff0cf5d166,Đường Phan Đình Giót,10.8001795,106.6677637,10.8046866,106.6644615,50.0,17.0,34.0,0.5,3780.0,0.1058823529411764,B,0,17.0,Đông,0.4318612680658612
386ac6318097163e888241a001ada6e8,Đường Sư Vạn Hạnh,10.7589142,106.6735498,10.7633633,106.6725291,50.0,24.0,35.5,0.676056338028169,943.1,0.075,D,0,11.5,Tương đối thoáng,0.36239563624796506
71bd2c75bf9049e44b14c5bd0dca7e4f,Đường Sư Vạn Hạnh,10.7740549,106.6683653,10.77004,106.6705481,50.0,15.0,30.0,0.5,1260.0,0.12,B,0,15.0,Đông,0.315345494991865
2cfd46861fadbb0b9d44d4cf99a2ab51,Chui Nguyễn Văn Linh,10.7342194,106.7271372,10.7399509,106.7344584,50.0,28.0,37.0,0.7567567567567568,1196.76,0.0642857142857143,D,4,9.0,Tương đối thoáng,0.3906753088817531
84eb11d4f026108d6c4e5416dbe7c21c,Quận 8,10.7493268,106.6881377,10.7490054,106.6882437,50.0,0.0,0.0,1.0,900.0,,A,2,0.0,Rất đông / kẹt xe,0.4208202002209255
195265c71531f3f3a57772d5aadc4f58,Đường Quốc Lộ 1A,10.8620872,106.7959178,10.8622393,106.7945633,65.0,33.0,36.5,0.9041095890410958,1864.11,0.0545454545454545,E,4,3.5,Thông thoáng,0.44113420146541976
7109a723afaddcb0fa03a82dd564180f,Lê Thánh Tôn,10.7746928,106.6995607,10.7740594,106.6990287,50.0,0.0,0.0,1.0,900.0,,A,2,0.0,Rất đông / kẹt xe,0.4208202002209255
d1af2b7b88243b91d552ea5321fc9744,Lê Hồng Phong,10.765331,106.6752404,10.761133,106.676833,50.0,0.0,0.0,1.0,1350.0,,A,2,0.0,Rất đông / kẹt xe,0.4381703670716967
9547f59c0fe7c6ddc4f7fa89b15f639b,Hẻm 86/115 Ông Ích Khiêm,10.7661735,106.6449394,10.7696411,106.6468344,50.0,17.5,31.0,0.5645161290322581,1143.87,0.1028571428571428,B,0,13.5,Đông,0.33048297965783513
6d672ad0d6335ee07b611a1f2f1304d2,Đường Quốc Lộ 1A,10.8762972,106.8030852,10.8674881,106.7842783,45.0,34.0,52.0,0.6538461538461539,1966.15,0.0529411764705882,E,4,18.0,Thông thoáng,0.45299359860164645
1653868880a3e514ebcf372bc5775689,Đường Hai Bà Trưng,10.78789,106.6919402,10.7922848,106.6864092,50.0,16.0,29.5,0.5423728813559322,1183.73,0.1124999999999999,B,0,13.5,Đông,0.3203053265624615
5f662f25fd725bdeb66d40dda83905f0,Đường Vành Đai 2,10.769328,106.7748346,10.7655125,106.770577,70.0,21.0,33.0,0.6363636363636364,1521.82,0.0857142857142857,C,4,12.0,Trung bình,0.368548712023734
69eca4cae67ba3461db78de85af8da4d,Phường Linh Trung,10.8724231,106.7673863,10.867122,106.8026394,50.0,0.0,0.0,1.0,900.0,,A,2,0.0,Rất đông / kẹt xe,0.4208202002209255
cfc1d8a13eb70ffc6d5cf19f6e2839df,Tô Hiến Thành,10.7797849,106.6679193,10.7825973,106.6716762,50.0,0.0,0.0,1.0,900.0,,A,2,0.0,Rất đông / kẹt xe,0.4208202002209255
5d212d7c449189e142f8a351a928feed,Nguyễn Trãi,10.7548304,106.6708395,10.7562318,106.6758517,50.0,0.0,0.0,1.0,900.0,,A,2,0.0,Rất đông / kẹt xe,0.4208202002209255
1170d5855840fd58018af34a95589f02,Đường Lương Định Của,10.7768151,106.7226291,10.779091,106.7220698,60.0,33.0,40.0,0.825,2700.0,0.0545454545454545,E,4,7.0,Thông thoáng,0.46538215794659094
6ed666ef1d3cf472b5247544173b129b,Đường Pham Ngũ Lão,10.8251122,106.6808633,10.8262602,106.6801335,50.0,0.0,0.0,1.0,900.0,,A,2,0.0,Rất đông / kẹt xe,0.4208202002209255
2c0ec269f75728253ce3e07a5c8fb229,Bắc Hải,10.780807,106.658922,10.7833862,106.6613755,50.0,0.0,0.0,1.0,1350.0,,A,2,0.0,Rất đông / kẹt xe,0.4381703670716967
c1bc92586eafb44a409bf6c1095b5a62,Hẻm 86 Ông Ích Khiêm,10.7699913,106.647032,10.7702268,106.6471393,50.0,18.0,31.0,0.5806451612903226,1114.84,0.1,B,0,13.0,Đông,0.3330577697947886
f6d6fdc8243654b3205cca9e58cd0e26,Hẻm 655 Đường 3 Tháng 2,10.756629,106.6661917,10.7533937,106.6666573,50.0,21.5,30.5,0.7049180327868853,891.15,0.0837209302325581,C,0,9.0,Trung bình,0.35146787503753507
820c45be40784a8caf2d13c653dfbc91,Đường Tân Chánh Hiệp 8,10.8745351,106.629111,10.8750882,106.6270618,50.0,28.5,47.5,0.6,1080.0,0.0631578947368421,D,4,19.0,Tương đối thoáng,0.400018331477363
d8fd416a649dbd26f73250e13f1b7328,Đường Hòa Bình,10.7728903,106.6238934,10.7731687,106.6229767,50.0,21.0,29.0,0.7241379310344828,1284.83,0.0857142857142857,C,0,8.0,Trung bình,0.36713709893197444
a3e6271e60e93a92876b893df4668fb0,Phó Cơ Điều,10.7575292,106.657093,10.758013,106.6571078,50.0,0.0,0.0,1.0,1800.0,,A,2,0.0,Rất đông / kẹt xe,0.45552053392246794
a2ee134455a71b14e51573466977ae38,Trường Chinh,10.8332849,106.6212255,10.8136617,106.6326825,65.0,0.0,0.0,1.0,1800.0,,A,2,0.0,Rất đông / kẹt xe,0.45552053392246794
e46d360f9cb75d169efce5ca305ca559,Đường Kha Vạn Cân,10.8416342,106.7466044,10.8487665,106.7531191,50.0,29.0,45.0,0.6444444444444445,2000.0,0.0620689655172413,D,4,16.0,Tương đối thoáng,0.42997007044395763
d619daa10f574702b0448f44d5ce36da,Trần Văn Ðang,10.7822564,106.6795303,10.7830627,106.6784842,50.0,0.0,0.0,1.0,1350.0,,A,2,0.0,Rất đông / kẹt xe,0.4381703670716967
deadfcd4f8735a5140eeb5af79b4ea02,Đường Nguyễn Kim,10.7643679,106.6616043,10.7607717,106.6623333,50.0,22.0,34.0,0.6470588235294118,1492.94,0.0818181818181818,C,0,12.0,Trung bình,0.37309331588791067
cdeee4f593891197eb3578e34020930e,Đường Xa Lộ Hà Nội,10.8005193,106.7293575,10.8025976,106.7464095,55.0,24.5,35.5,0.6901408450704225,2753.24,0.073469387755102,D,4,11.0,Tương đối thoáng,0.4347997096309569
7e245d5e58ac1a12a41f9d890b876045,Đường Bình Chiểu,10.8770572,106.7319907,10.8772691,106.7319664,50.0,22.0,37.5,0.5866666666666667,1104.0,0.0818181818181818,C,4,15.5,Trung bình,0.36001894252660843
48e84d50e2b26c7045e0fc47a9527380,Lê Văn Lương,10.6893503,106.7024735,10.7410217,106.7037515,50.0,0.0,0.0,1.0,1350.0,,A,2,0.0,Rất đông / kẹt xe,0.4381703670716967
54e32883329e208e3adcde2159105a68,Đinh Tiên Hoàng,10.7918339,106.6958731,10.7858782,106.7024674,50.0,0.0,0.0,1.0,900.0,,A,2,0.0,Rất đông / kẹt xe,0.4208202002209255
9e2c177dde6701fed959959cff55fd8e,Hẻm 354 Lý Thường Kiệt,10.7748455,106.6578456,10.7762132,106.6589017,50.0,21.0,35.0,0.6,1080.0,0.0857142857142857,C,0,14.0,Trung bình,0.3516312347031694
aeecba4644144cf6e51cbee41b99a6a3,Phú Hòa,10.7849204,106.6510434,10.7854926,106.6533302,50.0,0.0,0.0,1.0,900.0,,A,2,0.0,Rất đông / kẹt xe,0.4208202002209255
f09e9c5468720a5fd76e0bf91db34785,Nguyễn Trãi,10.7710906,106.6929369,10.7532859,106.6628252,50.0,0.0,0.0,1.0,900.0,,A,2,0.0,Rất đông / kẹt xe,0.4208202002209255
308ae609e5b64de9ce478c7a11dc35c0,Cầu Nguyễn Văn Cừ,10.7527375,106.6871934,10.7541132,106.6883922,50.0,0.0,0.0,1.0,1350.0,,A,2,0.0,Rất đông / kẹt xe,0.4381703670716967
fe84f77da96da5828f4d4bc487679148,Đường 3 Tháng 2,10.7681682,106.6677962,10.7681682,106.6677962,50.0,19.0,33.0,0.5757575757575758,2247.27,0.0947368421052631,B,0,14.0,Đông,0.3838113863983522
37b6f4a32bbba0bdc623c18f9da1a428,Đường Thạnh Lộc 29,10.8776731,106.678258,10.8774274,106.6801765,50.0,28.0,47.5,0.5894736842105263,1648.42,0.0642857142857143,D,4,19.5,Tương đối thoáng,0.4212042401909443
d5b497bab56ca0e0253e044357385973,Xa Lộ Hà Nội,10.8025311,106.74573,10.817913,106.7579707,65.0,0.0,0.0,1.0,2250.0,,A,2,0.0,Rất đông / kẹt xe,0.4728707007732391
8c7601cef52f0670f5cb7a5ba1bbadac,Đường Trần Hưng Đạo,10.7680299,106.6953474,10.7644448,106.692428,50.0,15.0,25.0,0.6,2160.0,0.12,B,0,10.0,Đông,0.3545619577256655
4b0ec3a549fc39fb024a03016afa5e1d,Đường Ngô Tất Tố,10.7918618,106.7139268,10.7924353,106.7127835,50.0,26.0,37.0,0.7027027027027027,895.14,0.0692307692307692,D,4,11.0,Tương đối thoáng,0.369804570816496
56540f655ecaf0cd3e212d5b48709ef6,Nguyễn Văn Cừ,10.7622438,106.683007,10.765251,106.6818405,55.0,0.0,0.0,1.0,1800.0,,A,2,0.0,Rất đông / kẹt xe,0.45552053392246794
b9346845b0f001277213d25f2c3c0a73,Lãnh Binh Thăng,10.7622847,106.65559,10.7623992,106.6545324,50.0,0.0,0.0,1.0,900.0,,A,2,0.0,Rất đông / kẹt xe,0.4208202002209255
0cce889e4b92cd3c8337237e70ad81e9,Lê Lai,10.7700912,106.6941287,10.76857,106.6902339,50.0,0.0,0.0,1.0,1350.0,,A,2,0.0,Rất đông / kẹt xe,0.4381703670716967
d3c7e159184f07572d71181f2e57dc01,Hẻm 92 Vũ Huy Tấn,10.7958364,106.6927968,10.7973608,106.6925024,50.0,0.0,0.0,1.0,900.0,,A,2,0.0,Rất đông / kẹt xe,0.4208202002209255
6b24d4fe1eb93ff1c5e718a5f00f1eb8,Đường Quốc Lộ 22,10.8434511,106.6149314,10.8575697,106.6057733,50.0,30.0,40.0,0.75,1215.0,0.06,D,4,10.0,Tương đối thoáng,0.3974814460487234
123b363bd3d1692d5c305eebf7b6ea82,Vòng Xoay,10.7388523,106.6893329,10.738675,106.6895522,50.0,15.0,29.5,0.5084745762711864,1867.12,0.12,B,0,14.5,Đông,0.3383981835318652
efd4310b3dc2fcd73f2a9acdbcdfe582,Đường Khánh Hội,10.7571329,106.717736,10.7530896,106.7022171,50.0,11.0,39.0,0.282051282051282,1652.31,0.1636363636363636,B,0,28.0,Đông,0.34097591966659396
009679450cd5669cc80d7892fd165528,Đường Sư Vạn Hạnh,10.77004,106.6705481,10.77004,106.6705481,50.0,15.0,30.0,0.5,1260.0,0.12,B,0,15.0,Đông,0.315345494991865
954bf983171d22823fca228e1460eaa6,Đường Cộng Hòa,10.8023976,106.6423382,10.8029475,106.6424147,50.0,23.0,39.0,0.5897435897435898,1098.46,0.0782608695652174,C,0,16.0,Trung bình,0.366271843935407
f96c06c220bb6aec5f6839606772eb70,Đường Trịnh Thị Miếng,10.877165,106.6248126,10.8825854,106.6163333,50.0,25.0,41.0,0.6097560975609756,1062.44,0.072,D,4,16.0,Tương đối thoáng,0.3754703216689841
cc6058562b9c182d7aa85fc32dad136f,Tô Hiệu,10.7723432,106.6271541,10.7732289,106.6274402,50.0,0.0,0.0,1.0,1800.0,,A,2,0.0,Rất đông / kẹt xe,0.45552053392246794
b0cadec1091304c426623c131ff84b47,Công Trường Mê Linh,10.7748291,106.7065305,10.7748385,106.7065815,60.0,0.0,0.0,1.0,3600.0,,A,2,0.0,Rất đông / kẹt xe,0.5249212013255528
3c0167e8901fdb249e907289256872ee,Đường 3 Tháng 2,10.7575536,106.6482993,10.7618422,106.6562075,50.0,21.0,33.0,0.6363636363636364,2029.09,0.0857142857142857,C,0,12.0,Trung bình,0.3881069767757134
cfee41269e100ac72dee07e16c1b7ab4,Đường Trần Não,10.7916195,106.7303648,10.7992203,106.7334587,55.0,28.5,32.5,0.8769230769230769,581.54,0.0631578947368421,D,4,4.0,Tương đối thoáng,0.38213969480860377
943bb5ff6acb233381f4c26d82105def,Điện Biên Phủ,10.7957979,106.7028286,10.8012607,106.7127424,50.0,0.0,0.0,1.0,2700.0,,A,2,0.0,Rất đông / kẹt xe,0.49022086762401035
cbb3cdb1ae52a7a0119f0ed40870900c,Đường Mai Văn Ngọc,10.7915356,106.67201,10.7962369,106.6656372,50.0,16.5,32.5,0.5076923076923077,1246.15,0.1090909090909091,B,0,16.0,Đông,0.3285583936751519
08b37e00c3769c01cfc9a831308cd3a7,Đường Nguyễn Lương Bằng,10.7132819,106.7312394,10.7131905,106.7313098,55.0,22.0,37.0,0.5945945945945946,1634.59,0.0818181818181818,C,4,15.0,Trung bình,0.37983175141678627
a06236ea6f8ac6b8606e155542948516,Trương Định,10.7824606,106.6835712,10.7840477,106.6803024,55.0,0.0,0.0,1.0,1350.0,,A,2,0.0,Rất đông / kẹt xe,0.4381703670716967
13dc63167c6329f5a700eaf0def20a69,Đường Lê Đại Hành,10.7684337,106.652716,10.7623035,106.65706,50.0,0.0,0.0,1.0,1350.0,,A,2,0.0,Rất đông / kẹt xe,0.4381703670716967
d69cf294f830fb191a1cc40998045761,Lê Đức Thọ,10.8472382,106.6693689,10.8428373,106.6753185,50.0,0.0,0.0,1.0,1350.0,,A,2,0.0,Rất đông / kẹt xe,0.4381703670716967
98e7086cdf3fb34a7d50cdbb21c5ece0,Lê Hoàng Phái,10.8428373,106.6753185,10.8395688,106.6754115,50.0,0.0,0.0,1.0,1800.0,,A,2,0.0,Rất đông / kẹt xe,0.45552053392246794
cdeed7be06733b87b81c81d61e056740,Đường Hòa Hảo,10.761856,106.66843,10.761856,106.66843,50.0,25.0,35.0,0.7142857142857143,1748.57,0.072,D,0,10.0,Tương đối thoáng,0.3991597224467246
3ea305cbef3167c345c81b93932e4cf8,Đường Nguyễn Thái Sơn,10.8177209,106.6814029,10.819754,106.683148,50.0,18.0,33.0,0.5454545454545454,1178.18,0.1,B,0,15.0,Đông,0.3362377699202458
201c3bdb22316bec1938d479b7d162fe,Đường Phú Hòa,10.785806,106.6544818,10.7856285,106.6538061,50.0,19.0,33.0,0.5757575757575758,1685.45,0.0947368421052631,B,0,14.0,Đông,0.36214989586479607
e2f527445f2b3116f23d71984f1d7284,Đường Lũy Bán Bích,10.7592472,106.6339978,10.7696046,106.6317019,50.0,21.5,34.0,0.6323529411764706,2043.53,0.0837209302325581,C,0,12.5,Trung bình,0.391380646898136
3b8503c98906d29b3dc213c8b61b3094,Nguyễn Tri Phương,10.7590308,106.6690295,10.7614123,106.6684746,50.0,0.0,0.0,1.0,1350.0,,A,2,0.0,Rất đông / kẹt xe,0.4381703670716967
19e455d9feca8246edf4ce3897d247ac,Đường Nguyễn Thị Nhỏ,10.7716614,106.6527803,10.753478,106.6507502,50.0,20.0,33.5,0.5970149253731343,1628.06,0.09,C,0,13.5,Trung bình,0.36634428524259416
297a5d1464ab34331df3247aed652926,Phạm Văn Đồng,10.8163711,106.6833531,10.8384481,106.7354087,65.0,0.0,0.0,1.0,2250.0,,A,2,0.0,Rất đông / kẹt xe,0.4728707007732391
1653868880a3e514ebcf372bc5775689,Hai Bà Trưng,10.7821327,106.6989225,10.78789,106.6919402,50.0,0.0,0.0,1.0,900.0,,A,2,0.0,Rất đông / kẹt xe,0.4208202002209255
f37ae9837ea92b238ffc3e382e8e0abb,Đường Thích Quảng Đức,10.8082313,106.6785195,10.8033105,106.684482,50.0,13.5,31.0,0.4354838709677419,2064.19,0.1333333333333333,B,0,17.5,Đông,0.33641422035482615
ddaa6a2c778e550acc1ad4b09032b1ee,Đường Cách Mạng Tháng 8,10.7766471,106.6839026,10.7879441,106.662713,50.0,18.0,32.5,0.5538461538461539,1744.62,0.1,B,0,14.5,Đông,0.3576781106922563
655086087f9d305bbff5202c84368b40,Đường Nguyễn Bình,10.6764523,106.7460372,10.6764671,106.7461005,50.0,30.0,39.0,0.7692307692307693,1163.08,0.06,D,4,9.0,Tương đối thoáng,0.3959759002690405
2ab7fdd303969ed0e613a14086115516,Cầu Thủ Thiêm,10.7828466,106.7199382,10.7820242,106.7205208,55.0,31.0,39.0,0.7948717948717948,1458.46,0.0580645161290322,D,4,8.0,Tương đối thoáng,0.41125206012900994
b9346845b0f001277213d25f2c3c0a73,Đường Lãnh Binh Thăng,10.7631981,106.6504197,10.7622847,106.65559,50.0,19.0,30.5,0.6229508196721312,1038.69,0.0947368421052631,B,0,11.5,Đông,0.33798666495475094
1071730efa20526feed9f75c8a65e075,Võ Văn Vân,10.8114752,106.5789943,10.8112677,106.578982,50.0,11.0,23.0,0.4782608695652174,1299.13,0.1636363636363636,B,0,12.0,Đông,0.27632122906256723
043c55268d1b36486b49db01a7cfe9de,Đường Lê Trọng Tấn,10.8077236,106.621088,10.809165,106.6156148,50.0,20.5,40.0,0.5125,1237.5,0.0878048780487804,C,0,19.5,Trung bình,0.364639276971907
b0f230622eb457f811a1e34934e66c5a,Vĩnh Phú 14,10.8683289,106.706146,10.868702,106.7062328,50.0,0.0,0.0,1.0,900.0,,A,2,0.0,Rất đông / kẹt xe,0.4208202002209255
6237c4a356ad9dae779897d9c87f4f64,Cao tốc TP. Hồ Chí Minh - Long Thành - Dầu Giây,10.7950193,106.7995037,10.785892,106.8557067,75.0,0.0,0.0,1.0,1350.0,,A,2,0.0,Rất đông / kẹt xe,0.4381703670716967
624b12699f6b0603b67348a78d50101a,Nguyễn Ðình Chiểu,10.7803604,106.6918856,10.767872,106.6800536,50.0,0.0,0.0,1.0,1350.0,,A,2,0.0,Rất đông / kẹt xe,0.4381703670716967
cb34d856f0147d4c3d17b72014bb9ab8,Phạm Thái Bường,10.7273833,106.7086074,10.7274088,106.7097716,50.0,0.0,0.0,1.0,900.0,,A,2,0.0,Rất đông / kẹt xe,0.4208202002209255
52df55a8e22750e0d0d9e4e3f96047fc,Trần Văn Giàu,10.7482734,106.5880278,10.7535831,106.5750441,50.0,0.0,0.0,1.0,1350.0,,A,2,0.0,Rất đông / kẹt xe,0.4381703670716967
88eb8138f2cb29ffaab0665a2597ff8c,Đường Tân Thới Hiệp 22,10.867202,106.6414169,10.8676811,106.6416344,50.0,27.0,47.0,0.574468085106383,1125.96,0.0666666666666666,D,4,20.0,Tương đối thoáng,0.3979605746176792
893618cdc30588cd162a4c2b1133b71f,Đường Trần Não,10.7994405,106.7334642,10.7997398,106.7334573,55.0,26.0,32.0,0.8125,697.5,0.0692307692307692,D,4,6.0,Tương đối thoáng,0.37188359288001394
6d672ad0d6335ee07b611a1f2f1304d2,Đường Quốc Lộ 1A,10.8674881,106.7842783,10.8738915,106.8076326,50.0,33.5,52.0,0.6442307692307693,2000.77,0.053731343283582,E,4,18.5,Thông thoáng,0.45408026581354943
a6046a1a61622971d701d21428890290,Đường Vành đai ĐHQG,10.8804438,106.8104451,10.8780069,106.8088204,50.0,0.0,0.0,1.0,1800.0,,A,2,0.0,Rất đông / kẹt xe,0.45552053392246794
d274d3a32a4801162874319ff8aafd61,Đường Quách Thị Trang,10.7085686,106.8191301,10.7065115,106.8236348,50.0,37.5,47.5,0.7894736842105263,738.95,0.048,E,4,10.0,Thông thoáng,0.40000974960894453
e3ceeae18f4f59cff15ec975feec319b,Đường Phạm Văn Đồng,10.8185142,106.6869633,10.8367273,106.7316781,50.0,32.0,42.0,0.7619047619047619,788.57,0.0562499999999999,E,4,10.0,Thông thoáng,0.38733804545386585
e62c4fd68cff6b858de508e76941e900,Cầu Phú Mỹ,10.7428358,106.7400366,10.7449386,106.7441554,50.0,35.0,44.0,0.7954545454545454,1456.36,0.0514285714285714,E,4,9.0,Thông thoáng,0.42115680589522597
b886bd4f4dc50467f457ac903cb1c28d,Đường Lý Thường Kiệt,10.7778843,106.6559639,10.773825,106.6615589,50.0,0.0,0.0,1.0,1800.0,,A,2,0.0,Rất đông / kẹt xe,0.45552053392246794
5c102b63aa90f2eef5df4b938729914d,Đường Tân Phú,10.7336193,106.7236203,10.7336036,106.7238132,55.0,30.0,42.0,0.7142857142857143,1311.43,0.06,D,4,12.0,Tương đối thoáng,0.4016602235182995
5656bf2ba7f66aa64aec7a8b486ebab9,Lý Thường Kiệt,10.7738791,106.6572154,10.7820115,106.6549226,50.0,0.0,0.0,1.0,1350.0,,A,2,0.0,Rất đông / kẹt xe,0.4381703670716967
ffad333659b83792733c6f2d686ddd6f,Đường Nguyễn Tri Phương,10.7697668,106.6661869,10.7675961,106.6670725,50.0,20.5,31.5,0.6507936507936508,988.57,0.0878048780487804,C,0,11.0,Trung bình,0.3459452880685456
68b716fd84cc1f6a5e748d1076cfd25c,Cầu vượt An Sương,10.8423388,106.6149893,10.8445156,106.6172944,60.0,0.0,0.0,1.0,1800.0,,A,2,0.0,Rất đông / kẹt xe,0.45552053392246794
bd4c3686a6ec2ba64706490b0b15d107,Đường Ðiện Biên Phủ,10.790616,106.6975675,10.7905389,106.6976523,50.0,0.0,0.0,1.0,3600.0,,A,2,0.0,Rất đông / kẹt xe,0.5249212013255528
bc0842a441b2deb781ffc3bb480427fa,Đường Trần Bình Trọng,10.763637,106.678648,10.7581844,106.6702787,60.0,17.0,29.0,0.5862068965517241,3314.48,0.1058823529411764,B,0,12.0,Đông,0.41113184560766924
04edd61439bdc3ac6e47a41f3a4f9295,Đường Hoàng Văn Thụ,10.800283,106.6668173,10.7932413,106.6535674,55.0,8.5,31.0,0.2741935483870967,2499.68,0.2117647058823529,B,0,22.5,Đông,0.31626425392987645
b63a3f6fac8faca7140a180ce99caa70,Đường Thế Lữ,10.7202232,106.5386925,10.718012,106.542567,50.0,0.0,0.0,1.0,900.0,,A,2,0.0,Rất đông / kẹt xe,0.4208202002209255
c8332568dcc4b34bad9df96b5c67d114,Đường Nguyễn Trãi,10.7529881,106.6587484,10.7537895,106.6584782,50.0,17.0,29.0,0.5862068965517241,1657.24,0.1058823529411764,B,0,12.0,Đông,0.3472354222481758
dff3c8fa9b6254f0b1156cc746726d34,Phạm Văn Đồng,10.8242579,106.7074369,10.8262487,106.7157505,50.0,0.0,0.0,1.0,900.0,,A,2,0.0,Rất đông / kẹt xe,0.4208202002209255
a1c7dfc7ad7a26b91c22095da511e84c,Quốc lộ 1K,10.8757339,106.766068,10.8833914,106.7705975,50.0,0.0,0.0,1.0,1800.0,,A,2,0.0,Rất đông / kẹt xe,0.45552053392246794
713f24a96774378b930e47fb262fcac2,Đường Quốc Lộ 22,10.8575697,106.6057733,10.86564,106.6000503,50.0,39.0,46.0,0.8478260869565217,950.87,0.0461538461538461,E,4,7.0,Thông thoáng,0.4100185668415557
8d32a165786a4dfa079281c6402de396,Đường Hoàng Minh Giám,10.8146655,106.6786944,10.8120867,106.6767178,50.0,18.0,31.5,0.5714285714285714,1697.14,0.1,B,0,13.5,Đông,0.35547172203088917
edd04a4ad93a14c44c8817dc0837f268,Đường Phạm Hữu Chí,10.7552474,106.6584197,10.7552474,106.6584197,50.0,17.0,30.0,0.5666666666666667,2280.0,0.1058823529411764,B,0,13.0,Đông,0.37058651834823675
3443520d405677475207a11044f1eb6d,Ngã Sáu Nguyễn Tri Phương,10.7598992,106.6687226,10.7599392,106.6687397,50.0,0.0,0.0,1.0,1800.0,,A,2,0.0,Rất đông / kẹt xe,0.45552053392246794
404fbcb2b61bbf198bf033d75564404b,Trương Công Định,10.7983099,106.6417176,10.7937318,106.6402984,50.0,0.0,0.0,1.0,1350.0,,A,2,0.0,Rất đông / kẹt xe,0.4381703670716967
59c8b0833a017a5271d076039dcbf6cb,Calmette,10.7673072,106.6997404,10.7699124,106.6976851,50.0,0.0,0.0,1.0,1350.0,,A,2,0.0,Rất đông / kẹt xe,0.4381703670716967
a74bb3e390dc39da5adac4d4e9e96947,Nguyễn Đình Chiểu,10.8033297,106.6789788,10.8034825,106.6796467,50.0,0.0,0.0,1.0,900.0,,A,2,0.0,Rất đông / kẹt xe,0.4208202002209255
6d08264bbd0f9b27969170e3ea60e7e0,Đường Cao Tốc Thành phố Hồ Chí Minh-Long Thành-Dầu Giây,10.7964727,106.7824691,10.7949371,106.7599681,55.0,64.0,64.0,1.0,540.0,0.0281249999999999,E,4,0.0,Thông thoáng,0.4069400667403085
ea14fc6b6273dcb810b2b2df002c6e95,Đường Cách Mạng Tháng 8,10.7752936,106.6864011,10.7766471,106.6839026,50.0,17.0,31.0,0.5483870967741935,2345.81,0.1058823529411764,B,0,14.0,Đông,0.37313082107852175
c525e84af64a6c3d7880ae21ff1084dc,Minh Phụng,10.7626846,106.6446172,10.7535751,106.6430363,50.0,0.0,0.0,1.0,900.0,,A,2,0.0,Rất đông / kẹt xe,0.4208202002209255
716e267240e0107652e41f61ee700999,Trần Nhân Tôn,10.7590354,106.6755174,10.7632459,106.6746392,50.0,0.0,0.0,1.0,1800.0,,A,2,0.0,Rất đông / kẹt xe,0.45552053392246794
ab5324396a6dc13b932dac13aac14dac,Đường Hòa Hưng,10.7780404,106.6712231,10.7800043,106.676489,50.0,19.0,32.5,0.5846153846153846,1107.69,0.0947368421052631,B,0,13.5,Đông,0.3397211808095904
9cb5b70a3d744a4404b960653bede876,Hẻm 470 Tỉnh Lộ 43,10.8628859,106.7448654,10.8658949,106.7473789,50.0,29.5,44.5,0.6629213483146067,1450.11,0.0610169491525423,D,4,15.0,Tương đối thoáng,0.4088660109332128
944d4aba40f9b4698887e285fea8d66e,Hẻm 246/64 Hòa Hưng,10.7789044,106.670628,10.7785872,106.6707568,50.0,0.0,0.0,1.0,900.0,,A,2,0.0,Rất đông / kẹt xe,0.4208202002209255
268a920a92850452241197e08b870a5f,Đường Trần Hưng Đạo,10.752179,106.6632877,10.7680299,106.6953474,50.0,13.5,24.5,0.5510204081632653,2336.33,0.1333333333333333,B,0,11.0,Đông,0.345126159502697
1fa36dd030c0bc95440c70597984b5d3,Cầu Bông,10.7929272,106.6959206,10.7941308,106.6960125,50.0,0.0,0.0,1.0,1800.0,,A,2,0.0,Rất đông / kẹt xe,0.45552053392246794
5c1d8292955cd91632458652a5422b28,Đường Ung Văn Khiêm,10.8070705,106.7184953,10.8069599,106.7190173,50.0,28.5,41.5,0.6867469879518072,1847.71,0.0631578947368421,D,4,13.0,Tương đối thoáng,0.4174455404714497
bce0bcd0b07c77f83c3c0a0a490945dd,Đường Võ Thị Sáu,10.7823096,106.6864116,10.7785015,106.6826659,50.0,15.0,31.0,0.4838709677419355,2578.06,0.12,B,0,16.0,Đông,0.36730916025599664
bc7e22485900e5ebf2db94a92fdaf069,Đường Cống Quỳnh,10.7642694,106.6907611,10.7642807,106.690743,50.0,28.0,28.0,1.0,360.0,0.0642857142857143,D,4,0.0,Tương đối thoáng,0.4
012dc1c1d5e5cfb05bab3a2b4b76190c,Đường Võ Văn Kiệt,10.750294,106.6601636,10.7487665,106.6603921,50.0,20.0,31.0,0.6451612903225806,1498.06,0.09,C,0,11.0,Trung bình,0.3626094465987451
0aa1827610a95eb7d6ae3e292eab8ef7,Đường Phạm Văn Đồng,10.8292498,106.7225448,10.8292319,106.7225292,50.0,32.0,42.0,0.7619047619047619,1182.86,0.0562499999999999,E,4,10.0,Thông thoáng,0.4025402616485116
db64f28269cb08c2187871f04aa27ad4,Cầu Ðiện Biên Phủ,10.7935904,106.7005728,10.7937716,106.70102,50.0,0.0,0.0,1.0,2700.0,,A,2,0.0,Rất đông / kẹt xe,0.49022086762401035
192a31f370d9c555d6822dbc2d09f88c,Phạm Phú Thứ,10.7444878,106.6438571,10.7897886,106.6466566,50.0,0.0,0.0,1.0,900.0,,A,2,0.0,Rất đông / kẹt xe,0.4208202002209255
9f3832eca4caa286201aafaa1457afd0,Đường Khánh Hội,10.7606879,106.6977387,10.7565916,106.7008416,50.0,18.0,33.5,0.5373134328358209,1789.25,0.1,B,0,15.5,Đông,0.36032993831138105
73246b0410c50583b92faf82b9dcaa59,Đường Quốc Lộ 1A,10.8615207,106.6642282,10.8615229,106.6653693,80.0,29.0,48.0,0.6041666666666666,2145.0,0.0620689655172413,D,4,19.0,Tương đối thoáng,0.443284694099457
e6bfdb34e57b9f1bf56da5ac38cc12b5,Quốc Lộ 1,10.8426751,106.6148154,10.8425774,106.6147804,60.0,30.0,30.0,1.0,720.0,0.06,D,4,0.0,Tương đối thoáng,0.413880133480617
669b4f82a96054836defd912dade0401,Phạm Văn Đồng,10.849516,106.7489666,10.8414243,106.7439592,50.0,0.0,0.0,1.0,900.0,,A,2,0.0,Rất đông / kẹt xe,0.4208202002209255
2cbbb6b3a0228834f79263bf3e857124,Trần Nhân Tôn,10.7633139,106.6746238,10.7664111,106.673962,50.0,0.0,0.0,1.0,1800.0,,A,2,0.0,Rất đông / kẹt xe,0.45552053392246794
363d1a8264d89a6d6301bf2c3e5dfd61,Lê Duẩn,10.7857663,106.7035568,10.7803753,106.6984806,50.0,0.0,0.0,1.0,900.0,,A,2,0.0,Rất đông / kẹt xe,0.4208202002209255
cfee41269e100ac72dee07e16c1b7ab4,Đường Trần Não,10.7912282,106.730462,10.7916195,106.7303648,50.0,28.5,32.5,0.8769230769230769,581.54,0.0631578947368421,D,4,4.0,Tương đối thoáng,0.38213969480860377
a8de79ac22e748a47dc250ad8c1b9b4f,Huỳnh Tấn Phát,10.6783267,106.753584,10.7525133,106.7282216,50.0,0.0,0.0,1.0,2250.0,,A,2,0.0,Rất đông / kẹt xe,0.4728707007732391
e8f6bba5e122259884a837705cc2cbb4,Đường Trần Văn Quang,10.7795043,106.6499053,10.779603,106.6486116,50.0,18.0,31.5,0.5714285714285714,1131.43,0.1,B,0,13.5,Đông,0.3336602489438896
386ac6318097163e888241a001ada6e8,Đường Sư Vạn Hạnh,10.7633633,106.6725291,10.7696215,106.6710798,50.0,19.5,32.0,0.609375,1063.12,0.0923076923076923,C,0,12.5,Trung bình,0.34142395905373063
71d832d5c7789bae317a8c3fc2109c3e,Hẻm 345 Tô Ký,10.8521986,106.6264888,10.8521149,106.6265032,50.0,30.0,36.5,0.821917808219178,680.55,0.06,D,4,6.5,Tương đối thoáng,0.38105110395426445
9c728e896e4e645c05c7290ecd81ba08,Đường Song Hành B,10.7992821,106.7334658,10.8021502,106.7485095,50.0,27.5,37.5,0.7333333333333333,840.0,0.0654545454545454,D,4,10.0,Tương đối thoáng,0.37420576937200545
721ca16cebba9df967d3c48fb8f8515a,Quốc lộ 13,10.8513034,106.7200233,10.8180299,106.7132132,50.0,0.0,0.0,1.0,1350.0,,A,2,0.0,Rất đông / kẹt xe,0.4381703670716967
77d3bced82cef96b7453fb9575be6339,Xa Lộ Hà Nội,10.8030754,106.7498148,10.8084947,106.7555087,50.0,0.0,0.0,1.0,900.0,,A,2,0.0,Rất đông / kẹt xe,0.4208202002209255
14f48e5cb2bca397a1c766825c9254b8,Tăng Nhơn Phú,10.8342567,106.7813494,10.827184,106.7687697,50.0,0.0,0.0,1.0,1350.0,,A,2,0.0,Rất đông / kẹt xe,0.4381703670716967
cba453eaef49c45852cd4c04852540d0,Đường Vĩnh Hội,10.7557367,106.7008649,10.7558499,106.7009702,50.0,19.0,34.0,0.5588235294117647,2308.24,0.0947368421052631,B,0,15.0,Đông,0.3868809038053452
7356cb4343632525d15d1b42d3f73a71,Đường Võ Văn Ngân,10.8497041,106.7710929,10.8496933,106.7715732,50.0,48.0,48.0,1.0,360.0,0.0375,E,4,0.0,Thông thoáng,0.4
285e3e6087490d877d9ff67cb2a7feff,Hồng Hà,10.8140069,106.6747486,10.8142573,106.6758031,50.0,0.0,0.0,1.0,900.0,,A,2,0.0,Rất đông / kẹt xe,0.4208202002209255
9b1017f69eb0df6c948c7c8b77e3b590,Đường Số 7,10.7515592,106.6190633,10.7516045,106.6193735,50.0,25.0,35.0,0.7142857142857143,1748.57,0.072,D,0,10.0,Tương đối thoáng,0.3991597224467246
2d6d573da4859ba592c3efe1ca1d020f,Đường Hồng Bàng,10.7537462,106.6538517,10.7556925,106.6537349,50.0,21.0,29.5,0.711864406779661,2196.61,0.0857142857142857,C,0,8.5,Trung bình,0.40063724087222513
f2f81afbd87997f065cf79da637f73d2,Vòng Xoay Lạc Long Quân,10.7669732,106.6423452,10.7669707,106.6423817,50.0,19.0,32.0,0.59375,1636.87,0.0947368421052631,B,0,13.0,Đông,0.36011800243362524
a179566adbd5698884012c45a0a01aee,Trần Văn Trà,10.7230616,106.8257234,10.7256271,106.7236416,50.0,0.0,0.0,1.0,1350.0,,A,2,0.0,Rất đông / kẹt xe,0.4381703670716967
d41b55f43ae037cad00d1184490f9fb3,Đường Quốc lộ 1A,10.7047068,106.597382,10.7045783,106.5973319,55.0,28.0,40.0,0.7,1800.0,0.0642857142857143,D,4,12.0,Tương đối thoáng,0.4129398887611776
3a76c7fe821ece69b8833a45c6a0a111,Đường Xô Viết Nghệ Tĩnh,10.7924505,106.707195,10.8011855,106.7113752,50.0,26.0,42.0,0.6190476190476191,3137.14,0.0692307692307692,D,4,16.0,Tương đối thoáng,0.46037781662924027
8c39031fcfb5e60e3c246f21fe38154a,Cầu Bùi Hữu Nghĩa,10.7930658,106.6974031,10.7940986,106.6976069,50.0,0.0,0.0,1.0,1800.0,,A,2,0.0,Rất đông / kẹt xe,0.45552053392246794
ec9ac5661ff242298083b66306af2d15,Đường Trần Hưng Ðạo,10.7526979,106.6694499,10.7519097,106.658894,55.0,0.0,0.0,1.0,1800.0,,A,2,0.0,Rất đông / kẹt xe,0.45552053392246794
a7c3f9d711cf939db279fdcfb5ff8d0d,Công Trường Dân Chủ,10.7775778,106.6815724,10.7775778,106.6815724,50.0,21.0,34.0,0.6176470588235294,1572.35,0.0857142857142857,C,0,13.0,Trung bình,0.3702726890570003
8c8a5499ecc899d953ab6c1c66a1dab9,Đường Trần Quốc Thảo,10.7807024,106.6863035,10.782002,106.6876354,50.0,19.0,31.0,0.6129032258064516,1585.16,0.0947368421052631,B,0,12.0,Đông,0.35857953042560786
43ccf1a8e1425f3a0fedfc6934db009d,Cầu Phú Mỹ,10.7470262,106.7483935,10.7450815,106.7441524,50.0,45.0,45.0,1.0,720.0,0.04,E,4,0.0,Thông thoáng,0.413880133480617
7963462bfce8608c85ce6fc58d6db1bb,Võ Văn Tần,10.782412,106.6956364,10.7746152,106.6884994,50.0,0.0,0.0,1.0,900.0,,A,2,0.0,Rất đông / kẹt xe,0.4208202002209255
d89d49c51d21473ce100749241660614,Phường Linh Xuân,10.8708535,106.7757156,10.8728261,106.7669177,45.0,0.0,0.0,1.0,2250.0,,A,2,0.0,Rất đông / kẹt xe,0.4728707007732391
b3f614c6deb5a73ca31654f6aff3780e,Nguyễn Chí Thanh,10.7595294,106.6669516,10.756343,106.6510842,50.0,0.0,0.0,1.0,2250.0,,A,2,0.0,Rất đông / kẹt xe,0.4728707007732391
713803d72db3be4d1ed05f4689594598,Phường An Bình,10.8753861,106.7588382,10.8750874,106.7505911,50.0,0.0,0.0,1.0,1800.0,,A,2,0.0,Rất đông / kẹt xe,0.45552053392246794
159d612f9b6a4d366e1a9c20f79f35ee,Nguyễn Thị Định,10.7636062,106.7826284,10.7581359,106.7889248,50.0,0.0,0.0,1.0,900.0,,A,2,0.0,Rất đông / kẹt xe,0.4208202002209255
ed4fcc8e7c23c831129f37c2607755a0,Đường Khánh Hội,10.7492889,106.7024382,10.754992,106.7019835,50.0,17.0,34.0,0.5,1260.0,0.1058823529411764,B,0,17.0,Đông,0.3347003337015424
e07e8c19221f5933646ec3392d1e357e,Đường Phạm Văn Đồng,10.8395571,106.7384111,10.8353219,106.7301125,50.0,33.0,42.0,0.7857142857142857,1118.57,0.0545454545454545,E,4,9.0,Thông thoáng,0.40298008793398593
3b1dafb6ae9c3305f6a35706e80af864,Công Trường Mê Linh,10.7756896,106.7060815,10.7914566,106.6874653,50.0,11.0,31.5,0.3492063492063492,2297.14,0.1636363636363636,B,0,20.5,Đông,0.32878448930145154
a2a384a5d9ebe91eaeef7cef06f8e9fe,Đường Lạc Long Quân,10.7617534,106.6421148,10.7832411,106.6506569,50.0,19.0,32.0,0.59375,1091.25,0.0947368421052631,B,0,13.0,Đông,0.3390811179066968
484c28c23410d622d39953dfe9ae544b,Đường Hồng Bàng,10.7556227,106.6633772,10.7555118,106.6633989,60.0,25.0,35.0,0.7142857142857143,2622.86,0.072,D,0,10.0,Tương đối thoáng,0.43286878328219297
669b4f82a96054836defd912dade0401,Phạm Văn Đồng,10.8414243,106.7439592,10.8529635,106.7511033,50.0,0.0,0.0,1.0,900.0,,A,2,0.0,Rất đông / kẹt xe,0.4208202002209255
ebc31b6ef32a57d11f594403a5d7a7e5,Cầu Ông Dầu,10.8347246,106.7139796,10.8350834,106.7139479,50.0,0.0,0.0,1.0,1800.0,,A,2,0.0,Rất đông / kẹt xe,0.45552053392246794
76af16d73c754e9fec2fe300c7bb0d57,Hẻm 100 An Dương Vương,10.7581844,106.6702787,10.7562461,106.666373,55.0,21.0,29.0,0.7241379310344828,1713.1,0.0857142857142857,C,0,8.0,Trung bình,0.3836494455034851
0239f300f8d0fef3e5e31b4a2bc3b676,Xa lộ Hà Nội,10.8045382,106.7521024,10.8454687,106.7714892,70.0,0.0,0.0,1.0,1800.0,,A,2,0.0,Rất đông / kẹt xe,0.45552053392246794
f2fbb2eef056e070163a8bae20780e93,Đường Lê Đức Thọ,10.8515063,106.6622383,10.8472382,106.6693689,50.0,27.0,40.5,0.6666666666666666,960.0,0.0666666666666666,D,4,13.5,Tương đối thoáng,0.3774346310698454
e14650c64d83c7e91d7b8b66816e9b22,Đường Số 6,10.8656041,106.7485967,10.8697421,106.7272126,50.0,29.5,44.5,0.6629213483146067,966.74,0.0610169491525423,D,4,15.0,Tương đối thoáng,0.39022923282064104
459be5240c53f114f3d55416973982f9,Hẻm 68 Trần Quang Khải,10.792788,106.6936394,10.7932473,106.6935778,50.0,0.0,0.0,1.0,900.0,,A,2,0.0,Rất đông / kẹt xe,0.4208202002209255
1184d7a8983d26d2dfdf9a31af40a31d,Đường Lý Tự Trọng,10.7758374,106.6990601,10.7898473,106.683905,50.0,13.5,29.0,0.4655172413793103,1322.07,0.1333333333333333,B,0,15.5,Đông,0.3043348793595036
d47ab17a4d2eef912cf5956300fb8bf4,Đường Hầm Sông Sài Gòn,10.76834,106.7031455,10.7684374,106.7033248,60.0,36.0,43.0,0.8372093023255814,1306.05,0.05,E,4,7.0,Thông thoáng,0.4180962392105467
2af34f0361bde9c96846a777b2d42b51,Âu Cơ,10.7722809,106.6496421,10.7750261,106.6477936,50.0,0.0,0.0,1.0,1350.0,,A,2,0.0,Rất đông / kẹt xe,0.4381703670716967
cfc1d8a13eb70ffc6d5cf19f6e2839df,Tô Hiến Thành,10.7768372,106.664107,10.7797849,106.6679193,50.0,0.0,0.0,1.0,900.0,,A,2,0.0,Rất đông / kẹt xe,0.4208202002209255
c826b42694022219b7f6b340639c0d06,Đường Nguyễn Văn Linh,10.7293691,106.7181438,10.7340089,106.7213386,80.0,34.0,43.5,0.7816091954022989,1882.76,0.0529411764705882,E,4,9.5,Thông thoáng,0.43511112576007577
438d803e98b5e9edb01239ed9f38a441,Xa Lộ Hà Nội,10.8329768,106.7645442,10.8385833,106.7675662,55.0,0.0,0.0,1.0,2250.0,,A,2,0.0,Rất đông / kẹt xe,0.4728707007732391
a2a384a5d9ebe91eaeef7cef06f8e9fe,Đường Lạc Long Quân,10.7832411,106.6506569,10.7795043,106.6499053,50.0,17.5,31.5,0.5555555555555556,1160.0,0.1028571428571428,B,0,14.0,Đông,0.3312031640071058
96d2699795530b9bb0661850b4b7699d,Đường Nguyễn Văn Linh,10.728864,106.6980017,10.728815,106.6963878,65.0,29.0,34.0,0.8529411764705882,937.06,0.0620689655172413,D,4,5.0,Tương đối thoáng,0.39283731814502
318f23911d6daa73f4e4a048f9752dd5,Đường Nguyễn Trãi,10.7667749,106.6882291,10.7667953,106.6882753,50.0,18.0,27.0,0.6666666666666666,1920.0,0.1,B,0,9.0,Đông,0.37089993325471654
98bf4ddfa98280fdc683c279a96e34c7,Đường Điện Biên Phủ,10.801349,106.7109178,10.8014241,106.7109087,50.0,31.0,46.0,0.6739130434782609,3314.35,0.0580645161290322,D,4,15.0,Tương đối thoáng,0.48655847235644584
077abce41d36295c50eedc27a6c8a57e,Linh Đông,10.8415361,106.7438406,10.8415361,106.7438406,50.0,0.0,0.0,1.0,1800.0,,A,2,0.0,Rất đông / kẹt xe,0.45552053392246794
30f6a3c6075e4c488d2fc6fde201b263,Nguyễn Văn Đậu,10.8143614,106.6938401,10.8085648,106.6882022,50.0,0.0,0.0,1.0,900.0,,A,2,0.0,Rất đông / kẹt xe,0.4208202002209255
07c3b6b25b61229d668d7c4c6917d65c,Vòng Xoay Ngã Sáu Phù Đổng,10.7713876,106.6930624,10.7715326,106.6933233,50.0,18.5,31.0,0.5967741935483871,2171.61,0.0972972972972973,B,0,12.5,Đông,0.3774965847463363
f6409d575b291cf52f154b44239dfba8,Bình Trị Đông,10.7614144,106.6100165,10.76138,106.6100099,50.0,0.0,0.0,1.0,1800.0,,A,2,0.0,Rất đông / kẹt xe,0.45552053392246794
fd613f1221173c7617c7db5cf43d7632,Đường Trần Quang Diệu,10.7843732,106.6784372,10.7843732,106.6784372,50.0,16.0,31.0,0.5161290322580645,1846.45,0.1124999999999999,B,0,15.0,Đông,0.3464893963469327
ec6453c74b464799b6d912ddcec99433,Quốc lộ 1,10.8620634,106.6494828,10.8725843,106.7668518,65.0,0.0,0.0,1.0,900.0,,A,2,0.0,Rất đông / kẹt xe,0.4208202002209255
18473a097b08708c365e5b3514d74640,Đường Mai Chí Thọ,10.7882923,106.7502508,10.7924075,106.7519,50.0,29.5,36.5,0.8082191780821918,705.21,0.0610169491525423,D,4,7.0,Tương đối thoáng,0.37959358554134565
944d4aba40f9b4698887e285fea8d66e,Đường Hòa Hưng,10.7779568,106.6710033,10.7785872,106.6707568,50.0,18.0,31.5,0.5714285714285714,1131.43,0.1,B,0,13.5,Đông,0.3336602489438896
418457226cadd3afae1b65cab44e1785,Nguyễn Văn Tăng,10.8428497,106.8286983,10.8424012,106.8281916,50.0,0.0,0.0,1.0,900.0,,A,2,0.0,Rất đông / kẹt xe,0.4208202002209255
59511979ee7eb2dd5299ab6a5484d985,Đường Quốc Lộ 1A,10.8423995,106.6156611,10.842552,106.6155929,60.0,21.0,31.5,0.6666666666666666,1920.0,0.0857142857142857,C,4,10.5,Trung bình,0.3854160622869746
18838413bcf7c1e42fdcc8d3c5c038bd,Nguyễn Hữu Thọ,10.7324712,106.7000037,10.7330629,106.6999333,50.0,0.0,0.0,1.0,900.0,,A,2,0.0,Rất đông / kẹt xe,0.4208202002209255
56d749878949f252ab47fce853218434,Đường 3 Tháng 2,10.767686,106.6667965,10.7579254,106.6489673,50.0,19.5,32.5,0.6,1620.0,0.0923076923076923,C,0,13.0,Trung bình,0.3627740155692562
89010c15e8cbc3096319f581489764f3,Đường Hồng Lạc,10.7879176,106.6465073,10.7879756,106.6464872,50.0,18.0,32.0,0.5625,1147.5,0.1,B,0,14.0,Đông,0.3343950500533658
b8f135fa2b5d4ab8d9b6072920257679,Đường Nguyễn Tất Thành,10.7537495,106.7224037,10.7537495,106.7224037,50.0,13.0,35.0,0.3714285714285714,2982.86,0.1384615384615384,B,0,22.0,Đông,0.3814954605416118
d525c35205e1f0773e2935dcaa64e0b6,Đường Hải Thượng Lãn Ông,10.7502942,106.6630864,10.7500276,106.6634461,45.0,14.5,17.0,0.8529411764705882,624.71,0.1241379310344827,B,0,2.5,Đông,0.3566008261671712
8256096af366d97e3a13cc32ca0b8317,Đường Nguyễn Thái Sơn,10.8146011,106.6790072,10.8157766,106.6800056,50.0,17.0,32.0,0.53125,1805.62,0.1058823529411764,B,0,15.0,Đông,0.3529146375833096
b51d890ee4138f4e7c8443b9ee5e5f42,Đi ga trong nước,10.8122766,106.6650353,10.8134346,106.6646772,40.0,0.0,0.0,1.0,3600.0,,A,2,0.0,Rất đông / kẹt xe,0.5249212013255528
33659cfa335ae26ebb27ec2d943d073d,Nguyễn Văn Trỗi,10.7985035,106.6707041,10.7941581,106.6777789,55.0,0.0,0.0,1.0,1800.0,,A,2,0.0,Rất đông / kẹt xe,0.45552053392246794
4b05bc9df382de766da7daae86b359e4,Đường An Phú Đông 10,10.8576365,106.6962199,10.8565038,106.6964506,50.0,29.0,48.0,0.6041666666666666,1072.5,0.0620689655172413,D,4,19.0,Tương đối thoáng,0.4019334631051189
176e65c0c1d48b75b07ce408c37d051b,Nguyễn Ðình Chiểu,10.7924028,106.7031476,10.7851071,106.6963948,55.0,0.0,0.0,1.0,1350.0,,A,2,0.0,Rất đông / kẹt xe,0.4381703670716967
54d5deb2ea38453bb024e187e0e99100,T1 Loop,10.8124942,106.6643618,10.812469,106.6648739,45.0,0.0,0.0,1.0,2700.0,,A,2,0.0,Rất đông / kẹt xe,0.49022086762401035
3cf3fa6ba158c7445816f2f92b3da0a6,Lê Thị Hà,10.887776,106.5981184,10.8865251,106.5982675,50.0,0.0,0.0,1.0,1800.0,,A,2,0.0,Rất đông / kẹt xe,0.45552053392246794
60618a4bf35b8abac2d56907a609962c,Hẻm 416 Lạc Long Quân,10.7697921,106.6444644,10.7697654,106.6445026,50.0,0.0,0.0,1.0,900.0,,A,2,0.0,Rất đông / kẹt xe,0.4208202002209255
31edc4737b466279924d2c321b641745,Đường Mễ Cốc,10.7369895,106.6402431,10.7369774,106.6403352,50.0,34.0,43.0,0.7906976744186046,1473.49,0.0529411764705882,E,4,9.0,Thông thoáng,0.4193007306878799
7ac9e10ab273227210ba16ae4be9d1e9,Đường Trang Tử,10.7516644,106.6532793,10.7514819,106.6504956,50.0,16.0,28.5,0.5614035087719298,2298.95,0.1124999999999999,B,0,12.5,Đông,0.36369406316926384
167f11c6e121c903aca9fe887d2e661b,Đường Nguyễn Hữu Thọ,10.7365428,106.7002329,10.7303579,106.7003063,50.0,17.5,34.0,0.5147058823529411,1233.53,0.1028571428571428,B,0,16.5,Đông,0.3366209348020419
bda846063a0f7891c5c483bb47f70323,Phú Hữu,10.7535742,106.6537519,10.7510733,106.6533152,50.0,0.0,0.0,1.0,1800.0,,A,2,0.0,Rất đông / kẹt xe,0.45552053392246794
c130fe295990556b2f6683348393e9ca,Bắc Hải,10.7781305,106.6563416,10.7807392,106.6588525,50.0,0.0,0.0,1.0,1350.0,,A,2,0.0,Rất đông / kẹt xe,0.4381703670716967
364573706454b6977a6ae34b10f00b3c,Bình Thới,10.7661016,106.6476679,10.7636884,106.643989,50.0,0.0,0.0,1.0,900.0,,A,2,0.0,Rất đông / kẹt xe,0.4208202002209255
dbfcdececbdb5cc1cb6b4cde2cc7c4a5,Đường Tây Thạnh,10.8155285,106.6245997,10.8155179,106.62442,50.0,20.0,34.0,0.5882352941176471,1101.18,0.09,C,4,14.0,Trung bình,0.3462239403045396
3fd122b90cd72cb1c43901abd9e51a3b,Đường Bà Triệu,10.8449041,106.6140548,10.877854,106.5914673,50.0,38.0,46.0,0.8260869565217391,673.04,0.0473684210526315,E,4,8.0,Thông thoáng,0.3974832919204561
846241f3681f2e83fdbfd0503d1f4547,Cầu Rạch Lăng,10.821591,106.6983165,10.8218467,106.6992827,50.0,0.0,0.0,1.0,3600.0,,A,2,0.0,Rất đông / kẹt xe,0.5249212013255528
4a1e1f62c0f4ce9beafe5c16329f13aa,Minh Phụng,10.7577151,106.6438018,10.7626846,106.6446172,50.0,0.0,0.0,1.0,1350.0,,A,2,0.0,Rất đông / kẹt xe,0.4381703670716967
c89147228d920f596f87b65b4493588f,Đường Phú Thuận,10.729784,106.729495,10.729912,106.7298359,50.0,21.0,37.0,0.5675675675675675,1138.38,0.0857142857142857,C,4,16.0,Trung bình,0.3560791654280323
6b2c88b561aea1b33901f3e7621609a6,Phạm Văn Đồng,10.8641108,106.7571974,10.8575701,106.7518877,50.0,0.0,0.0,1.0,900.0,,A,2,0.0,Rất đông / kẹt xe,0.4208202002209255
8ccb366f885323d5d6e61535eee7d3cd,Đường Lê Đức Thọ,10.8548517,106.655946,10.8527915,106.6599389,50.0,28.0,47.5,0.5894736842105263,1648.42,0.0642857142857143,D,4,19.5,Tương đối thoáng,0.4212042401909443
087c89dd2969a894f56ae36a06fb750b,Trung Mỹ Tây 2A,10.8471993,106.6123545,10.8472751,106.6124805,50.0,0.0,0.0,1.0,900.0,,A,2,0.0,Rất đông / kẹt xe,0.4208202002209255
0a60d9b8c8faa3dd63ef9ea253cdc80f,Phường Cát Lái,10.7581824,106.7888166,10.7581122,106.7889037,50.0,0.0,0.0,1.0,900.0,,A,2,0.0,Rất đông / kẹt xe,0.4208202002209255
1233bba5ca25d8e284fd778f04ef644a,Đường Nguyễn Văn Linh,10.7311956,106.7192028,10.7526944,106.7269803,50.0,26.5,36.5,0.726027397260274,1279.73,0.0679245283018867,D,4,10.0,Tương đối thoáng,0.38729489100131004
f3b77211e4a2df3a18a8db9e5af46cf9,Đường Đồng Văn Cống,10.7697992,106.7748933,10.7698665,106.7748651,60.0,44.0,49.0,0.8979591836734694,1087.35,0.0409090909090909,E,4,5.0,Thông thoáng,0.4224478663180191
b82266efeba8e716ad44efef5a4c20cd,Trần Quý,10.7591573,106.6561005,10.7596357,106.6582987,50.0,0.0,0.0,1.0,1800.0,,A,2,0.0,Rất đông / kẹt xe,0.45552053392246794
23f1e96430b534bcdc0d50fdcea09831,Công Trường Quốc Tế,10.7829947,106.6962159,10.7826997,106.6955259,50.0,0.0,0.0,1.0,1350.0,,A,2,0.0,Rất đông / kẹt xe,0.4381703670716967
6989a713b71ab4d11d83bf019852bb1a,Đường Xa Lộ Hà Nội,10.8557659,106.7838587,10.8069194,106.7548299,40.0,39.0,45.0,0.8666666666666667,900.0,0.0461538461538461,E,4,6.0,Thông thoáng,0.4083470819413556
370350f3368ff088a2066af8a3feae97,Đường Cộng Hòa,10.7964689,106.6523793,10.800764,106.6598663,50.0,22.5,36.5,0.6164383561643836,1575.62,0.08,C,0,14.0,Trung bình,0.3794367435938581
12a9ee9ed8f4136b4d219b94356338b2,Đường Thành Thái,10.7681721,106.666908,10.7764553,106.6636154,50.0,0.0,0.0,1.0,1350.0,,A,2,0.0,Rất đông / kẹt xe,0.4381703670716967
e70acbe9f7d46f0d61297b911d0ecb2c,Đường Mai Chí Thọ,10.7793052,106.7347388,10.7833905,106.7417533,65.0,32.5,40.0,0.8125,2092.5,0.0553846153846153,E,4,7.5,Thông thoáng,0.44018523914966273
e380c78f707437fc909242b77223c5c3,Đường Số 18B,10.7796339,106.5996935,10.7796381,106.5996261,50.0,23.0,35.0,0.6571428571428571,977.14,0.0782608695652174,C,0,12.0,Trung bình,0.3585409481572129
e1e131b5892a45b83a874acef266ccd2,Đường Hoàng Văn Thụ,10.7892124,106.6753896,10.800243,106.6609346,50.0,19.0,35.0,0.5428571428571428,1182.86,0.0947368421052631,B,0,16.0,Đông,0.344721521249126
e0854d4ff600c5a1deaab14736694bdd,Đường Nguyễn Thái Học,10.7651757,106.69714,10.7679022,106.6954254,50.0,20.0,31.0,0.6451612903225806,1997.42,0.09,C,0,11.0,Trung bình,0.38186273397341425
dcf9c9307c60a95f93b77f63454e4eb6,Tô Ký,10.8599399,106.61763,10.8571859,106.6200389,50.0,0.0,0.0,1.0,1350.0,,A,2,0.0,Rất đông / kẹt xe,0.4381703670716967
478bfed0731f74043453209e13178182,Đường Phạm Văn Đồng,10.8380903,106.7343264,10.8667147,106.7620017,50.0,30.0,45.0,0.6666666666666666,2400.0,0.06,D,4,15.0,Tương đối thoáng,0.4474712940245714
2d31df119081d1ed317e851feebbace4,Đường Kênh Nước Đen,10.7884223,106.6172503,10.7881979,106.6166971,50.0,23.0,35.0,0.6571428571428571,1465.71,0.0782608695652174,C,0,12.0,Trung bình,0.37737821708672686
94fe46fdbc64e22f478f143047a9d30b,Đường Số 10,10.7414548,106.7099956,10.7498061,106.6287236,50.0,22.0,32.5,0.676923076923077,941.54,0.0818181818181818,C,4,10.5,Trung bình,0.3531166024827692
b696fc42fe664c8db994254601b5855c,Đường Hồng Bàng,10.7550108,106.6603376,10.7534697,106.6530134,50.0,24.5,35.0,0.7,1800.0,0.073469387755102,D,0,10.5,Tương đối thoáng,0.3984237597289195
46831dc8e0a786041740e6698f0993b3,THOI TAM THÔN 5,10.8842932,106.6105297,10.8842093,106.6106839,50.0,0.0,0.0,1.0,900.0,,A,2,0.0,Rất đông / kẹt xe,0.4208202002209255
c6bdbee9943288bb1b2bcb5ad94530c5,Võ Hữu Lợi,10.7495136,106.5406398,10.749453,106.540609,50.0,0.0,0.0,1.0,900.0,,A,2,0.0,Rất đông / kẹt xe,0.4208202002209255
2947ef039af0171030113c413b81cd0b,Đường Đào Trí,10.7192661,106.7432344,10.7199382,106.7432765,50.0,21.0,35.0,0.6,1080.0,0.0857142857142857,C,4,14.0,Trung bình,0.3516312347031694
123d955f1fd12028d868417cb9998484,Đường Ngô Gia Tự,10.7598159,106.6687226,10.7669024,106.6738588,50.0,24.0,35.0,0.6857142857142857,1851.43,0.075,D,0,11.0,Tương đối thoáng,0.39768779701111445
55d26b2823900135ab49db31c65f2445,Đường Lữ Gia,10.7711526,106.6529443,10.7705227,106.6571756,50.0,16.0,31.5,0.5079365079365079,2491.43,0.1124999999999999,B,0,15.5,Đông,0.37186179775084915
e70acbe9f7d46f0d61297b911d0ecb2c,Đường Mai Chí Thọ,10.7833905,106.7417533,10.7733243,106.7224129,55.0,29.5,39.0,0.7564102564102564,2395.38,0.0610169491525423,D,4,9.5,Tương đối thoáng,0.4415446131221574
905aca3e6f949415084ac2a36c5c2447,Hẻm Hậu Giang A,10.7357509,106.6337889,10.7485677,106.6353149,50.0,32.0,38.5,0.8311688311688312,1327.79,0.0562499999999999,E,4,6.5,Thông thoáng,0.41090013127582214
d5e1b6c3d3515823a2ffdbca37045835,Vạn Kiếp,10.7504541,106.6597273,10.7502217,106.659871,50.0,0.0,0.0,1.0,1350.0,,A,2,0.0,Rất đông / kẹt xe,0.4381703670716967
dc3818d87383c460ac88e73daec72fbe,Cầu vượt Cây Gõ,10.7544547,106.6400826,10.7538631,106.6457375,50.0,0.0,0.0,1.0,900.0,,A,2,0.0,Rất đông / kẹt xe,0.4208202002209255
478bfed0731f74043453209e13178182,Phạm Văn Đồng,10.8529635,106.7511033,10.8667147,106.7620017,50.0,0.0,0.0,1.0,900.0,,A,2,0.0,Rất đông / kẹt xe,0.4208202002209255
678b1e13d26ff3cc9050419d2852de23,Đường Khánh Hội,10.7596225,106.6985617,10.7597771,106.6987767,50.0,14.0,29.5,0.4745762711864407,1305.76,0.1285714285714286,B,0,15.5,Đông,0.30849855119571895
d840e5c8084a9478d71d3c792ab8ddf3,Nhánh A2,10.7932441,106.7532978,10.7938273,106.7522965,55.0,0.0,0.0,1.0,1800.0,,A,2,0.0,Rất đông / kẹt xe,0.45552053392246794
803ac7a210795e2a71578737c8b26b4a,Cộng Hòa,10.8016842,106.6509196,10.8041993,106.6376734,50.0,0.0,0.0,1.0,1350.0,,A,2,0.0,Rất đông / kẹt xe,0.4381703670716967
cb34d856f0147d4c3d17b72014bb9ab8,Đường Phạm Thái Bường,10.7273833,106.7086074,10.7274088,106.7097716,50.0,42.0,42.0,1.0,360.0,0.0428571428571428,E,1,0.0,Thông thoáng,0.4
aea40f06ee141f22ed1220995d753e19,Hẻm 655 Đường 3 Tháng 2,10.752477,106.6667664,10.7517792,106.6668579,50.0,25.0,25.0,1.0,720.0,0.072,D,1,0.0,Tương đối thoáng,0.413880133480617
8f648cb615ed770cc3698809e27eafca,Đường Võ Văn Kiệt,10.7494447,106.673072,10.7507824,106.6681836,50.0,37.0,42.0,0.8809523809523809,1148.57,0.0486486486486486,E,1,5.0,Thông thoáng,0.4158111128822555
24470c81db22cb819800486e0e789485,Đường Trương Định,10.7807024,106.6863035,10.782002,106.6876354,55.0,17.0,31.0,0.5483870967741935,2932.26,0.1058823529411764,B,3,14.0,Đông,0.39574194407771013
55cac50e20675ba4ab7f42d24408e5fb,Đường Quốc Lộ 13,10.8347246,106.7139796,10.8350834,106.7139479,50.0,26.0,41.0,0.6341463414634146,2037.07,0.0692307692307692,D,1,15.0,Tương đối thoáng,0.41627389060452397
0ee37e521b02bef62f044fe871f320d9,Đường Hồng Lạc,10.7879176,106.6465073,10.7879756,106.6464872,50.0,22.0,32.0,0.6875,922.5,0.0818181818181818,C,3,10.0,Trung bình,0.3531393214666898
edd04a4ad93a14c44c8817dc0837f268,Đường Hồng Bàng,10.7552474,106.6584197,10.7546122,106.6583409,50.0,22.0,32.0,0.6875,1845.0,0.0818181818181818,C,3,10.0,Trung bình,0.3887071635107708
b27f4ea2c0973e77fb34bb8981236aee,Đường Quốc Lộ 1A,10.8653758,106.7238705,10.8648149,106.7227673,50.0,28.0,37.0,0.7567567567567568,1595.68,0.0642857142857143,D,1,9.0,Tương đối thoáng,0.40605603901533016
8e0ec580bda69359e38c2c292499b959,Vòng Xoay,10.7453991,106.6239247,10.745339,106.6240715,50.0,23.0,35.0,0.6571428571428571,1954.29,0.0782608695652174,C,3,12.0,Trung bình,0.3962158715755042
8a99b97e381df6772ce46aedea08c14c,Đường Mai Chí Thọ,10.7784791,106.7322207,10.8012401,106.7529968,65.0,33.5,36.5,0.9178082191780822,1015.89,0.053731343283582,E,1,3.0,Thông thoáng,0.41083860118584725
56d965277710f2be9607a53c3c8ec30c,Đường Bình Thới,10.7684923,106.6512531,10.7661016,106.6476679,50.0,18.0,30.0,0.6,1080.0,0.1,B,3,12.0,Đông,0.332276395993492
bd4c3686a6ec2ba64706490b0b15d107,Đường Điện Biên Phủ,10.790616,106.6975675,10.7905389,106.6976523,50.0,36.0,46.0,0.782608695652174,3005.22,0.05,E,1,10.0,Thông thoáng,0.4837560883856596
218b6419daf3a9e5e99de93e29777c75,Đường Trường Sa,10.7925479,106.6855754,10.7939608,106.7006919,50.0,29.5,39.5,0.7468354430379747,2854.94,0.0610169491525423,D,3,10.0,Tương đối thoáng,0.4590366991672265
70e4a4bd292e71170132eff4d4361923,Đường Ấp 1A,10.7888288,106.5759596,10.7800867,106.5682102,50.0,29.5,44.5,0.6629213483146067,966.74,0.0610169491525423,D,1,15.0,Tương đối thoáng,0.39022923282064104
1c1d965a61b2f889efcf6b5c4df59502,Đường Nguyễn Hữu Cảnh,10.7976427,106.7237951,10.7976579,106.7205235,50.0,42.0,42.0,1.0,1080.0,0.0428571428571428,E,1,0.0,Thông thoáng,0.427760266961234
5875f55758d573b92074ba276d706719,Hẻm 39 An Phú Đông 9,10.8581333,106.6884983,10.8580682,106.688522,50.0,14.0,23.5,0.5957446808510638,1087.66,0.1285714285714286,B,3,9.5,Đông,0.3061269849039748
14f48e5cb2bca397a1c766825c9254b8,Đường Đỗ Xuân Hợp,10.8342567,106.7813494,10.827184,106.7687697,50.0,28.5,34.5,0.8260869565217391,1009.57,0.0631578947368421,D,1,6.0,Tương đối thoáng,0.39110367910031213
ee133f9569ef33b262dce20ed7e5217f,Hẻm 317 Đường Thống Nhất,10.8397244,106.6652733,10.8348284,106.6644581,50.0,23.0,36.0,0.6388888888888888,2020.0,0.0782608695652174,C,3,13.0,Trung bình,0.39876986280578397
e0cffcf29116a346b15cd71e0831afaf,Đường Mai Chí Thọ,10.7833905,106.7417533,10.7733243,106.7224129,55.0,29.0,38.0,0.7631578947368421,2358.95,0.0620689655172413,D,1,9.0,Tương đối thoáng,0.4388710293888687
77b85826e6a848c25b2f557ebe13e08a,Đường Quốc Lộ 13,10.8215874,106.7136257,10.8233581,106.713869,50.0,28.0,41.0,0.6829268292682927,1861.46,0.0642857142857143,D,1,13.0,Tương đối thoáng,0.41595469728405216
c612fb912413f6a5824321999feef6c6,Đường Trần Hưng Đạo,10.752179,106.6632877,10.7680299,106.6953474,50.0,13.0,23.5,0.5531914893617021,2328.51,0.1384615384615384,B,3,10.5,Đông,0.341134514470188
71f93cf8ea9aaf48105f9b0698e6d2d9,Đường Tô Hiến Thành,10.7768372,106.664107,10.7797849,106.6679193,50.0,20.0,30.0,0.6666666666666666,960.0,0.09,C,3,10.0,Trung bình,0.34356366332791
3a1aa87c6bcdaad34a529936ba1386ac,Đường Phan Đăng Lưu,10.797138,106.6470466,10.8031077,106.6923844,50.0,19.5,33.0,0.5909090909090909,1096.36,0.0923076923076923,C,3,13.5,Trung bình,0.3426139158163686
521edfc0d99c2513d19e512dfa85ab5b,Đường Trần Minh Quyền,10.771263,106.6737333,10.770053,106.6752791,50.0,16.0,30.0,0.5333333333333333,1200.0,0.1124999999999999,B,3,14.0,Đông,0.320989128659074
c7d7260e52bed314656b87bc6a0c6cb2,Đường Hưng Phú,10.7461296,106.6682445,10.7462542,106.6689261,50.0,26.0,33.0,0.7878787878787878,1112.73,0.0692307692307692,D,3,7.0,Tương đối thoáng,0.38454517408218397
89de86f0ef58b4a28077676eaf55c3f9,Đường D4,10.7452196,106.6957773,10.7452248,106.6957332,50.0,23.0,34.0,0.6764705882352942,1884.71,0.0782608695652174,C,3,11.0,Trung bình,0.39408072408936856
856464a1c1df41490a3f12563823be5a,Đường Nguyễn Oanh,10.8280378,106.6792404,10.8260016,106.6798526,50.0,23.0,35.0,0.6571428571428571,1465.71,0.0782608695652174,C,3,12.0,Trung bình,0.37737821708672686
c72d5500b593a0b7e74a0d962fea4aa0,Trương Quốc Dung,10.7950667,106.672673,10.7997004,106.6729603,55.0,16.0,32.0,0.5,2520.0,0.1124999999999999,B,3,16.0,Đông,0.3736033815288631
cdbbe68b75bb1a2f0301dd0e88b79d08,Hoàng Sa,10.7931923,106.659131,10.792888,106.7005738,45.0,25.5,36.0,0.7083333333333334,885.0,0.0705882352941176,D,3,10.5,Tương đối thoáng,0.367553689282889
86eb4d8d56efd88ec1eae6d1a69b2f73,Hẻm 25 Thủ Khoa Huân,10.7841856,106.6517538,10.7836106,106.6540868,50.0,18.5,31.5,0.5873015873015873,1102.86,0.0972972972972973,B,3,13.0,Đông,0.3361173338806735
98439f98391e313ef8c24e496830334f,Đường Điện Biên Phủ,10.7989146,106.7192459,10.7981813,106.7199137,50.0,31.5,43.5,0.7241379310344828,1713.1,0.0571428571428571,E,1,12.0,Thông thoáng,0.42235912292283995
11cd545a14b3f700ac39c4d5a330f3fa,Đường Lê Đại Hành,10.766178,106.6543476,10.7648499,106.6551501,50.0,9.5,15.5,0.6129032258064516,2641.94,0.1894736842105263,B,3,6.0,Đông,0.34126014612892674
461b1aea00fe2f60761d2f1902cead85,Đường Kinh Dương Vương,10.737327,106.614443,10.7461636,106.6242766,50.0,24.0,35.0,0.6857142857142857,925.71,0.075,D,3,11.0,Tương đối thoáng,0.3619958048842346
364573706454b6977a6ae34b10f00b3c,Đường Bình Thới,10.7661016,106.6476679,10.7636884,106.643989,50.0,18.5,30.0,0.6166666666666667,1050.0,0.0972972972972973,B,3,11.5,Đông,0.33509821282709656
13dc63167c6329f5a700eaf0def20a69,Đường Lê Đại Hành,10.7684337,106.652716,10.7623035,106.65706,50.0,20.0,32.5,0.6153846153846154,2630.77,0.09,C,3,12.5,Trung bình,0.40504543736988957
9e205e5e69a296f06e99f9c9ff8f78fe,Đường Quách Thị Trang,10.7047386,106.8353721,10.7048398,106.8345554,60.0,47.0,47.0,1.0,720.0,0.0382978723404255,E,1,0.0,Thông thoáng,0.413880133480617
7050a07783c0e630eefbcd94933019af,Hẻm 25 Phạm Đăng Giảng,10.8214287,106.60636,10.818044,106.6044259,50.0,31.0,46.0,0.6739130434782609,946.96,0.0580645161290322,D,1,15.0,Tương đối thoáng,0.3952815579101186
46fc423d727b252cc98937db8a8b6798,Hẻm 63 Lý Thường Kiệt,10.7592404,106.6612178,10.7571594,106.6618976,50.0,19.5,33.0,0.5909090909090909,1644.55,0.0923076923076923,C,3,13.5,Trung bình,0.36374988907397804
a753b1bdb2fdfddde889ea1af3400b15,Đường Hà Huy Giáp,10.8846445,106.6812882,10.8671779,106.679258,50.0,29.0,47.0,0.6170212765957447,1049.36,0.0620689655172413,D,1,18.0,Tương đối thoáng,0.3981643629322059
c826b42694022219b7f6b340639c0d06,Đường Nguyễn Văn Linh,10.7293691,106.7181438,10.7340089,106.7213386,80.0,43.0,43.0,1.0,900.0,0.041860465116279,E,1,0.0,Thông thoáng,0.4208202002209255
59c8b0833a017a5271d076039dcbf6cb,Đường Calmette,10.7673072,106.6997404,10.7699124,106.6976851,50.0,19.0,28.5,0.6666666666666666,1440.0,0.0947368421052631,B,3,9.5,Đông,0.35723179829131324
36d30f76179ab0f38428382d789188d3,Đường Lê Văn Sỹ,10.7970292,106.6645994,10.7889674,106.675853,50.0,16.5,31.5,0.5238095238095238,1217.14,0.1090909090909091,B,3,15.0,Đông,0.3262889941335382
96aa53044924ad12b8cb081060a5ead3,Đường Linh Trung,10.8565707,106.7843268,10.8603829,106.7908151,50.0,18.5,24.0,0.7708333333333334,1158.75,0.0972972972972973,B,1,5.5,Đông,0.3627857934719469
f92b3d0350a5ebeec92b2332dd10257e,Đường Nguyễn Oanh,10.8506971,106.6787535,10.8308983,106.6775689,50.0,24.0,35.0,0.6857142857142857,925.71,0.075,D,1,11.0,Tương đối thoáng,0.3619958048842346
578be5da79f78e305905334bb5aee8a4,Đường Cao Tốc Thành phố Hồ Chí Minh-Long Thành-Dầu Giây,10.7950193,106.7995037,10.785892,106.8557067,75.0,79.0,79.0,1.0,540.0,0.0227848101265822,E,1,0.0,Thông thoáng,0.4069400667403085
b280124ab791b50deacdd99db1e18675,Hẻm Số 1 Huỳnh Thiện Lộc,10.7803932,106.6363843,10.7789563,106.6401733,50.0,19.5,32.5,0.6,1080.0,0.0923076923076923,C,3,13.0,Trung bình,0.34195381534833075
2cf525980f9ddf323e7108cf8319b212,Đường Hoàng Ngọc Phách,10.7810287,106.6332492,10.7834192,106.6249141,50.0,20.0,30.0,0.6666666666666666,960.0,0.09,C,3,10.0,Trung bình,0.34356366332791
d274d3a32a4801162874319ff8aafd61,Đường Quách Thị Trang,10.7085686,106.8191301,10.7065115,106.8236348,50.0,44.5,48.0,0.9270833333333334,491.25,0.0404494382022471,E,1,3.5,Thông thoáng,0.4003561642562061
401342ce24d86fd44bbc0b6591d9c796,Đường Nguyễn Trọng Trí,10.7407342,106.6176488,10.7406865,106.6175944,50.0,24.0,35.0,0.6857142857142857,925.71,0.075,D,3,11.0,Tương đối thoáng,0.3619958048842346
b99d1ebd5f548dc07398b33076af0e66,Đường Số 7,10.8592096,106.8363216,10.8837836,106.8346037,50.0,26.5,37.0,0.7162162162162162,870.81,0.0679245283018867,D,1,10.5,Tương đối thoáng,0.3711768800197843
0f0dcc16edd30788f7360e9790b36781,Đường Quốc Lộ 1A,10.8762972,106.8030852,10.8674881,106.7842783,45.0,35.0,51.5,0.6796116504854369,1873.4,0.0514285714285714,E,1,16.5,Thông thoáng,0.44853218626904634
e262dafe7f7172c778a551c4da58a45b,Đường Quốc Lộ 1A,10.8727455,106.766864,10.8739107,106.7634192,50.0,29.0,47.0,0.6170212765957447,2098.72,0.0620689655172413,D,1,18.0,Tương đối thoáng,0.438623409791151
1546bffddbe259fb943c0c70473a4f91,Nguyễn Hữu Trí,10.6854735,106.5540502,10.6963436,106.5939709,50.0,18.0,22.5,0.8,1080.0,0.1,B,1,4.5,Đông,0.36550220244510495
8fff1a81cd95ffd00db5b2feff676f99,Đường Nguyễn Tri Phương,10.7484337,106.6691251,10.740971,106.6689249,55.0,19.5,33.0,0.5909090909090909,1096.36,0.0923076923076923,C,3,13.5,Trung bình,0.3426139158163686
87f615d7533f86fcc627fde6e8f03dd6,Đường Tây Thạnh,10.8155285,106.6245997,10.8155179,106.62442,50.0,19.0,34.0,0.5588235294117647,1154.12,0.0947368421052631,B,3,15.0,Đông,0.3423827381035406
1c2bf9347be936f80216dc222fa5197d,Nút Giao Thông Cầu Sài Gòn,10.7982738,106.7308494,10.7981949,106.7318819,45.0,23.0,33.5,0.6865671641791045,1386.27,0.0782608695652174,C,1,10.5,Trung bình,0.3753656128597822
ca4ba42b663a4d97bf4fcd4c9de1abb0,Hẻm 401 Đường Bình Lợi,10.8345705,106.7008658,10.8592742,106.6514144,50.0,31.0,44.5,0.6966292134831461,1359.1,0.0580645161290322,D,1,13.5,Tương đối thoáng,0.4086734550698487
033c171ecff68464c518dc3afc93f707,Đường Số 2,10.8708535,106.7757156,10.8728261,106.7669177,45.0,26.0,41.0,0.6341463414634146,2546.34,0.0692307692307692,D,1,15.0,Tương đối thoáng,0.43590926720917345
0c5650022562f0aef051e938059cab04,Đường Điện Biên Phủ,10.8013276,106.7110941,10.8012791,106.7111262,50.0,23.0,30.0,0.7666666666666667,3120.0,0.0782608695652174,C,1,7.0,Trung bình,0.45071543195354735
420037df86171068f7144183b30a00af,Hẻm 766/92/15 Cách Mạng Tháng Tám,10.7908008,106.6641842,10.7907633,106.6642609,50.0,17.0,31.0,0.5483870967741935,3518.71,0.1058823529411764,B,3,14.0,Đông,0.4183530670768985
0a18a7c5a064407259fdcbe8fd300c3c,Hẻm 211 Minh Phụng,10.7626846,106.6446172,10.7535751,106.6430363,50.0,25.0,31.5,0.7936507936507936,731.43,0.072,D,3,6.5,Tương đối thoáng,0.3680586669403368
87328aa0d1502a69d45f20b00705382d,Đường Phú Hữu,10.7535742,106.6537519,10.7510733,106.6533152,50.0,11.5,17.5,0.6571428571428571,1954.29,0.1565217391304348,B,3,6.0,Đông,0.3381513554464719
46d0c6441317268ba24a8d4e830d1d5c,Đường Nguyễn Thị Định,10.7932441,106.7532978,10.7926709,106.7524658,55.0,45.0,49.0,0.9183673469387756,1013.88,0.04,E,1,4.0,Thông thoáng,0.4207343197505387
52f8833263ea5244b4ba18915d2cc4c7,Cầu Phú Mỹ,10.7470262,106.7483935,10.7450815,106.7441524,50.0,44.0,44.0,1.0,720.0,0.0409090909090909,E,1,0.0,Thông thoáng,0.413880133480617
47755a5540608c72dd864459c6c3a6d7,Đường Phan Văn Đáng,10.7468469,106.7929002,10.7471454,106.7931437,50.0,43.0,43.0,1.0,720.0,0.041860465116279,E,1,0.0,Thông thoáng,0.413880133480617
5a7e5839041549c6fb45086cda5cf4ee,Đường Điện Biên Phủ,10.7780742,106.685171,10.7903743,106.697507,55.0,27.0,38.0,0.7105263157894737,3083.68,0.0666666666666666,D,3,11.0,Tương đối thoáng,0.4583247015353176
3c43e715a0b495a18edeb14df619cf4b,Đường Quốc Lộ 1K,10.8828952,106.7701845,10.8746157,106.765511,50.0,30.0,45.0,0.6666666666666666,2880.0,0.06,D,1,15.0,Tương đối thoáng,0.46597813866539406
03a32720a21696ddc4450a75c1855641,Đường Tống Văn Trân,10.7719941,106.6411857,10.769814,106.6444321,50.0,23.0,31.0,0.7419354838709677,824.52,0.0782608695652174,C,3,8.0,Trung bình,0.35880490004579707
4d8509b103f3eae0d50bec454bd6d193,Đường Phan Anh,10.7735855,106.6211738,10.773618,106.6212579,50.0,20.0,31.0,0.6451612903225806,1997.42,0.09,C,3,11.0,Trung bình,0.38186273397341425
56540f655ecaf0cd3e212d5b48709ef6,Vòng Xoay Ngã Sáu Cộng Hòa,10.7622438,106.683007,10.765251,106.6818405,55.0,21.0,35.0,0.6,2700.0,0.0857142857142857,C,3,14.0,Trung bình,0.4140918353659458
5c1d8292955cd91632458652a5422b28,Đường Ung Văn Khiêm,10.8070705,106.7184953,10.8069599,106.7190173,50.0,17.0,20.5,0.8292682926829268,1334.63,0.1058823529411764,B,1,3.5,Đông,0.38112614958070123
2455f4a20916171bdbe19dbb45a76fd7,Đường Tô Hiến Thành,10.7703883,106.6581461,10.7736176,106.6614007,50.0,21.5,32.5,0.6615384615384615,1938.46,0.0837209302325581,C,3,11.0,Trung bình,0.38825352842574656
d69cf294f830fb191a1cc40998045761,Đường Lê Hoàng Phái,10.8428373,106.6753185,10.8395688,106.6754115,50.0,22.5,35.0,0.6428571428571429,2005.71,0.08,C,3,12.5,Trung bình,0.3954795232984358
931e092078f2614a71934d3a4ec00d60,Đường Xa Lộ Hà Nội,10.7983208,106.7250464,10.7988988,106.728642,60.0,34.0,41.0,0.8292682926829268,667.32,0.0529411764705882,E,1,7.0,Thông thoáng,0.3892683621199964
dde9586f3c1888aaba6c91fc8ec11ec1,Đường Ấp Bắc,10.7997419,106.6413422,10.8000771,106.6415662,50.0,18.0,34.0,0.5294117647058824,1207.06,0.1,B,3,16.0,Đông,0.33854153590254155
8f34cd4295a3e0db72169eaed2e023ab,Đường Trần Xuân Soạn,10.7512278,106.6919615,10.7504862,106.6880473,50.0,26.5,30.0,0.8833333333333333,1140.0,0.0679245283018867,D,1,3.5,Tương đối thoáng,0.4022241601757454
b48fb5ab1f77f849ae0eacbf7a2892c6,Đường Phạm Hùng,10.7460556,106.6689199,10.7416454,106.668879,50.0,23.0,32.0,0.71875,1299.37,0.0782608695652174,C,3,9.0,Trung bình,0.37452473213425647
94fe46fdbc64e22f478f143047a9d30b,Đường Số 10,10.7414548,106.7099956,10.7498061,106.6287236,50.0,23.0,32.0,0.71875,1732.5,0.0782608695652174,C,1,9.0,Trung bình,0.39122446050775544
56d749878949f252ab47fce853218434,Đường 3 Tháng 2,10.767686,106.6667965,10.7579254,106.6489673,50.0,21.5,32.5,0.6615384615384615,2423.08,0.0837209302325581,C,3,11.0,Trung bình,0.4069385014462371
386ac6318097163e888241a001ada6e8,Đường Sư Vạn Hạnh,10.7589142,106.6735498,10.7633633,106.6725291,50.0,24.5,35.0,0.7,1350.0,0.073469387755102,D,3,10.5,Tương đối thoáng,0.3810735928781483
02801c1189be755f389cb2ec3b613531,Đại lộ Bình Dương,10.8690532,106.7145929,10.8882744,106.7005934,50.0,0.0,0.0,1.0,2700.0,,A,1,0.0,Rất đông / kẹt xe,0.49022086762401035
0c8c8deb6ff00aea42cec01b72e76bb8,Đường Phạm Văn Đồng,10.8292498,106.7225448,10.8292319,106.7225292,50.0,32.0,43.0,0.7441860465116279,1640.93,0.0562499999999999,E,1,11.0,Thông thoáng,0.42050522216521313
06bcedd952eae18f7df052dc12bed073,Đường Quốc lộ 1A,10.729901,106.602171,10.7277176,106.60178,50.0,52.0,52.0,1.0,720.0,0.0346153846153846,E,1,0.0,Thông thoáng,0.413880133480617
ffc45fc8323e15dc38fe196bf3e46a21,Đường Mai Chí Thọ,10.7745747,106.7248969,10.7742939,106.7240549,70.0,33.0,38.5,0.8571428571428571,1851.43,0.0545454545454545,E,1,5.5,Thông thoáng,0.4351532347991328
713582740c5657f37f5ed02a11ca7dd8,Đường Ấp 3 Xã Tân Quý Tây,10.6811514,106.5954928,10.6818,106.5958303,50.0,26.0,32.5,0.8,1080.0,0.0692307692307692,D,1,6.5,Tương đối thoáng,0.3848570411547824
3c45cb822d65c8e4e3364f4e7b3ae167,Đường Số 354/15 Đướng Lý Thường Kiêt,10.7760663,106.6587872,10.7760663,106.6587872,50.0,23.0,35.0,0.6571428571428571,977.14,0.0782608695652174,C,3,12.0,Trung bình,0.3585409481572129
077abce41d36295c50eedc27a6c8a57e,Đường Kha Vạn Cân,10.8415361,106.7438406,10.8415361,106.7438406,50.0,33.0,42.0,0.7857142857142857,1491.43,0.0545454545454545,E,1,9.0,Thông thoáng,0.4173560506272716
b3f614c6deb5a73ca31654f6aff3780e,Đường Nguyễn Thị Nhỏ,10.756343,106.6510842,10.7601722,106.6704457,50.0,19.0,27.5,0.6909090909090909,916.36,0.0947368421052631,B,3,8.5,Đông,0.34018997810831814
f955ff1f9d83c21d79dd9cca15d12cef,Đường Xa Lộ Hà Nội,10.8575649,106.7860239,10.8378557,106.7676582,50.0,41.5,47.5,0.8736842105263158,1174.74,0.0433734939759036,E,1,6.0,Thông thoáng,0.4226524442167834
0c5789508b78f3391791b84ee047f28d,Đường Nguyễn Đình Chiểu,10.7722208,106.6838351,10.7720296,106.6840093,50.0,16.0,26.0,0.6153846153846154,1052.31,0.1124999999999999,B,3,10.0,Đông,0.31999290149997434
75b9ac0082e9b542bf2515fd064477dd,Đường Nguyễn Văn Quỳ,10.7402847,106.73585,10.7404302,106.7361197,50.0,22.0,32.0,0.6875,1845.0,0.0818181818181818,C,1,10.0,Trung bình,0.3887071635107708
ea14fc6b6273dcb810b2b2df002c6e95,Đường Cách Mạng Tháng 8,10.7752936,106.6864011,10.7766471,106.6839026,50.0,17.0,31.0,0.5483870967741935,2345.81,0.1058823529411764,B,3,14.0,Đông,0.37313082107852175
6ea17f272e9d92c4348b73e649fb543d,Đường Vườn Lài,10.845755,106.6932002,10.8606545,106.6917699,50.0,26.0,41.0,0.6341463414634146,1018.54,0.0692307692307692,D,1,15.0,Tương đối thoáng,0.3770035229544884
e50efc6df4e60f7efd231b37a1f22a36,Đường Trần Hưng Đạo,10.7520028,106.6580656,10.752179,106.6632877,50.0,17.0,28.0,0.6071428571428571,1067.14,0.1058823529411764,B,3,11.0,Đông,0.3258819492693026
009679450cd5669cc80d7892fd165528,Đường Sư Vạn Hạnh,10.7740549,106.6683653,10.77004,106.6705481,50.0,16.0,30.0,0.5333333333333333,1200.0,0.1124999999999999,B,3,14.0,Đông,0.320989128659074
addf1fc31e67c702a38328d1eeee8ed7,Đường An Dương Vương,10.7560028,106.6664058,10.7566251,106.6697746,60.0,20.5,32.0,0.640625,3020.62,0.0878048780487804,C,3,11.5,Trung bình,0.4237520235642628
b82266efeba8e716ad44efef5a4c20cd,Đường Trần Quý,10.7591573,106.6561005,10.7596357,106.6582987,50.0,19.0,30.0,0.6333333333333333,2040.0,0.0947368421052631,B,3,11.0,Đông,0.3772470745224491
9eda13e00b96dcb2827ef8343db1a2b9,Đường Thoại Ngọc Hầu,10.7737359,106.621551,10.7842211,106.6392437,50.0,20.0,31.0,0.6451612903225806,1498.06,0.09,C,3,11.0,Trung bình,0.3626094465987451
cc87908123841e95270c11abdbbb8628,Đường Đinh Liệt,10.7817224,106.6249308,10.7821668,106.6241211,50.0,21.0,30.0,0.7,900.0,0.0857142857142857,C,3,9.0,Trung bình,0.349207296995119
2cfd46861fadbb0b9d44d4cf99a2ab51,Đường Nguyễn Văn Quỳ,10.7342194,106.7271372,10.7399509,106.7344584,50.0,32.0,36.5,0.8767123287671232,1163.84,0.0562499999999999,E,1,4.5,Thông thoáng,0.40931802781809407
86734732c7cdeead4dd6fbe6653de95d,Đường Trường Chinh,10.829463,106.6235423,10.8417386,106.6160676,65.0,31.5,37.0,0.8513513513513513,941.35,0.0571428571428571,E,1,5.5,Thông thoáng,0.39700036397365907
035b1873d845ded3f521e9b067468ac8,Đường Đất Mới,10.7614144,106.6100165,10.76138,106.6100099,50.0,20.0,31.0,0.6451612903225806,1997.42,0.09,C,3,11.0,Trung bình,0.38186273397341425
ec236910415bc7dd690175f42168ccbf,Đường Bình Đức,10.7232019,106.6337729,10.7231437,106.6337903,50.0,32.0,42.0,0.7619047619047619,1577.14,0.0562499999999999,E,1,10.0,Thông thoáng,0.417742092283894
471593678f06b0746057cf918d6115f7,Đường Nguyễn Kiệm,10.7998472,106.680033,10.8194173,106.6787757,50.0,20.0,32.5,0.6153846153846154,2630.77,0.09,C,3,12.5,Trung bình,0.40504543736988957
64f139ba573a5097543a281c37f2811e,Đường Cộng Hòa,10.8021815,106.6453771,10.8022319,106.644295,50.0,15.0,19.0,0.7894736842105263,738.95,0.12,B,3,4.0,Đông,0.3419452334799123
ce594929665cfa4da77b08cbace9a6ae,Đường Ni Sư Huỳnh Liên,10.782654,106.6494573,10.7821504,106.6497547,30.0,19.0,31.5,0.6031746031746031,1074.29,0.0947368421052631,B,3,12.5,Đông,0.3385744188174573
2e7b0341cc7b2135881d31cacb53f4b1,Vòng Xoay Ngã Bảy,10.7677321,106.6723696,10.7676423,106.6741538,50.0,16.0,34.0,0.4705882352941176,2625.88,0.1124999999999999,B,1,18.0,Đông,0.3814807494228801
e3eef76fb76e773a3568b80626111e50,Đường Kinh Dương Vương,10.7540208,106.6340806,10.7539125,106.6340886,50.0,25.0,35.0,0.7142857142857143,2622.86,0.072,D,3,10.0,Tương đối thoáng,0.43286878328219297
2602b0b1802d1ab2478d50934c97a0b5,Đường Lý Thường Kiệt,10.7757808,106.6565902,10.7677013,106.6588507,50.0,17.0,31.0,0.5483870967741935,1172.9,0.1058823529411764,B,3,14.0,Đông,0.3279081895208816
9e18201f1be98d0c782e9d6cb8286cf4,Đường Châu Văn Liêm,10.7519402,106.6590317,10.7520192,106.6589344,50.0,17.0,26.0,0.6538461538461539,2949.23,0.1058823529411764,B,3,9.0,Đông,0.4038003844695562
43d35d74a03520d74e9ca1ef0fa9089d,Đường Phạm Văn Đồng,10.8380903,106.7343264,10.8667147,106.7620017,50.0,34.0,45.0,0.7555555555555555,2000.0,0.0529411764705882,E,1,11.0,Thông thoáng,0.44036433567693256
59648d6ae288eb33a93f20c1d4f3eeb7,Đường Nguyễn Đình Chính,10.7956505,106.6755726,10.7949615,106.6778016,50.0,18.0,34.0,0.5294117647058824,1207.06,0.1,B,3,16.0,Đông,0.33854153590254155
7ac9e10ab273227210ba16ae4be9d1e9,Đường Trang Tử,10.7516644,106.6532793,10.7514819,106.6504956,50.0,17.0,28.5,0.5964912280701754,2172.63,0.1058823529411764,B,3,11.5,Đông,0.36770879457046673
70c4bc5a0849c2df4cb224daea730d5a,Đường Quốc lộ 1A,10.7237483,106.6010824,10.7238063,106.6010908,60.0,43.0,51.0,0.8431372549019608,1927.06,0.041860465116279,E,1,8.0,Thông thoáng,0.4548533525158943
ddba054645927d488ac5ce38f7733b99,Lê Hồng Phong,10.760492,106.6770991,10.7663147,106.6749228,50.0,12.0,15.0,0.8,1080.0,0.15,B,3,3.0,Đông,0.35098607341284693
7b83e57eef6b9b0d27df3954c0c6a10c,Đường Hồng Bàng,10.75373,106.65443,10.7554182,106.6634172,55.0,23.0,35.0,0.6571428571428571,1954.29,0.0782608695652174,C,3,12.0,Trung bình,0.3962158715755042
9a4282192c936b70eb0b0847abd98669,Đường Nguyễn Cư Trinh,10.7646953,106.6921459,10.7639667,106.6902673,50.0,21.0,26.0,0.8076923076923077,1059.23,0.0857142857142857,C,1,5.0,Trung bình,0.37360958444073394
18838413bcf7c1e42fdcc8d3c5c038bd,Đường Nguyễn Hữu Thọ,10.7324712,106.7000037,10.7330629,106.6999333,50.0,19.0,34.0,0.5588235294117647,1154.12,0.0947368421052631,B,3,15.0,Đông,0.3423827381035406
46df3fab6fa51b6145d3294fe13f6ae1,Đường Cao Tốc Thành phố Hồ Chí Minh-Long Thành-Dầu Giây,10.7883612,106.8358795,10.790253,106.8268185,120.0,76.0,76.0,1.0,720.0,0.0236842105263157,E,1,0.0,Thông thoáng,0.413880133480617
0ab89b0cbb7852e76760887f26a0f538,Hẻm 470 Tỉnh Lộ 43,10.8628859,106.7448654,10.8658949,106.7473789,50.0,30.5,44.5,0.6853932584269663,1389.44,0.0590163934426229,D,1,14.0,Tương đối thoáng,0.4087377688773911
e2f527445f2b3116f23d71984f1d7284,Đường Lý Thái Tông,10.7592472,106.6339978,10.7696046,106.6317019,50.0,23.0,34.5,0.6666666666666666,1920.0,0.0782608695652174,C,3,11.5,Trung bình,0.3950934816418133
aca6705b1d62342359f176619f7beaba,Đường Ngô Quyền,10.7659563,106.6640385,10.7659563,106.6640385,50.0,24.0,33.0,0.7272727272727273,1701.82,0.075,D,3,9.0,Tương đối thoáng,0.39455036234175517
98633ad0fc5093fe3208463dd3710a09,Đường Ngô Quyền,10.7613478,106.6650929,10.756629,106.6661917,50.0,22.0,31.5,0.6984126984126984,1354.29,0.0818181818181818,C,3,9.5,Trung bình,0.37072184470432734
b4bf24f08221cf29789dd8670dd2c61a,Đường Xa Lộ Hà Nội,10.8633078,106.7965925,10.8010884,106.7392519,55.0,48.5,52.0,0.9326923076923076,1202.88,0.0371134020618556,E,1,3.5,Thông thoáng,0.43076104648456987
9f797eb0474a9398b1fb1540834a545b,Đường Tân Sơn,10.8385379,106.6467909,10.8248067,106.6412646,50.0,30.0,30.0,1.0,360.0,0.06,D,1,0.0,Tương đối thoáng,0.4
84c491ab6ebaa57dad924e744dca2222,Đường Số 8,10.7356907,106.6934274,10.7357575,106.6934288,50.0,20.0,34.0,0.5882352941176471,2202.35,0.09,C,3,14.0,Trung bình,0.3886805697069035
f022a7d9fd692cd2af3ead98c7582eee,Đường Quốc Lộ 22,10.8552391,106.6071961,10.8551791,106.6071458,50.0,31.0,39.0,0.7948717948717948,1458.46,0.0580645161290322,D,1,8.0,Tương đối thoáng,0.41125206012900994
df5c224c39d21005bbac19fdc087dd6e,Đường Nguyễn Thị Minh Khai,10.7657285,106.6818889,10.7897016,106.7045845,50.0,24.0,37.0,0.6486486486486487,1488.65,0.075,D,3,13.0,Tương đối thoáng,0.3834463990915296
180dbd53a684859dd4139d4ad848c464,Hẻm 345 Tô Ký,10.8521986,106.6264888,10.8521149,106.6265032,50.0,30.5,36.0,0.8472222222222222,635.0,0.0590163934426229,D,1,5.5,Tương đối thoáng,0.38300431343389424
d5f6c809df92853263e48f6c2134cf5e,Đường Nguyễn Cửu Vân,10.7963537,106.7058178,10.7960538,106.7063387,50.0,34.0,41.0,0.8292682926829268,1334.63,0.0529411764705882,E,1,7.0,Thông thoáng,0.4149971173226367
b52a8847dc58844ae1c266466e0f4c77,Đường Quang Trung,10.835952,106.6605258,10.8395934,106.6466938,50.0,24.0,36.5,0.6575342465753424,976.44,0.075,D,3,12.5,Tương đối thoáng,0.36355972632144795
1591e903a4a408ad42787606d739855b,Đường Nguyễn Lương Bằng,10.7225313,106.7257177,10.723735,106.7249535,50.0,24.0,36.0,0.6666666666666666,960.0,0.075,D,1,12.0,Tương đối thoáng,0.36291850203758735
90702a5565c424aa1d6ee35909a3d731,Đường Vạn Kiếp,10.750294,106.6601636,10.7487665,106.6603921,50.0,20.5,31.0,0.6612903225806451,2424.19,0.0878048780487804,C,3,10.5,Trung bình,0.40201131533388224
bb3933dee270e2276ba40eb7efc5f3fb,Phạm Ngọc Thạch,10.78092,106.6978143,10.7817113,106.6969534,55.0,7.0,12.5,0.56,2880.0,0.2571428571428572,A,3,5.5,Rất đông / kẹt xe,0.3176125472675446
4ed93ab0d545f2e012459b2bacc942ec,Hẻm 6 Đường Số 12,10.8410074,106.7045433,10.8412473,106.7050813,50.0,29.5,42.0,0.7023809523809523,895.71,0.0610169491525423,D,1,12.5,Tương đối thoáng,0.3841724604275164
341de1ab3fb1a61a645de1effd334e85,Đường Hoàng Văn Thụ,10.7954312,106.6557557,10.7955147,106.655546,50.0,21.0,34.0,0.6176470588235294,2096.47,0.0857142857142857,C,3,13.0,Trung bình,0.3904806211677252
c6bdbee9943288bb1b2bcb5ad94530c5,Đường Võ Hữu Lợi,10.7495136,106.5406398,10.749453,106.540609,50.0,46.0,46.0,1.0,360.0,0.0391304347826087,E,1,0.0,Thông thoáng,0.4
400735b80522e4d3002a2062d74fbb13,Đường Tỉnh Lộ 830C,10.6812591,106.5374757,10.681695,106.5402437,50.0,34.5,44.5,0.7752808988764045,1528.99,0.0521739130434782,E,1,10.0,Thông thoáng,0.42296203237714985
76af16d73c754e9fec2fe300c7bb0d57,Đường Hùng Vương,10.7581844,106.6702787,10.7562461,106.666373,55.0,19.0,29.0,0.6551724137931034,1961.38,0.0947368421052631,B,3,10.0,Đông,0.37609196628883385
209ade582eaa3ae5786558a7a66cea25,Đường Xa Lộ Hà Nội,10.8499117,106.7747696,10.8478386,106.7730798,60.0,44.0,50.0,0.88,1152.0,0.0409090909090909,E,1,6.0,Thông thoáng,0.42511693881864765
302b40b302ebe4e7abfb61128801822a,Đường Quang Trung,10.8388107,106.6491032,10.8408842,106.6452271,50.0,23.0,36.0,0.6388888888888888,2020.0,0.0782608695652174,C,3,13.0,Trung bình,0.39876986280578397
6a5ac31dbca60ac6d9564f5301e8e7cc,Đường Sư Vạn Hạnh,10.7774435,106.6659013,10.7742735,106.6682193,50.0,14.0,31.0,0.4516129032258064,1347.1,0.1285714285714286,B,3,17.0,Đông,0.3124602198176871
51e315913bf3e64b6750e535df7ea2f3,Đường Hà Huy Giáp,10.8629755,106.6803378,10.8591758,106.6799122,50.0,22.0,35.0,0.6285714285714286,2057.14,0.0818181818181818,C,1,13.0,Trung bình,0.3947435605806306
1fb9c9a180180aeee163ef5ba2f67729,Đường Trần Bình Trọng,10.763637,106.678648,10.7581844,106.6702787,60.0,23.0,29.0,0.7931034482758621,2197.24,0.0782608695652174,C,3,6.0,Trung bình,0.41944605628445164
5021b61f8fd013c5b28a199274d109ce,Đường Bưng Ông Thoàn,10.828493,106.7887386,10.8287562,106.7885591,50.0,31.0,31.0,1.0,360.0,0.0580645161290322,D,1,0.0,Tương đối thoáng,0.4
2c0ec269f75728253ce3e07a5c8fb229,Đường Thành Thái,10.780807,106.658922,10.7833862,106.6613755,50.0,23.0,34.0,0.6764705882352942,1413.53,0.0782608695652174,C,3,11.0,Trung bình,0.37591394271882106
74ef85fbba86aea448f55f140da46e7f,Đường Lê Minh Xuân,10.786231,106.651613,10.7874965,106.6560086,50.0,21.0,33.5,0.6268656716417911,1031.64,0.0857142857142857,C,3,12.5,Trung bình,0.34946334800642503
d5e1b6c3d3515823a2ffdbca37045835,Đường Vạn Kiếp,10.7504541,106.6597273,10.7502217,106.659871,50.0,21.5,26.0,0.8269230769230769,1343.08,0.0837209302325581,C,3,4.5,Trung bình,0.3898886717239891
1e451e288c8c3755f9b6d46f70b02cb3,Đường Nguyễn Hữu Cảnh,10.7980288,106.720103,10.7979697,106.7201402,50.0,27.0,36.0,0.75,1620.0,0.0666666666666666,D,1,9.0,Tương đối thoáng,0.4034191768595788
096dc1f131e7584f5575caf78dd99112,Đường Hoàng Văn Thụ,10.8002745,106.666894,10.7999007,106.6717039,60.0,17.5,31.5,0.5555555555555556,2320.0,0.1028571428571428,B,3,14.0,Đông,0.3759280385557605
ea77c590d2d33ca7d91466b6e2c60382,Hẻm 69 Đường Số 18,10.8226043,106.6066965,10.8232027,106.6059457,50.0,30.0,46.0,0.6521739130434783,986.09,0.06,D,1,16.0,Tương đối thoáng,0.3949669694001756
91c1d62e3d990e9f6f7befb66bcbcb20,Đường Nguyễn Duy,10.7447602,106.6688752,10.7448407,106.6689569,50.0,19.5,33.0,0.5909090909090909,2192.73,0.0923076923076923,C,3,13.5,Trung bình,0.3848854767723242
bdce1bfc0b89165c9a039761cedcc781,Đường Lê Đại Hành,10.7597225,106.6587965,10.7552474,106.6584197,50.0,20.0,30.0,0.6666666666666666,1920.0,0.09,C,3,10.0,Trung bình,0.3805773526095553
3f3172997a45be4a39c53a0697c17f35,Hẻm 602 Đường Điện Biên Phủ,10.7987712,106.7178735,10.7986979,106.7178674,50.0,33.0,42.0,0.7857142857142857,745.71,0.0545454545454545,E,1,9.0,Thông thoáng,0.38860412524070026
1a30d0ec9edfb010337877f888337254,Đường Mã Lò,10.7834104,106.5989412,10.7764236,106.6008637,50.0,27.0,39.5,0.6835443037974683,929.62,0.0666666666666666,D,1,12.5,Tương đối thoáng,0.3755146971550496
835a94e91589c19f1cb1320947313fa9,Đường Lê Hồng Phong,10.7663147,106.6749228,10.7654291,106.6752055,50.0,23.0,36.0,0.6388888888888888,1010.0,0.0782608695652174,C,3,13.0,Trung bình,0.35982837720738636
dc93c8af5cdfc8db446940a3fa18c38c,Đường Bến Bình Đông,10.7482848,106.6604156,10.7482848,106.6604156,50.0,29.0,29.0,1.0,1080.0,0.0620689655172413,D,1,0.0,Tương đối thoáng,0.427760266961234
c3215633a558ad6ac300609ca953bd94,Đường Nguyễn Bỉnh Khiêm,10.7886678,106.7034865,10.7918707,106.700004,50.0,11.0,24.0,0.4583333333333333,2002.5,0.1636363636363636,B,3,13.0,Đông,0.30257542083327194
376075e39c6e7d0a8df99fb9356f61b0,Đường Trường Sơn,10.8130678,106.6650669,10.8144166,106.6652668,45.0,17.0,34.0,0.5,3150.0,0.1058823529411764,B,3,17.0,Đông,0.4075710344747815
06024a91e4cbfb9e2a00efbe60407906,Đường Lạc Long Quân,10.767159,106.6426234,10.7742613,106.6477025,50.0,21.5,32.0,0.671875,950.62,0.0837209302325581,C,3,10.5,Trung bình,0.3507960947603927
1233bba5ca25d8e284fd778f04ef644a,Đường Nguyễn Văn Linh,10.7311956,106.7192028,10.7526944,106.7269803,50.0,36.5,36.5,1.0,540.0,0.0493150684931506,E,1,0.0,Thông thoáng,0.4069400667403085
710295922d5db990b56d770e790aca74,Nguyễn Thị Diệu Hương,10.7779274,106.655911,10.7779274,106.655911,50.0,17.0,31.0,0.5483870967741935,2345.81,0.1058823529411764,B,3,14.0,Đông,0.37313082107852175
5f58685349eaa85e87f8ffa517fc2c3e,Đường Tạ Uyên,10.7537874,106.6537848,10.7537826,106.6537256,50.0,25.0,35.0,0.7142857142857143,2622.86,0.072,D,3,10.0,Tương đối thoáng,0.43286878328219297
a0a597c2c92138e7e7e211d637e1413d,Quốc Lộ 1,10.8249576,106.6029789,10.8249497,106.6029143,50.0,29.0,47.0,0.6170212765957447,1049.36,0.0620689655172413,D,1,18.0,Tương đối thoáng,0.3981643629322059
018afdc8dfe6405f1dceb1f30f73325d,Đường Nguyễn Trãi,10.7563856,106.6762478,10.7527545,106.6535477,50.0,19.5,31.0,0.6290322580645161,1541.61,0.0923076923076923,C,3,11.5,Trung bình,0.36059448851217646
abfcf67d913fad9e43c3bf2068eb5422,Đường Lý Thái Tổ,10.7376092,106.8141974,10.7670409,106.6763647,50.0,34.5,39.5,0.8734177215189873,587.85,0.0521739130434782,E,1,5.0,Thông thoáng,0.39020595597387253
9f3832eca4caa286201aafaa1457afd0,Khánh Hội,10.7606879,106.6977387,10.7565916,106.7008416,50.0,9.5,17.0,0.5588235294117647,1731.18,0.1894736842105263,B,3,7.5,Đông,0.2920511757931526
42207b521df1859c147c0601fb423ed8,Đường Nguyễn Du,10.7791557,106.7000845,10.7792456,106.6999777,50.0,11.0,23.5,0.4680851063829787,1317.45,0.1636363636363636,B,3,12.5,Đông,0.2764829763366151
416cfd141b2e1f430ec55fda745aa785,Đường Số 621,10.8674881,106.7842783,10.8738915,106.8076326,50.0,35.5,52.0,0.6826923076923077,1862.31,0.0507042253521126,E,1,16.5,Thông thoáng,0.44973436808446426
c7f1805ac503309ccfe6e3892f45e7d9,Đường Quốc Lộ 1A,10.8620634,106.6494828,10.8725843,106.7668518,65.0,27.0,41.0,0.6585365853658537,974.63,0.0666666666666666,D,1,14.0,Tương đối thoáng,0.3785363386807294
a7e8464abc9a8b7fa8ccfdb1d8c3e6bd,Đường Lý Thái Tổ,10.7669304,106.6770101,10.7461614,106.7956925,50.0,32.5,39.0,0.8333333333333334,990.0,0.0553846153846153,E,1,6.5,Thông thoáng,0.3990214163867786
bfc437a1fe8725c4ea25584d08ad8bb6,Đường Quốc Lộ 1A,10.8618381,106.7958668,10.8607361,106.795148,50.0,25.0,37.0,0.6756756756756757,2359.46,0.072,D,1,12.0,Tương đối thoáng,0.4216420350853921
30823593c5dd172619c707bafba9b094,Đường Hồng Lạc,10.7842211,106.6392437,10.78599,106.6416689,50.0,20.0,31.0,0.6451612903225806,998.71,0.09,C,3,11.0,Trung bình,0.3433565447833393
47ed5ada72329906efb3f9b95e354dfb,Đường Hồng Bàng,10.753623,106.6478806,10.7533034,106.6507117,50.0,21.0,31.5,0.6666666666666666,1920.0,0.0857142857142857,C,3,10.5,Trung bình,0.3854160622869746
d7d66ec780f7229fc42a104fb9a5fc8d,Đường Nguyễn Trọng Tuyển,10.7983381,106.6674578,10.7980849,106.6699079,50.0,16.0,32.0,0.5,1260.0,0.1124999999999999,B,3,16.0,Đông,0.32502291434670366
320440cb37367194702ef3389c7420b7,Đường Trương Quốc Dung,10.7935553,106.6753149,10.7940624,106.673077,50.0,16.5,33.5,0.4925373134328358,1273.43,0.1090909090909091,B,3,17.0,Đông,0.3312701378663675
110e7cec58e4bd5ee1d6aa5e4e12f13a,Hẻm 282 Lê Văn Quới,10.7763027,106.6087456,10.7763962,106.6028052,50.0,22.5,32.0,0.703125,1788.75,0.08,C,3,9.5,Trung bình,0.38996581200926317
fd6f15ac19a957141598dd378d42dddc,Trường Chinh,10.8152248,106.6323883,10.8083021,106.6345381,50.0,23.0,35.0,0.6571428571428571,2442.86,0.0782608695652174,C,3,12.0,Trung bình,0.4150531405050182
6ea26a0d225cc1f578e7874119074860,Đường Tùng Thiện Vương,10.7463121,106.6599822,10.7463656,106.6600922,50.0,23.0,33.0,0.696969696969697,905.45,0.0782608695652174,C,3,10.0,Trung bình,0.3574917180937428
86163a5b85f5781a1a097719e51b4386,Đường Phạm Văn Đồng,10.8666573,106.7617638,10.8185142,106.6869633,50.0,33.0,42.0,0.7857142857142857,745.71,0.0545454545454545,E,1,9.0,Thông thoáng,0.38860412524070026
d3c7e159184f07572d71181f2e57dc01,Đường Phan Xích Long,10.7958364,106.6927968,10.7973608,106.6925024,50.0,20.5,33.0,0.6212121212121212,1041.82,0.0878048780487804,C,3,12.5,Trung bình,0.34686493678662594
40261f76994c01f962c06cfa07bb9b0e,Đường Nguyễn Tri Phương,10.758935,106.6691456,10.756601,106.6695945,55.0,18.0,29.5,0.6101694915254238,2654.24,0.1,B,3,11.5,Đông,0.39351395685482016
8ebb4c8c33e51a98f243c943da7e73e1,Đường Xa Lộ Hà Nội,10.8458797,106.7715847,10.8584028,106.7887514,50.0,41.5,48.0,0.8645833333333334,905.62,0.0433734939759036,E,1,6.5,Thông thoáng,0.41230032538714345
f37ae9837ea92b238ffc3e382e8e0abb,Đường Thích Quảng Đức,10.8082313,106.6785195,10.8033105,106.684482,50.0,18.5,30.5,0.6065573770491803,1602.3,0.0972972972972973,B,3,12.0,Đông,0.35588322030559544
fe89e81c704908a30c246e67aed9365a,Đường Tỉnh Lộ 830C,10.6817688,106.5406723,10.6828162,106.5444885,50.0,36.0,45.0,0.8,1440.0,0.05,E,1,9.0,Thông thoáng,0.4229307230224961
c53e64beb6af8275a56b2b4a30d6f9f4,Đường Nguyễn Thái Sơn,10.8146011,106.6790072,10.8157766,106.6800056,50.0,0.0,0.0,1.0,1800.0,,A,1,0.0,Rất đông / kẹt xe,0.45552053392246794
70f1b14a609deef6532cfd6eac842e1d,Đường Trần Văn Kiểu,10.7465385,106.6289013,10.7460179,106.6288456,50.0,23.0,35.0,0.6571428571428571,977.14,0.0782608695652174,C,3,12.0,Trung bình,0.3585409481572129
19159488838aabb5e7b22630b92d0b76,Đường Số 32,10.7406127,106.699903,10.7394635,106.7068498,50.0,23.0,32.0,0.71875,866.25,0.0782608695652174,C,1,9.0,Trung bình,0.35782538932002084
69612fa73726b3617315f5dbcb75d523,Đường Phạm Văn Đồng,10.8218467,106.6992827,10.8173044,106.6849075,65.0,40.0,44.5,0.898876404494382,2168.09,0.045,E,1,4.5,Thông thoáng,0.45976332786996976
75582636d5681a2d84e6e69f21705c17,Đường D1,10.8488982,106.8011838,10.8492092,106.8008695,50.0,37.0,40.0,0.925,1485.0,0.0486486486486486,E,1,3.0,Thông thoáng,0.4327302558366055
541049ab7793d155f754a28632b82bfd,Đường Đặng Nguyên Cẩn,10.7534511,106.6316452,10.7563978,106.6332036,50.0,24.0,35.0,0.6857142857142857,1851.43,0.075,D,3,11.0,Tương đối thoáng,0.39768779701111445
10c32f2911bb190ca64b7c313ade54d0,Đường Quốc Lộ 1A,10.8615207,106.6642282,10.8615229,106.6653693,80.0,28.0,47.0,0.5957446808510638,2175.32,0.0642857142857143,D,1,19.0,Tương đối thoáng,0.43999820761251995
9639ccbb53d7c7aa83a76252d96f6a30,Đường Hải Thượng Lãn Ông,10.7507925,106.6590186,10.8515609,106.6439339,50.0,26.5,41.0,0.6463414634146342,1993.17,0.0679245283018867,D,3,14.5,Tương đối thoáng,0.41619418866422186
f2d459490aa10bfe84e2ce7c321b0772,Đường Kha Vạn Cân,10.8270992,106.7153558,10.8504341,106.7545053,50.0,0.0,0.0,1.0,1800.0,,A,1,0.0,Rất đông / kẹt xe,0.45552053392246794
ec9ac5661ff242298083b66306af2d15,Đường Châu Văn Liêm,10.7526979,106.6694499,10.7519097,106.658894,55.0,18.0,27.5,0.6545454545454545,1963.64,0.1,B,3,9.5,Đông,0.37100871133843355
230102be62b945b3185f1c627a0c862c,Đường Nguyễn Trãi,10.7667749,106.6882291,10.7667953,106.6882753,50.0,14.0,27.0,0.5185185185185185,2453.33,0.1285714285714286,B,3,13.0,Đông,0.35179749352345074
cbf7984140cf5a47b500189d41e6a2c4,Đường Lữ Gia,10.7705044,106.6572944,10.7711526,106.6529443,50.0,17.5,31.0,0.5645161290322581,2287.74,0.1028571428571428,B,3,13.5,Đông,0.3745859471147055
bbc9668a44f87c125ba8ae335da5cf53,Hẻm 20 Bờ Bao Tân Thắng,10.8073924,106.6216983,10.8012197,106.6186403,50.0,18.0,34.0,0.5294117647058824,1207.06,0.1,B,3,16.0,Đông,0.33854153590254155
2331810cce9f2f72825928a584de44d2,Đường Trần Bình Trọng,10.7529727,106.668592,10.7626244,106.6790625,50.0,24.0,28.0,0.8571428571428571,1851.43,0.075,D,3,4.0,Tương đối thoáng,0.42063710576687474
6c7d61e122e39e9c169ebcbc77995be1,Đường Mai Văn Ngọc,10.7915356,106.67201,10.7962369,106.6656372,50.0,17.0,32.0,0.53125,1203.75,0.1058823529411764,B,3,15.0,Đông,0.3297089822000348
73bda8328a14288c99df7d4bbc87c701,Đường Cao Thắng,10.7720072,106.6798441,10.7725943,106.6791758,50.0,11.0,27.0,0.4074074074074074,2853.33,0.1636363636363636,B,3,16.0,Đông,0.3374707601148173
716e267240e0107652e41f61ee700999,Đường Trần Nhân Tôn,10.7590354,106.6755174,10.7632459,106.6746392,50.0,24.5,29.0,0.8448275862068966,1278.62,0.073469387755102,D,3,4.5,Tương đối thoáng,0.39687541968838824
a075b85befd3006493db5b5098a900bd,Đường Cao Tốc Thành phố Hồ Chí Minh-Long Thành-Dầu Giây,10.7933726,106.755623,10.7935165,106.7559349,50.0,62.0,62.0,1.0,360.0,0.0290322580645161,E,1,0.0,Thông thoáng,0.4
ae185ee676c6ee10a1f28a338e15dbca,Cầu vượt Cộng Hòa - Hoàng Hoa Thám,10.8020955,106.6450548,10.8017925,106.6479549,50.0,23.0,34.5,0.6666666666666666,960.0,0.0782608695652174,C,3,11.5,Trung bình,0.358079792360168
e07e8c19221f5933646ec3392d1e357e,Đường Phạm Văn Đồng,10.8395571,106.7384111,10.8353219,106.7301125,50.0,32.5,42.0,0.7738095238095238,1150.71,0.0553846153846153,E,1,9.5,Thông thoáng,0.4027599820116171
a0f9b336cdde1225f168a0c44bf80a06,Đường Lê Đức Thọ,10.8600761,106.6505875,10.860121,106.650645,50.0,29.0,48.0,0.6041666666666666,2145.0,0.0620689655172413,D,1,19.0,Tương đối thoáng,0.443284694099457
6a45776a0cbbd487c673a10dbb3910df,Đường Phan Anh,10.7735866,106.6215672,10.7762952,106.6093332,50.0,22.0,30.5,0.7213114754098361,1723.28,0.0818181818181818,C,3,8.5,Trung bình,0.38738536830956927
508a9779ce90220c358a80a5f1ea6562,Đường Số 7,10.7515592,106.6190633,10.7516045,106.6193735,50.0,25.0,35.0,0.7142857142857143,1748.57,0.072,D,3,10.0,Tương đối thoáng,0.3991597224467246
a4a81e2375290beb6afe95542446bc64,Đường Nguyễn Văn Linh,10.7208632,106.6572305,10.7341285,106.7221401,50.0,35.0,39.0,0.8974358974358975,1361.54,0.0514285714285714,E,1,4.0,Thông thoáng,0.42306526110511017
a4072ff596e6d725ad0d820d46d29199,Đường Lạc Long Quân,10.7629749,106.6424096,10.7630776,106.6422594,50.0,18.5,26.0,0.7115384615384616,1758.46,0.0972972972972973,B,3,7.5,Đông,0.37389410684672847
9105769bba4279532a89697abbb61d88,Cầu Cá Trê Lớn,10.7780689,106.7323124,10.7793052,106.7347388,80.0,33.0,42.0,0.7857142857142857,2237.14,0.0545454545454545,E,1,9.0,Thông thoáng,0.4461075904545796
ea5ba25b162c6aad49fd8a3d166ddde2,Lê Quý Đôn,10.8786289,106.8017773,10.8788557,106.8000739,45.0,40.0,57.0,0.7017543859649122,1345.26,0.045,E,1,17.0,Thông thoáng,0.444722190362306
df5c224c39d21005bbac19fdc087dd6e,Đường Nguyễn Thị Minh Khai,10.7660316,106.682324,10.7657285,106.6818889,55.0,24.0,37.0,0.6486486486486487,1984.86,0.075,D,3,13.0,Tương đối thoáng,0.4025782352982434
3c39db0c557be235aff028b5bb55ca41,Đường 3 Tháng 2,10.7711007,106.6734728,10.7674299,106.6665142,50.0,19.0,31.5,0.6031746031746031,1074.29,0.0947368421052631,B,3,12.5,Đông,0.3385744188174573
e60f6940bca29797062ec575599d5b16,Đường Hoàng Văn Thụ,10.7991177,106.6803031,10.7991862,106.6802718,50.0,19.0,30.0,0.6333333333333333,2040.0,0.0947368421052631,B,3,11.0,Đông,0.3772470745224491
bcdffcfc244c68b7f1e75048c879ca68,Đường Bạch Đằng,10.8153763,106.6636437,10.8152546,106.6633414,50.0,33.0,36.5,0.9041095890410958,532.6,0.0545454545454545,E,1,3.5,Thông thoáng,0.38979659999104116
bbe60f9a46cf61aed393aa19886c8fe9,Trường Chinh,10.7959135,106.647854,10.8339258,106.6206709,50.0,25.0,36.5,0.684931506849315,927.12,0.072,D,3,11.5,Tương đối thoáng,0.3664747631472857
35b78941d6de203d9d443c0657bc1467,Đường Trường Chinh,10.8261451,106.6265884,10.8264064,106.6266087,50.0,22.0,35.0,0.6285714285714286,2057.14,0.0818181818181818,C,3,13.0,Trung bình,0.3947435605806306
930d3617a3ab7b584b0405b337222571,Đường Lê Đức Thọ,10.8385342,106.680097,10.8404489,106.6787279,50.0,27.0,36.0,0.75,1620.0,0.0666666666666666,D,1,9.0,Tương đối thoáng,0.4034191768595788
3e121d99cb433ec1d4c82ffd2797d0c0,Đường Lê Khôi,10.7831843,106.6254206,10.7821283,106.6288258,50.0,20.0,31.0,0.6451612903225806,1498.06,0.09,C,3,11.0,Trung bình,0.3626094465987451
d619daa10f574702b0448f44d5ce36da,Đường Nguyễn Phúc Nguyên,10.7822564,106.6795303,10.7830627,106.6784842,50.0,8.5,15.5,0.5483870967741935,1759.35,0.2117647058823529,B,3,7.0,Đông,0.282777377036199
ab5324396a6dc13b932dac13aac14dac,Đường Hòa Hưng,10.7780404,106.6712231,10.7800043,106.676489,50.0,18.5,32.5,0.5692307692307692,1135.38,0.0972972972972973,B,3,14.0,Đông,0.33748854627085
de5324453bfbe514a3a5401164d9b6d7,Phường An Phú Đông,10.8643469,106.6941172,10.8519273,106.6913666,50.0,29.5,47.0,0.6276595744680851,1030.21,0.0610169491525423,D,1,17.5,Tương đối thoáng,0.39821531001083765
d840e5c8084a9478d71d3c792ab8ddf3,Đường Mai Chí Thọ,10.7932441,106.7532978,10.7938273,106.7522965,55.0,42.0,43.0,0.9767441860465116,803.72,0.0428571428571428,E,1,1.0,Thông thoáng,0.4144823792192836
9eb7d002bf67659a94abdec50d79d48d,Đường Tô Ký,10.8599399,106.61763,10.8571859,106.6200389,50.0,24.0,36.0,0.6666666666666666,1440.0,0.075,D,1,12.0,Tương đối thoáng,0.38142534667841
77d3bced82cef96b7453fb9575be6339,Đường Xa Lộ Hà Nội,10.8336803,106.7646754,10.8030754,106.7498148,70.0,39.5,45.5,0.8681318681318682,1194.73,0.0455696202531645,E,1,6.0,Thông thoáng,0.42048580894973897
52b178c7b399b7c542dfef7654a82b37,Đường Nguyễn Thi,10.750597,106.6592038,10.7506107,106.6592357,50.0,21.0,30.0,0.7,2700.0,0.0857142857142857,C,3,9.0,Trung bình,0.41860796439820386
ebe8ea125e970e051c6915ee1c00489c,Đường Lạc Long Quân,10.7662165,106.6422433,10.761987,106.642118,50.0,22.0,31.0,0.7096774193548387,1323.87,0.0818181818181818,C,3,9.0,Trung bình,0.370669664504283
386ac6318097163e888241a001ada6e8,Đường Sư Vạn Hạnh,10.7633633,106.6725291,10.7696215,106.6710798,50.0,20.0,31.5,0.6349206349206349,1017.14,0.09,C,3,11.5,Trung bình,0.34348820313176165
d69cf294f830fb191a1cc40998045761,Lê Đức Thọ,10.8472382,106.6693689,10.8428373,106.6753185,50.0,10.5,17.5,0.6,1620.0,0.1714285714285714,B,3,7.0,Đông,0.3047094994402239
2b1fb9e1bc5fa7b343da8b13cf3429fd,Đường Quốc Lộ 13,10.8260009,106.7145095,10.8374007,106.7326691,50.0,30.5,42.0,0.7261904761904762,1705.71,0.0590163934426229,D,1,11.5,Tương đối thoáng,0.4183213475484592
899dff6a96181346a2b25681752045b3,Đường Quốc lộ 1A,10.8741188,106.7474536,10.7226708,106.6008754,55.0,30.0,43.0,0.6976744186046512,2260.47,0.06,D,1,13.0,Tương đối thoáng,0.4391408479386212
5d8b247037cfbb3cd4864f4597a29aa7,Đường Lạc Long Quân,10.7664078,106.6422822,10.7632226,106.6421549,50.0,23.0,31.0,0.7419354838709677,1649.03,0.0782608695652174,C,3,8.0,Trung bình,0.3905946468683068
f50386b00d8d2553086b779fc16fdd5d,Đường Phạm Ngũ Lão,10.8207556,106.6832697,10.8251544,106.6808708,50.0,28.0,36.0,0.7777777777777778,1140.0,0.0642857142857143,D,1,8.0,Tương đối thoáng,0.3899302533657095
cdeed7be06733b87b81c81d61e056740,Đường Hòa Hảo,10.761856,106.66843,10.761856,106.66843,50.0,25.0,35.0,0.7142857142857143,1748.57,0.072,D,3,10.0,Tương đối thoáng,0.3991597224467246
fe89e81c704908a30c246e67aed9365a,Đường Tỉnh Lộ 830C,10.6828162,106.5444885,10.6844568,106.550446,50.0,36.0,45.0,0.8,1440.0,0.05,E,1,9.0,Thông thoáng,0.4229307230224961
bcf28f149edbafb780548eda8977f1bd,Đường Phan Đăng Lưu,10.8037891,106.687792,10.7993486,106.6803694,50.0,19.0,31.0,0.6129032258064516,1585.16,0.0947368421052631,B,3,12.0,Đông,0.35857953042560786
7d4400e9fe7176de2fd55c2b14033228,Hẻm 361/60 Thới Tam Thôn 4,10.8857251,106.6282581,10.8856777,106.6282883,40.0,11.5,18.0,0.6388888888888888,2020.0,0.1565217391304348,B,3,6.5,Đông,0.33586663699933234
c10432c21f3605f30d3cd810f31923c3,Đường Sư Vạn Hạnh,10.7601722,106.6704457,10.760806,106.6731253,50.0,16.0,28.0,0.5714285714285714,1697.14,0.1124999999999999,B,3,12.0,Đông,0.3409555929986311
04edd61439bdc3ac6e47a41f3a4f9295,Đường Hoàng Văn Thụ,10.7932413,106.6535674,10.8002745,106.666894,55.0,20.0,32.5,0.6153846153846154,1578.46,0.09,C,3,12.5,Trung bình,0.3644726505282561
c1f9df8ce6bc75962a8ef9e46ca1f32d,Đường Quốc Lộ 22,10.8798576,106.5900475,10.8851888,106.5863138,50.0,34.0,45.0,0.7555555555555555,1600.0,0.0529411764705882,E,1,11.0,Thông thoáng,0.42494196514291366
285e3e6087490d877d9ff67cb2a7feff,Hẻm 74 Bạch Đằng,10.8140069,106.6747486,10.8142573,106.6758031,50.0,28.0,32.0,0.875,585.0,0.0642857142857143,D,1,4.0,Tương đối thoáng,0.38125572858667595
1379ec4a4dc70a809d7df14442eca710,Hẻm 1129 Lạc Long Quân,10.7897093,106.6518377,10.7896403,106.6520158,50.0,21.0,32.0,0.65625,978.75,0.0857142857142857,C,3,11.0,Trung bình,0.3484532536133589
133a9f961e68422879b2f232c1e2bce5,Đường Lê Quang Sung,10.7512719,106.6476989,10.7512316,106.6476921,50.0,25.0,25.0,1.0,720.0,0.072,D,1,0.0,Tương đối thoáng,0.413880133480617
cb3ca5162f6044dfe35dae776e26addb,Đường Hà Huy Giáp,10.8706967,106.6769479,10.8846445,106.6812882,50.0,29.0,47.0,0.6170212765957447,1574.04,0.0620689655172413,D,1,18.0,Tương đối thoáng,0.41839388636167846
d7a7550d4921fe13dd28d6c466df0475,Đường Vân Côi,10.7883735,106.6565352,10.7877277,106.6560806,50.0,20.0,34.5,0.5797101449275363,1116.52,0.09,C,3,14.5,Trung bình,0.3471440189655574
fd03722edd131ebfd8869f3e8d7af38f,Đường Trần Đình Xu,10.75857,106.6924841,10.759772,106.6919236,50.0,37.5,42.0,0.8928571428571429,552.86,0.048,E,1,4.5,Thông thoáng,0.3943022553999818
61c36bba58e63f03d429f5069ede8f46,Cầu Bến Cát,10.8614957,106.6652403,10.8614424,106.6653095,80.0,28.0,48.0,0.5833333333333334,2220.0,0.0642857142857143,D,1,20.0,Tương đối thoáng,0.4448323025530802
c79e211f70eccbf9c5834a86b875367e,Đường An Phú Đông 3,10.8547157,106.7063222,10.8547574,106.7068791,50.0,28.0,47.0,0.5957446808510638,1087.66,0.0642857142857143,D,1,19.0,Tương đối thoáng,0.39806246877494256
d4271d4f245b6f89e896ad10f79ee294,Đường Bành Văn Trân,10.7904195,106.6569689,10.7883571,106.657746,50.0,18.5,34.5,0.5362318840579711,1194.78,0.0972972972972973,B,3,16.0,Đông,0.3416761322682521
e5e232dd1ecdfa053e24715dba274d25,Đường Hoàng Sa,10.7794508,106.6785811,10.7840477,106.6803024,50.0,15.5,31.0,0.5,2520.0,0.1161290322580645,B,3,15.5,Đông,0.3687646718514438
a35f53889128359c0adc816c29f43bee,Đường Số 15,10.7451997,106.7025956,10.7452314,106.702546,50.0,20.0,34.0,0.5882352941176471,1101.18,0.09,C,3,14.0,Trung bình,0.3462239403045396
c68748ce02047283148440e0db8245b0,Đường Quốc Lộ 1A,10.8671103,106.7887782,10.8706221,106.7733958,50.0,31.5,45.5,0.6923076923076923,913.85,0.0571428571428571,E,1,14.0,Thông thoáng,0.3940589144408644
2b4070260e2726ad3905ed6b34017434,Đường Lê Văn Việt,10.8488622,106.7742039,10.855961,106.7849851,55.0,49.0,49.0,1.0,900.0,0.036734693877551,E,1,0.0,Thông thoáng,0.4208202002209255
1ba26124e3c27b62dbde76e520784686,Cầu Thủ Thiêm,10.7890182,106.716779,10.7891973,106.7150911,55.0,20.0,20.0,1.0,900.0,0.09,C,1,0.0,Trung bình,0.4208202002209255
6b24d4fe1eb93ff1c5e718a5f00f1eb8,Quốc Lộ 1,10.8434511,106.6149314,10.8575697,106.6057733,50.0,28.5,40.0,0.7125,1316.25,0.0631578947368421,D,1,11.5,Tương đối thoáng,0.3960626529449856
438d803e98b5e9edb01239ed9f38a441,Đường Xa Lộ Hà Nội,10.8385833,106.7675662,10.8633078,106.7965925,50.0,48.5,55.0,0.8818181818181818,1718.18,0.0371134020618556,E,1,6.5,Thông thoáng,0.4527471197012886
ea055712dcc767bdcd57ebca88d87b65,Đường Nguyễn Văn Luông,10.7357509,106.6337889,10.7485677,106.6353149,50.0,0.0,0.0,1.0,1800.0,,A,1,0.0,Rất đông / kẹt xe,0.45552053392246794
a4d23f755ffadbb80a311a3f1f5a0741,Đường Tô Ký,10.8876775,106.6024445,10.8527736,106.6262305,40.0,25.0,36.0,0.6944444444444444,1365.0,0.072,D,1,11.0,Tương đối thoáng,0.38355157335023493
51f7836e378c5d826cafa0ac7ff82474,Đường Vạn Kiếp,10.7470453,106.6603737,10.746165,106.6591277,50.0,20.0,29.0,0.6896551724137931,1837.24,0.09,C,3,9.0,Trung bình,0.3798707058961595
348b6c53508366be7fb2d3d6e71b15c4,Đường Tây Hòa,10.8261485,106.7641935,10.8262034,106.7621148,40.0,49.0,49.0,1.0,720.0,0.036734693877551,E,1,0.0,Thông thoáng,0.413880133480617
db585c3051dd77e3cd88da25f7d29703,Đường Đoàn Văn Bơ,10.7633776,106.7037719,10.763364,106.7038326,50.0,15.5,27.0,0.5740740740740741,1126.67,0.1161290322580645,B,3,11.5,Đông,0.3155214402631233
845ae7048313c76a2823b14517852eea,Đường Trần Hưng Đạo,10.7598239,106.6940131,10.763051,106.6908753,50.0,28.0,33.0,0.8484848484848485,1265.45,0.0642857142857143,D,1,5.0,Tương đối thoáng,0.40314115753721413
db1ca1f601c3e4286cbd5fb8c9a2f971,Đường Dạ Nam,10.7492439,106.6845345,10.7486955,106.6848291,50.0,21.5,28.0,0.7678571428571429,777.86,0.0837209302325581,C,3,6.5,Trung bình,0.3562031452769804
2ab7fdd303969ed0e613a14086115516,Cầu Thủ Thiêm,10.7828466,106.7199382,10.7820242,106.7205208,60.0,34.5,38.0,0.9078947368421052,1577.37,0.0521739130434782,E,1,3.5,Thông thoáng,0.4320811404363843
46df3fab6fa51b6145d3294fe13f6ae1,Đường Cao Tốc Thành phố Hồ Chí Minh-Long Thành-Dầu Giây,10.7866225,106.843937,10.7883612,106.8358795,85.0,38.0,38.0,1.0,540.0,0.0473684210526315,E,1,0.0,Thông thoáng,0.4069400667403085
a2e04d8967f8dce219471f2da22f5c7e,Đường Điện Biên Phủ,10.7973168,106.7040931,10.7938821,106.7008614,50.0,36.0,49.0,0.7346938775510204,3350.2,0.05,E,1,13.0,Thông thoáng,0.5007408855024366
494264f6e5351fce1bf4a7ea85c16a93,Đường Võ Văn Kiệt,10.7503613,106.6692116,10.7491553,106.6606556,55.0,36.0,43.0,0.8372093023255814,1306.05,0.05,E,1,7.0,Thông thoáng,0.4180962392105467
2bce33fda4082d0b8462f80a91918a80,Đường Quang Trung,10.8430788,106.6419808,10.8374889,106.6544376,50.0,0.0,0.0,1.0,1800.0,,A,1,0.0,Rất đông / kẹt xe,0.45552053392246794
fa6e13c419fb1b5e85f6b85ae022fc35,Đường Hàm Nghi,10.7711901,106.6991751,10.770794,106.7059931,50.0,17.0,31.0,0.5483870967741935,2345.81,0.1058823529411764,B,3,14.0,Đông,0.37313082107852175
5b019332e6114b8ae49c3362815db79b,Đường Lạc Long Quân,10.7795043,106.6499053,10.779603,106.6486116,50.0,21.5,32.0,0.671875,950.62,0.0837209302325581,C,3,10.5,Trung bình,0.3507960947603927
c5ba02c38f7cc53873ee9f364b07a153,Đường Số 26,10.8344857,106.7294684,10.8156051,106.6818266,65.0,33.5,43.5,0.7701149425287356,3095.17,0.053731343283582,E,1,10.0,Thông thoáng,0.4806145955329039
9724a40a02e52298459bb51cb91e8b7a,Đường Trần Hưng Đạo,10.7529032,106.6714119,10.752615,106.6684652,50.0,19.5,29.5,0.6610169491525424,2425.42,0.0923076923076923,C,3,10.0,Trung bình,0.397075406083891
d7312f3cc8ef732b0ce454135f4a3d5e,Đường Hoàng Diệu,10.7596225,106.6985617,10.7597771,106.6987767,50.0,15.5,29.5,0.5254237288135594,1214.24,0.1161290322580645,B,3,14.0,Đông,0.31735372911059173
a6d09749330c17beec313e6715be3869,Hẻm 74 Bạch Đằng,10.8134061,106.6652599,10.8140069,106.6747486,55.0,22.0,33.0,0.6666666666666666,2400.0,0.0818181818181818,C,3,11.0,Trung bình,0.4087616166052166
a51528395d31c090fff4145cdd95a9a5,Đường Phú Thọ,10.7589846,106.641575,10.7589257,106.641586,50.0,11.5,15.0,0.7666666666666667,1560.0,0.1565217391304348,B,3,3.5,Đông,0.35669721912893837
d732efee46606ea1b17a47a594fb8a0c,Tô Ký,10.8527736,106.6262305,10.8661857,106.6159466,40.0,24.0,36.0,0.6666666666666666,1440.0,0.075,D,1,12.0,Tương đối thoáng,0.38142534667841
4f59a582beebb746b7d50caf04dd2313,Đường Long Thuận,10.8119329,106.8596808,10.8119103,106.8596881,50.0,74.0,74.0,1.0,360.0,0.0243243243243243,E,1,0.0,Thông thoáng,0.4
51ab0e06b695b53d79589b63bbc694ea,Đường Tân Sơn,10.8138819,106.6330654,10.8374497,106.6464179,65.0,24.0,35.0,0.6857142857142857,1851.43,0.075,D,3,11.0,Tương đối thoáng,0.39768779701111445
3be79d9a97f6122a70000c3736d01667,Đường Xa Lộ Hà Nội,10.8099607,106.7563406,10.815571,106.7575697,80.0,49.0,49.0,1.0,1080.0,0.036734693877551,E,1,0.0,Thông thoáng,0.427760266961234
879656c05e81f52a10f4ca30dad28fa2,Đường Trần Quý,10.7582245,106.6518136,10.7591573,106.6561005,50.0,18.5,29.5,0.6271186440677966,1546.78,0.0972972972972973,B,3,11.0,Đông,0.35494274944016097
50be33e5f5a31fd15cdb135f75b8737f,Đường Nguyễn Lương Bằng,10.7310052,106.7203264,10.7318083,106.7200097,65.0,43.0,43.0,1.0,720.0,0.041860465116279,E,1,0.0,Thông thoáng,0.413880133480617
ce927ff13f3e18b838b75fbb2e93f71e,Đường Cao Tốc Thành phố Hồ Chí Minh-Long Thành-Dầu Giây,10.7860991,106.8473249,10.7866225,106.843937,50.0,76.0,76.0,1.0,360.0,0.0236842105263157,E,1,0.0,Thông thoáng,0.4
201c3bdb22316bec1938d479b7d162fe,Đường Phú Hòa,10.785806,106.6544818,10.7856285,106.6538061,50.0,20.0,33.0,0.6060606060606061,1603.64,0.09,C,3,13.0,Trung bình,0.3653494967238967
1fe938e2d17aafebcc703e4d16744c64,Đường Nguyễn Văn Linh,10.7289172,106.716972,10.7294379,106.7153476,80.0,38.0,38.0,1.0,720.0,0.0473684210526315,E,1,0.0,Thông thoáng,0.413880133480617
58730e0c9cdebd49ca7f46b865c30e72,Đường Nguyễn Thái Sơn,10.8143903,106.6785067,10.8029569,106.710341,50.0,26.0,37.0,0.7027027027027027,2237.84,0.0692307692307692,D,3,11.0,Tương đối thoáng,0.4215736131065638
03723a986c31cf1a234b8145447456ea,Đường Mễ Cốc,10.7390302,106.64357,10.7384808,106.6427235,50.0,33.0,42.5,0.7764705882352941,1143.53,0.0545454545454545,E,1,9.5,Thông thoáng,0.40389093938255183
f8ba99351b6594850c8514d25d121706,Đường Nguyễn Hữu Trí,10.6903712,106.5689492,10.6854735,106.5540502,50.0,34.0,45.0,0.7555555555555555,1600.0,0.0529411764705882,E,1,11.0,Thông thoáng,0.42494196514291366
be772df75b516422226b7cfb56573d1d,Nguyễn Chí Thanh,10.7592538,106.6655719,10.7584107,106.6615004,50.0,8.5,13.5,0.6296296296296297,2566.67,0.2117647058823529,B,3,5.0,Đông,0.3375294293827239
778e46bf773be645c451e30b2f183933,Đường Lê Hồng Phong,10.765331,106.6752404,10.761133,106.676833,50.0,20.5,32.5,0.6307692307692307,1536.92,0.0878048780487804,C,3,12.0,Trung bình,0.3661712854872561
b07cddff21e96635b34fd7221a0b4c62,Đường Lương Nhữ Học,10.7554182,106.6634172,10.7550108,106.6603376,55.0,23.5,35.0,0.6714285714285714,2378.57,0.076595744680851,D,3,11.5,Tương đối thoáng,0.41529327401015453
669b4f82a96054836defd912dade0401,Đường Kha Vạn Cân,10.8414243,106.7439592,10.8529635,106.7511033,50.0,32.5,43.0,0.7558139534883721,1199.3,0.0553846153846153,E,1,10.5,Thông thoáng,0.4047905966249181
cd895fd509f55daf8729076c41d8fa39,Đường Nguyễn Tất Thành,10.7523982,106.7241939,10.7522526,106.7242338,50.0,20.5,35.0,0.5857142857142857,2211.43,0.0878048780487804,C,3,14.5,Trung bình,0.39253567242721527
47d57b8fa5d938cb21fb54105483948a,Lê Văn Tách,10.8761169,106.7542735,10.8783778,106.7609261,50.0,14.5,23.5,0.6170212765957447,1049.36,0.1241379310344827,B,1,9.0,Đông,0.31106758873865753
608546c09584d04780051ef25b4d4be4,Đường Số 621,10.8738915,106.8076326,10.8749777,106.8056563,50.0,41.0,57.0,0.7192982456140351,1297.89,0.0439024390243902,E,1,16.0,Thông thoáng,0.4424996444623186
900ad9b82bb6e75e454ac498bc1e67e3,Đường 3 Tháng 2,10.7666392,106.6652083,10.7692426,106.6699972,50.0,16.0,30.0,0.5333333333333333,1200.0,0.1124999999999999,B,3,14.0,Đông,0.320989128659074
544c407a0eec14b0791ae6bd5c0310bd,Đường Vườn Lài,10.8391657,106.6996423,10.8340778,106.6938042,50.0,29.5,36.5,0.8082191780821918,705.21,0.0610169491525423,D,1,7.0,Tương đối thoáng,0.37959358554134565
ae502a367c12e8f4116220716e0c7c11,Đường Số 7,10.8253843,106.6005932,10.8252537,106.600561,50.0,28.0,46.0,0.6086956521739131,1064.35,0.0642857142857143,D,1,18.0,Tương đối thoáng,0.39433779238028965
4ea94be526554335f1d9ce80bc93b90c,Đường Số 5,10.7390636,106.6046711,10.7388319,106.6048642,50.0,52.0,52.0,1.0,360.0,0.0346153846153846,E,1,0.0,Thông thoáng,0.4
92e19a071fbcba571548cd78247e6b2a,Đường Xa Lộ Hà Nội,10.8139606,106.7570201,10.8099928,106.7562309,80.0,34.0,47.0,0.723404255319149,2573.62,0.0529411764705882,E,1,13.0,Thông thoáng,0.4648265498871433
4ff1c86146a8f15a787642fe50ee30d5,Đường Xa Lộ Hà Nội,10.8020857,106.7438001,10.8006952,106.7363742,55.0,38.0,51.0,0.7450980392156863,1228.24,0.0473684210526315,E,1,13.0,Thông thoáng,0.4244308891952463
a9f9d1ead35edcfb9f3680e4a016a068,Đường Trịnh Thị Miếng,10.8842932,106.6105297,10.8842093,106.6106839,50.0,23.0,36.0,0.6388888888888888,1010.0,0.0782608695652174,C,1,13.0,Trung bình,0.35982837720738636
b53cf89bf433baa10711717ee40602f8,Đường Quốc Lộ 13,10.8235017,106.7135696,10.8190196,106.7129039,50.0,27.0,43.0,0.627906976744186,2059.53,0.0666666666666666,D,1,16.0,Tương đối thoáng,0.4235164508585463
a5f843bbb7798d58c803e19aefd88c36,Đường Lê Văn Chí,10.8415062,106.7687324,10.8496688,106.773359,50.0,17.5,23.5,0.7446808510638298,1639.15,0.1028571428571428,B,1,6.0,Đông,0.3723112634116952
9364df0a65839c6b289e2c4469d3d22c,Đường Nguyễn Thị Nghĩa,10.7701435,106.6940986,10.7693254,106.6945589,50.0,11.5,16.0,0.71875,1299.37,0.1565217391304348,B,3,4.5,Đông,0.3309763450374823
d0c3adcbf72ef7a098ee15e241027b39,Đường Xô Viết Nghệ Tĩnh,10.8055396,106.7115254,10.805844,106.7115501,50.0,26.0,41.0,0.6341463414634146,3055.61,0.0692307692307692,D,1,15.0,Tương đối thoáng,0.45554464381382287
bbef349bd93b88cb702e4838b30e02b5,Đường Cao Triều Phát,10.7336611,106.7115662,10.7320511,106.7122498,50.0,30.0,34.0,0.8823529411764706,1715.29,0.06,D,1,4.0,Tương đối thoáng,0.42872504963792013
b63a3f6fac8faca7140a180ce99caa70,Đường Thế Lữ,10.7202232,106.5386925,10.718012,106.542567,50.0,38.0,46.0,0.8260869565217391,673.04,0.0473684210526315,E,1,8.0,Thông thoáng,0.3974832919204561
e62b460cb5dfffa330bf11b4536e472d,Đường Đặng Văn Bi,10.8422045,106.7634239,10.8421583,106.7634728,50.0,38.0,47.0,0.8085106382978723,1409.36,0.0473684210526315,E,1,9.0,Thông thoáng,0.426251771635884
1fa36dd030c0bc95440c70597984b5d3,Đường Đinh Tiên Hoàng,10.7929272,106.6959206,10.7941308,106.6960125,50.0,16.0,31.0,0.5161290322580645,2461.94,0.1124999999999999,B,3,15.0,Đông,0.37022018344689084
d1e5a78b3acce6585c46e25516d7c517,Hẻm 92 Đường Tôn Thất Thuyết,10.7550068,106.7100356,10.7550302,106.710014,50.0,25.0,35.0,0.7142857142857143,874.29,0.072,D,1,10.0,Tương đối thoáng,0.36545104717051957
2e3cc70791522bc368a202f945597c97,Đường Xa Lộ Hà Nội,10.8310841,106.7636119,10.8167282,106.757767,70.0,49.0,49.0,1.0,1080.0,0.036734693877551,E,1,0.0,Thông thoáng,0.427760266961234
4311e53182ec4e17445656dd6cd60c40,Đường Hai Bà Trưng,10.78789,106.6919402,10.7922848,106.6864092,50.0,18.0,29.5,0.6101694915254238,1592.54,0.1,B,3,11.5,Đông,0.3525791298649006
4dbd824cfd5c8482767ec70bad40b790,Đường D1,10.8578972,106.7878255,10.8579871,106.7879739,65.0,42.5,45.0,0.9444444444444444,920.0,0.0423529411764705,E,1,2.5,Thông thoáng,0.4163941861311389
272dda626d6da8bee948148f3575bac1,Vòng Xoay,10.745645,106.6236611,10.7456047,106.6236292,50.0,25.5,35.0,0.7285714285714285,1697.14,0.0705882352941176,D,3,9.5,Tương đối thoáng,0.3998956851645298
f7939d1b9ed82e65492cb98f57275439,Đường Trần Nhân Tôn,10.7633139,106.6746238,10.7664111,106.673962,50.0,28.0,35.0,0.8,1440.0,0.0642857142857143,D,3,7.0,Tương đối thoáng,0.4035758843128187
f1469859905d62780f9d5b0fe682cbf3,Trịnh Đình Trọng,10.7760645,106.6384349,10.7751926,106.6464389,50.0,20.0,32.5,0.6153846153846154,1578.46,0.09,C,3,12.5,Trung bình,0.3644726505282561
fee33ae4b742737a9c531680f3ca0eda,Đường Quang Trung,10.844692,106.6397062,10.8350079,106.6634568,50.0,11.5,18.0,0.6388888888888888,1515.0,0.1565217391304348,B,3,6.5,Đông,0.31639589420013353
697fbe7ce076a6f88372cf8346195822,Đường Bến Vân Đồn,10.7584116,106.6937223,10.7573004,106.6918919,60.0,30.5,34.0,0.8970588235294118,1363.24,0.0590163934426229,D,1,3.5,Tương đối thoáng,0.4180926122422551
05c137fe6c30f85f4f01fbd41b8e0694,ấp Mới 1,10.8746132,106.6085312,10.8748532,106.6088444,50.0,24.0,36.0,0.6666666666666666,960.0,0.075,D,1,12.0,Tương đối thoáng,0.36291850203758735
79db08d272a01029d4b4f86014285b8a,Đường 3 Tháng 2,10.7667954,106.6656006,10.7637713,106.6597513,50.0,19.0,31.5,0.6031746031746031,1074.29,0.0947368421052631,B,3,12.5,Đông,0.3385744188174573
aeecba4644144cf6e51cbee41b99a6a3,Đường Phú Hòa,10.7849204,106.6510434,10.7854926,106.6533302,50.0,19.0,31.5,0.6031746031746031,1074.29,0.0947368421052631,B,3,12.5,Đông,0.3385744188174573
859cc58eabb3db34a6b9b682885efa1e,Đường Vĩnh Phú 14,10.8683289,106.706146,10.868702,106.7062328,50.0,35.0,49.0,0.7142857142857143,874.29,0.0514285714285714,E,1,14.0,Thông thoáng,0.4041607245898744
32828727293ddce09fe8e662a3796bae,Đường Nguyễn Sơn,10.7821969,106.6288442,10.779782,106.6280309,50.0,22.0,30.0,0.7333333333333333,840.0,0.0818181818181818,C,3,8.0,Trung bình,0.354850930662328
a2a384a5d9ebe91eaeef7cef06f8e9fe,Đường Lạc Long Quân,10.7617534,106.6421148,10.7832411,106.6506569,50.0,23.0,31.0,0.7419354838709677,824.52,0.0782608695652174,C,3,8.0,Trung bình,0.35880490004579707
8db65086fcbc9345d7d228ea61c76550,Đường Cao Tốc Thành phố Hồ Chí Minh-Long Thành-Dầu Giây,10.7862476,106.8630211,10.7859557,106.8547623,100.0,76.0,76.0,1.0,720.0,0.0236842105263157,E,1,0.0,Thông thoáng,0.413880133480617
83e87b7516a10efbe845ec087ce6ddbd,Đường Hai Bà Trưng,10.7801784,106.7010865,10.8802415,106.7933053,50.0,27.0,36.5,0.7397260273972602,1656.99,0.0666666666666666,D,1,9.5,Tương đối thoáng,0.40424880732681107
b175b6ff434be2701bac1e919bbacf62,Đường Mễ Cốc,10.7369895,106.6402431,10.7369774,106.6403352,50.0,32.0,42.0,0.7619047619047619,1577.14,0.0562499999999999,E,1,10.0,Thông thoáng,0.417742092283894
e83406fd0f1dc9a20354bbdb7bf8535c,Đường Nguyễn Văn Hưởng,10.8005193,106.7293575,10.8025976,106.7464095,55.0,25.0,36.0,0.6944444444444444,2730.0,0.072,D,1,11.0,Tương đối thoáng,0.4361804127975743
7016477f205e9f17c63a1d960632a3f1,Đường Đại Lộ Bình Dương,10.8684531,106.7160636,10.8684713,106.7161334,50.0,28.0,41.0,0.6829268292682927,2792.2,0.0642857142857143,D,1,13.0,Tương đối thoáng,0.45184024016113394
a6f3b751e5eaba5dae0bd0512031d06b,Đường Phổ Quang,10.8087826,106.6687556,10.8085272,106.6717917,50.0,25.0,38.0,0.6578947368421053,1951.58,0.072,D,3,13.0,Tương đối thoáng,0.40618657298506106
b7473290659e2e002152261485c82055,Đường Quang Trung,10.8365053,106.6583227,10.8364665,106.658324,50.0,23.0,36.0,0.6388888888888888,1010.0,0.0782608695652174,C,3,13.0,Trung bình,0.35982837720738636
123b363bd3d1692d5c305eebf7b6ea82,Vòng xoay Dương Bá Trạc,10.7388523,106.6893329,10.738675,106.6895522,50.0,23.5,30.0,0.7833333333333333,1500.0,0.076595744680851,D,1,6.5,Tương đối thoáng,0.39223332591442683
98bf4ddfa98280fdc683c279a96e34c7,Cầu vượt Hàng Xanh,10.801349,106.7109178,10.8014241,106.7109087,50.0,35.0,46.0,0.7608695652173914,4742.61,0.0514285714285714,E,1,11.0,Thông thoáng,0.5489194873334737
8594247c7d6b09f93080d0dc64757d78,Đường Âu Dương Lân,10.7440266,106.688839,10.7415004,106.6884045,50.0,19.0,32.0,0.59375,1636.87,0.0947368421052631,B,3,13.0,Đông,0.36011800243362524
8d9b8cb589242f7e5e723eaf2a76477b,Đường Phan Đăng Lưu,10.8039468,106.6857885,10.8037891,106.687792,50.0,17.0,31.0,0.5483870967741935,1172.9,0.1058823529411764,B,3,14.0,Đông,0.3279081895208816
93356a7693b7a5a1c7ec29781ca1b9b7,Vòng Xoay Ngã Sáu Cộng Hòa,10.7651637,106.681627,10.765182,106.6815426,60.0,25.0,31.5,0.7936507936507936,2194.29,0.072,D,3,6.5,Tương đối thoáng,0.4244605893388238
23f1e96430b534bcdc0d50fdcea09831,Đường Trần Cao Vân,10.7829947,106.6962159,10.7826997,106.6955259,50.0,14.0,27.5,0.509090909090909,1865.45,0.1285714285714286,B,3,13.5,Đông,0.32898243572338404
b1bd78e9f106bd74d07a3f5fd05d2c7c,Đường Lê Quang Định,10.8139646,106.6791508,10.8193249,106.6899702,50.0,32.0,38.5,0.8311688311688312,995.84,0.0562499999999999,E,1,6.5,Thông thoáng,0.3981014915289033
d71dd5fac508e54d226b3a5e3a350cea,Đường 3 Tháng 2,10.7637713,106.6597513,10.7659517,106.6640311,50.0,23.0,33.0,0.696969696969697,1358.18,0.0782608695652174,C,3,10.0,Trung bình,0.37494714262340867
a13da71a21bb4eeb4c4f80885a4aac94,Đường Bà Triệu,10.8496569,106.5879562,10.8777391,106.5913288,50.0,30.0,41.5,0.7228915662650602,1288.19,0.06,D,1,11.5,Tương đối thoáng,0.40047824741805604
69c525980d10121e1bb864818fe676bc,Đồng Đen,10.7969579,106.6458983,10.7889094,106.6428981,50.0,10.0,15.5,0.6451612903225806,998.71,0.18,B,3,5.5,Đông,0.2901307383317264
a609c168641c7d2add8dbe3234cc80f7,Đường Trần Bình Trọng,10.7592606,106.6803749,10.7582717,106.6807561,50.0,19.5,28.0,0.6964285714285714,1812.86,0.0923076923076923,C,3,8.5,Trung bình,0.3776753493102518
d4bae69d9000469f93a269bf4795864f,Đường ven hồ trung tâm,10.76937,106.71738,10.7786804,106.7229301,50.0,36.0,41.5,0.8674698795180723,1496.39,0.05,E,1,5.5,Thông thoáng,0.42692766667938054
c8fcbffac85a53be69921d344e0b43c9,Đường Ngô Gia Tự,10.7565017,106.6664916,10.7585909,106.6679699,50.0,12.5,17.5,0.7142857142857143,874.29,0.144,B,3,5.0,Đông,0.31706395039632607
0d75079eb78984f37854f4810843277e,Đường Nguyễn Văn Trỗi,10.7910679,106.6825988,10.7921893,106.681367,50.0,16.0,33.0,0.4848484848484848,1287.27,0.1124999999999999,B,3,17.0,Đông,0.3277361135389944
d6b8f09cbdb2633014691a86e7ad5c65,Đường Số 48,10.7557367,106.7008649,10.7558499,106.7009702,50.0,25.0,34.0,0.7352941176470589,1672.94,0.072,D,1,9.0,Tương đối thoáng,0.39768044145174863
4c9a41946bb244d0a1f0b542558b7816,Đường Võ Chí Công,10.796707,106.7886419,10.7961184,106.7760321,65.0,45.5,45.5,1.0,540.0,0.0395604395604395,E,1,0.0,Thông thoáng,0.4069400667403085
a21d5b152387739bda788721c6a6b518,Đường Nguyễn Văn Trỗi,10.7929933,106.6800466,10.7985035,106.6707041,55.0,17.0,33.0,0.5151515151515151,3081.82,0.1058823529411764,B,3,16.0,Đông,0.4032805123361241
297a5d1464ab34331df3247aed652926,Đường Kha Vạn Cân,10.8163711,106.6833531,10.8384481,106.7354087,65.0,32.5,43.5,0.7471264367816092,2037.93,0.0553846153846153,E,1,11.0,Thông thoáng,0.437367486224346
6470374b64563b292d6d81869518d2b7,Đường Quốc Lộ 22,10.8774435,106.5916776,10.8450745,106.6138112,50.0,35.0,45.0,0.7777777777777778,1140.0,0.0514285714285714,E,1,10.0,Thông thoáng,0.40928509207538694
a1c7dfc7ad7a26b91c22095da511e84c,Đường Quốc Lộ 1K,10.8757339,106.766068,10.8833914,106.7705975,50.0,32.0,44.5,0.7191011235955056,1731.24,0.0562499999999999,E,1,12.5,Thông thoáng,0.4252326034910988
192a31f370d9c555d6822dbc2d09f88c,Đường Phạm Phú Thứ,10.7444878,106.6438571,10.7897886,106.6466566,50.0,11.0,16.0,0.6875,922.5,0.1636363636363636,B,3,5.0,Đông,0.3047522246924963
54b9591a7bccbe1918a73af3b9e8bba7,Đường Kha Vạn Cân,10.8233047,106.7053644,10.8408851,106.7435101,50.0,40.0,46.0,0.8695652173913043,892.17,0.045,E,1,6.0,Thông thoáng,0.4095786158731217
fd91ff459d18d4e151ebe8f48a7c84f1,Đường Số 10,10.7775374,106.7646391,10.7776559,106.7647651,50.0,25.0,30.0,0.8333333333333334,660.0,0.072,D,1,5.0,Tương đối thoáng,0.37178183166395506
0286d59f234561443404a3cb43f94964,Đường Nguyễn Văn Nghi,10.8263771,106.6800231,10.8265667,106.6798028,50.0,17.5,21.0,0.8333333333333334,990.0,0.1028571428571428,B,3,3.5,Đông,0.36998915832226253
cb19f4ec4fb65fd0ede65fb5ba4bb487,Đường Lý Chính Thắng,10.788335,106.6850959,10.7885356,106.6851801,60.0,16.5,30.0,0.55,3510.0,0.1090909090909091,B,3,13.5,Đông,0.41403181311668885
ecdf13761c150a7cff9fccf24046e694,Đường Số 9,10.8629278,106.7549076,10.8629278,106.7549076,50.0,33.0,42.0,0.7857142857142857,1491.43,0.0545454545454545,E,1,9.0,Thông thoáng,0.4173560506272716
fabc03cf85b90641ee6d5b2fa3381963,Vòng Xoay Ngã Bảy,10.7679102,106.6744532,10.7679102,106.6744532,50.0,14.0,33.0,0.4242424242424242,2792.73,0.1285714285714286,B,3,19.0,Đông,0.3730727960142127
0227b4a3e4d032515da44a51acb1821b,Đường Nguyễn Trãi,10.7527545,106.6535477,10.7669665,106.6883289,50.0,25.0,31.5,0.7936507936507936,1462.86,0.072,D,3,6.5,Tương đối thoáng,0.39625962813958027
8457240fccffc65244c51d3867b23542,Đường Xa Lộ Hà Nội,10.8355189,106.7658175,10.8354781,106.7658807,50.0,34.0,47.0,0.723404255319149,2144.68,0.0529411764705882,E,1,13.0,Thông thoáng,0.4482883708449882
e36dfdc71f03ab92e089d1ea6e7673de,Đường An Dương Vương,10.7574828,106.6741653,10.7566055,106.6696815,55.0,17.0,29.5,0.576271186440678,2806.78,0.1058823529411764,B,3,12.5,Đông,0.39113940032926403
81f76bbbcd1147a3e9f2e52b5b9c05eb,Đường Tỉnh Lộ 830C,10.6817688,106.5406723,10.681336,106.5412694,50.0,34.5,45.0,0.7666666666666667,1560.0,0.0521739130434782,E,1,10.5,Thông thoáng,0.42443915461280934
ce03cb18a94ff79d8f1fb57c07cc0c71,Đường Trần Não,10.7916195,106.7303648,10.7992203,106.7334587,55.0,26.5,32.5,0.8153846153846154,692.31,0.0679245283018867,D,1,6.0,Tương đối thoáng,0.3732095422129057
0fa29b6c488bc2c9af0fbfc042e9cd67,Cầu Vượt Xa Lộ Hà Nội Cầu B,10.8043176,106.7516401,10.8603257,106.7918394,65.0,46.0,46.0,1.0,720.0,0.0391304347826087,E,1,0.0,Thông thoáng,0.413880133480617
43d35d74a03520d74e9ca1ef0fa9089d,Đường Kha Vạn Cân,10.8402083,106.7418062,10.8380903,106.7343264,50.0,33.0,45.0,0.7333333333333333,2100.0,0.0545454545454545,E,1,12.0,Thông thoáng,0.44214107526384216
c4f2bb74f9ed301a1aae531425440447,Hẻm 234 Bạch Đằng,10.8033698,106.7048266,10.8139316,106.6656805,40.0,17.0,33.0,0.5151515151515151,3081.82,0.1058823529411764,B,3,16.0,Đông,0.4032805123361241
7d7423620b02bdbc2d5f2f733f73ce30,Đường Hai Bà Trưng,10.7916908,106.6871714,10.7821327,106.6989225,50.0,14.0,26.5,0.5283018867924528,1813.58,0.1285714285714286,B,3,12.5,Đông,0.3274683473826213
cfee41269e100ac72dee07e16c1b7ab4,Đường Trần Não,10.7912282,106.730462,10.7916195,106.7303648,50.0,26.0,32.0,0.8125,697.5,0.0692307692307692,D,1,6.0,Tương đối thoáng,0.37188359288001394
27177fb89d9eddd6871cb5336d0f9396,Đường Bờ Bao Tân Thắng,10.8011202,106.6193571,10.8012387,106.6193967,50.0,19.0,34.0,0.5588235294117647,1154.12,0.0947368421052631,B,3,15.0,Đông,0.3423827381035406
d47ab17a4d2eef912cf5956300fb8bf4,Đường Hầm Sông Sài Gòn,10.76834,106.7031455,10.7684374,106.7033248,60.0,32.0,43.0,0.7441860465116279,1640.93,0.0562499999999999,E,1,11.0,Thông thoáng,0.42050522216521313
65dc4f1c9d3553a5d837d3c3a420c771,Đường Vành Đai Trong,10.801925,106.7438952,10.8017112,106.7439955,60.0,37.0,42.0,0.8809523809523809,1148.57,0.0486486486486486,E,1,5.0,Thông thoáng,0.4158111128822555
15f24a7106f91fb8dc5c821160cf281c,Đường Kênh Tân Hóa,10.7693744,106.6355574,10.7786413,106.6399809,50.0,21.0,30.0,0.7,1350.0,0.0857142857142857,C,3,9.0,Trung bình,0.3665574638458902
d525c35205e1f0773e2935dcaa64e0b6,Đường Hải Thượng Lãn Ông,10.7502942,106.6630864,10.7500276,106.6634461,45.0,15.0,17.0,0.8823529411764706,857.65,0.12,B,3,2.0,Đông,0.3763031062662529
0cce889e4b92cd3c8337237e70ad81e9,Lê Lai,10.7700912,106.6941287,10.76857,106.6902339,50.0,27.5,30.5,0.9016393442622952,1074.1,0.0654545454545454,D,1,3.0,Tương đối thoáng,0.4045290852507488
1e1e73a5851e5963e4ea83aa60ceacce,Đường Quang Trung,10.8299958,106.6706701,10.835952,106.6605258,50.0,23.0,36.0,0.6388888888888888,1515.0,0.0782608695652174,C,3,13.0,Trung bình,0.37929912000658517
1071730efa20526feed9f75c8a65e075,Đường Võ Văn Vân,10.8114752,106.5789943,10.8112677,106.578982,50.0,31.0,47.0,0.6595744680851063,972.77,0.0580645161290322,D,1,16.0,Tương đối thoáng,0.39836853680599604
a11e287ce64ba3fae05bc7620867b62e,Đường Nam Kỳ Khởi Nghĩa,10.7898473,106.683905,10.781312,106.6931176,50.0,17.0,33.0,0.5151515151515151,2465.45,0.1058823529411764,B,3,16.0,Đông,0.37951579602099106
71556bf33dd98572aa9d31a6b06cf75f,Đường Phó Đức Chính,10.7707145,106.6991208,10.7676642,106.7010097,50.0,15.5,26.0,0.5961538461538461,1086.92,0.1161290322580645,B,3,10.5,Đông,0.3159923345173782
bc8b674fa2656d9856cee71aa75df426,Đường Phan Anh,10.7639371,106.6269195,10.7639255,106.6269466,50.0,23.0,34.0,0.6764705882352942,942.35,0.0782608695652174,C,3,11.0,Trung bình,0.35774716134827356
79037020ed90451ae530934b3fea8415,Đường Lạc Long Quân,10.7790801,106.6498852,10.767159,106.6426234,50.0,21.5,31.0,0.6935483870967742,911.61,0.0837209302325581,C,3,9.5,Trung bình,0.3510805296349366
32196ce38d97227596a014fe983dc5bf,Đường Kha Vạn Cân,10.8319797,106.725621,10.8413672,106.7463168,50.0,32.0,43.5,0.735632183908046,1253.79,0.0562499999999999,E,1,11.5,Thông thoáng,0.4058921212729357
46266de033660191a86522f09301eef6,Đường Hoàng Sa,10.7916133,106.661654,10.7915741,106.6616367,50.0,20.0,35.0,0.5714285714285714,3394.29,0.09,C,3,15.0,Trung bình,0.43542304144267246
350f7b53fede3656481d441c37a80d41,Đường Trần Quốc Toản,10.7893494,106.6892673,10.7831971,106.6863082,50.0,13.0,27.5,0.4727272727272727,1963.64,0.1384615384615384,B,3,14.5,Đông,0.32320812482816963
df91e99c6228fca17cfad0853bd36ed5,Đường Quang Trung,10.8374889,106.6544376,10.8393084,106.6472307,50.0,25.0,36.0,0.6944444444444444,1820.0,0.072,D,1,11.0,Tương đối thoáng,0.4010945198326814
e43538d8c2cafb6c92cd81166c383ffd,Đường Lãnh Binh Thăng,10.7653269,106.6464629,10.7632537,106.6503161,50.0,20.0,29.0,0.6896551724137931,1837.24,0.09,C,3,9.0,Trung bình,0.3798707058961595
3832b5ff644d3e99f0d5ee7d62f4d159,Đường Số 32,10.7394635,106.7068498,10.7399476,106.7035805,50.0,20.5,30.0,0.6833333333333333,930.0,0.0878048780487804,C,3,9.5,Trung bình,0.3463854801615145
88eb8138f2cb29ffaab0665a2597ff8c,Đường Tân Thới Hiệp 22,10.867202,106.6414169,10.8676811,106.6416344,50.0,30.0,47.0,0.6382978723404256,1011.06,0.06,D,1,17.0,Tương đối thoáng,0.39826625708946933
533d4363465fe3da773b88f3bcb892e5,Đường Kinh Trung Ương,10.7909507,106.5554753,10.7910811,106.5554064,50.0,28.0,42.0,0.6666666666666666,960.0,0.0642857142857143,D,1,14.0,Tương đối thoáng,0.3822733407472648
34d8285718521b3c88cc4a9bf1f44ba4,Đường Số 12,10.8670888,106.7575192,10.8663263,106.7546708,50.0,32.0,42.0,0.7619047619047619,1182.86,0.0562499999999999,E,1,10.0,Thông thoáng,0.4025402616485116
71e4041441c7481d02f90f397e354f3c,Đường Quang Trung,10.8266931,106.6794606,10.8299958,106.6706701,50.0,23.0,36.0,0.6388888888888888,2020.0,0.0782608695652174,C,3,13.0,Trung bình,0.39876986280578397
5dc12115410d75d380e733bc87568957,Đường Cao Tốc Thành phố Hồ Chí Minh-Long Thành-Dầu Giây,10.790253,106.8268185,10.7918961,106.8178943,120.0,38.0,38.0,1.0,720.0,0.0473684210526315,E,1,0.0,Thông thoáng,0.413880133480617
e5b84819c6a7788684b0a8577fe6ef97,Đường Xóm Củi,10.746712,106.6605461,10.7467638,106.6605397,50.0,22.0,33.0,0.6666666666666666,960.0,0.0818181818181818,C,3,11.0,Trung bình,0.3532410826827487
4ff07a09ef09e659f1c634d7433f9bf1,Hẻm 143-145 Dương Tử Giang,10.7537462,106.6538517,10.7556925,106.6537349,50.0,19.5,29.0,0.6724137931034483,2374.14,0.0923076923076923,C,3,9.5,Trung bình,0.3962888465941671
ef25d9a9d7773bc5b6e83284e06e705a,Đường Quang Trung,10.8457909,106.6378814,10.8474862,106.6353191,50.0,25.0,36.0,0.6944444444444444,1820.0,0.072,D,1,11.0,Tương đối thoáng,0.4010945198326814
4b0ec3a549fc39fb024a03016afa5e1d,Đường Ngô Tất Tố,10.7918618,106.7139268,10.7924353,106.7127835,50.0,27.0,37.0,0.7297297297297297,846.49,0.0666666666666666,D,1,10.0,Tương đối thoáng,0.37254957478233597
12a9ee9ed8f4136b4d219b94356338b2,Đường Thành Thái,10.7681721,106.666908,10.7764553,106.6636154,50.0,20.0,31.0,0.6451612903225806,2996.13,0.09,C,3,11.0,Trung bình,0.42036892316348917
fd613f1221173c7617c7db5cf43d7632,Đường Trần Quang Diệu,10.7843732,106.6784372,10.7843732,106.6784372,50.0,17.0,31.0,0.5483870967741935,2345.81,0.1058823529411764,B,3,14.0,Đông,0.37313082107852175
404fbcb2b61bbf198bf033d75564404b,Đường Trương Công Định,10.7983099,106.6417176,10.7937318,106.6402984,50.0,18.5,32.5,0.5692307692307692,2270.77,0.0972972972972973,B,3,14.0,Đông,0.3812645594723992
5f662f25fd725bdeb66d40dda83905f0,Đường Vành Đai 2,10.7655125,106.770577,10.7588708,106.7634266,90.0,44.0,44.0,1.0,900.0,0.0409090909090909,E,1,0.0,Thông thoáng,0.4208202002209255
7a3f7790d7f71c90cdc27d7f12778138,Đường Bưng Ông Thoàn,10.8139216,106.7973612,10.8144883,106.7970824,50.0,37.0,41.0,0.902439024390244,1071.22,0.0486486486486486,E,1,4.0,Thông thoáng,0.4145185201215607
498a0fb95fa87cb3899ad58b8109fc9e,Đường Tân Chánh Hiệp 21,10.8703305,106.6368278,10.8704226,106.6368738,50.0,29.0,47.0,0.6170212765957447,1049.36,0.0620689655172413,D,1,18.0,Tương đối thoáng,0.3981643629322059
d8ff2b0f0bf87975af40b356ad7e578e,Đường Nguyễn Lương Bằng,10.7348064,106.7180368,10.7232098,106.7253596,50.0,25.0,34.5,0.7246376811594203,855.65,0.072,D,1,9.5,Tương đối thoáng,0.3653701794368207
1c221f6e40451be98217be4aea879576,Đường Nguyễn Thị Sóc,10.8598764,106.6039116,10.8590069,106.6045252,50.0,38.0,47.0,0.8085106382978723,1057.02,0.0473684210526315,E,1,9.0,Thông thoáng,0.4126669765509935
386fb3ebdd2948a9397bedfa8e2a39f9,Đường Phan Văn Trị,10.8207283,106.6940372,10.8204546,106.6941876,50.0,47.0,47.0,1.0,720.0,0.0382978723404255,E,1,0.0,Thông thoáng,0.413880133480617
5aa2a6a36ed3878c5c6eb5a18b63c7ba,Đường Nguyễn Xuân Khoát,10.7951766,106.6345051,10.7954885,106.6345715,50.0,25.0,35.0,0.7142857142857143,1748.57,0.072,D,3,10.0,Tương đối thoáng,0.3991597224467246
31ab194d8212b83233a6fc3f72e9ae74,Hẻm 341 Lạc Long Quân,10.7691266,106.6405885,10.7684973,106.6414568,50.0,22.0,30.0,0.7333333333333333,840.0,0.0818181818181818,C,3,8.0,Trung bình,0.354850930662328
363d1a8264d89a6d6301bf2c3e5dfd61,Đường Lê Duẩn,10.7857663,106.7035568,10.7803753,106.6984806,50.0,15.5,29.5,0.5254237288135594,2428.47,0.1161290322580645,B,3,14.0,Đông,0.36416949154439604
75fd17e13077257ddb3018f84c76eac6,Đường Điện Biên Phủ,10.8003961,106.7165178,10.8006159,106.716054,60.0,38.0,50.0,0.76,3168.0,0.0473684210526315,E,1,12.0,Thông thoáng,0.497426331471393
4c92558bd4417d93aa2219f301e1ef14,Đường Lê Thị Hà,10.8752155,106.6035093,10.8756688,106.6030332,50.0,25.0,37.0,0.6756756756756757,943.78,0.072,D,1,12.0,Tương đối thoáng,0.3670591812913926
7c70770083f1532697fa793c1e9247a0,Đường Lê Lợi,10.7722079,106.6990769,10.7732655,106.6999404,50.0,15.5,24.5,0.6326530612244898,2042.45,0.1161290322580645,B,3,9.0,Đông,0.3576268119424528
18473a097b08708c365e5b3514d74640,Đường Mai Chí Thọ,10.7882923,106.7502508,10.7924075,106.7519,65.0,30.0,36.5,0.821917808219178,1361.1,0.06,D,1,6.5,Tương đối thoáng,0.4072903396215808
550260e29117fbbd7883acfc1a21b7d8,Cầu Chữ Y,10.7509485,106.6836257,10.7536129,106.6842501,50.0,12.5,16.5,0.7575757575757576,796.36,0.144,B,3,4.0,Đông,0.32728369705563937
634c812a2c45bd0264002a9a2ecbae37,Đường Thành Thái,10.7807392,106.6588525,10.7782236,106.6617292,50.0,24.0,34.0,0.7058823529411765,1778.82,0.075,D,3,10.0,Tương đối thoáng,0.3958803899909269
17b11db4db2c73df0a21cf2c2e2c776f,Đường Hạnh Thông,10.8263467,106.6799853,10.8259802,106.6799069,50.0,21.0,35.0,0.6,1080.0,0.0857142857142857,C,3,14.0,Trung bình,0.3516312347031694
af9ad0a5530a89a756d2beba300fbbbe,Cầu Vượt Xa Lộ Hà Nội Cầu B,10.8054703,106.7542574,10.8303445,106.7632003,55.0,46.0,46.0,1.0,720.0,0.0391304347826087,E,1,0.0,Thông thoáng,0.413880133480617
440742cf2bd4358e9ac77238e8514ada,Đường Chợ Lớn,10.7444411,106.6255188,10.7444479,106.6258206,40.0,23.0,35.0,0.6571428571428571,1954.29,0.0782608695652174,C,3,12.0,Trung bình,0.3962158715755042
b3153071a495f769721580a41acd5142,Đường Quốc lộ 1A,10.7169989,106.59955,10.7687081,106.7032148,60.0,36.0,36.0,1.0,540.0,0.05,E,1,0.0,Thông thoáng,0.4069400667403085
2b065232c5b3ce59f240ba6117083449,Đường Phạm Văn Đồng,10.8701199,106.7633832,10.8641108,106.7571974,50.0,32.0,42.0,0.7619047619047619,788.57,0.0562499999999999,E,1,10.0,Thông thoáng,0.38733804545386585
51d905077b9a55d0a107c12a6f045eb1,Đường Lái Thiêu 113,10.8877621,106.6998839,10.8886155,106.6944551,50.0,32.0,47.5,0.6736842105263158,2842.11,0.0562499999999999,E,1,15.5,Thông thoáng,0.4730684713681155
b2f3a52da6c54d36d1e5fca0b99b1382,Đường Phạm Văn Hai,10.8000753,106.6653921,10.7970292,106.6645994,50.0,17.0,31.0,0.5483870967741935,1172.9,0.1058823529411764,B,3,14.0,Đông,0.3279081895208816
ba4903aed055bfbb3e0fa9242f88926c,Đường Điện Biên Phủ,10.8012395,106.7098827,10.8010524,106.7094146,50.0,36.0,46.5,0.7741935483870968,2682.58,0.05,E,1,10.5,Thông thoáng,0.4717032296307502
03b477d928da55ca9ffa29542cabadf9,Hẻm 36A Cộng Hòa,10.8009238,106.6600301,10.8016842,106.6509196,50.0,26.0,41.0,0.6341463414634146,1527.8,0.0692307692307692,D,3,15.0,Tương đối thoáng,0.3966385139998745
2b84ee42684591b4fb0667a702b002f5,Đường Nguyễn Trãi,10.7710906,106.6929369,10.7532859,106.6628252,50.0,22.0,26.0,0.8461538461538461,636.92,0.0818181818181818,C,1,4.0,Trung bình,0.36799700637628435
038f1f5aa618da4ea9f19f803614e643,Vòng Xoay,10.7388679,106.6898242,10.7392345,106.6909482,50.0,22.0,34.5,0.6376811594202898,2024.35,0.0818181818181818,C,3,12.5,Trung bình,0.3934599435600181
68ab12c1645b4df48d25c2afafd7477f,Đường Trần Đại Nghĩa,10.7447939,106.5384069,10.7446677,106.5386627,50.0,46.0,46.0,1.0,360.0,0.0391304347826087,E,1,0.0,Thông thoáng,0.4
f85da89682a6ec3d59f053125b77e962,Đường Lê Văn Việt,10.8389857,106.768291,10.8488622,106.7742039,50.0,49.0,49.0,1.0,1080.0,0.036734693877551,E,1,0.0,Thông thoáng,0.427760266961234
2338962aaed3e0409092492e98263046,Đường Trường Chinh,10.8249297,106.6275189,10.8251111,106.6277019,80.0,21.0,34.5,0.6086956521739131,3193.04,0.0857142857142857,C,3,13.5,Trung bình,0.43286302011366695
444c90dbab5fb43ac25e4e7b3069667e,Đường Tên Lửa,10.7384659,106.6149043,10.7379148,106.6147828,50.0,24.0,35.0,0.6857142857142857,1388.57,0.075,D,3,11.0,Tương đối thoáng,0.3798418009476745
5e821e35fcda063be2bb55ed0cd66a70,Đường Liên Ấp 6-2,10.8195165,106.5507126,10.8195126,106.5508201,50.0,28.0,42.0,0.6666666666666666,960.0,0.0642857142857143,D,1,14.0,Tương đối thoáng,0.3822733407472648
68e23e96f6b84cac9780535768db6eed,Đường Hiệp Bình,10.8374629,106.7327377,10.8450502,106.7284891,50.0,16.0,21.0,0.7619047619047619,1182.86,0.1124999999999999,B,1,5.0,Đông,0.3541531648743181
b11770597d1bb3722013241f37a0ca4f,Đường Hải Thượng Lãn Ông,10.750916,106.6564736,10.7504187,106.6633972,50.0,24.0,33.5,0.7164179104477612,1305.67,0.075,D,3,9.5,Tương đối thoáng,0.37837259354575703
655086087f9d305bbff5202c84368b40,Đường Nguyễn Bình,10.6764523,106.7460372,10.6764671,106.7461005,50.0,30.0,38.0,0.7894736842105263,1477.89,0.06,D,1,8.0,Tương đối thoáng,0.40914542710528684
3ba76ee7705c4123683536a4609d38c1,Đường Nguyễn Tất Thành,10.7704106,106.7062443,10.7705573,106.7062775,50.0,22.0,35.0,0.6285714285714286,2057.14,0.0818181818181818,C,3,13.0,Trung bình,0.3947435605806306
f1f8a3020a67de846fb9e86ae878e8ee,Đường Kha Vạn Cân,10.8413507,106.7438935,10.8408414,106.7442274,50.0,32.5,43.5,0.7471264367816092,1222.76,0.0553846153846153,E,1,11.0,Thông thoáng,0.4059378517538056
b742e1d71e699d94790e1193f8662294,Đường Sư Vạn Hạnh,10.7575965,106.6738445,10.7589142,106.6735498,50.0,18.5,28.5,0.6491228070175439,1983.16,0.0972972972972973,B,3,10.0,Đông,0.37373127723153454
8be985e8d8e06a0b71f2709c4d055e0a,Đường Nguyễn Tuyển,10.7833422,106.7653756,10.7836471,106.7652891,50.0,25.0,31.0,0.8064516129032258,708.39,0.072,D,1,6.0,Tương đối thoáng,0.3691036750343478
be5ebda5e8e596bb3f87eaf935c74b04,Đường Hai Bà Trưng,10.7756896,106.7060815,10.7914566,106.6874653,50.0,17.5,33.0,0.5303030303030303,2410.91,0.1028571428571428,B,3,15.5,Đông,0.38058988639496305
d2815cdb6defdaf25bcf120055274711,Đường Lê Thị Hà,10.887776,106.5981184,10.8865251,106.5982675,50.0,24.0,36.0,0.6666666666666666,1920.0,0.075,D,1,12.0,Tương đối thoáng,0.39993219131923263
2d4332f8966c899dd8dbea95386d3b56,Đường Lê Đại Hành,10.7648499,106.6551501,10.7626323,106.6568351,50.0,18.5,31.0,0.5967741935483871,3257.42,0.0972972972972973,B,3,12.5,Đông,0.41936099512019387
3c39db0c557be235aff028b5bb55ca41,Đường 3 Tháng 2,10.7580658,106.6494435,10.7711007,106.6734728,50.0,19.5,32.5,0.6,1620.0,0.0923076923076923,C,3,13.0,Trung bình,0.3627740155692562
463837a37b7889b8a27a02938ccee6d3,Đường Hòa Bình,10.7695756,106.6353005,10.7723027,106.6257843,50.0,20.5,30.0,0.6833333333333333,1860.0,0.0878048780487804,C,3,9.5,Trung bình,0.38224249165310836
5755aa7a27fe77e69dbb596e540c2d08,Đường Nguyễn Giản Thanh,10.7797849,106.6679193,10.7825973,106.6716762,50.0,21.0,30.0,0.7,900.0,0.0857142857142857,C,3,9.0,Trung bình,0.349207296995119
aba4377b4889f81082fabd3c38f70d04,Đường Phạm Văn Đồng,10.8529635,106.7511033,10.8667147,106.7620017,50.0,33.0,44.0,0.75,810.0,0.0545454545454545,E,1,11.0,Thông thoáng,0.391543715237868
bd0bdfc59239b2c228e0d185d9029e5d,Đường Quách Thị Trang,10.7063918,106.8237646,10.7065115,106.8236348,50.0,47.0,47.0,1.0,360.0,0.0382978723404255,E,1,0.0,Thông thoáng,0.4
4ad810afdb555ee60885a988876ec408,Đường Lê Quang Định,10.802988,106.698423,10.820498,106.6894367,50.0,24.5,36.5,0.6712328767123288,1427.67,0.073469387755102,D,1,12.0,Tương đối thoáng,0.3833656245179524
c5ba02c38f7cc53873ee9f364b07a153,Đường Số 26,10.8270542,106.7181851,10.8344857,106.7294684,50.0,32.0,43.0,0.7441860465116279,2871.63,0.0562499999999999,E,1,11.0,Thông thoáng,0.46795600070575566
cc7d144f85014ae356f83dbfa6265cbf,Nguyễn Cơ Thạch,10.7768151,106.7226291,10.779091,106.7220698,60.0,40.0,40.0,1.0,1440.0,0.045,E,1,0.0,Thông thoáng,0.44164040044185093
cd6d7444c4b39c9db881d0f8dbb3f3c4,Đường Trường Sơn,10.8050283,106.6643387,10.8026411,106.6635788,55.0,26.0,37.5,0.6933333333333334,2280.0,0.0692307692307692,D,3,11.5,Tương đối thoáng,0.42308114200415076
6afd746a49d0b1813739926e3782a98c,Đường Đồ Sơn,10.8045573,106.6610854,10.8039431,106.6609131,50.0,33.0,42.0,0.7857142857142857,745.71,0.0545454545454545,E,1,9.0,Thông thoáng,0.38860412524070026
df3dea084f020e6d6702fa2ead3b3286,Đường Nguyễn Lương Bằng,10.7266492,106.7230082,10.7267196,106.7231231,50.0,42.0,42.0,1.0,1440.0,0.0428571428571428,E,1,0.0,Thông thoáng,0.44164040044185093
c4453b9f2d10111b0d1b59fd270efc2d,Đường Lê Đức Thọ,10.8552658,106.6556187,10.8551425,106.655734,50.0,30.0,48.0,0.625,1035.0,0.06,D,1,18.0,Tương đối thoáng,0.4018317018890601
5cfc596b6c752d76fc5c86c8835bccab,Đường Huỳnh Mẫn Đạt,10.7518689,106.6773307,10.758139,106.6757437,50.0,25.5,35.0,0.7285714285714285,1697.14,0.0705882352941176,D,3,9.5,Tương đối thoáng,0.3998956851645298
2268892ea7efae68e2fa50c4e77360bf,Đường Phan Văn Trị,10.8212703,106.6975926,10.8370873,106.7325701,50.0,40.0,45.5,0.8791208791208791,1443.96,0.045,E,1,5.5,Thông thoáng,0.4310699340902157
bcdfbeb63259abe653c415f33f8e1fb7,Đường Phạm Ngọc Thạch,10.7678833,106.6745229,10.78553,106.6927956,50.0,23.0,37.5,0.6133333333333333,1584.0,0.0782608695652174,C,3,14.5,Trung bình,0.38295589469431274
7b4a911bbd47627a4c3c6b8770466a8e,Đường Điện Biên Phủ,10.8009447,106.7151083,10.7984442,106.7051673,55.0,36.0,50.0,0.72,2160.0,0.05,E,1,14.0,Thông thoáng,0.4567555061127622
ca3f462646b2a5314e70c8d3eb9a3992,Cầu Thủ Thiêm,10.7844433,106.7192073,10.7874118,106.7177091,60.0,40.0,40.0,1.0,1080.0,0.045,E,1,0.0,Thông thoáng,0.427760266961234
3d4e866d3bc5c188f49992bb3a26fed2,Đường Cây Keo,10.7723432,106.6271541,10.7732289,106.6274402,50.0,19.0,31.0,0.6129032258064516,2113.55,0.0947368421052631,B,3,12.0,Đông,0.37895209634178345
df0613230b902b46a833311e4547b083,Đường Trường Chinh,10.8274348,106.6249037,10.8389566,106.6008101,50.0,20.0,35.0,0.5714285714285714,1697.14,0.09,C,3,15.0,Trung bình,0.36998785106314724
26ab458d485349580f5ada61278363de,An Dương Vương,10.7566251,106.6697746,10.7566534,106.669461,60.0,20.5,32.0,0.640625,3020.62,0.0878048780487804,C,3,11.5,Trung bình,0.4237520235642628
f67cc9b9141adb8a2e9c62d647c26b37,Đường Phan Văn Trị,10.83081,106.6778193,10.8308562,106.6777619,50.0,26.0,34.0,0.7647058823529411,783.53,0.0692307692307692,D,1,8.0,Tương đối thoáng,0.36927076795127073
944d4aba40f9b4698887e285fea8d66e,Hẻm 322 Hòa Hưng,10.7789044,106.670628,10.7785872,106.6707568,50.0,18.0,30.0,0.6,1080.0,0.1,B,3,12.0,Đông,0.332276395993492
416ab8efe59b1653f203084e57cf715e,Đường Cây Bàng,10.7187059,106.5920538,10.7189172,106.5920047,50.0,26.0,36.0,0.7222222222222222,860.0,0.0692307692307692,D,1,10.0,Tương đối thoáng,0.3690987516979895
b045ce8b1239f0484ea7f11485b073c8,Đường Kha Vạn Cân,10.8495638,106.7534794,10.8494184,106.7536678,50.0,32.0,45.0,0.7111111111111111,1760.0,0.0562499999999999,E,1,13.0,Thông thoáng,0.42695320726333125
e91d050d81a15c1854aafa980d24fda9,Đường Thái Phiên,10.7579867,106.6492826,10.7582635,106.6457587,50.0,23.0,33.5,0.6865671641791045,2310.45,0.0782608695652174,C,3,10.5,Trung bình,0.41099822886010606
ef35aa07cbe1e7e85fde1e038bed95e4,Đường Lý Tự Trọng,10.7758374,106.6990601,10.7898473,106.683905,50.0,15.0,28.5,0.5263157894736842,2425.26,0.12,B,3,13.5,Đông,0.3596789462087976
08b37e00c3769c01cfc9a831308cd3a7,Đường Nguyễn Lương Bằng,10.7132819,106.7312394,10.7131905,106.7313098,60.0,25.0,37.0,0.6756756756756757,1887.57,0.072,D,1,12.0,Tương đối thoáng,0.40344787900714674
8d32a165786a4dfa079281c6402de396,Đường Nguyễn Kiệm,10.8146655,106.6786944,10.8120867,106.6767178,50.0,18.5,32.0,0.578125,1679.06,0.0972972972972973,B,3,13.5,Đông,0.35831725761086214
416a8151ba7cac6105b60cf5abfa8ec6,Đường Phạm Văn Đồng,10.8289838,106.7222594,10.8705207,106.7634123,50.0,33.0,42.0,0.7857142857142857,1118.57,0.0545454545454545,E,1,9.0,Thông thoáng,0.40298008793398593
b7a96e838513fa910e384bf242d0d78f,Đường Âu Cơ,10.7745839,106.6479407,10.7762937,106.6468632,50.0,18.0,31.5,0.5714285714285714,1697.14,0.1,B,3,13.5,Đông,0.35547172203088917
176e65c0c1d48b75b07ce408c37d051b,Đường Nguyễn Đình Chiểu,10.7851071,106.6963948,10.7704394,106.6824793,55.0,16.5,27.5,0.6,1620.0,0.1090909090909091,B,3,11.0,Đông,0.3434191768595788
51717c26bcfe2b2fa0c1ca30b5a7b48d,Phạm Văn Đồng,10.8196001,106.6902882,10.837129,106.7326464,65.0,32.0,43.5,0.735632183908046,2089.66,0.0562499999999999,E,1,11.5,Thông thoáng,0.4381198634186116
f1b98271d1e05b7d6be4385423534b68,Đường Trường Sơn,10.8124942,106.6643618,10.812469,106.6648739,45.0,17.0,34.0,0.5,3780.0,0.1058823529411764,B,3,17.0,Đông,0.4318612680658612
115016d4642e2c221204dff826979d47,Đường Hồ Văn Huê,10.8045481,106.677625,10.8054457,106.6781072,50.0,18.0,31.5,0.5714285714285714,3394.29,0.1,B,3,13.5,Đông,0.4209069124104144
22c4a95d61ecfe2639b97be980b19bff,Đường Tân Thới Hiệp 7,10.8619111,106.6498425,10.8621838,106.6494524,80.0,30.0,47.5,0.631578947368421,1023.16,0.06,D,1,17.5,Tương đối thoáng,0.40001696542583715
2f289be8da0abc2734fe794b028f9cc7,Đường Phạm Văn Đồng,10.8235017,106.7061476,10.8242579,106.7074369,50.0,39.5,44.5,0.8876404494382022,562.25,0.0455696202531645,E,1,5.0,Thông thoáng,0.39674320612663483
18c16b911059e72bf5ccfed832b3fa71,Đường Tô Hiến Thành,10.773825,106.6615589,10.7758068,106.6566757,50.0,20.5,32.5,0.6307692307692307,1536.92,0.0878048780487804,C,3,12.0,Trung bình,0.3661712854872561
564f596f23a465368cd92f0aae0f3bf2,Đường Cách Mạng Tháng 8,10.7766471,106.6839026,10.7879441,106.662713,50.0,17.5,32.5,0.5384615384615384,1786.15,0.1028571428571428,B,3,15.0,Đông,0.355979090173993
1522e9e000a9027d9582481c644bf9f7,Phạm Văn Đồng,10.8367273,106.7316781,10.8316231,106.7254178,50.0,16.0,21.0,0.7619047619047619,1182.86,0.1124999999999999,B,1,5.0,Đông,0.3541531648743181
2a2bdd55372e1f53cafe4e2e4e7f1833,Đường Hoàng Trọng Mậu,10.7400283,106.6961929,10.7400256,106.6961154,50.0,24.0,35.0,0.6857142857142857,925.71,0.075,D,3,11.0,Tương đối thoáng,0.3619958048842346
e59398367b5e8a7e0db0c709f85a2c9d,Đường Bờ Bao Tân Thắng,10.8013922,106.6190596,10.8013405,106.6190675,50.0,18.0,34.0,0.5294117647058824,1207.06,0.1,B,3,16.0,Đông,0.33854153590254155
d17e93aa70957e8c5bd2f8194ccecd7b,Đường Phan Đăng Lưu,10.8025532,106.6965436,10.8032397,106.6845465,50.0,18.0,32.0,0.5625,2295.0,0.1,B,3,14.0,Đông,0.3786379755228324
f08358824c8faf5ad14cebc515baca10,Hẻm 86/115 Ông Ích Khiêm,10.7661735,106.6449394,10.7696411,106.6468344,50.0,20.5,31.0,0.6612903225806451,969.68,0.0878048780487804,C,3,10.5,Trung bình,0.3459313349202928
8d6f6a6cbefdeba3d4ccf9b818a655ec,Đường Kinh Dương Vương,10.7455465,106.6235109,10.7282004,106.6071858,50.0,25.0,35.0,0.7142857142857143,1311.43,0.072,D,3,10.0,Tương đối thoáng,0.3823053848086221
20b9106544ecc449efa13972605cfa53,Đường Kênh Tân Hóa,10.7696068,106.6355415,10.7667998,106.6421803,50.0,21.5,31.0,0.6935483870967742,1823.23,0.0837209302325581,C,3,9.5,Trung bình,0.38622888320049226
669adfb273da5ee10f530c17145c6cbc,Đường Số 17,10.8599601,106.7899405,10.8599391,106.7903213,50.0,35.0,47.0,0.7446808510638298,819.57,0.0514285714285714,E,1,12.0,Thông thoáng,0.39877611343504954
58a425de8793636331d1cae226cbde24,Đường Nguyễn Văn Trỗi,10.7985035,106.6707041,10.7941581,106.6777789,55.0,17.0,33.0,0.5151515151515151,2465.45,0.1058823529411764,B,3,16.0,Đông,0.37951579602099106
c580ae6269c9eb89baa34e21210caeb4,Đường Tô Ngọc Vân,10.8537487,106.7511235,10.8620076,106.6713827,65.0,32.0,44.5,0.7191011235955056,1298.43,0.0562499999999999,E,1,12.5,Thông thoáng,0.408545213014027
52df55a8e22750e0d0d9e4e3f96047fc,Đường Trần Văn Giàu,10.7482734,106.5880278,10.7535831,106.5750441,50.0,35.0,47.0,0.7446808510638298,1229.36,0.0514285714285714,E,1,12.0,Thông thoáng,0.4145759464878885
a055a83d88a493b85b2c98528111f650,Đường Hoàng Văn Thụ,10.8006191,106.6610875,10.8003982,106.6611458,50.0,18.5,35.0,0.5285714285714286,1208.57,0.0972972972972973,B,3,16.5,Đông,0.34299390010598346
c00e8a42b8162fb5644d5427c2cae0c5,Vòng Xoay Lê Đại Hành,10.7690082,106.6524868,10.7690082,106.6524868,50.0,19.0,31.0,0.6129032258064516,2113.55,0.0947368421052631,B,3,12.0,Đông,0.37895209634178345
2998950011174f6a1230ef73425c0d12,Đường Vĩnh Lộc,10.8296291,106.5950621,10.8295371,106.5949971,50.0,28.0,47.0,0.5957446808510638,1087.66,0.0642857142857143,D,1,19.0,Tương đối thoáng,0.39806246877494256
0c807e769efb4db2eee959f1506594be,Đường Nguyễn Tri Phương,10.7697668,106.6661869,10.7675961,106.6670725,50.0,19.0,31.5,0.6031746031746031,3222.86,0.0947368421052631,B,3,12.5,Đông,0.4214145254631496
5833b78afc4a3468366345421f21beda,Đường Lê Đại Hành,10.7587163,106.6592488,10.766178,106.6543476,50.0,18.0,31.0,0.5806451612903226,1672.26,0.1,B,3,13.0,Đông,0.3545496142524706
4adadefb2f494e815b54b8b48c9e86cf,Đường Phan Thúc Duyện,10.8052601,106.6589142,10.8026411,106.6635788,50.0,33.0,42.0,0.7857142857142857,745.71,0.0545454545454545,E,1,9.0,Thông thoáng,0.38860412524070026
e380c78f707437fc909242b77223c5c3,Đường Số 18B,10.7796339,106.5996935,10.7796381,106.5996261,50.0,23.0,34.0,0.6764705882352942,942.35,0.0782608695652174,C,3,11.0,Trung bình,0.35774716134827356
38b68e4bfe46f142d77488b621cd805c,Đường Nguyễn Thị Định,10.7682878,106.7773201,10.7636062,106.7826284,50.0,25.0,25.0,1.0,720.0,0.072,D,1,0.0,Tương đối thoáng,0.413880133480617
aae34676b0a35a0545d443405302fd8c,Đường Hoàng Văn Thụ,10.7993219,106.6784691,10.8014439,106.6758626,50.0,18.0,31.0,0.5806451612903226,3344.52,0.1,B,3,13.0,Đông,0.41902514762551657
3aba3d4a8dce782d6006d0fa4caac06e,Đường Thoại Ngọc Hầu,10.7815006,106.6357625,10.7820031,106.6361909,50.0,9.5,9.5,1.0,720.0,0.1894736842105263,B,3,0.0,Đông,0.413880133480617
40077c6e55abef8381d592f810bc7d01,Đường Số 7,10.7496063,106.5941698,10.7496222,106.594239,50.0,52.0,52.0,1.0,720.0,0.0346153846153846,E,1,0.0,Thông thoáng,0.413880133480617
0af145baf979acec1b8de72fdfafd6d4,Đường Nguyễn Huy Tự,10.7926663,106.6967184,10.7926985,106.6961576,50.0,23.0,35.0,0.6571428571428571,1954.29,0.0782608695652174,C,3,12.0,Trung bình,0.3962158715755042
e29478f607afdcf40384533ee444e45d,Đường Trường Chinh,10.8373896,106.6187325,10.7959135,106.647854,50.0,22.0,35.0,0.6285714285714286,1028.57,0.0818181818181818,C,3,13.0,Trung bình,0.35508609143019115
2081ddc5bbfb5ef4adab6c91085293d4,Đường Minh Phụng,10.7618932,106.6444788,10.7618644,106.6445646,50.0,22.5,30.5,0.7377049180327869,832.13,0.08,C,3,8.0,Trung bình,0.3568602048469434
eb48c7456ae2c4beb72622f31718e6f6,Đường Số 9A,10.7292604,106.6884076,10.7288508,106.6880005,65.0,20.0,33.0,0.6060606060606061,2138.18,0.09,C,3,13.0,Trung bình,0.3859591815870328
e62c4fd68cff6b858de508e76941e900,Cầu Phú Mỹ,10.7428358,106.7400366,10.7449386,106.7441554,50.0,44.0,44.0,1.0,720.0,0.0409090909090909,E,1,0.0,Thông thoáng,0.413880133480617
19572d98f7efdf320e9828c856d5b4c9,Đường Nguyễn Phúc Nguyên,10.7805493,106.6792239,10.7820636,106.6789157,50.0,17.0,31.0,0.5483870967741935,1759.35,0.1058823529411764,B,3,14.0,Đông,0.35051931252006996
386ef53d909bc4061a83e53a1f50d4d7,Đường 3 Tháng 2,10.7692426,106.6699972,10.7681372,106.667887,50.0,19.0,32.5,0.5846153846153846,1661.54,0.0947368421052631,B,3,13.5,Đông,0.36107538061025624
a89aa36b7c2eff6f567f7598e4be48a7,Đường Xa Lộ Hà Nội,10.8025311,106.74573,10.817913,106.7579707,65.0,45.0,45.0,1.0,900.0,0.04,E,1,0.0,Thông thoáng,0.4208202002209255
115016d4642e2c221204dff826979d47,Đường Đào Duy Anh,10.8081046,106.6740205,10.8054457,106.6781072,50.0,17.0,30.0,0.5666666666666667,2850.0,0.1058823529411764,B,3,13.0,Đông,0.3925633963592136
7603f93c81fe0e469b6a27f73e40f682,Đường Ông Ích Khiêm,10.7665527,106.6429996,10.7666288,106.6427319,50.0,18.0,30.0,0.6,2160.0,0.1,B,3,12.0,Đông,0.3739167964353429
6382753a049d38d3dd0ab1586b8521f2,Đường Đất Thánh,10.7821462,106.6568445,10.7827199,106.6600419,50.0,0.0,0.0,1.0,1800.0,,A,1,0.0,Rất đông / kẹt xe,0.45552053392246794
19e455d9feca8246edf4ce3897d247ac,Đường Trang Tử,10.7514819,106.6504956,10.7716614,106.6527803,50.0,19.0,29.0,0.6551724137931034,1471.03,0.0947368421052631,B,3,10.0,Đông,0.3571860678104435
c48510d1a47fb6dd2e7e963f7a8ac66a,Đường Nguyễn Hữu Thọ,10.7492889,106.7024382,10.754992,106.7019835,50.0,18.0,34.0,0.5294117647058824,1207.06,0.1,B,3,16.0,Đông,0.33854153590254155
a607cc7797f5992f2e24cd76b4ec324a,Đường Nguyễn Hữu Thọ,10.7365428,106.7002329,10.7303579,106.7003063,50.0,21.5,34.0,0.6323529411764706,1532.65,0.0837209302325581,C,3,12.5,Trung bình,0.3716831952520871
35438db714aa75a073e343995ae4b33a,Đường Đinh Bộ Lĩnh,10.8180917,106.7127697,10.8029327,106.7093756,50.0,19.0,38.5,0.4935064935064935,4450.91,0.0947368421052631,B,3,19.5,Đông,0.47848709858738814
5f4ad30047f2f96391c68e1f137624c7,Đường Trường Chinh,10.8083021,106.6345381,10.829463,106.6235423,50.0,25.0,36.0,0.6944444444444444,1820.0,0.072,D,3,11.0,Tương đối thoáng,0.4010945198326814
e28b4fd590f9e3807f503c1a41bf80ba,Cầu Phú Mỹ,10.7450815,106.7441524,10.7347762,106.7279543,50.0,44.0,44.0,1.0,720.0,0.0409090909090909,E,1,0.0,Thông thoáng,0.413880133480617
86163a5b85f5781a1a097719e51b4386,Đường Phạm Văn Đồng,10.8185142,106.6869633,10.8367273,106.7316781,50.0,33.0,42.0,0.7857142857142857,1118.57,0.0545454545454545,E,1,9.0,Thông thoáng,0.40298008793398593
f661d7fe234a818fcb8118593f40f036,Đường Quốc lộ 1A,10.7495269,106.5938427,10.7495472,106.5939152,50.0,52.0,52.0,1.0,720.0,0.0346153846153846,E,1,0.0,Thông thoáng,0.413880133480617
f646a37cbb7ee7d6fa858ecd8ebae314,Đường Trần Quang Diệu,10.787646,106.6782642,10.7835849,106.6784817,50.0,8.0,16.5,0.4848484848484848,1930.91,0.2249999999999999,B,3,8.5,Đông,0.27029418544915507
84eac5395bc14015e1b7708db7ef3ff7,Đường Số 8,10.8824106,106.7698521,10.8418186,106.6623835,50.0,28.0,40.0,0.7,1350.0,0.0642857142857143,D,1,12.0,Tương đối thoáng,0.39558972191040637
9f49b898d17c44119f3936623504c3af,Đường Huỳnh Tịnh Của,10.79196,106.7089225,10.7921268,106.708958,50.0,27.0,41.0,0.6585365853658537,974.63,0.0666666666666666,D,1,14.0,Tương đối thoáng,0.3785363386807294
5d212d7c449189e142f8a351a928feed,Đường Nguyễn Trãi,10.7532859,106.6628252,10.7548304,106.6708395,50.0,16.0,25.0,0.64,1008.0,0.1124999999999999,B,3,9.0,Đông,0.3216294015554331
bf49a14c2b009c4a36d6796e6015b9f2,Đường Lý Thái Tổ,10.7680397,106.667873,10.7681015,106.6679949,50.0,15.0,34.5,0.4347826086956521,2754.78,0.12,B,3,19.5,Đông,0.38202440586892467
e1fda064de6cd569c93337cdac6a2683,Đường Huỳnh Tấn Phát,10.6783267,106.753584,10.7525133,106.7282216,50.0,24.5,35.0,0.7,2250.0,0.073469387755102,D,1,10.5,Tương đối thoáng,0.4157739265796907
bc94aeffd098c8bc40f404954c2d385c,Đường Phan Xích Long,10.8015575,106.6832089,10.799015,106.6869344,50.0,17.0,31.0,0.5483870967741935,1172.9,0.1058823529411764,B,3,14.0,Đông,0.3279081895208816
e75804c942982977f006580ba5986f84,Đường Lê Duẩn,10.780376,106.6984933,10.7803753,106.6984806,50.0,9.0,23.0,0.391304347826087,4366.96,0.2,B,3,14.0,Đông,0.3679562902116039
a2a384a5d9ebe91eaeef7cef06f8e9fe,Đường Lạc Long Quân,10.7832411,106.6506569,10.7795043,106.6499053,50.0,21.0,31.0,0.6774193548387096,940.65,0.0857142857142857,C,3,10.0,Trung bình,0.3485061250572464
ba81ae121da65d6eefde7171c47aedfa,Đường Hồng Bàng,10.7605205,106.6623843,10.7556227,106.6633772,55.0,23.0,35.0,0.6571428571428571,2442.86,0.0782608695652174,C,3,12.0,Trung bình,0.4150531405050182
176e65c0c1d48b75b07ce408c37d051b,Đường Nguyễn Đình Chiểu,10.7924028,106.7031476,10.7851071,106.6963948,55.0,25.5,37.0,0.6891891891891891,1379.19,0.0705882352941176,D,1,11.5,Tương đối thoáng,0.3861571920679555
43af34a1cc2943a2a639ad9d67e0247b,Thomas Edison,10.8853354,106.8049329,10.8852651,106.8048936,40.0,41.0,57.0,0.7192982456140351,1730.53,0.0439024390243902,E,1,16.0,Thông thoáng,0.4591804804319134
a179566adbd5698884012c45a0a01aee,Đường Nguyễn Lương Bằng,10.7230616,106.8257234,10.7256271,106.7236416,50.0,41.5,46.5,0.8924731182795699,830.32,0.0433734939759036,E,1,5.0,Thông thoáng,0.40963553100889766
bb3f58781f1ee1bbeb010061756571cd,Đường Lê Đại Hành,10.7657693,106.6544961,10.7626655,106.6522037,50.0,21.0,32.0,0.65625,1957.5,0.0857142857142857,C,3,11.0,Trung bình,0.38618986651378623
1ffd381733dc696272b3a0db86e73ed5,Đường Phan Xích Long,10.7946727,106.693204,10.7958364,106.6927968,50.0,15.5,27.5,0.5636363636363636,1145.45,0.1161290322580645,B,3,12.0,Đông,0.31556234471522937
f3bad4165c5bafb5cf3faa190886fe6d,Đường B1,10.8077887,106.6402306,10.8073545,106.6403983,50.0,16.0,20.5,0.7804878048780488,755.12,0.1124999999999999,B,3,4.5,Đông,0.3426535724522135
ec78cff62300b277c94662459ad20e79,Đường Số 13,10.8641797,106.7663628,10.8642639,106.766054,50.0,32.0,45.0,0.7111111111111111,880.0,0.0562499999999999,E,1,13.0,Thông thoáng,0.39302399208848976
5308417b3a518055ee7b96e09e4261f4,Đường Út Tịch,10.8009968,106.6575383,10.7934217,106.6591633,50.0,17.5,34.0,0.5147058823529411,1233.53,0.1028571428571428,B,3,16.5,Đông,0.3366209348020419
00a557e18b7d44b4ae427c56423aa262,Đường Lãnh Binh Thăng,10.7622847,106.65559,10.7623992,106.6545324,50.0,11.0,16.5,0.6666666666666666,960.0,0.1636363636363636,B,3,5.5,Đông,0.3000152762311358
0850d9a408a4b73193f8810b916dadfa,Quốc Lộ 1,10.8666505,106.7915871,10.8752124,106.748644,50.0,29.0,41.5,0.6987951807228916,902.17,0.0620689655172413,D,1,12.5,Tương đối thoáng,0.38252454283447324
8f7bb7b891d811251396f8362ce3f0b6,Đường Phạm Hữu Lầu,10.703606,106.7265583,10.7028333,106.7247561,50.0,33.0,39.0,0.8461538461538461,636.92,0.0545454545454545,E,1,6.0,Thông thoáng,0.38735184508596177
447fc8a6d3b68db5219765fc71d67198,Đường Quốc Lộ 1A,10.8599881,106.6986862,10.859221,106.7052214,50.0,28.0,47.0,0.5957446808510638,1631.49,0.0642857142857143,D,1,19.0,Tương đối thoáng,0.41903033819373126
88f2dd0897210dc36331d0bc9bf31947,Đường Xa Lộ Hà Nội,10.8581167,106.7877131,10.8685319,106.804085,65.0,38.0,51.5,0.7378640776699029,1663.69,0.0473684210526315,E,1,13.5,Thông thoáng,0.44223177798394436
cc1d86bb87c5524e4955e9b1a4789021,Đường Lãnh Binh Thăng,10.7620808,106.6568525,10.7621391,106.6567535,50.0,23.0,33.5,0.6865671641791045,1848.36,0.0782608695652174,C,3,10.5,Trung bình,0.39318192085994413
a828dad6ef44da85028cdabab924f10c,Đường Hai Bà Trưng,10.7821327,106.6989225,10.78789,106.6919402,50.0,14.0,27.5,0.509090909090909,1243.64,0.1285714285714286,B,3,13.5,Đông,0.30500797516898837
175ae2ba6f1197c63b44b93c36cd637d,Đường Trường Chinh,10.832788,106.6218498,10.8311999,106.6227295,50.0,30.0,36.0,0.8333333333333334,660.0,0.06,D,1,6.0,Tương đối thoáng,0.38145925101879374
2d1e2e76955d8d94f92ac490ffbb3d5c,Đường Bàu Cát,10.7922881,106.6429867,10.7929669,106.6410455,50.0,18.0,31.0,0.5806451612903226,1114.84,0.1,B,3,13.0,Đông,0.3330577697947886
23e19b9b24c80c1d54994897c9cb32ba,Đường Số 621,10.8754861,106.8052044,10.8742918,106.805084,50.0,43.0,57.0,0.7543859649122807,802.11,0.041860465116279,E,1,14.0,Thông thoáng,0.4225920839649362
dc6fa3969a8402ca99063b4d13544eaf,Đường Quách Thị Trang,10.7044998,106.847625,10.7041127,106.8398361,55.0,44.5,44.5,1.0,540.0,0.0404494382022471,E,1,0.0,Thông thoáng,0.4069400667403085
d4c4ea8d2d310022471642cf6e5e8066,Đường Nguyễn Trãi,10.7690424,106.6941176,10.7667354,106.6883701,50.0,16.0,23.0,0.6956521739130435,1361.74,0.1124999999999999,B,3,7.0,Đông,0.3453551314589318
eec9f602f390a983b7168d8f462f8628,Đường Trường Chinh,10.7936226,106.6519615,10.8152248,106.6323883,50.0,21.0,34.5,0.6086956521739131,2660.87,0.0857142857142857,C,3,13.5,Trung bình,0.41234471279594487
6b584a04b44c9d951cfa8ccf3c5c490c,Đường Tỉnh Lộ 43,10.8708511,106.7329016,10.8717994,106.73325,50.0,16.5,31.5,0.5238095238095238,2434.29,0.1090909090909091,B,1,15.0,Đông,0.37321733987224076
23c3b821848dd456f7eaf4509b567d43,Hẻm 2 Đường Số 17,10.8603829,106.7908151,10.8599603,106.7901143,50.0,36.0,46.0,0.782608695652174,751.3,0.05,E,1,10.0,Thông thoáng,0.39685411490057015
943bb5ff6acb233381f4c26d82105def,Đường Điện Biên Phủ,10.7957979,106.7028286,10.8012607,106.7127424,50.0,35.5,40.0,0.8875,1687.5,0.0507042253521126,E,1,4.5,Thông thoáng,0.4352152502742912
c3c013d289edec4813b34f41d283e138,Đường Ngô Quyền,10.7558381,106.6663734,10.7558381,106.6663734,60.0,24.0,35.0,0.6857142857142857,2777.14,0.075,D,3,11.0,Tương đối thoáng,0.4333794035787309
14be1c20c28108e1d0ee5b51f96f0b19,Đường Cao Tốc Trung Lương,10.708894,106.5725739,10.7087587,106.5725888,60.0,40.0,45.0,0.8888888888888888,1680.0,0.045,E,1,5.0,Thông thoáng,0.4404995575292873
ae0a5c7b6986f71651b93f2aa09885af,Đường Tống Văn Trân,10.7697921,106.6444644,10.7697654,106.6445026,50.0,21.0,31.0,0.6774193548387096,940.65,0.0857142857142857,C,3,10.0,Trung bình,0.3485061250572464
92255fa15612381dcc52e287c44216fc,Đường Lý Tự Trọng,10.7721656,106.6944832,10.7779424,106.7010583,50.0,11.0,24.0,0.4583333333333333,3337.5,0.1636363636363636,B,3,13.0,Đông,0.35404758249055984
ed2a2eeb60f28bf68dfbdaf48dbb553a,Đường Nguyễn Văn Linh,10.7283976,106.7085848,10.7285196,106.7085817,50.0,39.0,39.0,1.0,1440.0,0.0461538461538461,E,1,0.0,Thông thoáng,0.44164040044185093
abfcf67d913fad9e43c3bf2068eb5422,Đường Lý Thái Tổ,10.7670409,106.6763647,10.7312283,106.8238056,50.0,33.5,39.0,0.8589743589743589,920.77,0.053731343283582,E,1,5.5,Thông thoáng,0.40023969994572656
84422c631f5384d4e096f96f186a2a7d,Hẻm 206 Lý Thường Kiệt,10.765485,106.6595662,10.7738791,106.6572154,50.0,22.0,35.0,0.6285714285714286,1028.57,0.0818181818181818,C,3,13.0,Trung bình,0.35508609143019115
bcbced11f42b439c245dea1d61eb96f7,Đường Gò Dưa,10.8691182,106.73608,10.8665765,106.7267906,50.0,24.5,42.5,0.5764705882352941,1122.35,0.073469387755102,D,1,18.0,Tương đối thoáng,0.37952593776600135
6d08264bbd0f9b27969170e3ea60e7e0,Đường Cao Tốc Thành phố Hồ Chí Minh-Long Thành-Dầu Giây,10.7964727,106.7824691,10.7949371,106.7599681,55.0,62.0,64.0,0.96875,624.37,0.0290322580645161,E,1,2.0,Thông thoáng,0.4130156108903577
5ccc43e9c3efe340d85bccfc615cf1d1,Đường Tam Bình,10.8547733,106.7343846,10.8550441,106.7349099,50.0,27.0,41.0,0.6585365853658537,1949.27,0.0666666666666666,D,1,14.0,Tương đối thoáng,0.41611448672391976
be440cba554db7ed46d7936731b8bc40,Đường Ngô Tất Tố,10.7923372,106.7131767,10.792197,106.7134711,50.0,29.0,37.0,0.7837837837837838,749.19,0.0620689655172413,D,1,8.0,Tương đối thoáng,0.37803958271401616
418457226cadd3afae1b65cab44e1785,Đường Nguyễn Xiển,10.8428497,106.8286983,10.8424012,106.8281916,50.0,27.0,37.0,0.7297297297297297,1269.73,0.0666666666666666,D,1,10.0,Tương đối thoáng,0.38886798504438136
745c19b541bdadd331a6485c6e92a834,Đường Phạm Văn Đồng,10.8193084,106.6900639,10.8195596,106.6899222,65.0,47.0,47.0,1.0,900.0,0.0382978723404255,E,1,0.0,Thông thoáng,0.4208202002209255
f7bcd82f009170b070b6b2c51ac16e84,Đường Nguyễn Oanh,10.8265194,106.6800719,10.8280713,106.6792437,50.0,23.5,35.0,0.6714285714285714,1427.14,0.076595744680851,D,3,11.5,Tương đối thoáng,0.3786100090172006
a4c90c784cfbf59a11a71a9a246039ef,Đường Tân Chánh Hiệp 8,10.8745351,106.629111,10.8750882,106.6270618,50.0,29.0,47.0,0.6170212765957447,1049.36,0.0620689655172413,D,1,18.0,Tương đối thoáng,0.3981643629322059
7c3f006884ec418918d5f7736a3a07ff,Ngô Gia Tự,10.7669024,106.6738588,10.7671362,106.6740191,50.0,26.0,36.0,0.7222222222222222,1720.0,0.0692307692307692,D,3,10.0,Tương đối thoáng,0.40225684834613007
292a3feab9327edd0394ed3845c696e4,Đường Quốc Lộ 1A,10.7443078,106.6957432,10.8671265,106.7881544,50.0,29.5,39.0,0.7564102564102564,1596.92,0.0610169491525423,D,1,9.5,Tương đối thoáng,0.4107592481806757
798016db3d58f253bb6838065124c4b4,Hẻm 574 Kinh Dương Vương,10.7321249,106.6096162,10.731368,106.6109526,50.0,25.0,35.0,0.7142857142857143,874.29,0.072,D,3,10.0,Tương đối thoáng,0.36545104717051957
46f5da33523dee74042c58e5d7affd5b,Đường Mai Chí Thọ,10.8081678,106.7557179,10.8085665,106.7559278,80.0,49.0,49.0,1.0,1080.0,0.036734693877551,E,1,0.0,Thông thoáng,0.427760266961234
46fc423d727b252cc98937db8a8b6798,Hẻm 63 Lý Thường Kiệt,10.7677013,106.6588507,10.7592404,106.6612178,50.0,17.0,31.0,0.5483870967741935,1759.35,0.1058823529411764,B,3,14.0,Đông,0.35051931252006996
f2fbb2eef056e070163a8bae20780e93,Đường Lê Đức Thọ,10.8515063,106.6622383,10.8472382,106.6693689,50.0,25.5,41.5,0.6144578313253012,1053.98,0.0705882352941176,D,1,16.0,Tương đối thoáng,0.3776315073623489
a7c3f9d711cf939db279fdcfb5ff8d0d,Công Trường Dân Chủ,10.7775778,106.6815724,10.7775778,106.6815724,50.0,19.0,34.0,0.5588235294117647,2308.24,0.0947368421052631,B,3,15.0,Đông,0.3868809038053452
d9f08bb369d8a76c946053c9dc973675,Đường Vành Đai 2,10.7568077,106.7614378,10.7917842,106.7927383,50.0,33.0,38.0,0.868421052631579,1193.68,0.0545454545454545,E,1,5.0,Thông thoáng,0.4109208938011278
19c8635315668853c94cc17a523ee97f,Đường Bình Chiểu,10.8878174,106.7287564,10.8878003,106.728711,50.0,24.0,38.0,0.631578947368421,2046.32,0.075,D,1,14.0,Tương đối thoáng,0.4055948792728685
738526ef06112b5a346a6f5dc66f120d,Đường Tô Hiến Thành,10.7808937,106.6698201,10.7793615,106.6704423,50.0,20.0,31.0,0.6451612903225806,1498.06,0.09,C,3,11.0,Trung bình,0.3626094465987451
a4d374f3e70ec93c99bbf72d6db15a75,Đường Đồng Văn Cống,10.7698762,106.7752086,10.7698083,106.775235,60.0,32.0,32.0,1.0,720.0,0.0562499999999999,E,1,0.0,Thông thoáng,0.413880133480617
b23cf7a2151170ab26baf9f070c25912,Hẻm 101 Thành Thái,10.7782236,106.6617292,10.7739209,106.6645769,50.0,22.5,32.5,0.6923076923076923,2741.54,0.08,C,3,10.0,Trung bình,0.4258175180248118
3dc3aeb6ac2cd4c7167f26a1d7f12ea3,Đường Quốc Lộ 1A,10.8753473,106.7511683,10.8754506,106.7515008,50.0,30.0,48.0,0.625,2070.0,0.06,D,1,18.0,Tương đối thoáng,0.4417370856458339
d1a299017f3767c5c0ce6f5ededa0f9d,Đường Nguyễn Trọng Tuyển,10.7980849,106.6699079,10.7984011,106.6665835,50.0,16.5,31.5,0.5238095238095238,1217.14,0.1090909090909091,B,3,15.0,Đông,0.3262889941335382
624b12699f6b0603b67348a78d50101a,Đường Nguyễn Đình Chiểu,10.7803604,106.6918856,10.767872,106.6800536,50.0,16.0,26.0,0.6153846153846154,1578.46,0.1124999999999999,B,3,10.0,Đông,0.34027910214115936
309416b616752c1e32c69af3a4c8917d,Đường Bàu Cát,10.7924125,106.6418466,10.7926149,106.6419251,50.0,18.0,31.0,0.5806451612903226,2229.68,0.1,B,3,13.0,Đông,0.3760414587101526
b3f614c6deb5a73ca31654f6aff3780e,Đường Nguyễn Thị Nhỏ,10.7595294,106.6669516,10.756343,106.6510842,50.0,16.0,28.0,0.5714285714285714,2828.57,0.1124999999999999,B,3,12.0,Đông,0.3845789247318935
a43855d734537d6695bde9802e663a0e,Đường Tên Lửa,10.7383637,106.6150634,10.73825,106.6149888,50.0,24.0,35.0,0.6857142857142857,1851.43,0.075,D,3,11.0,Tương đối thoáng,0.39768779701111445
2c2cf7de99d1512a422bc3afcdf54213,Hẻm 335 Hồng Bàng,10.7546298,106.636522,10.7543494,106.6365345,50.0,23.5,35.0,0.6714285714285714,2854.29,0.076595744680851,D,3,11.5,Tương đối thoáng,0.43363509928626315
f8ee7133cfe997e68f6ffe6ccfe071fa,Lê Quý Đôn,10.8838307,106.8004621,10.8810953,106.8015806,40.0,41.0,57.0,0.7192982456140351,1730.53,0.0439024390243902,E,1,16.0,Thông thoáng,0.4591804804319134
e8d90eb9032231c4be24225137eedb98,Đường Tam Bình,10.845997,106.7287514,10.8560454,106.7381233,50.0,33.0,42.0,0.7857142857142857,1491.43,0.0545454545454545,E,1,9.0,Thông thoáng,0.4173560506272716
1672c01722daa83cae69a3a0af7eea45,Đường Hồng Bàng,10.7534697,106.6530134,10.753623,106.6478806,50.0,23.0,35.0,0.6571428571428571,1954.29,0.0782608695652174,C,3,12.0,Trung bình,0.3962158715755042
3fd122b90cd72cb1c43901abd9e51a3b,Đường Quốc Lộ 22,10.8449041,106.6140548,10.877854,106.5914673,50.0,18.0,22.5,0.8,1080.0,0.1,B,3,4.5,Đông,0.36550220244510495
108b01aabf7a3738b50a62d8b979f387,Đường Nguyễn Văn Linh,10.7279406,106.7122757,10.7283925,106.712277,50.0,42.0,42.0,1.0,540.0,0.0428571428571428,E,1,0.0,Thông thoáng,0.4069400667403085
f4cf8e23c594e3f2d7e6d6c087a69c32,Đường Điện Biên Phủ,10.7921176,106.6992858,10.7921359,106.6992344,50.0,34.0,42.0,0.8095238095238095,702.86,0.0529411764705882,E,1,8.0,Thông thoáng,0.389870590586798
148e250a25be8ebb375a477a09e79c50,Đường Nam Hòa,10.8324177,106.7672026,10.8188716,106.7582527,55.0,37.5,42.5,0.8823529411764706,1143.53,0.048,E,1,5.0,Thông thoáng,0.4163577325514323
acd351cc76318b50d74a9d44c833a44f,Đường Số 6,10.8656041,106.7485967,10.8697421,106.7272126,27.5,31.5,44.5,0.7078651685393258,885.84,0.0571428571428571,E,1,13.0,Thông thoáng,0.3915319503699871
5ee0b83e4d50b690d939cd4f48cb967e,Đường Võ Thị Sáu,10.7915641,106.6955574,10.7825478,106.6866724,50.0,17.0,32.0,0.53125,1805.62,0.1058823529411764,B,3,15.0,Đông,0.3529146375833096
c130fe295990556b2f6683348393e9ca,Đường Thành Thái,10.7781305,106.6563416,10.7807392,106.6588525,50.0,23.5,31.0,0.7580645161290323,1193.23,0.076595744680851,D,3,7.5,Tương đối thoáng,0.37671492432325226
ce4327b3f6072e0dbf5eb07c335a2423,Vũ Huy Tấn,10.7959469,106.6927346,10.7956893,106.6961219,50.0,8.0,15.5,0.5161290322580645,1230.97,0.2249999999999999,B,3,7.5,Đông,0.25017834964494756
6aa710567d555652d8eb7c9ced435d3d,Đường Gò Công,10.7497109,106.6494313,10.7507545,106.6545334,50.0,21.0,32.5,0.6461538461538462,1495.38,0.0857142857142857,C,3,11.5,Trung bình,0.36786992044625605
2750d3a201062d7deb2e154049891644,Đường Xa Lộ Hà Nội,10.8084947,106.7555087,10.8458797,106.7715847,65.0,33.0,47.0,0.7021276595744681,1792.34,0.0545454545454545,E,1,14.0,Thông thoáng,0.433124989624202
64991b3007d81e6b8fbb43f1a76dceeb,Đường An Dương Vương,10.7575894,106.674106,10.757428,106.6739837,50.0,19.5,28.0,0.6964285714285714,1812.86,0.0923076923076923,C,3,8.5,Trung bình,0.3776753493102518
3cfa64afe77bbd77b6f870cc2b6eacc3,Đường Nguyễn Tri Phương,10.7546206,106.6696106,10.7522326,106.6695017,60.0,17.0,33.0,0.5151515151515151,1849.09,0.1058823529411764,B,3,16.0,Đông,0.3557514652651214
5c8848b02d1ed211f5d30c2e42534bfd,Đường Trường Sơn,10.8122766,106.6650353,10.8134346,106.6646772,40.0,17.0,34.0,0.5,5040.0,0.1058823529411764,B,3,17.0,Đông,0.48044173524802064
c3558babbf99dd4193c778d95caeadb1,Hẻm 373/197 Lý Thường Kiệt,10.7790549,106.6503541,10.7799875,106.6539968,50.0,19.0,31.5,0.6031746031746031,1074.29,0.0947368421052631,B,3,12.5,Đông,0.3385744188174573
2947ef039af0171030113c413b81cd0b,Đường Đào Trí,10.7192661,106.7432344,10.7199382,106.7432765,50.0,22.0,35.0,0.6285714285714286,1028.57,0.0818181818181818,C,1,13.0,Trung bình,0.35508609143019115
f6d6fdc8243654b3205cca9e58cd0e26,Hẻm 655 Đường 3 Tháng 2,10.756629,106.6661917,10.7533937,106.6666573,50.0,20.5,30.0,0.6833333333333333,1395.0,0.0878048780487804,C,3,9.5,Trung bình,0.36431398590731146
d21e230286ed05f3b67dd652c64f0201,Đường Xa Lộ Hà Nội,10.8010884,106.7392519,10.8020857,106.7438001,60.0,35.5,46.0,0.7717391304347826,1541.74,0.0507042253521126,E,1,10.5,Thông thoáng,0.42641862035912814
555304c560b2afe9670bbcb31285298a,Đường Trường Sơn,10.8125831,106.6647613,10.8140262,106.6643593,55.0,17.0,34.0,0.5,3150.0,0.1058823529411764,B,3,17.0,Đông,0.4075710344747815
e5e232dd1ecdfa053e24715dba274d25,Đường Hoàng Sa,10.7824606,106.6835712,10.7840477,106.6803024,55.0,7.0,13.5,0.5185185185185185,2453.33,0.2571428571428572,A,3,6.5,Rất đông / kẹt xe,0.28889426771699916
ed7605973c49b176471c75042af01014,Lương Định Của,10.7750334,106.7104127,10.7749435,106.7108802,50.0,26.0,32.0,0.8125,697.5,0.0692307692307692,D,1,6.0,Tương đối thoáng,0.37188359288001394
f3b77211e4a2df3a18a8db9e5af46cf9,Đường Đồng Văn Cống,10.7697992,106.7748933,10.7698665,106.7748651,60.0,49.0,49.0,1.0,720.0,0.036734693877551,E,1,0.0,Thông thoáng,0.413880133480617
3c5f99e1ae9591bff23b250b92c22484,Đường Trịnh Thị Miếng,10.8826122,106.6159517,10.8839449,106.6112355,50.0,26.0,36.0,0.7222222222222222,860.0,0.0692307692307692,D,1,10.0,Tương đối thoáng,0.3690987516979895
be2d989e54855044a68776ff4b143463,Đường Nguyễn Thượng Hiền,10.7770101,106.6820734,10.776852,106.6821788,40.0,19.0,34.0,0.5588235294117647,2308.24,0.0947368421052631,B,3,15.0,Đông,0.3868809038053452
cb19f4ec4fb65fd0ede65fb5ba4bb487,Đường Lý Chính Thắng,10.7792426,106.6820441,10.788335,106.6850959,55.0,12.0,28.0,0.4285714285714285,2777.14,0.15,B,3,16.0,Đông,0.3457296339934774
491e02e3f3e1182208ca7614ab5e7887,Quốc Lộ 1,10.8428093,106.6150302,10.8429984,106.6152871,60.0,18.0,18.0,1.0,720.0,0.1,B,1,0.0,Đông,0.413880133480617
67e2fc538cc2634d7f82c12196ed3f9c,Đường Liên Khu 3,10.8804438,106.8104451,10.8780069,106.8088204,50.0,39.5,55.0,0.7181818181818181,1734.55,0.0455696202531645,E,1,15.5,Thông thoáng,0.4539061394529299
bbb7badb4cb5b83e958214bebd1cebc2,Đường Lê Tuấn Mậu,10.7490204,106.625679,10.7482606,106.6267106,50.0,24.0,35.0,0.6857142857142857,1851.43,0.075,D,3,11.0,Tương đối thoáng,0.39768779701111445
2f743d00a75280e86e3a2fd3248fae97,Hẻm 234 Bạch Đằng,10.8029724,106.7101437,10.8033698,106.7048266,50.0,18.0,31.0,0.5806451612903226,3344.52,0.1,B,3,13.0,Đông,0.41902514762551657
e46d360f9cb75d169efce5ca305ca559,Đường Kha Vạn Cân,10.8416342,106.7466044,10.8487665,106.7531191,50.0,32.0,45.0,0.7111111111111111,1760.0,0.0562499999999999,E,1,13.0,Thông thoáng,0.42695320726333125
9466c59bdc04c79d545fe919b56a8142,Đường Hòa Bình,10.8668839,106.597713,10.8668923,106.5977254,50.0,38.0,47.0,0.8085106382978723,704.68,0.0473684210526315,E,1,9.0,Thông thoáng,0.39908218146610297
ebf87b8e8bc1f1e41da85eb7a3176824,Đường Vành Đai 2,10.7559963,106.7606269,10.7550762,106.7597266,70.0,44.0,44.0,1.0,720.0,0.0409090909090909,E,1,0.0,Thông thoáng,0.413880133480617
8c39031fcfb5e60e3c246f21fe38154a,Hẻm 205 Nguyễn Trãi,10.7555638,106.6742704,10.7940986,106.6976069,50.0,20.5,31.0,0.6612903225806451,1454.52,0.0878048780487804,C,3,10.5,Trung bình,0.3646247902445771
9b9a42701084d0694727416cc278fafe,Đường Quốc Lộ 22,10.8466302,106.6128986,10.843027,106.6149651,55.0,26.5,39.5,0.6708860759493671,1428.61,0.0679245283018867,D,1,13.0,Tương đối thoáng,0.392895817652818
0853e1a6c840ee0fb0057511fad0dab5,Đường Đất Thánh,10.7828795,106.6602062,10.7819,106.656532,50.0,23.0,35.0,0.6571428571428571,1465.71,0.0782608695652174,C,3,12.0,Trung bình,0.37737821708672686
8629283de10ddcf5f663899146bb0fab,Đường Bà Hom,10.7546911,106.6313514,10.754722,106.6311219,50.0,24.0,35.0,0.6857142857142857,925.71,0.075,D,3,11.0,Tương đối thoáng,0.3619958048842346
136a16e68a33440c5e2a4f5c988c22e7,Đường Nguyễn Trãi,10.7635026,106.6905496,10.7666744,106.688366,50.0,18.0,25.5,0.7058823529411765,1778.82,0.1,B,3,7.5,Đông,0.37168684160383014
75da623bca56eca7dae342ddfcbab9be,Đường Quốc Lộ 1A,10.8678819,106.7813371,10.8617623,106.6586551,65.0,33.0,46.0,0.717391304347826,1737.39,0.0545454545454545,E,1,13.0,Thông thoáng,0.42940388257799667
b3d2dfe0fb15f1fe7380b3d98be8ba80,Đường Xô Viết Nghệ Tĩnh,10.7924505,106.707195,10.8011855,106.7113752,50.0,27.0,41.0,0.6585365853658537,2923.9,0.0666666666666666,D,1,14.0,Tương đối thoáng,0.45369224920784673
803ac7a210795e2a71578737c8b26b4a,Đường Cộng Hòa,10.8016842,106.6509196,10.8041993,106.6376734,50.0,31.0,39.0,0.7948717948717948,1093.85,0.0580645161290322,D,1,8.0,Tương đối thoáng,0.3971941838279884
5607986b5ca983a49abe235ecaa49877,Đường Lãnh Binh Thăng,10.7631981,106.6504197,10.7622847,106.65559,50.0,21.0,30.5,0.6885245901639344,1380.98,0.0857142857142857,C,3,9.5,Trung bình,0.3665197741433798
dc93a682340c06217dfae62de3764a65,Đường Cao Tốc Thành phố Hồ Chí Minh-Long Thành-Dầu Giây,10.7917928,106.8178476,10.786298,106.8450235,120.0,74.0,74.0,1.0,720.0,0.0243243243243243,E,1,0.0,Thông thoáng,0.413880133480617
44b0a456b8ab0fb802669e4db97cfdd5,Đường 3 Tháng 2,10.7776498,106.6811565,10.7575536,106.6482993,50.0,21.5,32.5,0.6615384615384615,2423.08,0.0837209302325581,C,3,11.0,Trung bình,0.4069385014462371
b8f135fa2b5d4ab8d9b6072920257679,Đường Nguyễn Tất Thành,10.7537495,106.7224037,10.7537495,106.7224037,50.0,18.0,35.0,0.5142857142857142,2468.57,0.1,B,3,17.0,Đông,0.3888554732789262
9e33da8c42099b753cc4afcb7e2f885c,Đường Nguyễn Chí Thanh,10.7584006,106.6614527,10.7595294,106.6669516,50.0,15.5,25.0,0.62,2610.0,0.1161290322580645,B,3,9.5,Đông,0.37765406006030766
ae51341c1c21607102d98f38b5446a32,Đường Tô Ngọc Vân,10.8608943,106.6696497,10.8610728,106.6698521,50.0,29.0,48.0,0.6041666666666666,1072.5,0.0620689655172413,D,1,19.0,Tương đối thoáng,0.4019334631051189
53924faefb7652b3bdaf1cc16ed31414,Đường Nguyễn Tri Phương,10.7666599,106.6674092,10.7546206,106.6696106,55.0,16.0,32.0,0.5,2520.0,0.1124999999999999,B,3,16.0,Đông,0.3736033815288631
a52b7eda04dc1705e42a398e1a84aa66,Đường Vườn Lài,10.7880016,106.6313252,10.844574,106.6935088,50.0,27.0,41.5,0.6506024096385542,988.92,0.0666666666666666,D,3,14.5,Tương đối thoáng,0.3797285776445826
d1353b9f804072b489f953c63f1b591e,Đường Cao Tốc Thành phố Hồ Chí Minh-Long Thành-Dầu Giây,10.7918961,106.8178943,10.792934,106.8117098,120.0,38.0,38.0,1.0,720.0,0.0473684210526315,E,1,0.0,Thông thoáng,0.413880133480617
0cdc96395c88caf86aeaf7d006bb2c0c,Đường Nguyễn Duy,10.7433356,106.6613572,10.7433941,106.6616795,50.0,26.0,35.0,0.7428571428571429,1645.71,0.0692307692307692,D,3,9.0,Tương đối thoáng,0.40063164788233485
308ae609e5b64de9ce478c7a11dc35c0,Cầu Nguyễn Văn Cừ,10.7527375,106.6871934,10.7541132,106.6883922,50.0,27.5,34.0,0.8088235294117647,1056.18,0.0654545454545454,D,1,6.5,Tương đối thoáng,0.38860657067828613
ee8b2c3f4e5ec2107444452b0ab76d30,Đường Mai Chí Thọ,10.7948062,106.7522864,10.7882091,106.7505717,55.0,37.0,37.0,1.0,720.0,0.0486486486486486,E,1,0.0,Thông thoáng,0.413880133480617
893618cdc30588cd162a4c2b1133b71f,Đường Trần Não,10.7994405,106.7334642,10.7997398,106.7334573,60.0,24.0,32.0,0.75,810.0,0.075,D,1,8.0,Tương đối thoáng,0.36251145717335187
94aadac0163a4195d344b2ff0cf5d166,Đường Phan Đình Giót,10.8001795,106.6677637,10.8046866,106.6644615,55.0,17.0,33.0,0.5151515151515151,5547.27,0.1058823529411764,B,3,16.0,Đông,0.4983382209188661
7d0ed010c6635b8310ee001039d8d447,Đường Cộng Hòa,10.7964689,106.6523793,10.800764,106.6598663,50.0,20.5,36.5,0.5616438356164384,1723.56,0.0878048780487804,C,3,16.0,Trung bình,0.37550747711050037
55d26b2823900135ab49db31c65f2445,Đường Lữ Gia,10.7711526,106.6529443,10.7705227,106.6571756,50.0,17.5,31.0,0.5645161290322581,2287.74,0.1028571428571428,B,3,13.5,Đông,0.3745859471147055
c0df7ab6395377be90f3f3e34633d252,Đường Nguyễn Lương Bằng,10.713383,106.7312623,10.7135062,106.7312577,55.0,25.0,37.0,0.6756756756756757,1415.68,0.072,D,1,12.0,Tương đối thoáng,0.3852537229289013
96d2699795530b9bb0661850b4b7699d,Đường Nguyễn Văn Linh,10.728864,106.6980017,10.728815,106.6963878,80.0,34.0,34.0,1.0,720.0,0.0529411764705882,E,1,0.0,Thông thoáng,0.413880133480617
b3d2dfe0fb15f1fe7380b3d98be8ba80,Đường Xô Viết Nghệ Tĩnh,10.7910523,106.7058445,10.7924505,106.707195,50.0,27.0,41.0,0.6585365853658537,1949.27,0.0666666666666666,D,1,14.0,Tương đối thoáng,0.41611448672391976
d4e002216f4edc3a77b11b9984c8c1e6,Đường Số 24,10.7738467,106.7398113,10.773475,106.7397513,30.0,37.0,37.0,1.0,1440.0,0.0486486486486486,E,1,0.0,Thông thoáng,0.44164040044185093
7872630f267e6a8b1cb8cefd4969f75f,Đường Phổ Quang,10.8025366,106.6658741,10.8087826,106.6687556,50.0,18.0,33.0,0.5454545454545454,2356.36,0.1,B,3,15.0,Đông,0.38166359120967164
2b4070260e2726ad3905ed6b34017434,Đường D1,10.855961,106.7849851,10.8578137,106.788085,55.0,42.5,45.0,0.9444444444444444,690.0,0.0423529411764705,E,1,2.5,Thông thoáng,0.40752632307407805
8fcc2f58e9291525349e290250a6f329,Đường Nơ Trang Long,10.8182453,106.6985355,10.8184238,106.6989116,50.0,23.5,23.5,1.0,360.0,0.076595744680851,D,1,0.0,Tương đối thoáng,0.4
d9ff27de775687ba6ae535d9cdf8a20f,Hẻm 9/1 Lê Tấn Bê,10.7282004,106.6071858,10.7265851,106.6050773,50.0,24.5,35.0,0.7,900.0,0.073469387755102,D,3,10.5,Tương đối thoáng,0.36372342602737706
954bf983171d22823fca228e1460eaa6,Đường Cộng Hòa,10.8023976,106.6423382,10.8029475,106.6424147,50.0,29.0,38.0,0.7631578947368421,786.32,0.0620689655172413,D,1,9.0,Tương đối thoáng,0.3782368229565835
0239f300f8d0fef3e5e31b4a2bc3b676,Đường Xa Lộ Hà Nội,10.8069194,106.7548299,10.8045382,106.7521024,55.0,36.5,46.0,0.7934782608695652,1463.48,0.0493150684931506,E,1,9.5,Thông thoáng,0.42522451547158074
f1fe8c6487b8951009b7e4f5a032eebb,Đường Lý Thường Kiệt,10.7836425,106.6543665,10.7857783,106.6579632,50.0,19.5,33.0,0.5909090909090909,1096.36,0.0923076923076923,C,3,13.5,Trung bình,0.3426139158163686
2ea509c2ea03cfaec16ecdab5eb5ec6a,Đường Khuông Việt,10.7693434,106.6376979,10.7719922,106.6410076,50.0,21.5,31.5,0.6825396825396826,931.43,0.0837209302325581,C,3,10.0,Trung bình,0.35085945794211326
8606fcfa7637f55b9401a94f1745d159,Đường Phạm Văn Đồng,10.8398287,106.7394746,10.8251409,106.710872,65.0,32.0,42.0,0.7619047619047619,1971.43,0.0562499999999999,E,1,10.0,Thông thoáng,0.4329443084785397
c742b494ea61db44309ba54420f04662,Cầu vượt Thủ Đức,10.8620872,106.7959178,10.8622393,106.7945633,65.0,18.5,18.5,1.0,1260.0,0.0972972972972973,B,1,0.0,Đông,0.43470033370154243
a27d6f142e0e8d4af8e0ea7b1e45798e,Đường Nguyễn Tri Phương,10.7537647,106.6538338,10.7566007,106.6695824,55.0,21.5,31.0,0.6935483870967742,2734.84,0.0837209302325581,C,3,9.5,Trung bình,0.4213768512067846
6dafc06acc66da4a12960ed2fcd60b6d,Đường Bình Chiểu,10.8770572,106.7319907,10.8772691,106.7319664,50.0,23.0,38.0,0.6052631578947368,1070.53,0.0782608695652174,C,1,15.0,Trung bình,0.363727909741218
edf8ceb958fbd909078f7de6a72e40de,Đường Phạm Ngọc Thạch,10.78553,106.6927956,10.7780742,106.685171,55.0,32.0,41.0,0.7804878048780488,1510.24,0.0562499999999999,E,1,9.0,Thông thoáng,0.4153163106431085
2c63fbf4dc77cb37ee333f4e25e765f7,Đường Xa Lộ Hà Nội,10.8453128,106.7715728,10.8329768,106.7645442,60.0,49.0,49.0,1.0,720.0,0.036734693877551,E,1,0.0,Thông thoáng,0.413880133480617
297aa53831588423b2352487df6040c8,Vòng Xoay Lạc Long Quân,10.769814,106.6444321,10.7666571,106.6423879,50.0,21.0,31.5,0.6666666666666666,1440.0,0.0857142857142857,C,3,10.5,Trung bình,0.366909217646152
7c23b393f046b6029ce252341f60909c,Đường Quốc Lộ 1A,10.8747377,106.7487214,10.8609657,106.6858709,50.0,30.5,47.0,0.648936170212766,1983.83,0.0590163934426229,D,1,16.5,Tương đối thoáng,0.43656159861836097
fdfb654d5edcf74fc775d180519f037a,Đường Âu Cơ,10.7796593,106.6445172,10.7795043,106.6499053,50.0,19.0,31.0,0.6129032258064516,1056.77,0.0947368421052631,B,3,12.0,Đông,0.33820696450943233
76d257dff89a82782840eb9afab70069,Đường Tây Thạnh,10.810356,106.620154,10.813438,106.6228898,50.0,19.0,34.0,0.5588235294117647,1154.12,0.0947368421052631,B,3,15.0,Đông,0.3423827381035406
4b05bc9df382de766da7daae86b359e4,Đường An Phú Đông 10,10.8576365,106.6962199,10.8565038,106.6964506,50.0,14.0,23.5,0.5957446808510638,1087.66,0.1285714285714286,B,3,9.5,Đông,0.3061269849039748
e6bfdb34e57b9f1bf56da5ac38cc12b5,Quốc Lộ 1,10.8426751,106.6148154,10.8425774,106.6147804,60.0,30.0,30.0,1.0,720.0,0.06,D,1,0.0,Tương đối thoáng,0.413880133480617
449690e7103c2f6f08ca48fe1916ab83,Đường Lê Văn Chí,10.8660484,106.7816929,10.8504219,106.7739597,50.0,33.5,45.5,0.7362637362637363,2504.18,0.053731343283582,E,1,12.0,Thông thoáng,0.4592748872492516
3ff2b88cd61445ae362d9d551f4378d6,Đường Ngô Chí Quốc,10.8740594,106.730453,10.8738081,106.7302504,50.0,24.0,38.0,0.631578947368421,1023.16,0.075,D,1,14.0,Tương đối thoáng,0.36614599768390166
379b3cd8c9b5927199db8d8e5854f5c0,Đường Tôn Thất Hiệp,10.7623556,106.6521869,10.7602645,106.6532907,50.0,23.0,33.0,0.696969696969697,1810.91,0.0782608695652174,C,3,10.0,Trung bình,0.3924025671530746
087c89dd2969a894f56ae36a06fb750b,Đường Quốc Lộ 22,10.8471993,106.6123545,10.8472751,106.6124805,50.0,36.5,46.0,0.7934782608695652,731.74,0.0493150684931506,E,1,9.5,Thông thoáng,0.3970116019351733
905ee1f521b04a6705f932f24ac21d6a,Đường Đồng Tâm,10.8630927,106.6107839,10.8632256,106.6104704,50.0,20.0,32.0,0.625,1035.0,0.09,C,1,12.0,Trung bình,0.3437671857600278
230f9cb6f855139dc3de50459e420b4b,Đường Tô Ký,10.8819132,106.6077482,10.8822319,106.6079617,50.0,25.0,36.0,0.6944444444444444,910.0,0.072,D,1,11.0,Tương đối thoáng,0.3660086268677885
3f02cf00511ed6d52873fdc68a0c1b27,Đường Nguyễn Thị Định,10.7636062,106.7826284,10.7581359,106.7889248,50.0,20.0,25.0,0.8,720.0,0.09,C,1,5.0,Trung bình,0.35646077864190734
f9379126bfcfcd0d742d7ef3a4f7d2f4,Đường Nguyễn Chí Thanh,10.7610783,106.6746115,10.760649,106.6740819,60.0,19.0,28.5,0.6666666666666666,2880.0,0.0947368421052631,B,3,9.5,Đông,0.41275233221378116
0e7aa5395cf7b6db6f509f2524b92fdf,Đường Nguyễn Tất Thành,10.7571329,106.717736,10.7530896,106.7022171,50.0,12.5,38.5,0.3246753246753247,1575.58,0.144,B,3,26.0,Đông,0.3412121782464638
af1638d7752e8b881830970c73587a23,Đường Hoàng Minh Giám,10.8123044,106.6768879,10.80837,106.6736261,50.0,21.0,31.5,0.6666666666666666,1920.0,0.0857142857142857,C,3,10.5,Trung bình,0.3854160622869746
0cb034fcb9cf583d3cfa7b9e3dcab0b6,Nguyễn Hậu,10.7872262,106.6346835,10.7874845,106.634782,50.0,23.0,34.0,0.6764705882352942,942.35,0.0782608695652174,C,3,11.0,Trung bình,0.35774716134827356
73318dff2dc6874661d0bafd247488a4,Đường Phạm Văn Chiêu,10.8541753,106.665484,10.8523298,106.6602254,50.0,30.0,48.0,0.625,1552.5,0.06,D,1,18.0,Tương đối thoáng,0.421784393767447
944d4aba40f9b4698887e285fea8d66e,Hẻm 322 Hòa Hưng,10.7779568,106.6710033,10.7785872,106.6707568,50.0,20.5,31.0,0.6612903225806451,969.68,0.0878048780487804,C,3,10.5,Trung bình,0.3459313349202928
0863019ede145989e16c17472b285e3c,Đường Quang Trung,10.8442903,106.6401134,10.8231377,106.6297806,50.0,23.5,35.5,0.6619718309859155,1452.68,0.076595744680851,D,1,12.0,Tương đối thoáng,0.3794305163029088
c0463e7f9e4e9d97dac360cd1f8fb1cc,Đường Xa Lộ Hà Nội,10.8000814,106.7343734,10.8019073,106.7457465,70.0,43.0,43.0,1.0,900.0,0.041860465116279,E,1,0.0,Thông thoáng,0.4208202002209255
9793e9678dd4c80b990793cdd330a5cb,Đường Hà Huy Giáp,10.8589939,106.6798911,10.8717216,106.6768789,50.0,26.0,40.5,0.6419753086419753,2008.89,0.0692307692307692,D,1,14.5,Tương đối thoáng,0.4144904511077699
48e84d50e2b26c7045e0fc47a9527380,Đường Lê Văn Lương,10.6893503,106.7024735,10.7410217,106.7037515,50.0,26.5,34.0,0.7794117647058824,1135.59,0.0679245283018867,D,1,7.5,Tương đối thoáng,0.3857859438473757
7642b13b19d9c6929cf66e4bf469be97,Lê Quý Đôn,10.8832727,106.800583,10.8832727,106.800583,40.0,43.0,57.0,0.7543859649122807,1604.21,0.041860465116279,E,1,14.0,Thông thoáng,0.4535177924782775
78740639d5410ec885bd93d91e8f95e8,Đường Lê Văn Tách,10.87865,106.7619572,10.8060161,106.6057636,50.0,25.5,39.0,0.6538461538461539,983.08,0.0705882352941176,D,1,13.5,Tương đối thoáng,0.37154203700267746
fe84f77da96da5828f4d4bc487679148,Đường 3 Tháng 2,10.7681682,106.6677962,10.7681682,106.6677962,50.0,21.0,32.0,0.65625,1957.5,0.0857142857142857,C,3,11.0,Trung bình,0.38618986651378623
4acc35dfc56bacf61b6804ae09abdd9c,Đường Lê Văn Việt,10.8486663,106.7744207,10.8484707,106.774693,50.0,22.0,24.5,0.8979591836734694,1631.02,0.0818181818181818,C,1,2.5,Trung bình,0.41921601840149736
50663426f5bd36b04957fdf49fe8c92e,Đường Số 22,10.7765916,106.7657368,10.7769125,106.7659642,50.0,25.0,30.0,0.8333333333333334,660.0,0.072,D,1,5.0,Tương đối thoáng,0.37178183166395506
6b0fbf6a2e4ef04b02bd48b90ded9f0e,Đường Lý Thường Kiệt,10.7765701,106.656462,10.7765446,106.6563765,50.0,20.0,33.0,0.6060606060606061,1069.09,0.09,C,3,13.0,Trung bình,0.34473942630149723
3bfb0cca1ad9b62fdd5a4997832e0d98,Đường Hòa Bình,10.7669237,106.6422282,10.7670183,106.641639,50.0,20.5,30.0,0.6833333333333333,1395.0,0.0878048780487804,C,3,9.5,Trung bình,0.36431398590731146
b78d9d8b7dfe37e11e98fe569e27dd8a,Đường Nguyễn Hữu Tiến,10.8131648,106.6226738,10.8157799,106.6249673,50.0,19.0,34.0,0.5588235294117647,2885.29,0.0947368421052631,B,3,15.0,Đông,0.40912960109698415
d1d0298f9bbffc8d2c987d94ff5eddcd,Đường Đào Duy Từ,10.7942586,106.6839488,10.7991177,106.6803031,50.0,17.5,31.0,0.5645161290322581,1715.81,0.1028571428571428,B,3,13.5,Đông,0.35253465616590196
76af8535a1772f60979e2ace59b57ceb,Đường Thái Phiên,10.7582635,106.6457587,10.7580428,106.648904,50.0,22.0,33.5,0.6567164179104478,2444.78,0.0818181818181818,C,3,11.5,Trung bình,0.4100628580961132
e10b662685d4fcf7bb61628a4071aeee,Đường Nguyễn Văn Nghi,10.8214371,106.6887972,10.8238312,106.6869947,50.0,29.5,38.0,0.7763157894736842,762.63,0.0610169491525423,D,1,8.5,Tương đối thoáng,0.37944567414829367
f1c455e96fc9caeeef3e07f07cda2988,Đường Bà Huyện Thanh Quan,10.7807155,106.6832444,10.7767699,106.6884634,55.0,19.0,32.0,0.59375,1091.25,0.0947368421052631,B,3,13.0,Đông,0.3390811179066968
077ca7cc4c2807768a3891b8e0026e82,Đường Nguyễn Trãi,10.7548304,106.6708395,10.7562318,106.6758517,50.0,17.0,26.5,0.6415094339622641,1005.28,0.1058823529411764,B,3,9.5,Đông,0.327161778370677
c6a567f43c47b41238fa4ec6b881889a,Nguyễn Tất Thành,10.7650945,106.7071763,10.7578081,106.7164541,50.0,9.0,18.0,0.5,1890.0,0.2,B,3,9.0,Đông,0.2815712124539125
14f1ad7d88d4a4c793aaf2097b5167c9,Đường Nguyễn Thi,10.7505935,106.6591297,10.7505909,106.6591695,50.0,20.0,29.0,0.6896551724137931,2755.86,0.09,C,3,9.0,Trung bình,0.41528895094606055
23b2f235a90abe1a200e390bb787a70d,Đường Pasteur,10.7732727,106.7014834,10.7778266,106.6988251,55.0,10.0,25.0,0.4,2880.0,0.18,B,3,15.0,Đông,0.32490286984818983
aad48e9b8f4d68a89d782d2d3005101f,Đường Đê Bao,10.8368731,106.7001735,10.830835,106.6929691,50.0,24.0,38.0,0.631578947368421,1023.16,0.075,D,1,14.0,Tương đối thoáng,0.36614599768390166
b38f64d6ca9f83b275adfe80fb653f6f,Đường Quốc Lộ 1K,10.8883021,106.7760528,10.8882135,106.7761239,50.0,31.5,45.0,0.7,2250.0,0.0571428571428571,E,1,13.5,Thông thoáng,0.44480618464420685
f59492720cc4552001643fc05a7e5c6f,Đường Phạm Văn Đồng,10.8575701,106.7518877,10.849516,106.7489666,50.0,32.0,42.0,0.7619047619047619,788.57,0.0562499999999999,E,1,10.0,Thông thoáng,0.38733804545386585
30552af3a2fe8d6f783d9772e098f6ee,Đường Võ Văn Kiệt,10.7186024,106.6036625,10.7581329,106.6915488,50.0,42.0,42.0,1.0,360.0,0.0428571428571428,E,1,0.0,Thông thoáng,0.4
a9b66452f50c1ce9f45f754a07a783c0,Đường 3 Tháng 2,10.7709488,106.6730236,10.7709488,106.6730236,50.0,21.0,32.0,0.65625,1957.5,0.0857142857142857,C,3,11.0,Trung bình,0.38618986651378623
5950bd3636d25bc77bb4e9e9692c98e3,Đường Nguyễn Hữu Cảnh,10.7896678,106.712201,10.7888202,106.7098683,50.0,27.0,36.0,0.75,810.0,0.0666666666666666,D,1,9.0,Tương đối thoáng,0.3721888765281906
f633bf06989ace67548c52bce7130e95,Đường Phan Văn Trị,10.8112469,106.6954833,10.831922,106.6746596,50.0,19.5,32.5,0.6,1080.0,0.0923076923076923,C,3,13.0,Trung bình,0.34195381534833075
b6056a4c965d02ed826c40fee5c9a427,Đường Phạm Văn Đồng,10.8339731,106.7284081,10.8252909,106.7114115,50.0,38.0,42.5,0.8941176470588236,1927.06,0.0473684210526315,E,1,4.5,Thông thoáng,0.44795265675371854
18d7ce6ec8a1000b894ff94bbc417c96,Đường Ngô Gia Tự,10.7618189,106.6702758,10.7563976,106.666426,50.0,29.5,38.5,0.7662337662337663,780.78,0.0610169491525423,D,3,9.0,Tương đối thoáng,0.37965045836822137
6d970c201d4ecf40bea11ec690022048,Đường Tỉnh Lộ 743,10.8873863,106.7382056,10.8874344,106.7383228,50.0,33.0,43.5,0.7586206896551724,3177.93,0.0545454545454545,E,1,10.5,Thông thoáng,0.4825633631213461
6d9c2bbc469978a7d39ad9ce84f1a527,Hẻm 457 Đường Cách Mạng Tháng 8,10.7827246,106.6724641,10.7822806,106.6732878,50.0,19.0,34.0,0.5588235294117647,1154.12,0.0947368421052631,B,3,15.0,Đông,0.3423827381035406
a0616551a649b424c725bc667b4a8e72,Đường Nguyễn Hữu Cảnh,10.7875007,106.7093873,10.7876817,106.7096016,50.0,29.5,38.0,0.7763157894736842,2287.89,0.0610169491525423,D,1,8.5,Tương đối thoáng,0.43825348635008765
49ecdc5552ce5a28149992c19a4c4a1d,Đường Phạm Thế Hiển,10.7404244,106.6548139,10.7508219,106.6874216,50.0,25.0,34.0,0.7352941176470589,1254.71,0.072,D,3,9.0,Tương đối thoáng,0.38155519638064184
ac466ada61f2c2bdb5d6fcfe93cab634,Đường Nguyễn Thị Nhỏ,10.7544346,106.6508617,10.758499,106.6513356,50.0,19.0,27.5,0.6909090909090909,1374.55,0.0947368421052631,B,3,8.5,Đông,0.3578559179957734
dc3bd1b79cd39a9091861c0bf9cf1372,Hẻm 49 Âu Cơ,10.769155,106.6519481,10.7694423,106.6515852,50.0,18.0,31.5,0.5714285714285714,2828.57,0.1,B,3,13.5,Đông,0.39909505376415155
2016fae29720e80048b5a8d7ea8a84a8,Đường Tân Vĩnh,10.7564549,106.7023549,10.757461,106.7015563,50.0,20.0,33.0,0.6060606060606061,1603.64,0.09,C,3,13.0,Trung bình,0.3653494967238967
78e26005f58a4ac82941adf1b6c9ce0b,Đường Nguyễn Chí Thanh,10.7607311,106.6727534,10.7607915,106.6740891,55.0,19.0,28.5,0.6666666666666666,2400.0,0.0947368421052631,B,3,9.5,Đông,0.3942454875729585
d2a5c936235345a42aaa6cba59014b74,Đường Dương Bá Trạc,10.7413597,106.6885411,10.7415302,106.6884693,50.0,20.0,33.0,0.6060606060606061,2138.18,0.09,C,3,13.0,Trung bình,0.3859591815870328
0061b758a42f099e6d194fe2d6e75c78,Đường Số 12,10.8649833,106.728414,10.8648292,106.7285029,50.0,30.0,48.0,0.625,1035.0,0.06,D,1,18.0,Tương đối thoáng,0.4018317018890601
6ab60321f847c51e9299df7419d6dc51,Đường Xuân Hồng,10.7944927,106.6525329,10.7937384,106.6517611,50.0,20.0,34.5,0.5797101449275363,3349.57,0.09,C,3,14.5,Trung bình,0.43324133026803446
097e91beffcf15cc70db5bf684a1647e,Đường Lê Lợi,10.7712269,106.6986125,10.7718767,106.6986499,55.0,16.0,29.0,0.5517241379310345,2917.24,0.1124999999999999,B,3,13.0,Đông,0.38725081712777676
32196ce38d97227596a014fe983dc5bf,Đường Kha Vạn Cân,10.8504341,106.7545053,10.8319797,106.725621,50.0,33.0,42.0,0.7857142857142857,1118.57,0.0545454545454545,E,1,9.0,Thông thoáng,0.40298008793398593
5d8a3e5f7b17ba513395f8a6a4150cc2,Đường Âu Dương Lân,10.7482816,106.6817654,10.7479796,106.6819277,50.0,25.0,33.5,0.746268656716418,1633.43,0.072,D,3,8.5,Tương đối thoáng,0.3971242723099119
418de2d4cb47c9713d6fb6099c8c7795,Đường Phạm Văn Đồng,10.8252486,106.7108326,10.8239671,106.706066,65.0,32.0,42.0,0.7619047619047619,1577.14,0.0562499999999999,E,1,10.0,Thông thoáng,0.417742092283894
cfdfe5236258e46748f0b5bd4c361605,Đường Quang Trung,10.8350079,106.6634568,10.8430788,106.6419808,50.0,12.0,18.5,0.6486486486486487,1488.65,0.15,B,3,6.5,Đông,0.320543173285078
f8be83903596d3581c3ed2722b904f55,Đường Xa Lộ Hà Nội,10.8159526,106.7573234,10.8100275,106.756146,80.0,33.0,47.0,0.7021276595744681,2688.51,0.0545454545454545,E,1,14.0,Thông thoáng,0.4676776541278812
14cd7594142d9c3e798e5b9e2f7c0c75,Đường Đào Trinh Nhất,10.8625105,106.7609449,10.8650568,106.7590353,50.0,33.0,43.0,0.7674418604651163,778.6,0.0545454545454545,E,1,10.0,Thông thoáng,0.3898829466228155
fd3679f127d3799d313a5db2a703ef9b,Đường 3 Tháng 2,10.7575536,106.6482993,10.7618422,106.6562075,50.0,11.5,16.5,0.696969696969697,1810.91,0.1565217391304348,B,3,5.0,Đông,0.344015470378881
f5175d15ddba119b025d41f4d096e548,Đường Số 10,10.7246478,106.7159815,10.7255698,106.715968,50.0,43.0,43.0,1.0,900.0,0.041860465116279,E,1,0.0,Thông thoáng,0.4208202002209255
c89147228d920f596f87b65b4493588f,Đường Phú Thuận,10.729784,106.729495,10.729912,106.7298359,50.0,25.0,37.0,0.6756756756756757,943.78,0.072,D,1,12.0,Tương đối thoáng,0.3670591812913926
b50ded03ccbcc1491627859260170356,Quốc Lộ 1,10.8423388,106.6149893,10.8445156,106.6172944,60.0,54.5,54.5,1.0,720.0,0.0330275229357798,E,1,0.0,Thông thoáng,0.413880133480617
e62c4fd68cff6b858de508e76941e900,Cầu Phú Mỹ,10.7449386,106.7441554,10.7469406,106.7484952,50.0,44.0,44.0,1.0,720.0,0.0409090909090909,E,1,0.0,Thông thoáng,0.413880133480617
3b8503c98906d29b3dc213c8b61b3094,Đường Nguyễn Tri Phương,10.7590308,106.6690295,10.7614123,106.6684746,50.0,21.0,31.0,0.6774193548387096,1881.29,0.0857142857142857,C,3,10.0,Trung bình,0.3847733716050451
85e4979960e7c7c1b78ee51016b220a5,Đường Huỳnh Văn Bánh,10.7958652,106.681914,10.7918192,106.6716163,50.0,23.5,31.5,0.746031746031746,1634.29,0.076595744680851,D,3,8.0,Tương đối thoáng,0.39219338733466896
6166f3e708c26c896b2f2ff43aa433b5,Đường Hồng Bàng,10.7556227,106.6633772,10.7555118,106.6633989,60.0,23.5,35.0,0.6714285714285714,2854.29,0.076595744680851,D,3,11.5,Tương đối thoáng,0.43363509928626315
846241f3681f2e83fdbfd0503d1f4547,Đường Phạm Văn Đồng,10.821591,106.6983165,10.8218467,106.6992827,50.0,47.0,47.0,1.0,1440.0,0.0382978723404255,E,1,0.0,Thông thoáng,0.44164040044185093
8c7601cef52f0670f5cb7a5ba1bbadac,Đường Trần Hưng Đạo,10.7680299,106.6953474,10.7644448,106.692428,50.0,15.0,25.0,0.6,2160.0,0.12,B,3,10.0,Đông,0.3545619577256655
89479dc4a7719faf7acf04a66a8cac89,Trường Sơn,10.8130718,106.6649688,10.8111229,106.6650145,55.0,8.5,17.0,0.5,3150.0,0.2117647058823529,B,3,8.5,Đông,0.3253129699586525
9a835c1abba19bd231bc8bc4c4e01b6c,Đường Quách Thị Trang,10.7154014,106.8475443,10.7829212,106.7056039,60.0,21.0,21.0,1.0,720.0,0.0857142857142857,C,1,0.0,Trung bình,0.413880133480617
b81f1d5593dc568ed2ee2a1d1d0fd283,Đường Nguyễn Văn Cừ,10.7643811,106.6819889,10.7622438,106.683007,45.0,19.5,33.0,0.5909090909090909,2192.73,0.0923076923076923,C,3,13.5,Trung bình,0.3848854767723242
4a1e1f62c0f4ce9beafe5c16329f13aa,Đường Minh Phụng,10.7577151,106.6438018,10.7626846,106.6446172,50.0,22.0,30.5,0.7213114754098361,1292.46,0.0818181818181818,C,3,8.5,Trung bình,0.37077470412590424
5352666e6432a10fceff657a7a02f997,Đường Số 14,10.8671944,106.7747087,10.8675871,106.7749133,50.0,36.0,45.0,0.8,720.0,0.05,E,1,9.0,Thông thoáng,0.39517045606126217
c8332568dcc4b34bad9df96b5c67d114,Đường Châu Văn Liêm,10.7529881,106.6587484,10.7537895,106.6584782,50.0,21.0,29.0,0.7241379310344828,1284.83,0.0857142857142857,C,3,8.0,Trung bình,0.36713709893197444
678b3c050fb3beed94da629f0ce6bd1d,Đường Trường Chinh,10.8332849,106.6212255,10.8136617,106.6326825,65.0,19.0,34.0,0.5588235294117647,2308.24,0.0947368421052631,B,3,15.0,Đông,0.3868809038053452
c1a0037372386d5021b902f3ead79f51,Đường Võ Thị Sáu,10.7823096,106.6864116,10.7785015,106.6826659,50.0,17.0,32.0,0.53125,2407.5,0.1058823529411764,B,3,15.0,Đông,0.3761206785258478
05679f6366bc9176fb5f49648782371b,Đường Chu Văn An,10.8113215,106.6960454,10.811203,106.7048425,50.0,17.0,32.5,0.5230769230769231,1218.46,0.1058823529411764,B,3,15.5,Đông,0.3307910282138923
71f93cf8ea9aaf48105f9b0698e6d2d9,Đường Tô Hiến Thành,10.7736176,106.6614007,10.7768372,106.664107,50.0,19.0,30.0,0.6333333333333333,1530.0,0.0947368421052631,B,3,11.0,Đông,0.3575835520915751
3744e21c2023db0f4531107364d601a9,Đường Trần Nhật Duật,10.7916682,106.6898524,10.7915069,106.6888956,50.0,14.0,25.0,0.56,1152.0,0.1285714285714286,B,3,11.0,Đông,0.3042137130121961
cb4335a416d83971695b8a9fe1614d99,Đường Lý Thường Kiệt,10.8866826,106.5896647,10.7757808,106.6565902,50.0,20.5,33.5,0.6119402985074627,1587.76,0.0878048780487804,C,1,13.0,Trung bình,0.3678477755855816
a3bdd2a7c4c008f49e416ee5957c5044,Cầu Vượt Quang Trung 2,10.8502095,106.6314235,10.8509611,106.627222,50.0,31.0,36.0,0.8611111111111112,1220.0,0.0580645161290322,D,1,5.0,Tương đối thoáng,0.4080684909133736
37b229997547e4069c007eb895371e01,Đường Phan Văn Trị,10.757374,106.6831763,10.7545595,106.6841957,50.0,23.0,29.0,0.7931034482758621,1098.62,0.0782608695652174,C,3,6.0,Trung bình,0.37708774449424215
cb8f17d21348ad140c8a6868fb442f2f,Đường Phạm Văn Đồng,10.818071,106.6867094,10.823167,106.7030896,50.0,40.0,44.5,0.898876404494382,1355.06,0.045,E,1,4.5,Thông thoáng,0.4284162030817864
8c39031fcfb5e60e3c246f21fe38154a,Cầu Bùi Hữu Nghĩa,10.7930658,106.6974031,10.7940986,106.6976069,50.0,11.5,17.5,0.6571428571428571,1954.29,0.1565217391304348,B,3,6.0,Đông,0.3381513554464719
f3bad4165c5bafb5cf3faa190886fe6d,Đường Nguyễn Đức Thuận,10.8073545,106.6403983,10.8072353,106.6404336,50.0,33.0,42.0,0.7857142857142857,745.71,0.0545454545454545,E,1,9.0,Thông thoáng,0.38860412524070026
cf96a7ac012ae3bf2e474c3f90b39a19,Đường Lê Đức Thọ,10.8398015,106.6791366,10.8610348,106.6499071,50.0,28.5,42.0,0.6785714285714286,938.57,0.0631578947368421,D,1,13.5,Tương đối thoáng,0.3829063806406821
63912295e9183a9f8c702bb66225df24,Đường Phan Văn Trị,10.8319624,106.6745438,10.8269605,106.6885765,50.0,21.0,33.0,0.6363636363636364,1014.55,0.0857142857142857,C,3,12.0,Trung bình,0.34899044727175466
945f4133aaa997f4ea99a4b9f3d73e0b,Đường Lê Quang Sung,10.7510631,106.6528193,10.7510631,106.6528193,50.0,22.0,36.0,0.6111111111111112,1060.0,0.0818181818181818,C,3,14.0,Trung bình,0.3567382523771853
b6b6f2553a423b0cca086a375421206a,Đường Xa Lộ Hà Nội,10.8006952,106.7363742,10.8336803,106.7646754,55.0,36.5,48.5,0.7525773195876289,1208.04,0.0493150684931506,E,1,12.0,Thông thoáng,0.4179314207123061
03a32720a21696ddc4450a75c1855641,Đường Lạc Long Quân,10.7742613,106.6477025,10.769814,106.6444321,50.0,22.0,31.0,0.7096774193548387,882.58,0.0818181818181818,C,3,9.0,Trung bình,0.3536553197718901
966e74ba8bac07af8b625e406f86ea8b,Phường Đông Hưng Thuận,10.8502828,106.6308139,10.850249,106.6309142,50.0,43.0,43.0,1.0,720.0,0.041860465116279,E,1,0.0,Thông thoáng,0.413880133480617
7ad2b14da2e3c4ad5c40c985979237d3,Đường Quách Thị Trang,10.7130085,106.8474689,10.7086939,106.8475454,50.0,41.0,44.5,0.9213483146067416,501.57,0.0439024390243902,E,1,3.5,Thông thoáng,0.39772005150901274
ce385110ddaf17e88fef5ca10f83a755,Cao Thắng,10.7729223,106.678801,10.7716819,106.6802249,50.0,5.5,13.5,0.4074074074074074,2853.33,0.3272727272727272,A,3,8.0,Rất đông / kẹt xe,0.26005140527610765
0239f300f8d0fef3e5e31b4a2bc3b676,Đường Xa Lộ Hà Nội,10.8045382,106.7521024,10.8454687,106.7714892,70.0,36.0,48.5,0.7422680412371134,1647.84,0.05,E,1,12.5,Thông thoáng,0.43427308598709036
321d862a192d8834e0a0097ee53e3680,Đường Châu Văn Liêm,10.7545372,106.6583269,10.7541599,106.6583935,50.0,20.0,29.0,0.6896551724137931,1837.24,0.09,C,3,9.0,Trung bình,0.3798707058961595
99df86c7a8625aa398a1ea291a4256a0,Đường Bến Cát,10.7852199,106.6568031,10.7851391,106.6568613,50.0,22.0,35.0,0.6285714285714286,1028.57,0.0818181818181818,C,3,13.0,Trung bình,0.35508609143019115
48946590ca426ec717a8cf0d8ab92d9f,Hẻm Số 2 Thiên Phước,10.778088,106.6555539,10.7756928,106.6532873,50.0,17.0,31.0,0.5483870967741935,1759.35,0.1058823529411764,B,3,14.0,Đông,0.35051931252006996
16af3b86bfbe294ba072106469d09d52,Trần Phú,10.7631515,106.6795568,10.7574203,106.674132,50.0,15.0,15.0,1.0,900.0,0.12,B,3,0.0,Đông,0.4208202002209255
6237c4a356ad9dae779897d9c87f4f64,Đường Cao Tốc Thành phố Hồ Chí Minh-Long Thành-Dầu Giây,10.794041,106.8052263,10.7950193,106.7995037,85.0,80.0,80.0,1.0,540.0,0.0225,E,1,0.0,Thông thoáng,0.4069400667403085
b66265abbaaf88ad76b7beb4d0d835cc,Đường Tản Đà,10.7510333,106.6646409,10.7548043,106.663899,50.0,18.0,31.0,0.5806451612903226,1672.26,0.1,B,3,13.0,Đông,0.3545496142524706
0156bf10ae8471d6696389f5fbcfce3b,Đường Lê Đức Thọ,10.8548517,106.655946,10.8527915,106.6599389,50.0,30.0,47.0,0.6382978723404256,1516.6,0.06,D,1,17.0,Tương đối thoáng,0.41775782008888906
80216e1f4967d5adf12e30e7d4ae3165,Hẻm 6 Quốc Hương,10.8007157,106.7326817,10.8007639,106.732697,50.0,32.0,41.0,0.7804878048780488,755.12,0.0562499999999999,E,1,9.0,Thông thoáng,0.3862019595489877
1b127c204972f9807d164c34f0723bfc,Đường Lê Văn Ninh,10.8510377,106.7547163,10.8495638,106.7534794,50.0,33.0,44.0,0.75,1620.0,0.0545454545454545,E,1,11.0,Thông thoáng,0.4227740155692562
1b5b958c37a611a63e7132e95820b427,Vòng Xoay,10.7504376,106.6601575,10.7507744,106.6593065,50.0,22.5,27.0,0.8333333333333334,1650.0,0.08,C,3,4.5,Trung bình,0.4051134890582324
45451154c2024c922a22984ec583ee80,Đường Calmette,10.7671805,106.6998985,10.7645089,106.700715,55.0,26.5,33.0,0.803030303030303,1429.09,0.0679245283018867,D,1,6.5,Tương đối thoáng,0.39991965753382486
7936734b60a16646413bb163d9e82fb2,Đường Quách Thị Trang,10.7052216,106.8287243,10.7054699,106.8257462,55.0,47.5,47.5,1.0,540.0,0.0378947368421052,E,1,0.0,Thông thoáng,0.4069400667403085
b9d383cf31bb70a7cbce76c3ccb5deae,Hẻm 84A Trần Hữu Trang,10.79358,106.6724314,10.7938991,106.6717593,50.0,17.0,33.0,0.5151515151515151,1232.73,0.1058823529411764,B,3,16.0,Đông,0.33198713450925177
d9e1d8b94cec807a05fc468dc86b9c78,Đường Hoàng Diệu,10.7610014,106.7004904,10.7610792,106.7004391,50.0,12.5,25.5,0.4901960784313725,3832.94,0.144,B,3,13.0,Đông,0.39000615062134536
41760c86bd4b594a2d81c88e5a6af88a,Đường Cao Tốc Thành phố Hồ Chí Minh-Long Thành-Dầu Giây,10.792934,106.8117098,10.794041,106.8052263,120.0,76.0,76.0,1.0,720.0,0.0236842105263157,E,1,0.0,Thông thoáng,0.413880133480617
9bcf9d131b18487f8813ef4c6c42ab9e,Nguyễn Thiện Thuật,10.7680707,106.679824,10.7676816,106.6802989,50.0,8.0,13.0,0.6153846153846154,1052.31,0.2249999999999999,B,3,5.0,Đông,0.2716058047257808
6d08264bbd0f9b27969170e3ea60e7e0,Đường Cao Tốc Thành phố Hồ Chí Minh-Long Thành-Dầu Giây,10.7949371,106.7599681,10.7962415,106.775074,70.0,64.0,64.0,1.0,720.0,0.0281249999999999,E,1,0.0,Thông thoáng,0.413880133480617
aedfcc521095d7d7ff4a56ad4969f6c6,Đường Trường Chinh,10.8311999,106.6227295,10.8373896,106.6187325,50.0,22.0,35.0,0.6285714285714286,1028.57,0.0818181818181818,C,3,13.0,Trung bình,0.35508609143019115
83eff32d809455af93e472143bd22c95,Đường 3 Tháng 2,10.7646858,106.6615305,10.7646858,106.6615305,50.0,22.0,32.0,0.6875,922.5,0.0818181818181818,C,3,10.0,Trung bình,0.3531393214666898
459be5240c53f114f3d55416973982f9,Hẻm 68 Trần Quang Khải,10.792788,106.6936394,10.7932473,106.6935778,50.0,14.0,23.0,0.6086956521739131,1064.35,0.1285714285714286,B,3,9.0,Đông,0.30724101818674127
969830c68d13ebb9e778fa22de3c6db3,Hẻm 686/31 Quốc Lộ 1A,10.8045394,106.5779904,10.785662,106.5934583,40.0,28.5,46.5,0.6129032258064516,1056.77,0.0631578947368421,D,1,18.0,Tương đối thoáng,0.3962714806384645
f7caead55cdfc2f01a310d3245b89971,Đường Quốc lộ 1A,10.819436,106.6017747,10.8133227,106.6004668,65.0,29.0,47.0,0.6170212765957447,1574.04,0.0620689655172413,D,1,18.0,Tương đối thoáng,0.41839388636167846
a361dcc42a688b832c9e1eabc017ebd9,Đường Hoàng Quốc Việt,10.7087139,106.7318964,10.7130973,106.7314656,55.0,26.0,37.0,0.7027027027027027,1342.7,0.0692307692307692,D,1,11.0,Tương đối thoáng,0.3870606612070097
76ad16bdde3e94469382285b76b17a4b,Đường Lý Thường Kiệt,10.7887464,106.6529164,10.7805208,106.6552592,50.0,17.0,31.0,0.5483870967741935,1759.35,0.1058823529411764,B,3,14.0,Đông,0.35051931252006996
1c06c9b1c35e32e20617999cff375488,Đường Xa Lộ Hà Nội,10.8094109,106.7557929,10.8097169,106.7560287,80.0,33.0,46.0,0.717391304347826,2606.09,0.0545454545454545,E,1,13.0,Thông thoáng,0.4628974157852521
8ccdc41e826b62aee68d239a63d9f13d,Đường Tân Quý,10.7987681,106.6196106,10.7951375,106.6203627,50.0,24.0,39.0,0.6153846153846154,1052.31,0.075,D,3,15.0,Tương đối thoáng,0.3683799982741679
9bce5e8ee12dbc9b81fc6e256bd0b118,Ngô Gia Tự,10.7598159,106.6687226,10.7669024,106.6738588,50.0,25.0,35.0,0.7142857142857143,1748.57,0.072,D,3,10.0,Tương đối thoáng,0.3991597224467246
a17c6fe135ad61a9fc0b6afab1e722d1,Đường Phạm Văn Chiêu,10.8463002,106.6441247,10.8425938,106.6571611,50.0,25.0,36.0,0.6944444444444444,1820.0,0.072,D,1,11.0,Tương đối thoáng,0.4010945198326814
65ca30aa536a1ea132deb88969d5d53a,Đường Điện Biên Phủ,10.7935904,106.7005728,10.7937716,106.70102,50.0,35.5,45.5,0.7802197802197802,2266.81,0.0507042253521126,E,1,10.0,Thông thoáng,0.45402219349507306
edd04a4ad93a14c44c8817dc0837f268,Đường Phạm Hữu Chí,10.7552474,106.6584197,10.7552474,106.6584197,50.0,20.0,29.0,0.6896551724137931,1837.24,0.09,C,3,9.0,Trung bình,0.3798707058961595
daaeaeb9ed3c25549d5261ad2fe56800,Đường Nguyễn Văn Lượng,10.8384914,106.6799748,10.8386842,106.6659911,50.0,26.0,36.0,0.7222222222222222,1290.0,0.0692307692307692,D,1,10.0,Tương đối thoáng,0.38567780002205976
849475e29344d63175677faaf9f43a7f,Hẻm 12 Nguyễn Khoái,10.7558779,106.6939259,10.7533608,106.6952956,50.0,26.0,33.5,0.7761194029850746,1525.97,0.0692307692307692,D,1,7.5,Tương đối thoáng,0.3990956408145273
083c1d1e1f533af54f36d1372bbcd36c,Đường Vĩnh Phú 41,10.8838911,106.7070109,10.8701485,106.7005955,50.0,31.0,45.0,0.6888888888888889,920.0,0.0580645161290322,D,1,14.0,Tương đối thoáng,0.39248737609529666
413e109f5978d8f37bd40bd818e0401a,Đường Trần Quốc Thảo,10.7827317,106.6868337,10.7815324,106.6881451,50.0,16.0,31.0,0.5161290322580645,2461.94,0.1124999999999999,B,3,15.0,Đông,0.37022018344689084
45643833053c624086021bbba2dde705,Đường Nội Khu An Khang,10.870652,106.8069619,10.7158518,106.7295974,50.0,32.5,45.0,0.7222222222222222,860.0,0.0553846153846153,E,1,12.5,Thông thoáng,0.3932923000850863
3261b2145279f22dd17ccc5b728f8188,Đường Nguyễn Thị Nhỏ,10.753478,106.6507502,10.7533959,106.6507301,50.0,22.0,30.5,0.7213114754098361,1723.28,0.0818181818181818,C,3,8.5,Trung bình,0.38738536830956927
04edd61439bdc3ac6e47a41f3a4f9295,Đường Hoàng Văn Thụ,10.800283,106.6668173,10.7932413,106.6535674,55.0,18.5,30.0,0.6166666666666667,1575.0,0.0972972972972973,B,3,11.5,Đông,0.3553400741529963
ea14fc6b6273dcb810b2b2df002c6e95,Đường Hồ Xuân Hương,10.7752936,106.6864011,10.7756788,106.6867311,50.0,17.0,31.0,0.5483870967741935,2345.81,0.1058823529411764,B,3,14.0,Đông,0.37313082107852175
5c51bd0879f76d1245798ec9893915e5,Đường Thạnh Lộc 29,10.8776731,106.678258,10.8774274,106.6801765,50.0,28.5,47.0,0.6063829787234043,1602.77,0.0631578947368421,D,1,18.5,Tương đối thoáng,0.41871230505733653
fe4430e497c205151edc3a563b03a7c2,Đường Trần Huy Liệu,10.792161,106.6779981,10.794303,106.6778425,50.0,17.0,33.0,0.5151515151515151,1232.73,0.1058823529411764,B,3,16.0,Đông,0.33198713450925177
1522e9e000a9027d9582481c644bf9f7,Đường Kha Vạn Cân,10.8316231,106.7254178,10.8402083,106.7418062,50.0,33.5,43.5,0.7701149425287356,773.79,0.053731343283582,E,1,10.0,Thông thoáng,0.39111163925725223
92f1cb670876b54073fe61492ce5ff52,Đường Xa Lộ Hà Nội,10.8557659,106.7838587,10.8069194,106.7548299,45.0,33.5,44.5,0.7528089887640449,1609.89,0.053731343283582,E,1,11.0,Thông thoáng,0.4238702608227294
7bc30df6b84e52e3c1f49f4fcee90763,Phạm Hữu Lầu,10.7045223,106.7321155,10.7045223,106.7321155,50.0,20.0,20.0,1.0,360.0,0.09,C,1,0.0,Trung bình,0.4
e43d788acc4b6cb765356f6885197d48,Đường Số 9A,10.7357728,106.6894218,10.7357633,106.6896458,50.0,19.5,33.0,0.5909090909090909,2192.73,0.0923076923076923,C,3,13.5,Trung bình,0.3848854767723242
fd4cf0d2a65c51d63f6f1228c2ee4d01,Đường Hoàng Văn Thụ,10.7892124,106.6753896,10.800243,106.6609346,50.0,18.0,35.0,0.5142857142857142,1234.29,0.1,B,3,17.0,Đông,0.34126666452210425
f506c2954e91ae6562d11c8524b84e60,Đường Nguyễn Lương Bằng,10.7267486,106.7231704,10.7270427,106.7236852,50.0,42.0,42.0,1.0,900.0,0.0428571428571428,E,1,0.0,Thông thoáng,0.4208202002209255
d0b2b9f739a02c5eafe8b523b345e902,Đường Sư Vạn Hạnh,10.7697703,106.6710427,10.769677,106.6710665,50.0,12.5,27.5,0.4545454545454545,1341.82,0.144,B,3,15.0,Đông,0.2944532200634842
315ea589cfd10b87f45340a33da31b0b,Hẻm 1041/62 Trần Xuân Soạn,10.7405245,106.6937024,10.7407629,106.6949897,50.0,23.0,34.0,0.6764705882352942,1884.71,0.0782608695652174,C,3,11.0,Trung bình,0.39408072408936856
bd9febbafeeb285104a8c8f9a6feff3e,Đường Đỗ Xuân Hợp,10.7957644,106.7806947,10.7957648,106.7808587,50.0,26.5,36.0,0.7361111111111112,1670.0,0.0679245283018867,D,1,9.5,Tương đối thoáng,0.4028380126028544
b0cadec1091304c426623c131ff84b47,Đường Tôn Đức Thắng,10.7748291,106.7065305,10.7748385,106.7065815,60.0,13.0,22.0,0.5909090909090909,4385.45,0.1384615384615384,B,3,9.0,Đông,0.4258794404689346
1b5b958c37a611a63e7132e95820b427,Đường Hải Thượng Lãn Ông,10.7507545,106.6545334,10.7504376,106.6601575,50.0,21.0,25.0,0.84,1296.0,0.0857142857142857,C,3,4.0,Trung bình,0.39015286317863634
9e0cf64a0c081b39123a6df04e7d0521,Đường 3 Tháng 2,10.7674299,106.6665142,10.766037,106.6639913,50.0,21.5,32.5,0.6615384615384615,1453.85,0.0837209302325581,C,3,11.0,Trung bình,0.3695689409645193
230d72783739bbc4f3373fe7746b7652,Đường Tân Hòa Đông,10.7542847,106.6342541,10.7560579,106.6326357,50.0,25.0,35.0,0.7142857142857143,2185.71,0.072,D,3,10.0,Tương đối thoáng,0.4160140600848271
6470374b64563b292d6d81869518d2b7,Đường Quốc Lộ 22,10.8704157,106.5966668,10.8774435,106.5916776,50.0,35.0,45.0,0.7777777777777778,2280.0,0.0514285714285714,E,1,10.0,Thông thoáng,0.45323884809734066
9c728e896e4e645c05c7290ecd81ba08,Đường Song Hành,10.7992821,106.7334658,10.8021502,106.7485095,55.0,34.5,37.5,0.92,504.0,0.0521739130434782,E,1,3.0,Thông thoáng,0.3922617308116017
21f2a5bd885c29140b3db6a80aa34148,Đường Trần Văn Giàu,10.7520876,106.6082145,10.7519761,106.6081604,50.0,52.0,52.0,1.0,540.0,0.0346153846153846,E,1,0.0,Thông thoáng,0.4069400667403085
7426d7c0f84223578a026ff6a4aba075,Đường Tô Vĩnh Diện,10.8839415,106.8020366,10.8805839,106.7847868,40.0,37.5,51.0,0.7352941176470589,1672.94,0.048,E,1,13.5,Thông thoáng,0.44122882854852274
9a3b8820ef8cb5c724e73ac05d3b5ab8,Đường Hồng Bàng,10.7544547,106.6400826,10.7538631,106.6457375,50.0,23.0,35.0,0.6571428571428571,977.14,0.0782608695652174,C,3,12.0,Trung bình,0.3585409481572129
2db3c07cc93b9ea59e7913ba397c756b,Quốc Lộ 1,10.8594106,106.7904411,10.8581937,106.7878367,50.0,42.5,48.5,0.8762886597938144,874.02,0.0423529411764705,E,1,6.0,Thông thoáng,0.41243574372630726
9e87e65f14478d95d9cb204282304d19,Hẻm 6 Đường Số 12,10.8433563,106.7054307,10.8435122,106.7057848,50.0,26.5,42.0,0.6309523809523809,1024.29,0.0679245283018867,D,1,15.5,Tương đối thoáng,0.3803742210670132
67de27da28b2daee04ece7e83f309f6e,Đường Bình Lợi,10.8315214,106.7053404,10.8311762,106.7054531,50.0,32.0,42.0,0.7619047619047619,1577.14,0.0562499999999999,E,1,10.0,Thông thoáng,0.417742092283894
713f24a96774378b930e47fb262fcac2,Đường Quốc Lộ 22,10.8575697,106.6057733,10.86564,106.6000503,50.0,35.0,45.0,0.7777777777777778,1140.0,0.0514285714285714,E,1,10.0,Thông thoáng,0.40928509207538694
7d37add08c105b05319c0a817946b108,Đường Lý Thái Tổ,10.7677425,106.6740246,10.7669304,106.6770101,50.0,17.0,33.5,0.5074626865671642,1869.85,0.1058823529411764,B,3,16.5,Đông,0.3573229576254062
3b9f69a47969448ec90e6ff7dc849316,Quốc Lộ 1,10.843311,106.6149367,10.8450745,106.6138112,50.0,17.5,22.5,0.7777777777777778,1140.0,0.1028571428571428,B,3,5.0,Đông,0.36089799530119343
8e795d3fc416bd5da0d94ed82fc0ed5a,Đường Quách Điêu,10.8125836,106.5775667,10.812224,106.577018,50.0,29.5,46.5,0.6344086021505376,2036.13,0.0610169491525423,D,1,17.0,Tương đối thoáng,0.43573123110695666
d69cf294f830fb191a1cc40998045761,Đường Tân Thới Hiệp 7,10.8428373,106.6753185,10.8625349,106.6496727,50.0,24.0,35.5,0.676056338028169,1886.2,0.075,D,1,11.5,Tương đối thoáng,0.39875773037454804
cbaa5b6003c6cd929fa336eb0f8c8b5d,Nguyễn Kim,10.7643679,106.6616043,10.7607717,106.6623333,50.0,23.0,34.0,0.6764705882352942,1884.71,0.0782608695652174,C,3,11.0,Trung bình,0.39408072408936856
5c102b63aa90f2eef5df4b938729914d,Đường Tân Phú,10.7336193,106.7236203,10.7336036,106.7238132,60.0,42.0,42.0,1.0,720.0,0.0428571428571428,E,1,0.0,Thông thoáng,0.413880133480617
247208f281ba2ead7ba54a16f3686e67,Cầu Nguyễn Văn Cừ,10.7536606,106.686888,10.7531123,106.6869589,50.0,28.0,34.5,0.8115942028985508,1398.26,0.0642857142857143,D,3,6.5,Tương đối thoáng,0.4032615576100529
e0854d4ff600c5a1deaab14736694bdd,Đường Nguyễn Thái Học,10.7651757,106.69714,10.7679022,106.6954254,50.0,23.0,31.0,0.7419354838709677,1649.03,0.0782608695652174,C,3,8.0,Trung bình,0.3905946468683068
d18072f177d6608c95ab07b28340de09,Đường Lý Thường Kiệt,10.7738791,106.6572154,10.7820115,106.6549226,50.0,23.0,35.0,0.6571428571428571,1465.71,0.0782608695652174,C,3,12.0,Trung bình,0.37737821708672686
3d02b982334a09910b9e3f9b126003ec,Đường Tân Chánh Hiệp 8,10.870711,106.6364066,10.8741821,106.6306399,50.0,30.0,47.0,0.6382978723404256,1011.06,0.06,D,1,17.0,Tương đối thoáng,0.39826625708946933
997d78e071529c77b516901bdfd5ec4b,Đường Quốc Lộ 1,10.8685319,106.804085,10.8752397,106.810076,50.0,41.0,57.0,0.7192982456140351,1730.53,0.0439024390243902,E,1,16.0,Thông thoáng,0.4591804804319134
082271af9cca5bf56d0676b7cd0d99da,Tân Chánh Hiệp 39,10.8821993,106.6167264,10.8776763,106.6236125,50.0,0.0,0.0,1.0,900.0,,A,1,0.0,Rất đông / kẹt xe,0.4208202002209255
949aedf36205bae2a02199956ab9e470,Đường Ngô Gia Tự,10.7565017,106.6664916,10.7615444,106.670086,50.0,28.5,38.0,0.75,810.0,0.0631578947368421,D,3,9.5,Tương đối thoáng,0.37702758620560994
70a0fb385cfe3f055585918736e16293,Đường Kinh Dương Vương,10.7433547,106.6207621,10.7433184,106.6207225,50.0,25.0,35.0,0.7142857142857143,874.29,0.072,D,3,10.0,Tương đối thoáng,0.36545104717051957
59511979ee7eb2dd5299ab6a5484d985,Quốc Lộ 1,10.8423995,106.6156611,10.842552,106.6155929,60.0,31.0,31.0,1.0,720.0,0.0580645161290322,D,1,0.0,Tương đối thoáng,0.413880133480617
b51d890ee4138f4e7c8443b9ee5e5f42,Đường Trường Sơn,10.8101615,106.6648834,10.8122766,106.6650353,55.0,16.0,33.0,0.4848484848484848,3218.18,0.1124999999999999,B,3,17.0,Đông,0.40218413725860025
0b82b4afd40f0bef656c72b9d0ee6272,Đường Tô Ký,10.8658854,106.6160443,10.8599399,106.61763,50.0,25.0,35.5,0.704225352112676,1784.79,0.072,D,1,10.5,Tương đối thoáng,0.4000726716586501
d2cb8d8154a77e0b6749f053ced9a6d3,Đường Mai Chí Thọ,10.7923857,106.7519936,10.7926848,106.7536837,65.0,26.5,34.0,0.7794117647058824,1892.65,0.0679245283018867,D,1,7.5,Tương đối thoáng,0.4149750934385865
d8fd416a649dbd26f73250e13f1b7328,Đường Hòa Bình,10.7728903,106.6238934,10.7731687,106.6229767,50.0,23.0,31.0,0.7419354838709677,1649.03,0.0782608695652174,C,3,8.0,Trung bình,0.3905946468683068
92a17ad1350b0cfcec303e7ff62e9253,Vòng Xoay Ngã Sáu,10.7598992,106.6687226,10.7599392,106.6687397,50.0,24.0,35.0,0.6857142857142857,1851.43,0.075,D,3,11.0,Tương đối thoáng,0.39768779701111445
54e32883329e208e3adcde2159105a68,Đường Tôn Đức Thắng,10.7918339,106.6958731,10.7858782,106.7024674,50.0,20.0,33.0,0.6060606060606061,1069.09,0.09,C,3,13.0,Trung bình,0.34473942630149723
cbfe1ea941e24a51f694bcf52f0dd868,Đường Nguyễn Văn Linh,10.7290654,106.7123109,10.7287779,106.6949806,80.0,0.0,0.0,1.0,1800.0,,A,1,0.0,Rất đông / kẹt xe,0.45552053392246794
2af34f0361bde9c96846a777b2d42b51,Đường Âu Cơ,10.7722809,106.6496421,10.7750261,106.6477936,50.0,18.0,32.0,0.5625,1721.25,0.1,B,3,14.0,Đông,0.3565165127880991
0e35dfac884bf618c653cc984ca40222,Đường Đỗ Xuân Hợp,10.8136383,106.7753601,10.8131985,106.7686852,50.0,26.0,36.0,0.7222222222222222,1720.0,0.0692307692307692,D,1,10.0,Tương đối thoáng,0.40225684834613007
bbe60f9a46cf61aed393aa19886c8fe9,Đường Trường Chinh,10.8339258,106.6206709,10.83315,106.6211617,50.0,24.0,37.0,0.6486486486486487,992.43,0.075,D,1,13.0,Tương đối thoáng,0.36431417732555255
c9a118e60e71de5471b34c33ea2c1781,Đường Trần Quốc Thảo,10.7815324,106.6881451,10.7799599,106.689846,50.0,18.0,28.0,0.6428571428571429,2005.71,0.1,B,3,10.0,Đông,0.371285974911339
d46b643247d74c11a53fe9372275429f,Đường Xa Lộ Hà Nội,10.7997621,106.7319201,10.7981356,106.7225975,60.0,42.0,47.5,0.8842105263157894,568.42,0.0428571428571428,E,1,5.5,Thông thoáng,0.40000526589510366
40cbcace8ed0a821c9845eb653fb84f1,Đường Trịnh Thị Miếng,10.877165,106.6248126,10.8825854,106.6163333,50.0,0.0,0.0,1.0,900.0,,A,1,0.0,Rất đông / kẹt xe,0.4208202002209255
5f213b42de4f362898af7ede80ac28ef,Đường Nguyễn Thị Định,10.7581824,106.7888166,10.7581122,106.7889037,50.0,25.0,25.0,1.0,360.0,0.072,D,1,0.0,Tương đối thoáng,0.4
dedb61cfd8c8dc9dc40e7adc2a886acd,Đường Vành Đai 2,10.7469406,106.7484952,10.7490341,106.7527933,50.0,44.0,44.0,1.0,720.0,0.0409090909090909,E,1,0.0,Thông thoáng,0.413880133480617
4f735e9651a22406b096484436a338f8,Đường Nguyễn Hữu Trí,10.6929789,106.5802906,10.6903712,106.5689492,50.0,34.0,45.0,0.7555555555555555,1200.0,0.0529411764705882,E,1,11.0,Thông thoáng,0.4095195946088948
e4125b6fed6b067a2590c97f5141fe9d,Đường Lý Thường Kiệt,10.7805208,106.6552592,10.7787511,106.6557798,50.0,18.0,31.0,0.5806451612903226,1672.26,0.1,B,3,13.0,Đông,0.3545496142524706
262cbdf1777be39dabf6d19c07b9a079,Đường Lý Thường Kiệt,10.7902723,106.6523466,10.8117157,106.6648526,40.0,17.5,32.5,0.5384615384615384,2976.92,0.1028571428571428,B,3,15.0,Đông,0.40189033057597706
37dd6c25e4d9c933516e59ba4174f3b6,Hẻm 140/83 Vườn Lài,10.8521558,106.6874451,10.8523365,106.7000553,50.0,27.5,41.5,0.6626506024096386,967.23,0.0654545454545454,D,1,14.0,Tương đối thoáng,0.3804274725522395
7c692a4ed7f729cff7177e77909d7d48,Đường Kha Vạn Cân,10.838735,106.7363075,10.8200201,106.6917234,65.0,33.0,43.0,0.7674418604651163,1946.51,0.0545454545454545,E,1,10.0,Thông thoáng,0.4349127985487804
386cd71727e012a36f501cb39fb7b480,Đường Phạm Ngũ Lão,10.8251122,106.6808633,10.8262602,106.6801335,50.0,14.0,18.0,0.7777777777777778,760.0,0.1285714285714286,B,3,4.0,Đông,0.33656932393903677
05aedb10f20e8c3eb8a216b9c3334501,Đường Cao Tốc Thành phố Hồ Chí Minh-Long Thành-Dầu Giây,10.7859271,106.8534308,10.7963832,106.7909752,85.0,38.0,38.0,1.0,540.0,0.0473684210526315,E,1,0.0,Thông thoáng,0.4069400667403085
04333fe7c5c67cf08d89fe0bc6d041fa,Đường Cao Triều Phát,10.7311497,106.712272,10.7302354,106.7122946,50.0,34.0,34.0,1.0,720.0,0.0529411764705882,E,1,0.0,Thông thoáng,0.413880133480617
a7e8464abc9a8b7fa8ccfdb1d8c3e6bd,Đường Lý Thái Tổ,10.7461614,106.7956925,10.7443127,106.8027109,50.0,43.0,43.0,1.0,720.0,0.041860465116279,E,1,0.0,Thông thoáng,0.413880133480617
aecdc48bd5b765a23d6774bcb21df781,Đường Pasteur,10.7778266,106.6988251,10.7743326,106.7010371,60.0,12.0,25.0,0.48,3888.0,0.15,B,3,13.0,Đông,0.38673498552940117
8ebff75d9a1d162d3efa2f2d4cabcf25,Vòng Xoay Ngã Sáu Phù Đổng,10.7713876,106.6930624,10.7715326,106.6933233,50.0,23.0,30.5,0.7540983606557377,1605.25,0.0782608695652174,C,3,7.5,Trung bình,0.39050251290594645
6a00832a711b7b634d2304dea9532ce4,Hẻm 819 Đường Nguyễn Kiệm,10.8192058,106.6787669,10.8132332,106.6786725,50.0,18.5,32.0,0.578125,2238.75,0.0972972972972973,B,3,13.5,Đông,0.3798966240213247
595ab3675628fa88dda774c1528560cd,Đường Trường Chinh,10.7984865,106.6430538,10.8284986,106.6246086,50.0,30.0,36.0,0.8333333333333334,660.0,0.06,D,1,6.0,Tương đối thoáng,0.38145925101879374
44e91f11a43e9dfdbe7c1eb4c0c12b82,Hẻm 206 Lý Thường Kiệt,10.7571594,106.6618976,10.765485,106.6595662,50.0,23.0,35.0,0.6571428571428571,977.14,0.0782608695652174,C,3,12.0,Trung bình,0.3585409481572129
a179566adbd5698884012c45a0a01aee,Đường Nguyễn Đức Cảnh,10.7229109,106.7191654,10.7230616,106.8257234,50.0,46.5,46.5,1.0,540.0,0.0387096774193548,E,1,0.0,Thông thoáng,0.4069400667403085
3ea305cbef3167c345c81b93932e4cf8,Nguyễn Thái Sơn,10.8177209,106.6814029,10.819754,106.683148,50.0,13.5,17.0,0.7941176470588235,1095.88,0.1333333333333333,B,3,3.5,Đông,0.3533250967412637
ba73dfbc32d5dca66befe71067c49a08,Đường Phạm Đình Hổ,10.7521361,106.6496345,10.753419,106.649744,50.0,11.5,17.5,0.6571428571428571,1954.29,0.1565217391304348,B,3,6.0,Đông,0.3381513554464719
d2489e0a065608647f6a4b4866e80c03,Đường Nguyễn Văn Giai,10.7926284,106.697328,10.7930658,106.6974031,50.0,22.0,35.0,0.6285714285714286,2057.14,0.0818181818181818,C,3,13.0,Trung bình,0.3947435605806306
bc56b10658d431cbf3782373345d71b3,Đường Hòa Hảo,10.7597892,106.6590053,10.7603765,106.6617195,50.0,20.5,33.0,0.6212121212121212,1562.73,0.0878048780487804,C,3,12.5,Trung bình,0.36694910437381534
956280fad4dc9b188c4600632250573e,Đường Hoàng Văn Thụ,10.7999559,106.6710835,10.8002636,106.6676731,55.0,17.0,32.5,0.5230769230769231,4873.85,0.1058823529411764,B,3,15.5,Đông,0.4717279757797602
6ba9c3f0ba5b44682018f75d1c8c54fa,Đường Mã Lộ,10.791062,106.6911349,10.7900598,106.6904811,50.0,17.0,27.5,0.6181818181818182,1570.91,0.1058823529411764,B,3,10.5,Đông,0.3463065250868177
a74bb3e390dc39da5adac4d4e9e96947,Đường Nguyễn Đình Chiểu,10.8033297,106.6789788,10.8034825,106.6796467,50.0,18.0,30.0,0.6,2160.0,0.1,B,3,12.0,Đông,0.3739167964353429
7b5f63e6f2a62d406ff0994f07ad748c,Đường Nguyễn Văn Quỳ,10.7432943,106.7405148,10.7383028,106.7313895,50.0,32.0,36.5,0.8767123287671232,1163.84,0.0562499999999999,E,1,4.5,Thông thoáng,0.40931802781809407
d9b3562599d877999d7ee973975bd565,Đường Quốc Lộ 22,10.8884699,106.5839509,10.8885006,106.5840148,50.0,36.0,45.0,0.8,720.0,0.05,E,1,9.0,Thông thoáng,0.39517045606126217
364573706454b6977a6ae34b10f00b3c,Đường Bình Thới,10.7636884,106.643989,10.7628698,106.6422657,50.0,20.0,29.5,0.6779661016949152,1409.49,0.09,C,3,9.5,Trung bình,0.36203322260667864
0a11ca5d07cee6f0267dba8f752769c9,Đường Quốc Lộ 13,10.8513034,106.7200233,10.8180299,106.7132132,50.0,27.0,42.0,0.6428571428571429,2005.71,0.0666666666666666,D,1,15.0,Tương đối thoáng,0.41967307168553253
dda3a3119514ffc33eb07addfd018b70,Đường Điện Biên Phủ,10.7778272,106.6849154,10.7759864,106.6869946,55.0,24.5,33.0,0.7424242424242424,2059.09,0.073469387755102,D,3,8.5,Tương đối thoáng,0.4115021687397628
9d130c830bfd99fbe740630fa2a717f9,Đường Phạm Văn Đồng,10.8641108,106.7571974,10.8575701,106.7518877,50.0,34.0,42.0,0.8095238095238095,702.86,0.0529411764705882,E,1,8.0,Thông thoáng,0.389870590586798
66c08a73a2cf82eaa5ad8644dab4e87c,Đường Kênh Nước Đen,10.7994476,106.6193962,10.7916934,106.6052666,50.0,26.5,40.5,0.654320987654321,982.22,0.0679245283018867,D,3,14.0,Tương đối thoáng,0.37659879098518867
bc7e22485900e5ebf2db94a92fdaf069,Đường Cống Quỳnh,10.7642694,106.6907611,10.7642807,106.690743,60.0,28.0,28.0,1.0,720.0,0.0642857142857143,D,1,0.0,Tương đối thoáng,0.413880133480617
6a00832a711b7b634d2304dea9532ce4,Đường Nguyễn Kiệm,10.8132332,106.6786725,10.8135747,106.6787698,50.0,17.0,30.0,0.5666666666666667,1140.0,0.1058823529411764,B,3,13.0,Đông,0.326632762326283
2e7b0341cc7b2135881d31cacb53f4b1,Đường Lý Thái Tổ,10.7333357,106.8200297,10.7677321,106.6723696,50.0,28.0,38.5,0.7272727272727273,1701.82,0.0642857142857143,D,1,10.5,Tương đối thoáng,0.40906649137401324
ea14fc6b6273dcb810b2b2df002c6e95,Đường Cách Mạng Tháng 8,10.7782417,106.68085,10.7752936,106.6864011,50.0,17.0,31.0,0.5483870967741935,2345.81,0.1058823529411764,B,3,14.0,Đông,0.37313082107852175
7569516c09795e7aa477bfb1d0dd2468,Đường Học Lạc,10.7519423,106.6544294,10.7516397,106.6544546,50.0,25.0,36.0,0.6944444444444444,1820.0,0.072,D,3,11.0,Tương đối thoáng,0.4010945198326814
3f4a7dc85944903ea2b70fa37791230b,Đường Hải Thượng Lãn Ông,10.7504649,106.6533788,10.7504649,106.6533788,50.0,18.0,29.0,0.6206896551724138,3128.28,0.1,B,3,11.0,Đông,0.41251780442664193
7963462bfce8608c85ce6fc58d6db1bb,Công Trường Quốc Tế,10.782412,106.6956364,10.7746152,106.6884994,50.0,7.0,12.5,0.56,1152.0,0.2571428571428572,A,3,5.5,Rất đông / kẹt xe,0.2509879065605832
e296d7ebe617046b59eb9b201d3ba439,Đường Lý Chiêu Hoàng,10.7359493,106.6337742,10.7359829,106.633682,50.0,36.0,42.0,0.8571428571428571,1234.29,0.05,E,1,6.0,Thông thoáng,0.41619754009814114
7b2ea44f62ca9783ecbc993769dab1b2,Cầu Vượt Xa Lộ Hà Nội Cầu B,10.8055309,106.7528475,10.8031584,106.7489288,80.0,37.0,41.0,0.902439024390244,1071.22,0.0486486486486486,E,1,4.0,Thông thoáng,0.4145185201215607
b2bc3f105c6d87dd7bd7128796f40ec8,Đường Hà Huy Giáp,10.8587824,106.6796891,10.8587301,106.6795635,50.0,29.0,29.0,1.0,900.0,0.0620689655172413,D,1,0.0,Tương đối thoáng,0.4208202002209255
1b700efd8e0f220ad9b583736e491cb3,Đường Tô Hiến Thành,10.7778843,106.6559639,10.773825,106.6615589,50.0,18.5,30.5,0.6065573770491803,2136.39,0.0972972972972973,B,3,12.0,Đông,0.3764755550018808
d41b55f43ae037cad00d1184490f9fb3,Đường Quốc lộ 1A,10.7047068,106.597382,10.7045783,106.5973319,60.0,28.0,40.0,0.7,2700.0,0.0642857142857143,D,1,12.0,Tương đối thoáng,0.44764022246272
38fb3b06b6cac925541de365e9e65837,Đường Quốc Lộ 1A,10.8617623,106.6586551,10.8620129,106.6541628,65.0,30.0,47.0,0.6382978723404256,2527.66,0.06,D,1,17.0,Tương đối thoáng,0.45674017496920183
0e8d633e5e234caada2599cad8aef2d1,Đường Cao Tốc Thành phố Hồ Chí Minh-Long Thành-Dầu Giây,10.7942306,106.7570472,10.7939773,106.7555931,50.0,61.0,64.0,0.953125,888.75,0.0295081967213114,E,1,3.0,Thông thoáng,0.42462031701739816
89479dc4a7719faf7acf04a66a8cac89,Đường Bạch Đằng,10.8133493,106.6648995,10.8130718,106.6649688,60.0,17.0,34.0,0.5,5040.0,0.1058823529411764,B,3,17.0,Đông,0.48044173524802064
c71aeea884dc236f879d78a875a8499b,Đường Phạm Hồng Thái,10.7712522,106.6938843,10.7711253,106.6963858,50.0,18.0,34.0,0.5294117647058824,1810.59,0.1,B,3,16.0,Đông,0.3618111941235325
dcb231b63bb8341d562a3f080349a85d,Hẻm Lê Đại Hành,10.7673207,106.6534073,10.753578,106.6497631,50.0,21.0,33.0,0.6363636363636364,2536.36,0.0857142857142857,C,3,12.0,Trung bình,0.40766524152769273
f2f81afbd87997f065cf79da637f73d2,Vòng Xoay Lạc Long Quân,10.7669732,106.6423452,10.7669707,106.6423817,50.0,11.0,16.0,0.6875,1845.0,0.1636363636363636,B,3,5.0,Đông,0.3403200667365773
9565679cf45d1e51b610eb8e8adb7d36,Đường Vành Đai 2,10.769328,106.7748346,10.7655125,106.770577,70.0,31.0,33.0,0.9393939393939394,1172.73,0.0580645161290322,D,1,2.0,Tương đối thoáng,0.41862783562514116
98633ad0fc5093fe3208463dd3710a09,Đường Ngô Quyền,10.7656858,106.664104,10.7613478,106.6650929,50.0,18.0,30.5,0.5901639344262295,2195.41,0.1,B,3,12.5,Đông,0.3749171754833238
3850c4334caa1fa9eb43a8b80bc98479,Hẻm 82 Dương Bá Trạc,10.7493268,106.6881377,10.7490054,106.6882437,50.0,31.0,31.0,1.0,720.0,0.0580645161290322,D,1,0.0,Tương đối thoáng,0.413880133480617
70aa05fc8973e4b824e0de6ae8c22e67,Đường Trịnh Đình Trọng,10.7751926,106.6464389,10.7752249,106.6474762,50.0,18.0,31.0,0.5806451612903226,1672.26,0.1,B,3,13.0,Đông,0.3545496142524706
444c90dbab5fb43ac25e4e7b3069667e,Hẻm 504,10.7379148,106.6147828,10.7377688,106.6146944,50.0,24.0,35.0,0.6857142857142857,925.71,0.075,D,3,11.0,Tương đối thoáng,0.3619958048842346
c31af84fbed52d70cb3d6e5f6e47f91c,Đường Số 48,10.758507,106.6987348,10.7557367,106.7008649,50.0,23.0,34.0,0.6764705882352942,1884.71,0.0782608695652174,C,3,11.0,Trung bình,0.39408072408936856
bc2c8ffeea00c0a13227c19cf5fbad4c,Đường Liên Khu 3,10.8820255,106.8100261,10.8827193,106.8089551,45.0,43.0,57.0,0.7543859649122807,1203.16,0.041860465116279,E,1,14.0,Thông thoáng,0.43805493822160685
4be0bd6ff2e3ba57c460743447aaf5e4,Hưng Nhơn,10.7159649,106.5856745,10.7117174,106.5985988,50.0,37.0,42.5,0.8705882352941177,889.41,0.0486486486486486,E,1,5.5,Thông thoáng,0.4051747013101834
4421c6cc1cbfda7a06d776c0f7fdd798,Hồ Chí Minh - Trung Lương,10.6887747,106.5896523,10.6894658,106.5930448,45.0,39.0,43.0,0.9069767441860463,527.44,0.0461538461538461,E,1,4.0,Thông thoáng,0.39595317864912605
03623143fab66f59fb8fe2674244cb4e,Đường Phan Văn Trị,10.8154234,106.6814749,10.8212703,106.6975926,65.0,40.0,44.5,0.898876404494382,2168.09,0.045,E,1,4.5,Thông thoáng,0.45976332786996976
713803d72db3be4d1ed05f4689594598,Đường Quốc Lộ 1A,10.8753861,106.7588382,10.8750874,106.7505911,50.0,30.0,47.0,0.6382978723404256,2022.13,0.06,D,1,17.0,Tương đối thoáng,0.43724899752904545
b054d86623fc5578e63fc284ad3db287,Đường Núi Thành,10.8009799,106.643124,10.8007478,106.6429183,50.0,19.0,37.0,0.5135135135135135,1235.68,0.0947368421052631,B,3,18.0,Đông,0.3505891574963522
c18197709096f5642adb864a182087af,Hẻm 221 Đường Lê Văn Sỹ,10.785862,106.6815175,10.7861078,106.6810825,50.0,11.0,26.0,0.4230769230769231,2097.69,0.1636363636363636,B,3,15.0,Đông,0.30694861984158484
1ada0b30113f4c9a227da67235d74761,Đường Tô Ngọc Vân,10.8609748,106.7421212,10.8625757,106.743489,50.0,28.5,41.0,0.6951219512195121,908.78,0.0631578947368421,D,1,12.5,Tương đối thoáng,0.38083614060898585
c887cc41c12d77baa78fbd1b92c9577e,Đường Hoàng Minh Giám,10.8143542,106.6786185,10.8140447,106.6785004,50.0,23.5,33.5,0.7014925373134329,1794.63,0.076595744680851,D,3,10.0,Tương đối thoáng,0.3941676051122519
251fd401a7019af05b00a105df374d97,Hẻm 506 Lạc Long Quân,10.7711649,106.6460379,10.7705706,106.6472103,50.0,20.0,31.0,0.6451612903225806,1498.06,0.09,C,3,11.0,Trung bình,0.3626094465987451
0298386c40b7286dcdc99a7a06cc6d05,Đường Lý Tự Trọng,10.7779424,106.7010583,10.7818664,106.7046426,50.0,12.0,24.0,0.5,2520.0,0.15,B,3,12.0,Đông,0.33489370410950825
2af34f0361bde9c96846a777b2d42b51,Đường Âu Cơ,10.7760618,106.6470365,10.7722809,106.6496421,50.0,18.0,32.0,0.5625,1721.25,0.1,B,3,14.0,Đông,0.3565165127880991
d0d216c362622ed27be9a76d36180c45,Đường Kinh Dương Vương,10.7452866,106.6230902,10.7452699,106.6230775,50.0,25.0,35.0,0.7142857142857143,1748.57,0.072,D,3,10.0,Tương đối thoáng,0.3991597224467246
fee52e621307b13a43564a2266b89bda,Đường Khuông Việt,10.7813924,106.6433121,10.7770894,106.6398819,50.0,20.5,32.5,0.6307692307692307,1536.92,0.0878048780487804,C,3,12.0,Trung bình,0.3661712854872561
2d8cb620f39dbe159bb0d6cc57f76979,Đường Lê Văn Sỹ,10.7937455,106.6690254,10.794193,106.6693074,50.0,17.0,33.0,0.5151515151515151,1849.09,0.1058823529411764,B,3,16.0,Đông,0.3557514652651214
095ad12d2a69e3d431676f5d00db8a29,Đường Tân Thuận,10.764817,106.7500323,10.7644644,106.749763,30.0,44.0,44.0,1.0,1440.0,0.0409090909090909,E,1,0.0,Thông thoáng,0.44164040044185093
7aee36778afb77c0ca97a1d38825b797,Đường Tôn Đức Thắng,10.7719889,106.7062982,10.7719977,106.7061791,60.0,17.0,30.5,0.5573770491803278,3470.16,0.1058823529411764,B,3,13.5,Đông,0.4163984419972223
52bfc8ecc2d72dbf0ce1c61199818d79,Đường Hưng Long-Qui Đức,10.6890588,106.6236614,10.6906363,106.6244123,50.0,43.0,52.0,0.8269230769230769,671.54,0.041860465116279,E,1,9.0,Thông thoáng,0.4075452120497258
30f6a3c6075e4c488d2fc6fde201b263,Đường Nguyễn Văn Đậu,10.8143614,106.6938401,10.8085648,106.6882022,50.0,31.5,39.0,0.8076923076923077,706.15,0.0571428571428571,E,1,7.5,Thông thoáng,0.38418980635745226
7819559c0527c6a6dbef960718e219a4,Đường Tân Sơn Nhì,10.80264,106.6353988,10.8028848,106.636066,50.0,19.0,34.0,0.5588235294117647,1154.12,0.0947368421052631,B,3,15.0,Đông,0.3423827381035406
48ed2cb8bdec7fb5383149c4381dac31,Đường Quốc Lộ 1A,10.8607907,106.7150626,10.8612059,106.7155477,50.0,29.0,47.0,0.6170212765957447,2098.72,0.0620689655172413,D,1,18.0,Tương đối thoáng,0.438623409791151
0c807e769efb4db2eee959f1506594be,Hẻm 101 Thành Thái,10.7739209,106.6645769,10.7697668,106.6661869,50.0,20.0,31.5,0.6349206349206349,4068.57,0.09,C,3,11.5,Trung bình,0.4611389134283146
009679450cd5669cc80d7892fd165528,Đường Sư Vạn Hạnh,10.77004,106.6705481,10.77004,106.6705481,50.0,7.0,14.5,0.4827586206896552,1291.03,0.2571428571428572,A,3,7.5,Rất đông / kẹt xe,0.23483999439605271
6d43ac48d52a0734ee773d721aa4127c,Đường Kinh Dương Vương,10.7414323,106.61846,10.7413924,106.6184129,50.0,25.0,35.0,0.7142857142857143,874.29,0.072,D,3,10.0,Tương đối thoáng,0.36545104717051957
2ee54e5ee76e59ff3f929020cdb1aca7,Đường Ông Ích Khiêm,10.7665422,106.6430415,10.7665527,106.6429996,50.0,19.0,31.0,0.6129032258064516,2113.55,0.0947368421052631,B,3,12.0,Đông,0.37895209634178345
f2cca9ecbb9945a5cdf82c34e47e6227,Hẻm 373 Lý Thường Kiệt,10.7801804,106.654269,10.7803895,106.6547735,50.0,17.0,31.0,0.5483870967741935,2345.81,0.1058823529411764,B,3,14.0,Đông,0.37313082107852175
bcc920cc86be8735dfd10dea8cc8b01a,Đường Xa Lộ Hà Nội,10.8187919,106.7581999,10.8418294,106.7695847,55.0,49.0,49.0,1.0,1080.0,0.036734693877551,E,1,0.0,Thông thoáng,0.427760266961234
77d3bced82cef96b7453fb9575be6339,Đường Xa Lộ Hà Nội,10.8030754,106.7498148,10.8084947,106.7555087,80.0,38.5,45.0,0.8555555555555555,1550.0,0.0467532467532467,E,1,6.5,Thông thoáng,0.4323690075358387
a8358e6b21b29c958798a96d7ac8e39c,Hẻm 42 Bùi Thị Xuân,10.7984947,106.6626344,10.7979599,106.6628737,50.0,10.0,41.0,0.2439024390243902,1720.98,0.18,B,3,31.0,Đông,0.3524738446234724
e3aae21f4d5f96ba007d0355dfde2112,Đường Nguyễn Trãi,10.7711638,106.6930476,10.7529979,106.6588732,50.0,16.0,27.0,0.5925925925925926,1640.0,0.1124999999999999,B,3,11.0,Đông,0.3402715379191351
81348b71fac7c71d366ee0d44c6e95e7,Đường Bắc Hải,10.7837858,106.6617536,10.7855566,106.6633132,50.0,22.0,34.0,0.6470588235294118,995.29,0.0818181818181818,C,3,12.0,Trung bình,0.35390595914727446
5c7a7f20cc257f980d2163ca90a814cb,Đường Quốc Lộ 1A,10.8621176,106.6511715,10.8620995,106.6499973,80.0,30.0,47.0,0.6382978723404256,1011.06,0.06,D,1,17.0,Tương đối thoáng,0.39826625708946933
d0669f7c3f0eecbc66b9e383dc464dd0,Hẻm 1129 Lạc Long Quân,10.7894105,106.6516978,10.7897093,106.6518377,50.0,23.0,31.0,0.7419354838709677,824.52,0.0782608695652174,C,3,8.0,Trung bình,0.35880490004579707
af4f9bffc8e9c8f8229437465291e32e,Đường Hồ Tùng Mậu,10.867114,106.7578623,10.8672756,106.7622334,50.0,33.0,42.0,0.7857142857142857,1118.57,0.0545454545454545,E,1,9.0,Thông thoáng,0.40298008793398593
2f289be8da0abc2734fe794b028f9cc7,Đường Phạm Văn Đồng,10.8242579,106.7074369,10.8262487,106.7157505,50.0,40.0,44.5,0.898876404494382,542.02,0.045,E,1,4.5,Thông thoáng,0.39706869273433965
b5a62738d1aa1fb87e965e4b30a49172,Trần Đại Nghĩa,10.8736394,106.7774485,10.7447939,106.5384069,45.0,37.5,46.5,0.8064516129032258,1416.77,0.048,E,1,9.0,Thông thoáng,0.42544818019608466
2739fe71a8fdb3855bc69a5d8982bc75,Đường Kênh Chữ T,10.6795155,106.5693537,10.6797073,106.5693331,50.0,43.0,43.0,1.0,360.0,0.041860465116279,E,1,0.0,Thông thoáng,0.4
adb6fa0fe04b6e26644e268025d65a18,Đường Trần Hưng Đạo,10.757428,106.6739837,10.7526071,106.6683833,50.0,16.5,22.0,0.75,2025.0,0.1090909090909091,B,3,5.5,Đông,0.3851633592833374
9e2c177dde6701fed959959cff55fd8e,Hẻm 354 Lý Thường Kiệt,10.7748455,106.6578456,10.7762132,106.6589017,50.0,23.0,35.0,0.6571428571428571,977.14,0.0782608695652174,C,3,12.0,Trung bình,0.3585409481572129
c1bc92586eafb44a409bf6c1095b5a62,Hẻm 86 Ông Ích Khiêm,10.7699913,106.647032,10.7702268,106.6471393,50.0,20.0,32.0,0.625,1035.0,0.09,C,3,12.0,Trung bình,0.3437671857600278
477515b82122a24851cb9c5e7721ea60,Đường Nguyễn Hữu Cảnh,10.7894924,106.7121753,10.7892164,106.7138262,50.0,30.0,40.0,0.75,810.0,0.06,D,1,10.0,Tương đối thoáng,0.3818662958830293
7356cb4343632525d15d1b42d3f73a71,Đường Võ Văn Ngân,10.8497041,106.7710929,10.8496933,106.7715732,50.0,37.0,48.0,0.7708333333333334,772.5,0.0486486486486486,E,1,11.0,Thông thoáng,0.4011193733766478
361b4883e8c6ea8df1ebd9a0d1142a31,Đường Trần Văn Mười,10.8691692,106.5938542,10.8689519,106.5939939,50.0,38.0,47.0,0.8085106382978723,704.68,0.0473684210526315,E,1,9.0,Thông thoáng,0.39908218146610297
686f25face0f632a5e8e1d1dcfaaa247,Hẻm 36A Cộng Hòa,10.8073797,106.6348128,10.8009238,106.6600301,50.0,26.0,39.5,0.6582278481012658,2437.97,0.0692307692307692,D,3,13.5,Tương đối thoáng,0.42995472627420434
10b2860fd7c0d270a4e512a6eb7f16b0,Đường Khánh Hội,10.7579629,106.6997338,10.7579884,106.6997668,50.0,23.0,35.0,0.6571428571428571,1465.71,0.0782608695652174,C,3,12.0,Trung bình,0.37737821708672686
f27d392adb5daeb407269666383bc04f,Đường Nguyễn Thông,10.781667,106.679297,10.7781284,106.6843698,50.0,24.5,36.0,0.6805555555555556,935.0,0.073469387755102,D,3,11.5,Tương đối thoáng,0.36446356445268796
975c85b47b815aa04433b78ed295926e,Đường Tam Châu,10.8636069,106.7454594,10.8635251,106.7455177,50.0,30.0,48.0,0.625,2070.0,0.06,D,1,18.0,Tương đối thoáng,0.4417370856458339
52efa4a6ed66077d21676ae95c9d4dcc,Đường Xóm Củi,10.746712,106.6604334,10.746844,106.6604618,50.0,21.0,32.0,0.65625,978.75,0.0857142857142857,C,3,11.0,Trung bình,0.3484532536133589
7109a723afaddcb0fa03a82dd564180f,Đường Nguyễn Trung Trực,10.7746928,106.6995607,10.7740594,106.6990287,50.0,12.0,25.0,0.48,1296.0,0.15,B,3,13.0,Đông,0.28679802446895897
5393a9c02c36bc62daade632ac5e6ab9,Đường Nguyễn Xí,10.8226293,106.7033547,10.8230448,106.7031447,65.0,39.5,44.5,0.8876404494382022,1405.62,0.0455696202531645,E,1,5.0,Thông thoáng,0.42926011771982353
e70acbe9f7d46f0d61297b911d0ecb2c,Đường Mai Chí Thọ,10.7793052,106.7347388,10.7833905,106.7417533,65.0,32.0,40.0,0.8,2160.0,0.0562499999999999,E,1,8.0,Thông thoáng,0.44101357062889135
cec90236b5428cc561e75a4e2a5ae632,Dường An Phú,10.83809,106.6900349,10.852303,106.6820873,50.0,25.5,33.5,0.7611940298507462,789.85,0.0705882352941176,D,1,8.0,Tương đối thoáng,0.3676565581464825
bd9be7bc6890594c19dea0d8b64f71e6,Hẻm 354 Lý Thường Kiệt,10.775411,106.6582765,10.7755941,106.6584192,50.0,23.0,35.0,0.6571428571428571,977.14,0.0782608695652174,C,3,12.0,Trung bình,0.3585409481572129
69eca4cae67ba3461db78de85af8da4d,Hẻm 20 Quốc Lộ 1A,10.8724231,106.7673863,10.867122,106.8026394,50.0,38.5,50.5,0.7623762376237624,787.72,0.0467532467532467,E,1,12.0,Thông thoáng,0.40690953749040387
8c8a5499ecc899d953ab6c1c66a1dab9,Trương Định,10.7712056,106.6966242,10.7807024,106.6863035,55.0,8.0,15.5,0.5161290322580645,2461.94,0.2249999999999999,B,3,7.5,Đông,0.2976395382856005
2d31df119081d1ed317e851feebbace4,Đường Kênh Nước Đen,10.7884223,106.6172503,10.7881979,106.6166971,50.0,25.0,35.0,0.7142857142857143,1311.43,0.072,D,3,10.0,Tương đối thoáng,0.3823053848086221
e5053e4123ff036f85da726f1676370c,Đường D2,10.8291371,106.8033886,10.8294096,106.8037053,60.0,36.0,41.0,0.8780487804878049,1159.02,0.05,E,1,5.0,Thông thoáng,0.4146779240021649
1f44fb04b5944655da7f198ac258e82d,Đường Xa Lộ Hà Nội,10.7988988,106.728642,10.7994998,106.7320752,60.0,38.0,42.5,0.8941176470588236,550.59,0.0473684210526315,E,1,4.5,Thông thoáng,0.3948815808313162
043c55268d1b36486b49db01a7cfe9de,Đường Lê Trọng Tấn,10.8077236,106.621088,10.809165,106.6156148,50.0,24.0,40.5,0.5925925925925926,1093.33,0.075,D,3,16.5,Tương đối thoáng,0.3724199761211678
3b0c65fbbda8e0cd59cdefaf2c9c1cac,Đường Bạch Đằng,10.8153557,106.6659991,10.8154126,106.6660397,50.0,17.0,34.0,0.5,1260.0,0.1058823529411764,B,3,17.0,Đông,0.3347003337015424
ab2c4555571dab5a5fb56672015ee2fe,Đường Quốc lộ 1A,10.7226708,106.6008754,10.8684975,106.7794278,55.0,31.0,42.0,0.7380952380952381,2078.57,0.0580645161290322,D,1,11.0,Tương đối thoáng,0.43415660363652214
3b8503c98906d29b3dc213c8b61b3094,Hẻm 295 Nguyễn Tri Phương,10.7614123,106.6684746,10.7666599,106.6674092,50.0,20.0,33.5,0.5970149253731343,2170.75,0.09,C,3,13.5,Trung bình,0.3872682009053609
6c2131839fa7dc52268cedddcb93f7cb,Đường Trần Xuân Soạn,10.7507792,106.6892692,10.7507855,106.6893325,50.0,25.0,35.0,0.7142857142857143,1748.57,0.072,D,1,10.0,Tương đối thoáng,0.3991597224467246
c2fce3720560919f0edc308e66c79f50,Đường Đặng Minh Khiêm,10.7575292,106.657093,10.758013,106.6571078,50.0,16.0,27.5,0.5818181818181818,2225.45,0.1124999999999999,B,3,11.5,Đông,0.36198280380810666
60111468ab13d6f1c26b24f74a398e82,Đường Hàn Hải Nguyên,10.7580377,106.6496262,10.757963,106.6489515,50.0,23.0,33.5,0.6865671641791045,2310.45,0.0782608695652174,C,3,10.5,Trung bình,0.41099822886010606
e81c34176304c25be82ac6ec6b99009f,Đường Lý Thái Tổ,10.7438421,106.8044591,10.7376092,106.8141974,50.0,43.0,43.0,1.0,540.0,0.041860465116279,E,1,0.0,Thông thoáng,0.4069400667403085
e65d0a3dc4e7bf7a877798dd03730939,Đường Nguyễn Thị Nhỏ,10.7588735,106.6513792,10.7591706,106.6513758,50.0,19.5,30.5,0.639344262295082,2018.36,0.0923076923076923,C,3,11.0,Trung bình,0.379592699598258
bb259e616f06ef8c507c6b087dadc63e,Hẻm 28 Mai Thị Lựu,10.7919424,106.6999228,10.7886038,106.7035492,50.0,17.5,32.0,0.546875,1763.44,0.1028571428571428,B,3,14.5,Đông,0.354715767965336
a37ff905c949d234313f2d4a4630f960,Đường Võ Văn Ngân,10.851171,106.7550306,10.8497041,106.7710929,50.0,34.5,45.0,0.7666666666666667,1170.0,0.0521739130434782,E,1,10.5,Thông thoáng,0.40940234334214093
59a09b8bcaecdc05468d4c15f26974e7,Cầu Số 7,10.7879997,106.6710981,10.7880524,106.6711168,50.0,17.0,31.0,0.5483870967741935,1172.9,0.1058823529411764,B,3,14.0,Đông,0.3279081895208816
fd3679f127d3799d313a5db2a703ef9b,Đường 3 Tháng 2,10.7618422,106.6562075,10.755822,106.6453021,50.0,22.0,33.0,0.6666666666666666,960.0,0.0818181818181818,C,3,11.0,Trung bình,0.3532410826827487
